date,rank_ic,ndcg5,ndcg10,ndcg20,top5_return,top10_return,bottom5_return,bottom10_return,top5_bottom5_spread,top10_bottom10_spread,top5_hit_rate,number_of_stocks,prediction_score_std,model_id
2019-01-04,0.02065406540654065,0.5979980364195564,0.6016877759736413,0.5793178673357202,0.042714171467761165,0.04254203814078848,0.03314548894066981,0.03917010857856339,0.009568682527091359,0.0033719295622250955,0.8,100,0.17351454496383667,xgbranker_20190104
2019-01-11,0.12583258325832583,0.5070421100074675,0.5289610037503714,0.5407694489077447,0.022923217342701696,0.03326300586738472,0.02084380455167649,0.018771227050646096,0.0020794127910252064,0.014491778816738621,1.0,100,0.16161967813968658,xgbranker_20190104
2019-01-18,0.24242424242424243,0.8180746620075242,0.702835291530816,0.7017454885116916,0.008112085922018066,-0.00016389299079957559,-0.011388897158190647,-0.011884889189197187,0.019500983080208714,0.011720996198397612,0.8,100,0.1713428497314453,xgbranker_20190104
2019-01-25,-0.043552355235523546,0.47473807500930526,0.4029979915787207,0.46685864808258737,0.025092006301778248,0.00889230648052783,0.02435267729176694,0.033295728334563554,0.0007393290100113081,-0.024403421854035726,1.0,100,0.16983649134635925,xgbranker_20190104
2019-02-01,0.11255925592559254,0.6762438867449949,0.6280226259743977,0.6421527260038041,0.02118680413141768,0.0077215275086161385,0.03502902468521803,0.009623550094379043,-0.013842220553800348,-0.001902022585762904,1.0,100,0.17410673201084137,xgbranker_20190201
2019-02-08,0.1161116111611161,0.6444737759463304,0.6435857236328975,0.5823661845389941,0.08110386304104097,0.06459441523404255,0.003589697030004059,0.01837535167459741,0.07751416601103692,0.04621906355944514,0.8,100,0.1597549021244049,xgbranker_20190201
2019-02-15,0.08339633963396338,0.611168011918109,0.5316657549658699,0.5445486012417122,0.00846617380663144,0.002472768202306215,-0.00504455743288468,-7.343457788875976e-05,0.01351073123951612,0.0025462027801949746,0.6,100,0.18367254734039307,xgbranker_20190201
2019-02-22,0.14322232223222323,0.5876825762243262,0.4864135111208921,0.5971237918202771,0.003527709453847519,-0.01429976990982611,-0.009592080158622928,0.0035441725708773965,0.013119789612470447,-0.017843942480703506,0.6,100,0.16389720141887665,xgbranker_20190201
2019-03-01,-0.3436063606360636,0.21541402735114396,0.2788109332758445,0.38369377438163343,-0.064949227354668,-0.04521983612887779,-0.0017469214932373026,-0.005985744913788482,-0.0632023058614307,-0.039234091215089306,0.0,100,0.1676250696182251,xgbranker_20190301
2019-03-08,-0.11795979597959795,0.43940251037842937,0.4088293099544787,0.4006869190664815,0.014714597208582097,0.007334864161109056,0.023983962852738832,0.016110356818623953,-0.009269365644156735,-0.008775492657514896,0.6,100,0.16413316130638123,xgbranker_20190301
2019-03-15,-0.20615661566156612,0.2983964752587849,0.3526408938703233,0.36775709521704014,-0.02405923417281095,-0.016877039403307287,0.012433500255637308,0.004482585615787385,-0.036492734428448255,-0.02135962501909467,0.4,100,0.16393983364105225,xgbranker_20190301
2019-03-22,-0.09072907290729072,0.5518265980044675,0.5163316599707578,0.46456549096390976,0.016650823414710157,0.018567386565431738,0.031920125860485704,0.03025929794171911,-0.015269302445775547,-0.011691911376287372,0.8,100,0.1494903564453125,xgbranker_20190301
2019-03-29,0.1717251725172517,0.5554874417690151,0.5339029461946069,0.5493382062403268,0.004377810553994508,0.00040627533474000486,-0.005370014262999429,-0.003481466651135316,0.009747824816993936,0.003887741985875321,0.8,100,0.1696726679801941,xgbranker_20190301
2019-04-05,-0.022958295829582958,0.5267100937065748,0.5238479476231992,0.5258783378763445,0.0007188915515130318,0.003301980125538455,-0.0011640741182057089,0.004195402380431773,0.0018829656697187407,-0.0008934222548933179,0.6,100,0.1527142971754074,xgbranker_20190405
2019-04-12,0.09646564656465645,0.5549739236687813,0.4577202951270825,0.5664006936677292,0.012481931003185237,0.00017275773166509288,-0.0017253996988452897,-0.004604983718813715,0.014207330702030526,0.004777741450478808,0.8,100,0.15803341567516327,xgbranker_20190405
2019-04-18,-0.028478847884788477,0.5975710183453055,0.6291004742885595,0.5560353738990839,0.013312361747799973,0.019956677507585844,0.0059586128817425725,0.013246252951618498,0.0073537488660574005,0.006710424555967346,0.6,100,0.15766684710979462,xgbranker_20190405
2019-04-26,0.2541374137413741,0.624027800746138,0.5742874582000018,0.6156491998887113,0.007978040380881466,0.007437482914938913,-0.030478389214737577,-0.0059636041700728394,0.03845642959561904,0.013401087085011754,0.6,100,0.1487506479024887,xgbranker_20190405
2019-05-03,0.02653465346534653,0.4887348105105638,0.435930655505401,0.5173166110433068,-0.0008624392687175298,-0.007122011561610869,0.011907410381512077,0.002951594773873771,-0.012769849650229608,-0.01007360633548464,0.4,100,0.07871117442846298,xgbranker_20190503
2019-05-10,0.26048604860486047,0.8172285312776818,0.6450025294790769,0.6534081623290688,0.031097793062302665,0.012819823282444206,-0.014301342019070656,-0.006401668149771439,0.04539913508137332,0.019221491432215645,0.8,100,0.08782920241355896,xgbranker_20190503
2019-05-17,-0.038283828382838274,0.2341677410916517,0.2827423798464218,0.3208294906109856,-0.06375268315214218,-0.040838418006880914,0.02159105880237436,0.014320800845791033,-0.08534374195451654,-0.05515921885267194,0.2,100,0.08749864995479584,xgbranker_20190503
2019-05-24,0.026678667866786673,0.3980094916739812,0.4009155574398808,0.45257208128183596,-0.0407842688615228,-0.04139531794790349,-0.03228457978846882,-0.027519830191322824,-0.008499689073053984,-0.013875487756580668,0.2,100,0.07993248105049133,xgbranker_20190503
2019-05-31,-0.014209420942094207,0.48659509943514756,0.5497263089974747,0.5544895058404156,0.03415145229580799,0.04249808736236605,0.04553728185378672,0.05813121550467436,-0.011385829557978733,-0.015633128142308307,0.6,100,0.09342308342456818,xgbranker_20190503
2019-06-07,0.006084608460846084,0.5212615476655726,0.5086581574415395,0.5592455958583128,0.0040523646933099304,0.004382974172479631,-0.0019881941645204194,-0.00799395298392123,0.00604055885783035,0.01237692715640086,0.4,100,0.1230572760105133,xgbranker_20190607
2019-06-14,0.03497149714971497,0.2072645444472151,0.42817932647236895,0.4885504746512624,-0.04340114179653003,-0.006203098663785066,-0.020997243205779063,-0.005502783104796201,-0.022403898590750964,-0.0007003155589888647,0.2,100,0.11134261637926102,xgbranker_20190607
2019-06-21,0.009396939693969396,0.5919474778347332,0.5715572904083746,0.5034086879600844,-0.0048521920350703945,-0.0078316934776796,-0.006397880282858946,-0.009064179935731166,0.0015456882477885518,0.0012324864580515668,0.6,100,0.1156182587146759,xgbranker_20190607
2019-06-28,-0.23869186918691868,0.15538107107796667,0.23214133719427915,0.32559816859987706,-0.057773652618086535,-0.034501403844558874,0.010753013359438707,0.010933820898958073,-0.06852666597752524,-0.045435224743516946,0.4,100,0.12495308369398117,xgbranker_20190607
2019-07-05,0.08817281728172817,0.39238393130358745,0.39995099434137127,0.45523753329558,-0.00196594382935876,-0.006785091390991839,-0.005136949404063391,-0.010832632928817126,0.0031710055747046313,0.004047541537825287,0.4,100,0.08119673281908035,xgbranker_20190705
2019-07-12,-0.028442844284428438,0.6054763576209962,0.5447891979359757,0.5921731292749842,0.02867610600045812,0.011184370763993753,-0.0007558944232273698,0.012843297230921475,0.02943200042368549,-0.001658926466927722,0.4,100,0.08491677790880203,xgbranker_20190705
2019-07-19,0.1717011701170117,0.474047568021897,0.5718223727421529,0.5669640666317042,0.0036586947124128966,0.013096193810307433,0.007422101562875474,-0.004716472953434371,-0.0037634068504625775,0.017812666763741804,0.4,100,0.08058006316423416,xgbranker_20190705
2019-07-26,0.005004500450045004,0.2701063281962594,0.3312708843271933,0.44772485955327174,-0.034550411457871674,-0.024838024801345913,-0.03311732145331263,-0.017612403830391032,-0.0014330900045590456,-0.007225620970954881,0.2,100,0.08198808133602142,xgbranker_20190705
2019-08-02,0.11048304830483048,0.893152780569385,0.7510584906832785,0.6592154779657577,0.041761329640162555,0.022272660418012378,0.05068654506040786,0.01969118219730591,-0.008925215420245304,0.0025814782207064686,1.0,100,0.07095299661159515,xgbranker_20190802
2019-08-09,0.01879387938793879,0.524010141331342,0.5027805117244779,0.4761580869176491,0.01175829026396658,0.0029542625432962995,-0.009140810251664943,-0.0038086173489073573,0.020899100515631524,0.006762879892203657,0.6,100,0.06775709241628647,xgbranker_20190802
2019-08-16,-0.06337833783378337,0.2710468898129611,0.3391120261587682,0.3983079299698804,-0.04773214966813942,-0.037980718070117665,-0.021083293452982446,-0.01861159044362168,-0.026648856215156974,-0.019369127626495987,0.0,100,0.07240700721740723,xgbranker_20190802
2019-08-23,0.14489048904890486,0.5447061966030446,0.646823247521301,0.6283616950675359,0.002537623745769843,0.0281439563274888,0.004527925940271066,0.008075758025500932,-0.001990302194501223,0.020068198301987868,0.6,100,0.07622455060482025,xgbranker_20190802
2019-08-30,-0.29849384938493845,0.31163557447378837,0.27136198723278837,0.3618957565651226,0.02189238724543227,-0.0010780512818668968,0.03906500538532601,0.027168114085474464,-0.017172618139893736,-0.028246165367341362,0.6,100,0.07454697042703629,xgbranker_20190802
2019-09-06,-0.40742874287428743,0.15292425240106122,0.19337513921369442,0.2695749005953013,-0.052762442719027344,-0.045006258784926416,0.04742399023467493,0.06386616011064034,-0.10018643295370228,-0.10887241889556676,0.2,100,0.08362725377082825,xgbranker_20190906
2019-09-13,-0.016993699369936992,0.4064487805913864,0.4207819319848983,0.47700941262513263,-0.049440321839139614,-0.0337192389404793,-0.002177616369894053,0.004151852982339107,-0.04726270546924556,-0.0378710919228184,0.4,100,0.06030194088816643,xgbranker_20190906
2019-09-20,0.05448544854485448,0.28854884533633324,0.45026114509060694,0.4844908460089453,-0.016216632486677356,0.006833807333817968,0.008840897725776644,0.0007094128923122347,-0.025057530212454,0.006124394441505733,0.4,100,0.08139950782060623,xgbranker_20190906
2019-09-27,0.04751275127512751,0.47668135014376,0.5031001119943058,0.518723842150749,-0.07370928560249287,-0.04068234199418826,-0.006317016700881835,-0.006443788089492916,-0.06739226890161104,-0.034238553904695344,0.6,100,0.07828524708747864,xgbranker_20190906
2019-10-04,0.03368736873687368,0.645076823862279,0.649250046155984,0.627075892171356,0.003747303388659294,0.0036930508907028125,0.0014086266926124514,-0.0075785252225373965,0.0023386766960468426,0.011271576113240209,0.6,100,0.07986040413379669,xgbranker_20191004
2019-10-11,-0.009372937293729372,0.2036708045392973,0.3269057534873445,0.4091708790239098,-0.042153357956503955,-0.018599894295528302,-0.007282094291619251,-0.009660624235814262,-0.0348712636648847,-0.00893927005971404,0.0,100,0.08932065218687057,xgbranker_20191004
2019-10-18,0.029654965496549654,0.8141900807140023,0.7805484112757426,0.5921480810958945,0.012266009660559357,0.01792855921416122,0.004880239459759508,0.007980770478650721,0.007385770200799849,0.009947788735510499,0.8,100,0.08683499693870544,xgbranker_20191004
2019-10-25,0.038427842784278424,0.41042183088627865,0.45665489574694784,0.5135358126740766,-0.01297350063190221,0.004569455084363788,0.016032477477728402,0.013041940373743127,-0.029005978109630612,-0.008472485289379338,0.6,100,0.08981440216302872,xgbranker_20191004
2019-11-01,-0.011005100510051003,0.4454724905748227,0.4413900730796207,0.4807429595001318,-0.023471631157278496,-0.010465009770028294,-0.008945878714824737,-0.0030531087760111773,-0.014525752442453759,-0.007411900994017116,0.4,100,0.10480824112892151,xgbranker_20191101
2019-11-08,-0.06011401140114011,0.4736682321927056,0.4935187212934506,0.5229762401518164,-0.0021772630366446825,-0.013907530292835295,0.008834843083178511,0.009486184969105669,-0.011012106119823194,-0.023393715261940964,0.4,100,0.10697708278894424,xgbranker_20191101
2019-11-15,-0.12127212721272125,0.28194294652283786,0.3466478553179508,0.3751571579867968,-0.01518162067750784,0.0053065899827765325,0.0033925358655332075,0.004739790588283321,-0.018574156543041048,0.0005667993944932113,0.4,100,0.09945280104875565,xgbranker_20191101
2019-11-22,0.01732973297329733,0.7679982616418666,0.7092966783399,0.5904390643046435,0.023891459754345833,0.00703694432827829,0.006234914707178786,0.005381917146584503,0.017656545047167047,0.0016550271816937866,0.8,100,0.09964361041784286,xgbranker_20191101
2019-11-29,0.07600360036003599,0.6004275280662321,0.5510415032065419,0.5949355134544717,0.019805037511466485,0.009515828389691994,0.0027551252988824823,0.0016395184733920022,0.017049912212584003,0.007876309916299992,1.0,100,0.10306321829557419,xgbranker_20191101
2019-12-06,0.10045004500450044,0.9477371908015602,0.8508045945957647,0.7489771405053828,0.03630027724440592,0.031683767127085455,0.007615220138996228,0.004096604579222242,0.028685057105409688,0.02758716254786321,1.0,100,0.08467473834753036,xgbranker_20191206
2019-12-13,-0.03890789078907891,0.8924826542390235,0.7223861232691688,0.624736682914219,0.05414472796815856,0.04523316430251961,0.025734635581936956,0.02581994533867631,0.0284100923862216,0.019413218963843303,1.0,100,0.08823248744010925,xgbranker_20191206
2019-12-20,0.0723072307230723,0.46156711502305914,0.45552939842057477,0.556092586950179,-0.00559459244027122,-0.00553155993234866,-0.011967148310892878,-0.0074275217658159726,0.0063725558706216575,0.0018959618334673124,0.4,100,0.08044221997261047,xgbranker_20191206
2019-12-27,-0.15925592559255922,0.40581944101733564,0.3695280926754517,0.4041719107910903,-0.010846798355451387,-0.014575738654148624,-0.004758871545559441,-0.0034585431678918906,-0.006087926809891946,-0.011117195486256733,0.4,100,0.07521459460258484,xgbranker_20191206
2020-01-03,-0.0042004200420041994,0.5952708078985277,0.527780074419488,0.4924727676352018,0.012156866717517761,0.001992719172582079,-0.0004914879370977951,-0.0015646229576296966,0.012648354654615557,0.003557342130211775,0.8,100,0.0916496142745018,xgbranker_20200103
2020-01-10,0.0054245424542454235,0.5009244475660145,0.5109284035541091,0.5421600786358898,0.01533464179178819,0.020400407332319938,0.017462987792452787,0.01642749557111773,-0.0021283460006645966,0.003972911761202208,0.6,100,0.08904964476823807,xgbranker_20200103
2020-01-17,-0.11333933393339332,0.3157836446804676,0.3292546946949425,0.4377947022876198,-0.054686719959325794,-0.04277772341104354,-0.0037500863764751862,-0.003440677281711472,-0.05093663358285061,-0.03933704612933207,0.2,100,0.08547347784042358,xgbranker_20200103
2020-01-24,0.09402940294029402,0.7161410544885031,0.6212278285951568,0.5887295300959712,-0.003207596966580464,-0.01628655385038192,-0.01797957777112699,-0.02682702931293433,0.014771980804546524,0.01054047546255241,0.6,100,0.08446133136749268,xgbranker_20200103
2020-01-31,0.22096609660966096,0.6929201176377886,0.7215663829941391,0.6674723228833189,0.03806700573742969,0.03831705139577061,0.020557709404631763,0.0011200111514145044,0.017509296332797925,0.037197040244356105,1.0,100,0.08881504088640213,xgbranker_20200103
2020-02-07,0.012097209720972097,0.39155919116070276,0.4439147393663321,0.5221806180634432,-0.00685524922446068,0.0003882185417817121,0.025423788836541915,0.012147995845702093,-0.032279038061002595,-0.011759777303920381,0.4,100,0.07653241604566574,xgbranker_20200207
2020-02-14,-0.0068766876687668755,0.4487764499114811,0.4444464883236467,0.4875686858994596,-0.012922445077453524,-0.010290776881101648,-0.005946784617821318,-0.007780110415244822,-0.006975660459632206,-0.002510666465856826,0.4,100,0.08132866024971008,xgbranker_20200207
2020-02-21,-0.06844284428442843,0.3831393238548676,0.4506519632986299,0.4784947715648597,-0.09679189207200793,-0.08964301747038844,-0.11775279333459801,-0.07161521345102502,0.02096090126259008,-0.018027804019363422,0.0,100,0.07705793529748917,xgbranker_20200207
2020-02-28,-0.03447944794479448,0.3987467218609724,0.45344047386645414,0.4231155824112238,0.011235077356902662,0.02187885158589205,0.03166359966463805,0.009686650459425891,-0.020428522307735383,0.01219220112646616,0.6,100,0.0706123486161232,xgbranker_20200207
2020-03-06,-0.07023102310231022,0.49070437730312055,0.38428376794771124,0.4641877189610111,-0.07349060272938357,-0.12215910933329392,-0.05690043623051544,-0.06002338137484431,-0.01659016649886813,-0.06213572795844961,0.4,100,0.07032030075788498,xgbranker_20200306
2020-03-13,-0.11362736273627361,0.2395481733461135,0.2665526295958288,0.31463564177907677,-0.13431980502791913,-0.18508330195870187,0.06920617762178036,-0.005643792236718464,-0.20352598264969948,-0.17943950972198341,0.2,100,0.05156093090772629,xgbranker_20200306
2020-03-20,0.2197179717971797,0.6645687777196886,0.7042524871142334,0.6416832322496095,0.08388188212403361,0.10989536537177964,0.031627368294836825,0.05285222918475674,0.05225451382919678,0.057043136187022905,0.8,100,0.06884307414293289,xgbranker_20200306
2020-03-27,-0.16880888088808876,0.30120530273465185,0.31301216842214624,0.3979111511475953,-0.056524541564278497,-0.08130663792103318,0.04434194709756634,0.0276262429654777,-0.10086648866184483,-0.10893288088651087,0.2,100,0.07657205313444138,xgbranker_20200306
2020-04-03,0.3307770777077707,0.9524474967256605,0.8723294955060011,0.8065027331789749,0.19652438550949164,0.15651978874680014,0.024596110144954754,0.016278185508889126,0.1719282753645369,0.14024160323791102,1.0,100,0.135801762342453,xgbranker_20200403
2020-04-09,-0.3429102910291029,0.255331575751699,0.22975277533807803,0.29615332553189555,-0.01972236281421592,-0.0371468867409933,0.048199311170925234,0.048390934507986025,-0.06792167398514115,-0.08553782124897932,0.4,100,0.09564908593893051,xgbranker_20200403
2020-04-17,0.15655565556555653,0.7045942421754011,0.6400686764493969,0.5662722686617195,0.05095883926979712,0.029086495900494086,-0.019513064622015203,-0.017910576928457076,0.07047190389181232,0.04699707282895116,0.8,100,0.09643577039241791,xgbranker_20200403
2020-04-24,0.11966396639663965,0.5113526994453296,0.5726868474071204,0.6316395952894721,-0.017046210600782444,0.020989236087559367,-0.028180912442803546,-0.031016273688883034,0.011134701842021102,0.0520055097764424,0.4,100,0.10662484169006348,xgbranker_20200403
2020-05-01,0.08829282928292828,0.5743773830826037,0.5771474621867992,0.5351747590037452,0.046358732127016786,0.04653108117347735,0.01315461734159851,0.03450055953600008,0.03320411478541828,0.012030521637477275,1.0,100,0.07736466825008392,xgbranker_20200501
2020-05-08,-0.0797119711971197,0.10452561839687954,0.23855383159867646,0.34326182797874677,-0.17865305706532447,-0.10414902051967105,-0.016631842722443328,-0.042300580804986596,-0.16202121434288114,-0.061848439714684456,0.0,100,0.08285922557115555,xgbranker_20200501
2020-05-15,0.0808160816081608,0.7387326517651669,0.7129313189232913,0.6857247366324802,0.027665703737474946,0.022701414248034412,0.012334141831603803,-0.0082323818138144,0.015331561905871142,0.03093379606184881,0.8,100,0.1050390750169754,xgbranker_20200501
2020-05-22,0.17064506450645062,0.428951857982246,0.5624724848753025,0.5546949969647177,-0.01728699703070639,0.018942801421374222,0.003163467123216623,-0.017675510558152634,-0.020450464153923015,0.036618311979526856,0.4,100,0.0783972516655922,xgbranker_20200501
2020-05-29,0.13878187818781879,0.9854216580541841,0.8538578696439983,0.7324605361849197,0.1886567604942202,0.12946485019086396,0.03534665824237938,0.044748135625465375,0.15331010225184083,0.08471671456539859,1.0,100,0.07334087044000626,xgbranker_20200501
2020-06-05,0.08162016201620162,0.6970080049188041,0.6818430700080034,0.6425437710973911,-0.029699996763441105,-0.029529368706003985,-0.06707659143950301,-0.06393759608003997,0.0373765946760619,0.03440822737403599,0.2,100,0.0926593467593193,xgbranker_20200605
2020-06-12,-0.10167447247112209,0.51079248358773,0.4637369252279744,0.46315070995934615,0.051128263671440397,0.04009009960803375,0.03871204988059587,0.040837758967202056,0.012416213790844524,-0.000747659359168304,0.8,100,0.07888637483119965,xgbranker_20200605
2020-06-19,0.16246024602460246,0.48112715722479216,0.6257127312450073,0.6798910504249431,-0.02588687416044731,0.007164463775220861,-0.020963284308358875,-0.011942220270152246,-0.004923589852088434,0.019106684045373107,0.2,100,0.07282475382089615,xgbranker_20200605
2020-06-26,0.10243024302430241,0.547941006781035,0.546674408698983,0.528950734881479,0.006731935189581703,0.013238440303386464,0.014390107914563854,0.018311409645696476,-0.007658172724982151,-0.005072969342310012,0.6,100,0.08325943350791931,xgbranker_20200605
2020-07-02,0.1875067506750675,0.4852091335047525,0.48169548911789106,0.5300051726549961,0.006195983630102343,0.0019320909301598892,-0.0293429992308774,-0.024817978734559917,0.03553898286097974,0.02675006966471981,0.6,100,0.0801423117518425,xgbranker_20200702
2020-07-10,0.011545154515451543,0.5841306075604128,0.5605725515860366,0.5142451792865929,0.04424500625247951,0.03171847698724163,0.015201765364705713,0.016985249275278315,0.0290432408877738,0.014733227711963316,0.8,100,0.08408216387033463,xgbranker_20200702
2020-07-17,-0.19098709870987096,0.3151612260373828,0.34088850514956787,0.42446334515048895,-0.049376599292467224,-0.023071958449915907,0.017678702529419995,0.025459993865319785,-0.06705530182188722,-0.04853195231523569,0.4,100,0.0663420706987381,xgbranker_20200702
2020-07-24,0.019813981398139814,0.47422357242137775,0.526040544431958,0.4938540470986164,-0.020913100335573358,-0.004645183361220924,-0.010254298113479212,-0.00955015035552995,-0.010658802222094145,0.004904966994309026,0.6,100,0.07312387973070145,xgbranker_20200702
2020-07-31,-0.01164116411641164,0.3569062535407925,0.33440636077246355,0.5010099292043041,0.019765540958822294,0.007960579036795524,0.02843783390132142,0.017873647192860227,-0.008672292942499125,-0.009913068156064703,0.4,100,0.0764363631606102,xgbranker_20200702
2020-08-07,-0.14201020102010198,0.42263088955329947,0.38772680620616545,0.47820630317375173,-0.007511244569012159,-0.00632237880398632,0.054386500184212774,0.024733331690575337,-0.06189774475322493,-0.031055710494561656,0.4,100,0.07125047594308853,xgbranker_20200807
2020-08-14,-0.060438043804380434,0.642132778743242,0.5422379279946093,0.568365992887902,0.012249134747011493,-0.00866241643475605,-0.011013565198717146,-0.007789651537934905,0.02326269994572864,-0.000872764896821145,0.8,100,0.06028167903423309,xgbranker_20200807
2020-08-21,-0.1877347734773477,0.33744162671361255,0.4908867792446628,0.4304006746367824,-0.01925196836989957,0.005717934809479553,0.02001577225299787,0.020858441304387354,-0.03926774062289744,-0.0151405064949078,0.4,100,0.053357966244220734,xgbranker_20200807
2020-08-28,-0.2115211521152115,0.3783619140741376,0.29732721022812186,0.34539798722001724,-0.02779327122685098,-0.043609438619650685,-0.01123810585993786,-0.009297186324287245,-0.01655516536691312,-0.03431225229536344,0.4,100,0.08163969963788986,xgbranker_20200807
2020-09-04,0.2438643864386438,0.7325469009793906,0.73294907967719,0.6742728244916829,0.018626164363076896,0.015662494925345365,-0.03244079796237859,-0.024742910904834988,0.05106696232545548,0.04040540583018035,0.8,100,0.05299677327275276,xgbranker_20200904
2020-09-11,0.007668766876687667,0.5136957165082394,0.5184073709311725,0.5857353067771607,-0.012064295834867112,-0.010764925491956045,0.013545145966800232,0.00396292949774279,-0.025609441801667344,-0.014727854989698835,0.6,100,0.04740479588508606,xgbranker_20200904
2020-09-18,-0.1681248124812481,0.36813497376471155,0.4463884148387937,0.48181015670008387,-0.03099787540231159,-0.015443546388261776,-0.04540467463105049,-0.025312356534890466,0.014406799228738897,0.00986881014662869,0.2,100,0.06655791401863098,xgbranker_20200904
2020-09-25,0.10017401740174016,0.5186297090768802,0.49739936418312564,0.5878225813923507,0.04382014918679878,0.028493107468545366,0.026715512103046447,0.009008088775501868,0.017104637083752334,0.019485018693043497,0.6,100,0.060167353600263596,xgbranker_20200904
2020-10-02,0.07048304830483047,0.5384523065885108,0.5485327996636464,0.5856501103018924,0.023392985228370113,0.02910485680095471,0.041881339227790484,0.023172094532925007,-0.018488353999420372,0.005932762268029704,0.8,100,0.10674901306629181,xgbranker_20201002
2020-10-09,-0.00096009600960096,0.42908806011310985,0.4212778431391913,0.49513281410283405,-0.007733180331132393,-0.009746937378802372,0.023636930037641977,-0.0009646750973848703,-0.03137011036877437,-0.008782262281417501,0.6,100,0.10193327814340591,xgbranker_20201002
2020-10-16,0.014161416141614161,0.4406269924497693,0.5996999284943738,0.5477437243177237,-0.022078645918244336,0.004789950013489169,-0.04862666147964667,-0.03777660562307099,0.026548015561402336,0.04256655563656016,0.2,100,0.08516194671392441,xgbranker_20201002
2020-10-23,0.1318811881188119,0.5117534258614785,0.5687164582261577,0.5671709599198312,-0.03687042477653348,-0.036516398778329004,-0.07337438851520806,-0.07398773234615943,0.03650396373867457,0.03747133356783043,0.2,100,0.08916149288415909,xgbranker_20201002
2020-10-30,0.20794479447944794,0.8131406439966665,0.7216736108622218,0.7119754231239556,0.11434513692455513,0.06278472617440897,0.026750380775517175,0.03284185839150631,0.08759475614903794,0.029942867782902664,1.0,100,0.06417461484670639,xgbranker_20201002
2020-11-06,0.08486048604860486,0.7956386630310773,0.6929429609278885,0.646254374373088,0.055111065239585186,0.04377808280710232,0.030396355597644996,0.02318173559091768,0.02471470964194019,0.020596347216184637,1.0,100,0.06487808376550674,xgbranker_20201106
2020-11-13,0.09908190819081908,0.5511360655748423,0.558466063336809,0.5409981704682576,-0.0050567800309853205,-0.003946857837481749,0.006609120483773129,-0.01907642859629726,-0.01166590051475845,0.015129570758815512,0.2,100,0.0727725699543953,xgbranker_20201106
2020-11-20,-0.04559255925592559,0.5822554207702816,0.5963748369951843,0.5975609114188853,0.04043287116560128,0.03557522623488037,0.05687410825630397,0.03518560141658601,-0.016441237090702693,0.000389624818294354,1.0,100,0.06292350590229034,xgbranker_20201106
2020-11-27,-0.025334533453345333,0.5774770265018578,0.4844088344043237,0.4808426745008483,0.018999016533866406,0.011886796747108592,-0.018647901652997612,-0.010015239987074116,0.03764691818686402,0.021902036734182707,0.8,100,0.060536932200193405,xgbranker_20201106
2020-12-04,0.262022202220222,0.5714741756043111,0.5438344685631328,0.6218239277585655,-0.004789786479814482,-0.0156048793783739,-0.030015545766025598,-0.028822309860949902,0.025225759286211118,0.013217430482576002,0.4,100,0.1173209697008133,xgbranker_20201204
2020-12-11,0.008976897689768976,0.3883845639083762,0.4395632328126026,0.4347420539035307,-0.002070337388185587,0.001417535181063638,-0.013280708067027146,-0.0014432473557881122,0.01121037067884156,0.00286078253685175,0.4,100,0.11534982174634933,xgbranker_20201204
2020-12-18,-0.10815481548154814,0.5437929365743558,0.5078981014246954,0.4571822490715604,0.02486376075711456,0.014587525266371318,0.011909629609577543,0.014181489018090108,0.012954131147537018,0.00040603624828121007,0.6,100,0.11877992004156113,xgbranker_20201204
2020-12-24,0.049516951695169516,0.5293225106836973,0.5297246164140154,0.5627431878927874,-0.004557473874674342,-0.0018825132168227576,0.009488297006082043,0.004904887869169276,-0.014045770880756384,-0.006787401085992033,0.4,100,0.10082274675369263,xgbranker_20201204
2020-12-31,-0.06327032703270327,0.5156165911258259,0.5309306875608105,0.523570230266914,0.018489009915587343,0.019724822498121707,0.015186419449660208,0.03210219396323613,0.0033025904659271348,-0.012377371465114424,0.6,100,0.11350562423467636,xgbranker_20201204
2021-01-08,-0.05137713771377138,0.7928706477537381,0.686764458008992,0.648874370280085,0.04089626682878253,0.023583743284350388,0.05225699772139364,0.06132346706280508,-0.01136073089261111,-0.03773972377845469,1.0,100,0.06956023722887039,xgbranker_20210108
2021-01-15,0.005604560456045605,0.44339498228489155,0.551843096756139,0.5271719613238334,0.009394695440457696,0.016953423807737768,-0.011306890128913196,-0.00991595347338119,0.020701585569370892,0.026869377281118958,0.6,100,0.1007925346493721,xgbranker_20210108
2021-01-22,-0.053765376537653765,0.39539609020916505,0.4570319763673452,0.4953521855419206,-0.03320740851051959,-0.01393727824962721,-0.027512769551020843,-0.01271272346442075,-0.00569463895949875,-0.0012245547852064598,0.2,100,0.11592105776071548,xgbranker_20210108
2021-01-29,0.35749174917491744,0.6283801614280046,0.6665724337575285,0.7199523813070586,0.07503692780692453,0.08510290662896994,-0.001987031466683241,-0.006703020028349415,0.07702395927360778,0.09180592665731935,1.0,100,0.0738038569688797,xgbranker_20210108
2021-02-05,0.1573357335733573,0.40696328317931396,0.45179132871573063,0.5474067727654438,0.00417735420721922,0.009420374115218521,-0.01162604735445171,0.0008727247849743578,0.01580340156167093,0.008547649330244163,0.4,100,0.08905740082263947,xgbranker_20210205
2021-02-12,0.11006300630063004,0.7343131617844537,0.7677878984993105,0.6637592183599401,0.0014728421702514239,0.015355007944791582,-0.02099455691066199,-0.02112293663647287,0.022467399080913414,0.03647794458126445,0.6,100,0.08356710523366928,xgbranker_20210205
2021-02-19,0.02862286228622862,0.22253341882265615,0.39118121750094337,0.37438423117667297,-0.04465049622901611,-0.025183367379044762,-0.047466839519252554,-0.039539693914255866,0.002816343290236445,0.014356326535211104,0.0,100,0.07122906297445297,xgbranker_20210205
2021-02-26,0.019069906990699066,0.30149712860794964,0.4458508240637921,0.5101057568625347,-0.02330740943447578,0.012241675157457022,0.01796610399515097,0.024156883895380787,-0.04127351342962675,-0.011915208737923766,0.4,100,0.08298928290605545,xgbranker_20210205
2021-03-05,0.051353135313531355,0.47076499927219617,0.5720340088017232,0.6227540066018312,0.00947215729782976,0.03969614067096315,0.01742728771898727,0.02897551932378442,-0.00795513042115751,0.01072062134717873,0.8,100,0.08330956846475601,xgbranker_20210305
2021-03-12,-0.26013801380138013,0.3622663051382074,0.37086256696095027,0.3920074981304348,-0.020249288769144353,-0.01780977574978606,0.006106712376518551,-0.0024559652165348543,-0.026356001145662902,-0.015353810533251206,0.2,100,0.09143520891666412,xgbranker_20210305
2021-03-19,-0.3514551455145514,0.31344166298968545,0.35127298386351996,0.33814770876033035,-0.030061938468180293,-0.024939128713700236,-0.0038997692738299795,0.027521733492393154,-0.026162169194350313,-0.05246086220609339,0.2,100,0.10635171830654144,xgbranker_20210305
2021-03-26,-0.11192319231923191,0.6648799743201227,0.6121930845495982,0.6244262121571,0.03424087355614935,0.01645425618538108,0.00518709125380818,0.009757652884395767,0.029053782302341166,0.006696603300985312,0.8,100,0.07753194868564606,xgbranker_20210305
2021-04-01,-0.02241824182418242,0.6796820537949129,0.6105883264295271,0.5782962846965426,0.018298516782751458,0.010556076157846752,0.05129131380183364,0.019170386120696836,-0.032992797019082185,-0.008614309962850083,0.8,100,0.0734340101480484,xgbranker_20210401
2021-04-09,-0.042556255625562554,0.21579232780820762,0.3128252520702803,0.34787595794137643,-0.018268453753006047,-0.003925334317254495,0.01084181747973801,0.015234536209905678,-0.029110271232744057,-0.019159870527160172,0.6,100,0.0646577849984169,xgbranker_20210401
2021-04-16,-0.2498409840984098,0.4197753643200665,0.35493923476871814,0.384750476344592,-0.019320899049644395,-0.021778335973365735,0.008134965267597364,0.0049833950076264445,-0.027455864317241757,-0.02676173098099218,0.2,100,0.05895068868994713,xgbranker_20210401
2021-04-23,0.027098709870987097,0.5589266187488436,0.5965760188788767,0.5660810499291155,0.03336367631268035,0.02197831615098027,-0.010030419336216675,-0.010462537585928234,0.04339409564889703,0.032440853736908505,0.4,100,0.060284458100795746,xgbranker_20210401
2021-04-30,-0.06333033303330332,0.8708724053353721,0.7480574407780436,0.650544211439233,0.06527042808715763,0.035807369369506556,0.019264872354546086,0.03890405037604929,0.046005555732611544,-0.0030966810065427355,1.0,100,0.0703839510679245,xgbranker_20210401
2021-05-07,0.08964896489648964,0.47873845233442724,0.4736416019023864,0.5665679876447961,0.016436552226481993,0.005644034886969534,0.010043976559939468,0.013124805334743073,0.006392575666542525,-0.007480770447773539,0.4,100,0.06977666914463043,xgbranker_20210507
2021-05-14,-0.12466846684668464,0.3072558613194751,0.3441574359949165,0.4433523609086751,-0.01216558527192697,-0.008692232407947899,0.0035438383589233647,0.0005559065386188385,-0.015709423630850334,-0.009248138946566738,0.4,100,0.10443707555532455,xgbranker_20210507
2021-05-21,0.041452145214521445,0.6491646857010775,0.5867909137646631,0.5919648922173067,0.018307110820376865,0.010867511289678264,-0.006755650300580113,-0.0012191965088405574,0.025062761120956976,0.01208670779851882,0.8,100,0.08904219418764114,xgbranker_20210507
2021-05-28,-0.07651965196519653,0.517802974516391,0.5265413995608552,0.5147272848433632,-0.001987171994783244,0.00934236123483898,-0.002120007964883374,0.016456171853593445,0.00013283597010012999,-0.007113810618754464,0.6,100,0.08749783784151077,xgbranker_20210507
2021-06-04,-0.15397539753975398,0.38611067056191756,0.3924557083629846,0.4470128382215196,-0.01062571372489985,-0.012384954265351553,-0.04864909202171444,-0.02779410596969382,0.03802337829681459,0.015409151704342268,0.2,100,0.07549307495355606,xgbranker_20210604
2021-06-11,-0.13197719771977198,0.2629188229382068,0.30754451872024113,0.3252331175101711,-0.06854306658216089,-0.060182886234144604,-0.0332382182447292,-0.0494150433667536,-0.03530484833743169,-0.010767842867391006,0.0,100,0.05890088900923729,xgbranker_20210604
2021-06-18,0.16747674767476745,0.7660822626532077,0.69264385822436,0.6932478889950754,0.039322576939201756,0.030258946097078736,0.01763944112627641,0.02035226401730323,0.021683135812925344,0.009906682079775506,0.8,100,0.09950263053178787,xgbranker_20210604
2021-06-25,-0.07535553555355534,0.21137283782749436,0.32653655618145006,0.3788359508375652,-0.027084949645997614,-0.020873015240818055,-0.012932228112096234,-0.018333302018844547,-0.01415272153390138,-0.002539713221973508,0.0,100,0.06849376857280731,xgbranker_20210604
2021-07-02,-0.14365436543654364,0.5127337643045802,0.49146141011780164,0.5195969882432657,-0.006380171437575568,-0.002986835096618372,-0.0006649448503652101,0.003370579138656866,-0.005715226587210358,-0.006357414235275237,0.4,100,0.07857067883014679,xgbranker_20210702
2021-07-09,-0.09146114611461145,0.4842949144305867,0.4844019560362299,0.5283835613791801,-0.020424656122124747,-0.024456648591762848,0.0040825007663711655,-0.011882078285993218,-0.02450715688849591,-0.01257457030576963,0.4,100,0.07461319118738174,xgbranker_20210702
2021-07-16,0.28019201920192016,0.6545451433977563,0.7453823889661108,0.7120385192696053,0.025012910953098832,0.03788757717433332,0.003630061693365122,0.0025607387228683996,0.02138284925973371,0.03532683845146492,0.8,100,0.08018594980239868,xgbranker_20210702
2021-07-23,-0.007764776477647763,0.6311948999049268,0.5355385213966111,0.5083400125368992,0.0046013293721034465,-0.0054540255407350465,-0.007982921471197679,0.023506623926487794,0.012584250843301125,-0.028960649467222842,0.6,100,0.05789647996425629,xgbranker_20210702
2021-07-30,0.0722834451951804,0.4058457326754378,0.4937364380557982,0.533059180946499,-0.023218104698768637,-0.00918034382239349,-0.01822642298480831,-0.020637931611485014,-0.004991681713960326,0.011457587789091523,0.2,100,0.08020145446062088,xgbranker_20210702
2021-08-06,-0.16920492049204916,0.32027124844772126,0.3977574018096852,0.4087010160585947,-0.013239552618034629,-0.003056836826447415,0.01150307932564085,0.01380833391634898,-0.02474263194367548,-0.016865170742796396,0.6,100,0.08257781714200974,xgbranker_20210806
2021-08-13,-0.0036003600360036,0.4468535299918563,0.5037926644592389,0.5721925600270054,-0.021654511504125163,-0.013048287730128097,-0.0015052180873550817,-0.005223803795803129,-0.020149293416770082,-0.007824483934324968,0.4,100,0.08376631885766983,xgbranker_20210806
2021-08-20,0.29942994299429937,0.6308573862041738,0.6874211061036909,0.7623606114173166,0.029302105331512257,0.04407885866503071,0.013959711994606157,0.005944116192265393,0.0153423933369061,0.03813474247276532,0.6,100,0.06380096077919006,xgbranker_20210806
2021-08-27,-0.11819981998199819,0.4462982152054011,0.4394924234274986,0.45028207526338776,-0.005228845032434033,-0.004164837697814594,-0.00420330322497478,-0.0034464980040994396,-0.0010255418074592527,-0.000718339693715154,0.4,100,0.07457681000232697,xgbranker_20210806
2021-09-03,0.028118811881188113,0.4114498770166568,0.46097798644063365,0.47675022427422103,-0.02875009268989337,-0.022482145165787844,-0.02794699470346661,-0.021586071346682834,-0.0008030979864267589,-0.0008960738191050102,0.2,100,0.07153652608394623,xgbranker_20210903
2021-09-10,0.030927092709270923,0.49527949102626767,0.5108087212065024,0.5497211304185623,-0.005749753321728912,-0.007879874787422022,-0.00284649644408479,-0.013488070697906845,-0.0029032568776441226,0.005608195910484823,0.4,100,0.08650917559862137,xgbranker_20210903
2021-09-17,-0.10564656465646564,0.5731256503076849,0.5678477589519282,0.5769518169653555,0.0004978663002319958,0.004746269923337211,0.014298661774086036,0.0261755166295917,-0.01380079547385404,-0.02142924670625449,0.6,100,0.07684490084648132,xgbranker_20210903
2021-09-24,-0.026114611461146114,0.25512826976420544,0.31666960175324826,0.3978975775747215,-0.021407633904045122,-0.01423527692308518,-0.0044216070385364415,0.0004390049176389103,-0.01698602686550868,-0.01467428184072409,0.2,100,0.06503371894359589,xgbranker_20210903
2021-10-01,-0.12048040948271893,0.5853823912197654,0.4524354526708235,0.44548561751605353,0.010292777821228375,-0.001975914702116092,0.020463772196055576,0.02292270170927447,-0.010170994374827201,-0.024898616411390562,0.4,100,0.07611458748579025,xgbranker_20211001
2021-10-08,0.11954395439543952,0.6539625015810714,0.7127950216792411,0.603810868885892,0.024691827056805424,0.031425336558855335,0.005226329578812409,0.006255720475434205,0.019465497477993015,0.02516961608342113,0.8,100,0.048899974673986435,xgbranker_20211001
2021-10-15,0.04602460246024603,0.3497868620692802,0.38529955305196817,0.45481370819299,0.001095547240434634,0.0007301478663418312,0.002696597097629899,0.006487220405853011,-0.0016010498571952653,-0.00575707253951118,0.6,100,0.06613894551992416,xgbranker_20211001
2021-10-22,0.1415301530153015,0.505769945691068,0.4953629482125604,0.616467396759516,0.025397269420251296,0.011086377894484066,-0.0011662870969930718,-0.0037945582125288578,0.026563556517244367,0.014880936107012924,0.8,100,0.06032054126262665,xgbranker_20211001
2021-10-29,0.2951935193519351,0.5632575888437527,0.6680135618050828,0.5957898663462335,0.04250704426172029,0.0650686361123257,0.017357153024346227,0.039048088330443625,0.025149891237374065,0.026020547781882078,1.0,100,0.0614384263753891,xgbranker_20211001
2021-11-05,-0.14927092709270925,0.21309242631740866,0.29490609503831205,0.3880062904970362,-0.082915785632216,-0.044753567317634045,0.02005925497008653,0.00232900091748284,-0.10297504060230253,-0.04708256823511688,0.0,100,0.09273875504732132,xgbranker_20211105
2021-11-12,-0.026870687068706867,0.4135010682062689,0.4202323285280022,0.4313625904779669,-0.04003809620136125,-0.036512687522075406,-0.05874029288058623,-0.032227421260749026,0.01870219667922498,-0.00428526626132638,0.0,100,0.08320952206850052,xgbranker_20211105
2021-11-19,-0.32963696369636963,0.16846353662062555,0.27418953942453345,0.34325426586216745,-0.04950879763185649,-0.028313211927632663,0.02125616443681154,0.013448714155306307,-0.07076496206866803,-0.041761926082938966,0.0,100,0.08269582688808441,xgbranker_20211105
2021-11-26,-0.14701470147014697,0.4563228594572442,0.38898761352735006,0.4575179525282865,-0.01863666185168123,-0.03692075006703956,-0.024216879771903878,-0.017421376086417986,0.0055802179202226465,-0.01949937398062157,0.2,100,0.05222329497337341,xgbranker_20211105
2021-12-03,0.06741074107410741,0.6150536031415414,0.5569960915582357,0.6301202123251168,0.02224216234786657,0.011478420160097648,0.0168264189611453,0.017238205104363257,0.00541574338672127,-0.005759784944265609,0.6,100,0.0712471678853035,xgbranker_20211203
2021-12-10,0.06515451545154514,0.5806243776083886,0.5371542570733284,0.5074839296368552,0.007801512432456581,0.008079425128037483,0.01347555130016625,-0.00028887476425765374,-0.005674038867709669,0.008368299892295136,0.6,100,0.0677422285079956,xgbranker_20211203
2021-12-17,0.14958295829582957,0.886946598242128,0.8052061450196903,0.7288541241811437,0.07057920789298455,0.054221731870429626,0.026837677700600547,0.018995657418368415,0.043741530192384005,0.03522607445206121,1.0,100,0.06878471374511719,xgbranker_20211203
2021-12-23,0.1222922292229223,0.29788197267085736,0.3765090716278036,0.46040030997373793,0.00591805358939868,0.011624680528695027,0.010604556214016882,0.011740988917485205,-0.004686502624618201,-0.00011630838879017787,0.8,100,0.06765499711036682,xgbranker_20211203
2021-12-31,-0.13483348334833484,0.4837132825438125,0.47574344072036745,0.47780299422167566,0.0032004641910776794,0.004788754472173627,0.015348486279784362,0.008434522687660208,-0.012148022088706682,-0.0036457682154865815,0.6,100,0.06494080275297165,xgbranker_20211203
2022-01-07,-0.20457245724572454,0.27140579410067167,0.3468735166189251,0.4085580146010436,-0.015379675040504349,-0.009198697421753227,0.03125572901106792,0.022033496555726333,-0.046635404051572266,-0.03123219397747956,0.4,100,0.061445146799087524,xgbranker_20220107
2022-01-14,-0.12188418841884187,0.45775062207386064,0.44980569599594866,0.47594374431374287,-0.030433800605017425,-0.04344765025714874,-0.019755603445835,-0.00938327658536642,-0.010678197159182425,-0.03406437367178232,0.0,100,0.07234430313110352,xgbranker_20220107
2022-01-21,0.1174077407740774,0.6101603718869943,0.6092302163339529,0.6635218670637304,0.016111580321786466,0.013875781478523272,0.014627178522905552,0.003263738182710292,0.0014844017988809143,0.01061204329581298,0.4,100,0.06181594356894493,xgbranker_20220107
2022-01-28,0.11462346234623462,0.49328949269223016,0.5010731976354881,0.5733818730699011,0.01799724020101432,0.010506887187601836,-0.016719472538357514,-0.006154069294937619,0.03471671273937184,0.016660956482539457,0.6,100,0.06009109690785408,xgbranker_20220107
2022-02-04,-0.18763876387638762,0.5570037242714359,0.42111407788478217,0.4522361375863061,0.028429170814728306,0.004185521186037889,0.055647246842432316,0.03803422752994965,-0.02721807602770401,-0.03384870634391176,0.4,100,0.057782672345638275,xgbranker_20220204
2022-02-11,0.08115211521152114,0.5374505521162346,0.48632919638223077,0.540785790691898,0.004150399931374314,-0.009838721803133962,-0.00284909947933486,0.0029429762576005302,0.006999499410709174,-0.012781698060734491,0.6,100,0.06877247989177704,xgbranker_20220204
2022-02-18,0.15042304230423043,0.7936963978265335,0.7332929256586627,0.6723888409895752,0.06702674160944011,0.04355815176488716,-0.027996436243277335,-0.017957116498643927,0.09502317785271744,0.061515268263531084,1.0,100,0.05546170100569725,xgbranker_20220204
2022-02-25,-0.12278427842784277,0.3802360909343581,0.3873446113890048,0.4582086816523175,0.001658483632819378,-0.010899729046102147,0.08594036973728766,0.054166547262548846,-0.08428188610446828,-0.065066276308651,0.4,100,0.0740191712975502,xgbranker_20220204
2022-03-04,-0.21459345934593457,0.5240976767294525,0.5008094479304055,0.5028901221937943,-0.0644285058365849,-0.06255093685021104,-0.02107441945499208,-0.01350295836251023,-0.04335408638159281,-0.04904797848770081,0.2,100,0.09498978406190872,xgbranker_20220304
2022-03-11,0.19927992799279928,0.8120445095219647,0.7026710537101244,0.7318909365895864,0.1265618684963838,0.08086769081740683,0.018150771772664685,0.01743676579325911,0.1084110967237191,0.06343092502414771,1.0,100,0.07088305056095123,xgbranker_20220304
2022-03-18,0.2103570357035703,0.5461349437073549,0.5441178677944001,0.6004206838618986,0.015380712004209336,0.011397711532435588,-0.02675400765547184,-0.02236812146059649,0.04213471965968117,0.033765832993032076,0.4,100,0.09839706122875214,xgbranker_20220304
2022-03-25,0.08588058805880587,0.44998050044134014,0.44658008979944375,0.5316100390435138,-0.005367896124332764,0.009525282954675498,0.02805747011564841,0.01795461427495451,-0.03342536623998117,-0.008429331320279013,0.4,100,0.07773105055093765,xgbranker_20220304
2022-04-01,-0.12118811881188117,0.5184731008467525,0.47928842575246766,0.5079863333865295,0.024797450998747948,0.0006619065955086479,-0.006370900912888891,0.005305333108695426,0.03116835191163684,-0.004643426513186778,0.6,100,0.07434879243373871,xgbranker_20220401
2022-04-08,0.14107410741074106,0.6637216370599357,0.5996348774543405,0.5892453207139758,0.03618489832111414,0.020554859927669145,-0.022432261047209738,-0.007966400595759553,0.05861715936832388,0.028521260523428696,0.6,100,0.09326353669166565,xgbranker_20220401
2022-04-14,-0.009312931293129312,0.29189950243035756,0.3272595237918455,0.42487297516728717,-0.023127843619605883,-0.020175891463032634,-0.037143319190379435,-0.013432877247380645,0.014015475570773553,-0.00674301421565199,0.2,100,0.08870154619216919,xgbranker_20220401
2022-04-22,0.09167716771677166,0.49521137723972725,0.49235122327237446,0.5367807975747364,-0.027220488591083752,-0.024802925232540136,-0.015848849285554217,-0.012839917766283954,-0.011371639305529535,-0.011963007466256182,0.2,100,0.10478249192237854,xgbranker_20220401
2022-04-29,-0.14178217821782177,0.6803988778826401,0.5473909903813093,0.5282001105177568,-0.012022854821074524,-0.07089352686871539,0.0019168492588989116,0.008895725733619636,-0.013939704079973435,-0.07978925260233502,0.2,100,0.07045821100473404,xgbranker_20220401
2022-05-06,-0.14246624662466245,0.35380663556375536,0.4024875606556727,0.46951261801088334,0.007307159388515816,0.0031438462018759986,0.01863380804488481,0.016187374479412913,-0.011326648656368994,-0.013043528277536914,0.6,100,0.06708075851202011,xgbranker_20220506
2022-05-13,-0.08420042004200419,0.6874511909397395,0.7515117604866458,0.6430214602413198,-0.03540907719185878,-0.01855315702328997,-0.02991702067973067,-0.03083022290618409,-0.005492056512128113,0.012277065882894119,0.0,100,0.0990363210439682,xgbranker_20220506
2022-05-20,0.25278127812781276,1.0,0.8946212603588435,0.8024649942474934,0.15951247684281883,0.11235700327206102,0.010823456199007217,0.03326636735590437,0.14868902064381162,0.07909063591615666,1.0,100,0.06961440294981003,xgbranker_20220506
2022-05-27,-0.02459045904590459,0.556672121571738,0.5478799285856936,0.5468435375246266,-0.008491100574888773,-0.006175347568555619,-0.04320539925540607,-0.023280416270333337,0.0347142986805173,0.01710506870177772,0.4,100,0.10998751223087311,xgbranker_20220506
2022-06-03,0.09594959495949594,0.33864666173116537,0.336309793261019,0.43986565421898943,-0.05865843757615887,-0.05824918539396105,-0.0734188568654078,-0.06760691202296135,0.014760419289248934,0.009357726629000293,0.0,100,0.07860122621059418,xgbranker_20220603
2022-06-10,-0.06076825913096397,0.28397373161318606,0.36120942380653676,0.4750197776956486,-0.03739846733871823,-0.03650429945967136,-0.022426286721245428,-0.019991822879666325,-0.014972180617472804,-0.016512476580005035,0.2,100,0.06149414926767349,xgbranker_20220603
2022-06-17,-0.007488748874887488,0.7928706477537381,0.606908694938918,0.5720632577607189,0.07151571770449303,0.033966309883188356,-0.00836170459261315,-0.010002589346420634,0.07987742229710618,0.04396889922960899,1.0,100,0.06735450774431229,xgbranker_20220603
2022-06-24,-0.05279327932793279,0.18980337568015365,0.31568931033988945,0.4235083109331154,-0.05326999867855028,-0.03187803657587227,-0.015321075075775095,-0.001394738124962638,-0.037948923602775186,-0.030483298450909635,0.2,100,0.0959557369351387,xgbranker_20220603
2022-07-01,-0.12414678711963203,0.6037100713737159,0.5604780153727796,0.5169122586748349,0.029073664234207618,0.016084924623617654,0.010715605020514581,0.011827355912203866,0.01835805921369304,0.004257568711413789,0.8,100,0.0748024508357048,xgbranker_20220701
2022-07-08,-0.14792679267926792,0.11012976273809871,0.30761704182264427,0.35783561815254095,-0.04264553465092677,-0.015999802982849205,-0.009224917078458558,0.002022843516860583,-0.03342061757246821,-0.018022646499709787,0.0,100,0.0670163631439209,xgbranker_20220701
2022-07-15,-0.01398139813981398,0.6096731708870796,0.546572169894378,0.5243049502613776,0.017617352972179562,0.006863605853341876,-0.009440492852281445,-0.001447786743617323,0.027057845824461007,0.0083113925969592,0.6,100,0.06905180215835571,xgbranker_20220701
2022-07-22,0.09304530453045304,0.19764062661152088,0.3280666149514567,0.4498696363678445,-0.008768272395161692,0.005868293644118519,-0.047347256363286724,-0.02138169802412638,0.038578983968125036,0.027249991668244898,0.4,100,0.07030990719795227,xgbranker_20220701
2022-07-29,0.08782478247824782,0.5043411985867579,0.48299263457113445,0.5919481730629924,0.0016173766967585673,0.002835691866596283,0.012571460340446882,0.000339629384966891,-0.010954083643688314,0.002496062481629392,0.6,100,0.09032440185546875,xgbranker_20220701
2022-08-05,0.19865586558655862,0.3853520243457519,0.5562019080241866,0.5791394394932216,-0.021580066268992032,0.0128992799400923,-0.013337924236191257,-0.00421380335983502,-0.008242142032800775,0.01711308329992732,0.6,100,0.09697220474481583,xgbranker_20220805
2022-08-12,-0.11499549954995497,0.2583904069724255,0.34379563880229225,0.40485962605669334,-0.009578123875251456,0.004575404225690444,0.020320459775142102,0.027330787346970253,-0.029898583650393558,-0.02275538312127981,0.4,100,0.09030770510435104,xgbranker_20220805
2022-08-19,0.14388238823882388,0.7193758901087104,0.671785747380153,0.6494501666867715,0.023238095289377904,0.009493977822625566,-0.017833864928946713,-0.04200795974324099,0.04107196021832461,0.05150193756586655,0.4,100,0.0936863124370575,xgbranker_20220805
2022-08-26,-0.10495049504950493,0.26827884909340477,0.34410440155879374,0.4265955806077593,-0.04775197993786227,-0.03809068606198437,-0.02233678607577671,-0.019824978587015252,-0.02541519386208556,-0.018265707474969115,0.0,100,0.08412834256887436,xgbranker_20220805
2022-09-02,0.03483948394839484,0.47708697763105334,0.4605690285263565,0.5042213928745103,0.01208605914637181,-0.003579792592759355,0.021304165045080134,-0.004182384593890488,-0.009218105898708324,0.0006025920011311328,0.6,100,0.06364604830741882,xgbranker_20220902
2022-09-09,-0.10747074707470745,0.4406269924497693,0.35870774077313605,0.45491723784863025,-0.09505847982779476,-0.08666786643461988,-0.05464479364065357,-0.06949377697979522,-0.040413686187141196,-0.017174089454824654,0.2,100,0.0865500420331955,xgbranker_20220902
2022-09-16,-0.1824182418241824,0.4605390434504638,0.3432089970133743,0.42935268341375876,-0.03402378811103176,-0.050302993174995224,-0.022098406893906783,-0.03548480024360198,-0.011925381217124977,-0.014818192931393241,0.2,100,0.06678830087184906,xgbranker_20220902
2022-09-23,0.09851785178517851,0.8518745479666263,0.7856725041576458,0.6827393287859075,0.036544305731974355,0.015018444616808752,-0.057576343529760654,-0.0618563232199643,0.09412064926173501,0.07687476783677305,0.8,100,0.07559182494878769,xgbranker_20220902
2022-09-30,-0.020078007800780076,0.2557109115808904,0.37560836928591657,0.4626025776128177,-0.030283203074091374,-0.012780372216793155,-0.007544251749628035,-0.012493274947527565,-0.02273895132446334,-0.00028709726926558904,0.2,100,0.0503222718834877,xgbranker_20220902
2022-10-07,0.19847584758475845,0.5969018765026377,0.6126353791716447,0.5888801110677654,0.026079463902267307,0.023228005988321955,0.039087718993318046,0.004291192226362655,-0.01300825509105074,0.018936813761959298,0.8,100,0.07911448180675507,xgbranker_20221007
2022-10-14,0.12174017401740174,0.6359470025152485,0.6520670509049289,0.6494885298638496,0.009469883559315035,0.014830299853515444,-0.013985272022471565,-0.011650971240824292,0.0234551555817866,0.026481271094339738,0.8,100,0.09870447963476181,xgbranker_20221007
2022-10-21,-0.03800780078007801,0.45565174863918906,0.44357181451299693,0.5203969451185715,0.04962277151373019,0.04529788350828695,0.02656741386412905,0.027978425715827305,0.023055357649601142,0.017319457792459646,0.8,100,0.12110428512096405,xgbranker_20221007
2022-10-28,0.19342334233423342,0.7234364758017131,0.6056461942284167,0.5876004913803431,0.019466105237638965,-0.027696365953330047,-0.023136286129621257,-0.013123656617090144,0.042602391367260226,-0.014572709336239904,0.8,100,0.13924837112426758,xgbranker_20221007
2022-11-04,0.15552355235523552,0.6981245709349866,0.6332472516478189,0.6529397831154948,0.033846793654436026,0.02543104203781884,-0.015074211822720654,0.002293501306739091,0.04892100547715668,0.023137540731079747,0.8,100,0.073200523853302,xgbranker_20221104
2022-11-11,0.07462346234623461,0.22148499203523103,0.28518344448229976,0.45070541976026357,-0.03317897191417872,-0.012383949855723018,0.024216016387749388,0.0008219613874967556,-0.05739498830192811,-0.013205911243219775,0.4,100,0.09013248980045319,xgbranker_20221104
2022-11-18,0.14820282028202816,0.6924737033941846,0.5876220114383599,0.5785685009084532,0.03212993742112246,0.02372217252851296,0.012357978102441283,0.019805195849363327,0.019771959318681177,0.0039169766791496315,0.8,100,0.09130661934614182,xgbranker_20221104
2022-11-25,-0.006444644464446443,0.6544770296112158,0.5480862575121109,0.5823410861909595,0.037360057720781756,0.018940445573898297,0.0262976730636456,0.02283598355657023,0.011062384657136156,-0.0038955379826719344,1.0,100,0.08149243146181107,xgbranker_20221104
2022-12-02,-0.050597059705970594,0.3754168844674067,0.4207331920535977,0.45506408599118303,-0.025755926895332765,-0.027394548153941413,-0.02216433326245144,-0.01713737950232938,-0.0035915936328813243,-0.010257168651612032,0.2,100,0.07076659053564072,xgbranker_20221202
2022-12-09,-0.1048184818481848,0.678030579091539,0.5456125428595209,0.49755326729087795,0.0019561500348243043,-0.02703313492343491,-0.012173800426230688,-0.013874222491038757,0.014129950461054992,-0.013158912432396152,0.4,100,0.06649041920900345,xgbranker_20221202
2022-12-16,-0.14095409540954093,0.2252820633728594,0.32639316436340343,0.36370625956375185,-0.030223755755601635,0.0012730658605463851,0.029101609678195906,0.014264076888995775,-0.059325365433797544,-0.01299101102844939,0.2,100,0.05811135843396187,xgbranker_20221202
2022-12-23,0.02121812181218122,0.5869861582358628,0.5431370414028852,0.5327965268530148,-0.01168078213004093,-0.01182824465804383,-0.022415481261322295,-0.02380882805821829,0.010734699131281365,0.011980583400174459,0.4,100,0.07459678500890732,xgbranker_20221202
2022-12-30,0.027386738673867383,0.6740370972551659,0.6106601691827557,0.630645346508009,0.026817346439649715,0.02049934262196846,0.020260297074807556,0.01116311123332566,0.006557049364842159,0.009336231388642799,0.6,100,0.05707129091024399,xgbranker_20221202
2023-01-06,-0.042400240024002396,0.7206694704542844,0.6639762830128586,0.5845994342021366,0.029954189587641417,0.033380534652027935,0.011504736525424606,0.014712830515236164,0.018449453062216813,0.018667704136791773,0.8,100,0.12372211366891861,xgbranker_20230106
2023-01-13,-0.12988898889888986,0.5709392414749028,0.540343966433301,0.5435966790713438,-0.018314020265081037,-0.01753275957809172,-0.06520109856066186,-0.03911939086515273,0.04688707829558082,0.021586631287061012,0.2,100,0.11698812991380692,xgbranker_20230106
2023-01-20,0.13459345934593459,0.27919533734476226,0.39322739061812007,0.452544062839055,-0.015589756063295337,-0.002955993510068595,0.003507123581797728,-0.00690993300822434,-0.019096879645093066,0.003953939498155744,0.4,100,0.0858108252286911,xgbranker_20230106
2023-01-27,-0.06334233423342334,0.855468313316761,0.7545613159733596,0.6474175308439878,0.05748333375711225,0.04091425114597591,0.04163618317393841,0.0266476100356574,0.01584715058317384,0.014266641110318511,1.0,100,0.0918307825922966,xgbranker_20230106
2023-02-03,-0.04492049204920491,0.47062978162902597,0.5211737986528496,0.5471117072956239,-0.011168484894406095,-0.014248638668534309,-0.018425815498416685,-0.017410555666,0.007257330604010589,0.0031619169974656906,0.4,100,0.053649093955755234,xgbranker_20230203
2023-02-10,0.11253525352535253,0.8256210969955043,0.7757629182219011,0.743464603173505,0.05377565289312712,0.039886250717440966,0.028212496444584713,0.022394194527021204,0.025563156448542408,0.017492056190419762,1.0,100,0.05911675840616226,xgbranker_20230203
2023-02-17,0.18233423342334232,0.6393637535359918,0.5939608815295542,0.623494303300702,0.020369920316592512,0.004418395244235778,-0.006280996528069953,-0.0030813490318681498,0.026650916844662465,0.007499744276103927,0.6,100,0.058864228427410126,xgbranker_20230203
2023-02-24,0.11533153315331532,0.6045154153472476,0.6404068562632882,0.6206432442761929,0.0064333172705615446,0.014797523615865237,0.03110188090502709,0.008473008509196498,-0.024668563634465547,0.006324515106668739,0.6,100,0.05726874619722366,xgbranker_20230203
2023-03-03,0.1223042304230423,0.30513759171545035,0.28746402133426097,0.4182869173776192,-0.053299356873408345,-0.060640672340794025,-0.057153853009080845,-0.10055798036837602,0.0038544961356725,0.03991730802758199,0.0,100,0.08004239201545715,xgbranker_20230303
2023-03-10,-0.09806180618061805,0.38921129846886543,0.40346744802548773,0.439551286352716,-0.02134593366226394,-0.011005292011533396,0.0036418386928876263,0.0037969663857767766,-0.024987772355151566,-0.014802258397310173,0.4,100,0.058277130126953125,xgbranker_20230303
2023-03-17,-0.18417041704170414,0.27051296561346355,0.40389460589023285,0.4140945385163896,-0.018634178288118267,0.0024152743838921067,0.03192430084710471,0.02017535301926226,-0.050558479135222975,-0.01776007863537015,0.4,100,0.07087474316358566,xgbranker_20230303
2023-03-24,0.1992079207920792,0.6067893086937063,0.5386529770056545,0.5686291940239552,0.03242888146790372,0.024110010337865903,0.01976992103922221,0.01945042053343026,0.01265896042868151,0.004659589804435642,1.0,100,0.09328927844762802,xgbranker_20230303
2023-03-31,0.2752955295529553,0.6682977352707766,0.6900985852717904,0.6617858857451314,0.0025196144275905965,0.007271491876725954,-0.007981343777373058,-0.020766987408695075,0.010500958204963655,0.02803847928542103,0.6,100,0.09943252056837082,xgbranker_20230303
2023-04-06,0.15918391839183915,0.6202307039662925,0.5476093441802539,0.6111421425273322,0.025941001323880986,0.014497621560312196,-0.0048097800605137655,-0.0015584518662593203,0.03075078138439475,0.016056073426571518,0.6,100,0.06066382676362991,xgbranker_20230406
2023-04-14,-0.025334533453345333,0.3352756239800942,0.38098330815146025,0.49129142916732044,-0.0025794284048707887,-0.002868573630958451,0.04011011431604375,-0.004925734269581442,-0.04268954272091454,0.0020571606386229914,0.2,100,0.08892332762479782,xgbranker_20230406
2023-04-21,-0.05863786378637863,0.30245807088169824,0.3454423989502683,0.37782058032083754,-0.029029539148659467,-0.01219750981164689,-0.025183775867921986,-0.0061908113000733525,-0.0038457632807374804,-0.006006698511573538,0.4,100,0.086904376745224,xgbranker_20230406
2023-04-28,-0.15909990999099907,0.44571658331862685,0.3466676084362313,0.38678387766547967,-0.00872630881617133,-0.01944671956042205,0.02564771284475325,0.031917260047813686,-0.034374021660924584,-0.05136397960823574,0.6,100,0.09045000374317169,xgbranker_20230406
2023-05-05,0.14129012901290128,0.5820327186134349,0.618573069897333,0.6515121112010985,-0.000840881029587613,0.0067406835920992714,0.00985425229746636,0.0051187908149912895,-0.010695133327053973,0.001621892777107982,0.8,100,0.12599219381809235,xgbranker_20230505
2023-05-12,-0.18522652265226522,0.11785220212555962,0.29022746057177096,0.33830066369449197,-0.04050917608356564,-0.021569059504561963,0.004760445145909928,0.020776383021126246,-0.045269621229475566,-0.04234544252568821,0.0,100,0.09592597186565399,xgbranker_20230505
2023-05-19,-0.02868286828682868,0.6138893294380823,0.5995590650812598,0.5493845463968963,-0.02985220289625288,-0.022343898976220515,-0.025316414975555986,-0.028274764318252033,-0.004535787920696893,0.005930865342031518,0.4,100,0.0750642940402031,xgbranker_20230505
2023-05-26,0.07557155715571556,0.598687558919271,0.5794355993182607,0.5998054708360645,0.00972567599675785,0.014440591259975646,0.015939750040413127,0.015166357480080064,-0.006214074043655277,-0.0007257662201044183,0.8,100,0.06373917311429977,xgbranker_20230505
2023-06-02,-0.10378637863786377,0.13341189244438775,0.26476107491964995,0.39441229834039004,-0.07964449472254907,-0.0398667997402679,0.01372542787272558,0.004966765279823827,-0.09336992259527466,-0.044833565020091726,0.2,100,0.10180626809597015,xgbranker_20230602
2023-06-09,0.09000900090009001,0.38912277858306116,0.4143903903150955,0.5139204483610215,-0.011445810350364512,-0.0007741637689673826,0.0073531167709034815,0.014426438575555034,-0.018798927121267996,-0.015200602344522416,0.6,100,0.07783517986536026,xgbranker_20230602
2023-06-16,-0.1925352535253525,0.1420544619070696,0.2389172584446701,0.34208617558472315,-0.04884349186362498,-0.03956477243132263,-0.015782400620872477,0.0021951360845941016,-0.0330610912427525,-0.04175990851591673,0.2,100,0.07272568345069885,xgbranker_20230602
2023-06-23,0.10024602460246024,0.17245701845699854,0.2820789372913139,0.44340964337186684,-0.04290612851121677,-0.01649286492406917,-0.00447334877271532,-0.007638878325450574,-0.038432779738501455,-0.008853986598618597,0.2,100,0.04405521601438522,xgbranker_20230602
2023-06-30,-0.0763036303630363,0.6086237087275269,0.5618138191588798,0.5317294074310812,0.004680216926904153,-0.001119446229611232,0.0020254351507200037,0.0008837250403474377,0.0026547817761841497,-0.0020031712699586698,0.4,100,0.09611589461565018,xgbranker_20230602
2023-07-07,0.04774077407740774,0.4700744668425708,0.5588550675330533,0.5160576883782443,0.007209577419938917,0.015388613749970146,0.030120216923043026,0.011914636596525167,-0.02291063950310411,0.0034739771534449786,0.6,100,0.0647948682308197,xgbranker_20230707
2023-07-14,0.015469546954695467,0.2956692721799731,0.33380160255335445,0.44861364583728236,0.0069702894210856405,0.010028335369589133,-0.004063238734182713,0.014088699284395701,0.011033528155268355,-0.004060363914806568,0.6,100,0.06624799966812134,xgbranker_20230707
2023-07-21,-0.01561960881977873,0.3718639313157996,0.3828756625337149,0.440181946052456,0.006126121342329871,0.0032787611033124565,0.004433009059416485,-0.001644598043258934,0.0016931122829133864,0.004923359146571391,0.6,100,0.0685175284743309,xgbranker_20230707
2023-07-28,-0.14969096909690968,0.6602163915956052,0.5483269467904588,0.5556603979239549,0.00505853018259071,-0.010869358712255986,-0.017970143430693187,0.010630597808730801,0.023028673613283895,-0.02149995652098679,0.2,100,0.07760488986968994,xgbranker_20230707
2023-08-04,-0.09467746774677467,0.3216990110643377,0.41212654876582167,0.4550897351435726,-0.022217067497319908,-0.014265036655888786,-0.004354142840851502,-0.001929560955373865,-0.017862924656468406,-0.01233547570051492,0.4,100,0.07794929295778275,xgbranker_20230804
2023-08-11,-0.025814581458145816,0.27229963251779055,0.3356431339152346,0.42531491112108927,-0.05060688438954828,-0.033521219945221004,-0.03294669899289184,-0.019068210920166064,-0.01766018539665644,-0.01445300902505494,0.2,100,0.07393984496593475,xgbranker_20230804
2023-08-18,0.025406540654065404,0.8022912596019385,0.681295764941385,0.6214331455146663,0.054105107097124905,0.02482127631844089,0.0008358085825551656,0.0009369126193690153,0.05326929851456974,0.023884363699071876,0.6,100,0.0714636817574501,xgbranker_20230804
2023-08-25,-0.000468046804680468,0.4807215551797158,0.5000006771754527,0.4708912982904074,-0.004317764387094349,-0.00104756510034084,-0.007213934514470753,-0.0066559826157577325,0.0028961701273764046,0.005608417515416892,0.6,100,0.07402011752128601,xgbranker_20230804
2023-09-01,-0.040300030003000295,0.17181419371464984,0.28165790963624965,0.36343179430854383,-0.06110257677292578,-0.03663703382566919,-0.017437030104575743,-0.014570734972257544,-0.043665546668350035,-0.02206629885341165,0.0,100,0.05734239146113396,xgbranker_20230901
2023-09-08,-0.07392739273927393,0.594823383725013,0.4879321073277239,0.5559476827659867,0.010657310239749366,-0.005913780453662513,-0.0019555925457649765,0.006961022524924918,0.012612902785514343,-0.012874802978587431,0.6,100,0.06784778088331223,xgbranker_20230901
2023-09-15,-0.048004800480048,0.437210215986809,0.45130776188351396,0.4985667376324333,-0.03921596002305564,-0.028420039138230085,-0.009571497334799442,-0.023065738935984494,-0.0296444626882562,-0.005354300202245591,0.4,100,0.0697844997048378,xgbranker_20230901
2023-09-22,-0.1672007200720072,0.6843515475204855,0.5523895247036655,0.5689144456816136,-0.016700600804326414,-0.01983808968883482,-0.0036116711155465076,-0.006011878777162582,-0.013088929688779907,-0.013826210911672236,0.6,100,0.06398709118366241,xgbranker_20230901
2023-09-29,0.033675367536753674,0.38879117588336337,0.4559842138319404,0.4912423727541346,-0.02120148401889854,-0.029259628847321428,-0.049925090534766924,-0.03097093128896037,0.028723606515868385,0.001711302441638942,0.2,100,0.05616983026266098,xgbranker_20230901
2023-10-06,0.10759075907590757,0.6729195467512897,0.6065522702546163,0.5955076390261594,0.005582704068345912,-0.002374374254388839,-0.007944999046132016,-0.01533999661603433,0.01352770311447793,0.012965622361645491,0.6,100,0.05821946635842323,xgbranker_20231006
2023-10-13,0.1081068106810681,0.7732230701538944,0.6742373773304542,0.6585944881200255,0.023588825906232937,0.009018101665555518,0.0060161512632015985,-0.0038981028572534398,0.01757267464303134,0.012916204522808956,0.8,100,0.0632413923740387,xgbranker_20231006
2023-10-20,-0.11135913591359134,0.27955424163247283,0.34992765864260816,0.3642680643747107,-0.020379208420701903,-0.014229947109945818,-0.052107020309296745,-0.016416524140783387,0.031727811888594845,0.002186577030837569,0.2,100,0.05465959012508392,xgbranker_20231006
2023-10-27,0.17360936093609358,0.32295177921138407,0.5081162436235984,0.49411854912826647,0.011627903961927106,0.05872480733686478,0.03531567487388931,0.03859269632204991,-0.023687770911962207,0.020132111014814873,0.8,100,0.05975544825196266,xgbranker_20231006
2023-11-03,0.020666066606660663,0.3838298562844929,0.45769655971751905,0.4972464534652132,0.017930068597753545,0.009890023829354378,-0.03016597225256066,-0.0145380992666723,0.0480960408503142,0.024428123096026676,0.2,100,0.07675652951002121,xgbranker_20231103
2023-11-10,0.09303330333033304,0.4462982152054011,0.5392739301844406,0.5658450887510212,0.031013119567289908,0.046455926762213516,0.009434301289330552,0.009478850314374773,0.021578818277959357,0.03697707644783874,0.8,100,0.06593268364667892,xgbranker_20231103
2023-11-17,-0.11525952595259525,0.3517291527160412,0.4136551533697918,0.42611463453477605,0.020461605546825527,0.019936582281048505,0.02578398461343117,0.01799472379204479,-0.005322379066605643,0.0019418584890037137,0.6,100,0.06017192825675011,xgbranker_20231103
2023-11-24,0.054197419741974194,0.7645396884926848,0.6967795284045399,0.6082249479690026,0.03268512755518851,0.0268039824589068,0.01986336120199641,0.012176915328266655,0.012821766353192099,0.014627067130640143,0.8,100,0.06737172603607178,xgbranker_20231103
2023-12-01,0.052637263726372625,0.575223513812446,0.563513027935121,0.5459143368578504,0.022118827074029516,0.026866979654330214,0.008950118569708568,0.004891706828740171,0.013168708504320947,0.021975272825590045,1.0,100,0.05781407281756401,xgbranker_20231201
2023-12-08,0.0276027602760276,0.6718448028635455,0.6340044573035674,0.6319340183811698,0.04530152991688565,0.0312922185499572,0.0328387591004769,0.0320875277026838,0.012462770816408751,-0.0007953091527265962,0.8,100,0.0695190578699112,xgbranker_20231201
2023-12-15,0.13394539453945392,0.48190618409800473,0.44169134294505685,0.5104204249792541,0.02365671070370507,0.009827094571455917,0.005509927943162869,0.005938621381216573,0.018146782760542202,0.003888473190239344,0.6,100,0.06477431207895279,xgbranker_20231201
2023-12-22,-0.011317131713171317,0.761101546884984,0.6181796766215125,0.6161424511444913,0.03280390192981317,0.009201969347231631,0.022644806617460256,0.010020387021490851,0.01015909531235291,-0.0008184176742592197,1.0,100,0.05542171746492386,xgbranker_20231201
2023-12-29,0.2694269426942694,0.5419381558834884,0.5660192790868342,0.571974864947736,-0.006581810277280602,-0.0015170572350000522,-0.04685875342152284,-0.041107075958988215,0.04027694314424224,0.039590018723988166,0.4,100,0.047808460891246796,xgbranker_20231201
2024-01-05,-0.06729072907290728,0.6772252351180074,0.5108318117830765,0.5477751771160186,0.027880889361564475,0.005239889983681793,0.015594848999650976,0.004090305047811025,0.012286040361913499,0.0011495849358707684,0.8,100,0.06042959913611412,xgbranker_20240105
2024-01-12,-0.015997599759975997,0.5479216106116819,0.5980873094930041,0.5112359874377024,-0.007002682284589658,-0.005188038949477008,-0.006197150337961601,-0.007775860447619258,-0.0008055319466280571,0.0025878214981422502,0.4,100,0.05854075402021408,xgbranker_20240105
2024-01-19,-0.12046804680468046,0.21923049485812543,0.301381586265006,0.3815582065872496,-0.008842626414734132,0.0011784854642100523,-0.0025676540423904257,0.009292787008513284,-0.006274972372343706,-0.008114301544303232,0.2,100,0.06354448199272156,xgbranker_20240105
2024-01-26,-0.05414941494149414,0.41595788688317437,0.3835289110465077,0.43416845915107005,-0.016249752548355,-0.011713087606402887,0.014953017719172198,0.006166417025421518,-0.0312027702675272,-0.017879504631824403,0.4,100,0.06835173815488815,xgbranker_20240105
2024-02-02,0.06313831383138313,0.6123049585913383,0.6244870154353062,0.6184055385741906,-0.011210814398517212,0.002362249148321899,-0.01192418985002502,-0.0038356809270304855,0.000713375451507809,0.006197930075352385,0.6,100,0.06033218652009964,xgbranker_20240202
2024-02-09,-0.0837203720372037,0.5033598502137454,0.4075098035852725,0.5012664751585161,0.006279075667955695,-0.018702514196413896,0.0031789740996661445,0.0035435497905247507,0.003100101568289551,-0.022246063986938645,0.6,100,0.0814550369977951,xgbranker_20240202
2024-02-16,-0.11842784278427841,0.555623669342096,0.5351569578997523,0.5242912630606815,-0.010870430117773935,-0.0024398053979645036,0.02676727325765323,0.016120962946531654,-0.03763770337542716,-0.01856076834449616,0.4,100,0.07295472919940948,xgbranker_20240202
2024-02-23,-0.05226522652265226,0.4467456393789159,0.42163362796825316,0.42502007805428715,-0.003804273990378177,-0.004993993195878793,-0.01415151122186033,-0.015042282863998502,0.010347237231482153,0.010048289668119709,0.4,100,0.07112757116556168,xgbranker_20240202
2024-03-01,0.13996999699969997,0.5781948605194959,0.5166627796689491,0.5568642934061299,0.010954559990889545,-0.006070173207957315,-0.03395512287745967,-0.02403587171994528,0.04490968286834922,0.017965698511987965,0.6,100,0.06316038966178894,xgbranker_20240301
2024-03-08,-0.10237023702370235,0.37847571568813315,0.4007871559595714,0.466905054018773,-0.005273881598558336,-0.0037702420892943333,0.015896090639941834,0.013218490034185088,-0.02116997223850017,-0.01698873212347942,0.4,100,0.05748564749956131,xgbranker_20240301
2024-03-15,0.04487248724872486,0.447300954165371,0.43422161857092934,0.4480967851431295,0.016438602947545115,0.0075019376197241455,0.017694145211215304,-0.0012473189387657358,-0.0012555422636701882,0.008749256558489881,0.8,100,0.062440674751996994,xgbranker_20240301
2024-03-22,0.07650765076507651,0.7053120761930392,0.644371299126317,0.6390386110056439,0.01936770528165689,0.024521670968478213,0.00616077971123021,0.004813564819039132,0.013206925570426681,0.019708106149439082,1.0,100,0.06078812852501869,xgbranker_20240301
2024-03-28,-0.014533453345334532,0.6862461304799697,0.5799916855733956,0.5655009947943648,0.01574861770860348,-0.017681137320960643,-0.030836849332661453,-0.027979288549191593,0.046585467041264934,0.01029815122823095,0.4,100,0.05329094082117081,xgbranker_20240301
2024-04-05,-0.1901110111011101,0.4033889394407493,0.47323375302539644,0.47095460005668294,-0.043088641020543154,-0.032184042949048905,-0.030292517459374342,-0.030341328251079363,-0.012796123561168812,-0.001842714697969542,0.2,100,0.06505733728408813,xgbranker_20240405
2024-04-12,-0.23199519951995196,0.39073346653012436,0.3985951084833264,0.39520710289980976,-0.010222348842549028,-0.003471056390957885,0.015802331685910758,0.02402105464671897,-0.026024680528459784,-0.027492111037676854,0.4,100,0.06462208926677704,xgbranker_20240405
2024-04-19,-0.09348934893489348,0.4625086356852376,0.4980065217991752,0.5074727371958258,0.02646458589420836,0.018927476246747312,0.03255756525366764,0.015159299594359276,-0.00609297935945928,0.0037681766523880358,0.4,100,0.05951793119311333,xgbranker_20240405
2024-04-26,0.06345034503450345,0.49498766515296994,0.4496555171332932,0.5068951812528993,-0.011904768782011087,-0.009568413685894183,-0.002022037675852323,-0.003029947953852391,-0.009882731106158765,-0.006538465732041792,0.6,100,0.06088253855705261,xgbranker_20240405
2024-05-03,0.024434443444344433,0.3950177643098844,0.4166846941742719,0.43461825401666715,0.01993816578855341,0.018362555714432693,0.02242764438466257,0.017924936342063512,-0.0024894785961091584,0.00043761937236918083,0.8,100,0.06591510772705078,xgbranker_20240503
2024-05-10,0.0354995499549955,0.6148979793991075,0.6080780446169707,0.5316573483222058,0.03323734698497881,0.02641157648184377,0.004489765730839092,-0.003228264730891936,0.028747581254139717,0.029639841212735704,0.6,100,0.06735124439001083,xgbranker_20240503
2024-05-17,-0.08694869486948695,0.30844051567998104,0.31579182123011457,0.38284892130611164,-0.0346585788125681,-0.036620361591377285,-0.024296257087502354,-0.021440977311447732,-0.010362321725065744,-0.015179384279929552,0.0,100,0.0675705075263977,xgbranker_20240503
2024-05-24,0.12244824482448242,0.5845770218040168,0.5513074216549357,0.5824803480672744,0.0375216175364684,0.01742943274045208,-0.005170056758006076,-0.014445518416810521,0.04269167429447447,0.031874951157262604,0.8,100,0.06658602505922318,xgbranker_20240503
2024-05-31,-0.0636183618361836,0.49706615793059467,0.5175143583986873,0.44677957911764904,-0.009033968538333204,-0.012085229615208502,-0.019772618335855578,-0.009007736852447299,0.010738649797522374,-0.0030774927627612025,0.6,100,0.06114577129483223,xgbranker_20240503
2024-06-07,-0.023486348634863482,0.5779030600884151,0.48449958326884984,0.5037193678677588,0.0022675667689297852,-0.028086220330653326,-0.01674114005064127,-0.015963685349791194,0.019008706819571057,-0.012122534980862132,0.4,100,0.07583428174257278,xgbranker_20240607
2024-06-14,0.07621962196219621,0.6891707539874368,0.5511442952449255,0.5837272179606521,0.032412309222960546,0.016744339398287865,0.0059425108488429775,0.011393171385250641,0.02646979837411757,0.005351168013037224,0.8,100,0.07075197249650955,xgbranker_20240607
2024-06-21,0.12918091809180918,0.6849943722628341,0.5238570296325878,0.5219622601574372,0.007627087297489334,-0.013409988773080528,-0.041230752291126375,-0.032348660257942474,0.04885783958861571,0.018938671484861946,0.8,100,0.06322018802165985,xgbranker_20240607
2024-06-28,-0.11279927992799278,0.46098545769406796,0.42391350868327415,0.47939910570825917,-0.0013589651958207335,-0.015497298998127176,-0.011759779418579464,0.0017289019879866672,0.010400814222758731,-0.017226200986113844,0.6,100,0.05773468315601349,xgbranker_20240607
2024-07-05,-0.08118811881188119,0.33723829528390203,0.3694101683466239,0.426779467828797,-0.05585081201770821,-0.023337320281898978,0.004178840555983302,0.012387475352709546,-0.060029652573691514,-0.03572479563460852,0.6,100,0.0635489672422409,xgbranker_20240705
2024-07-12,-0.04955295529552955,0.5915000536612184,0.5749022138211701,0.5536926525764458,-0.014539870176130213,0.015843774897320813,-0.004533391169114496,0.011021137676644598,-0.010006479007015717,0.0048226372206762146,0.6,100,0.050265174359083176,xgbranker_20240705
2024-07-19,0.08544854485448544,0.46790947403896316,0.4282607453875931,0.4899434704161519,0.002493607029277524,0.006489168799443723,-0.006084962416967527,-0.0047521575776047174,0.00857856944624505,0.01124132637704844,0.8,100,0.06130463257431984,xgbranker_20240705
2024-07-26,0.04546054605460545,0.3428901473123978,0.4109285847424323,0.4571260195033759,-0.025962397171944845,-0.011772992927687256,-0.05793245178583709,-0.04549455886353663,0.03197005461389225,0.03372156593584937,0.4,100,0.07292919605970383,xgbranker_20240705
2024-08-02,0.059249924992499245,0.5790205851500743,0.5166392465787811,0.611378589160263,0.05915371195902534,0.019377503805303585,0.02055638587123738,0.026271991798995052,0.03859732608778796,-0.006894487993691467,0.6,100,0.0727941244840622,xgbranker_20240802
2024-08-09,0.06069006900690068,0.6221059161986409,0.6242519814882114,0.6050116727928168,0.012212162439024652,0.0661855402863808,0.008113217805790019,0.01933503834079265,0.004098944633234633,0.046850501945588145,0.8,100,0.08122177422046661,xgbranker_20240802
2024-08-16,0.019009900990099006,0.41863841764683724,0.47016589455885566,0.5291041733656565,0.014038268468072736,0.014455559651713194,0.01716881963733146,0.01704841382783883,-0.003130551169258724,-0.002592854176125637,0.4,100,0.06515771150588989,xgbranker_20240802
2024-08-23,-0.030831083108310828,0.5204153914935135,0.5149135335119828,0.5580000777754186,0.0004940693267512439,-0.033084745184911904,-0.004865090748248693,-0.003939590145677148,0.005359160074999937,-0.029145155039234757,0.6,100,0.06209074705839157,xgbranker_20240802
2024-08-30,-0.10340234023402338,0.41176208354700156,0.3661630494811458,0.4100606311584581,-0.04703939774836761,-0.03882390179800203,-0.008737489632162847,0.0032892116882322483,-0.038301908116204764,-0.04211311348623428,0.6,100,0.06688715517520905,xgbranker_20240802
2024-09-06,0.05020102010201019,0.8770785622204125,0.7879247918539847,0.6710714950865934,0.038140481943383146,0.024750619734798425,0.008577403362279658,0.00797733923994311,0.029563078581103488,0.016773280494855314,1.0,100,0.07587003707885742,xgbranker_20240906
2024-09-13,-0.25396939693969395,0.4145097181672941,0.3768594887808904,0.4024743811465014,-0.016716006952170185,-0.017735229644467478,-0.014689259611948686,0.007008620262593921,-0.002026747340221499,-0.024743849907061397,0.2,100,0.06093418225646019,xgbranker_20240906
2024-09-20,-0.25004500450045003,0.26693859643268186,0.34187371067854627,0.4014540169809814,-0.0052561316014871065,0.0028992985603350343,0.07589504727908863,0.05977635698900573,-0.08115117888057574,-0.05687705842867069,0.6,100,0.07103053480386734,xgbranker_20240906
2024-09-27,-0.04112811281128112,0.3722899394601398,0.38194162647969776,0.4712821455844831,-0.022352285039678017,-0.016107370851719535,-0.026177471646253336,-0.024119247264290412,0.003825186606575319,0.008011876412570878,0.4,100,0.05851312354207039,xgbranker_20240906
2024-10-04,-0.028886888688868885,0.7655881407223271,0.6365477787802475,0.6138360731560786,0.022681327671349054,0.013773331891205779,0.03360654404504628,0.01856366026893439,-0.010925216373697227,-0.004790328377728612,0.8,100,0.07182074338197708,xgbranker_20241004
2024-10-11,0.011977197719771975,0.6892378578440664,0.6499164579712247,0.5879955431411864,0.02083381561740893,0.022172879344525154,0.04843149670036358,0.018221848233252836,-0.027597681082954646,0.003951031111272318,0.8,100,0.06346961110830307,xgbranker_20241004
2024-10-18,-0.0539093909390939,0.5745533874820845,0.5079383493929928,0.48072495828118866,-0.012481295312352187,-0.018909017981591954,-0.04016295203987357,0.010082837209158419,0.027681656727521382,-0.02899185519075037,0.2,100,0.06216396763920784,xgbranker_20241004
2024-10-25,0.06858685868586857,0.46281985772788853,0.5174618258834888,0.485761764991656,-0.012787370305679172,-0.0033307483136578364,-0.06459690591597818,-0.040989889570642944,0.05180953561029901,0.03765914125698511,0.2,100,0.06658799201250076,xgbranker_20241004
2024-11-01,0.10165016501650163,0.7340427519403304,0.6610270923853583,0.6327317249355117,0.04572023315317004,0.03164424040715931,-0.0014543387887448688,0.0054003755472593895,0.047174571941914906,0.02624386485989992,0.8,100,0.05474982410669327,xgbranker_20241101
2024-11-08,-0.046732673267326726,0.35181663722971773,0.39902878201528763,0.44250108559855145,-0.05017931475385423,-0.03368620563342514,-0.024133342368603396,-0.020690523818245172,-0.026045972385250835,-0.01299568181517997,0.6,100,0.055490605533123016,xgbranker_20241101
2024-11-15,0.001704170417041704,0.3795455839469498,0.4212928569102029,0.4326655420804628,0.009827100354300549,0.022544945770065467,0.017920767238744546,0.02121126049025223,-0.008093666884443997,0.0013336852798132362,0.8,100,0.05775407701730728,xgbranker_20241101
2024-11-22,-0.057293729372937294,0.43131427121450894,0.47035705647920284,0.49975703924354714,-0.039457758197598926,-0.004725340745805248,-0.019570831653486366,-0.004258012602714519,-0.01988692654411256,-0.00046732814309072886,0.4,100,0.05815538391470909,xgbranker_20241101
2024-11-29,-0.040732073207320724,0.6553027796840112,0.6073252139189013,0.5766229227453552,0.010192639696919642,0.010676225203006073,0.003163973357032779,0.0025985097851718266,0.007028666339886863,0.008077715417834246,0.4,100,0.06281036138534546,xgbranker_20241101
2024-12-06,0.07138313831383136,0.6137541372371292,0.6607723155496075,0.6271176337140619,0.018971091395007505,0.0296251423832825,-0.0075828856143921085,-0.007989663976277026,0.026553977009399612,0.03761480635955952,0.4,100,0.07276149094104767,xgbranker_20241206
2024-12-13,-0.0895169516951695,0.26872528877922586,0.36366587563371894,0.45770319773656787,-0.08656066775788666,-0.06311302180579323,-0.053821338298887175,-0.04224793902717809,-0.03273932945899949,-0.020865082778615138,0.0,100,0.07087397575378418,xgbranker_20241206
2024-12-20,-0.07673567356735674,0.49277499010430265,0.5214905713450869,0.5166908470089029,-0.004549499681411462,0.002370313511484386,0.016413620769763854,0.007851541355005268,-0.020963120451175314,-0.0054812278435208825,0.4,100,0.05152600631117821,xgbranker_20241206
2024-12-27,0.12404440444044404,0.6975633451474763,0.662444657310807,0.676462303626208,0.024558326293263145,0.013324024544850228,-0.006091417756468142,-0.0010074632745384286,0.030649744049731288,0.014331487819388656,0.6,100,0.05646819248795509,xgbranker_20241206
2025-01-03,0.1579237923792379,0.3492042202525954,0.4424373474874636,0.5284613275070036,-0.05207706801110873,-0.04016194204341901,-0.061097073102129903,-0.05387745698813416,0.009020005091021174,0.013715514944715151,0.2,100,0.059473056346178055,xgbranker_20250103
2025-01-10,-0.06337833783378337,0.6232905705591468,0.5503145707962195,0.4964641289081391,0.025466676930665677,0.016935870554627103,0.037088704816859365,0.050850479707767696,-0.011622027886193688,-0.033914609153140596,0.8,100,0.05702858045697212,xgbranker_20250103
2025-01-17,0.27300330033003295,0.7817508535148868,0.7705625428659858,0.7104559649877186,0.045099786852877605,0.033895754223791597,0.0006252270177558311,-0.009168854410768614,0.044474559835121774,0.043064608634560214,0.8,100,0.06268760561943054,xgbranker_20250103
2025-01-24,0.059669966996699665,0.3469303269061367,0.4422545334057716,0.44908207832366503,-0.016939527481598226,-0.0029154430118282825,-0.0639613593929261,-0.025634126828234516,0.047021831911327874,0.022718683816406234,0.4,100,0.05896425247192383,xgbranker_20250103
2025-01-31,-0.0694029402940294,0.19833115904114615,0.4100925320276229,0.4458292177709241,-0.1277920343625547,-0.043421048310475746,-0.0016372053100830494,8.76797521092293e-06,-0.12615482905247166,-0.04342981628568667,0.2,100,0.07602161169052124,xgbranker_20250103
2025-02-07,-0.05689768976897689,0.643472046916271,0.6491446321205293,0.5225746936429241,0.02633497300142999,0.022688186712659618,0.07793029364776305,0.03165539306408096,-0.05159532064633306,-0.008967206351421342,0.8,100,0.09068392962217331,xgbranker_20250207
2025-02-14,-0.3383738373837384,0.4576154298729075,0.5320037084665088,0.5093233600232848,0.006372010247163831,0.050113597913164554,0.028560690612106587,0.04476117832151891,-0.022188680364942755,0.005352419591645646,0.6,100,0.09958766400814056,xgbranker_20250207
2025-02-21,-0.016369636963696366,0.3041766494417018,0.3848637382102525,0.4341383663689011,-0.009476474216467863,-0.012599982046694649,0.012129379287229946,-0.0023289669185945594,-0.021605853503697807,-0.01027101512810009,0.2,100,0.0942348837852478,xgbranker_20250207
2025-02-28,-0.23794779477947792,0.36005360464732317,0.410925965318434,0.40264258807722664,0.034989421868557434,0.016021407115684033,0.010820379840600636,0.032146005634685074,0.0241690420279568,-0.01612459851900104,0.6,100,0.09507939219474792,xgbranker_20250207
2025-03-07,-0.1585238523852385,0.6627617047160979,0.5940603179106744,0.556971144624959,-0.02076230387729583,-0.03044036149130742,-0.03210653398081817,-0.018079380244281393,0.01134423010352234,-0.012360981247026028,0.4,100,0.06676524132490158,xgbranker_20250307
2025-03-14,0.046240624062406234,0.4143267928368473,0.4223607027238605,0.47179476914773766,-0.002470772522883735,0.008681672721355328,-0.008872880330700817,-0.009803299345544554,0.006402107807817082,0.018484972066899884,0.4,100,0.07517163455486298,xgbranker_20250307
2025-03-21,-0.09215721572157214,0.6140916509378822,0.4624411109040715,0.4994495082542598,0.02524307661887132,0.009072007213096119,0.013616729069695471,0.014156246361454508,0.011626347549175848,-0.005084239148358389,0.8,100,0.06127098575234413,xgbranker_20250307
2025-03-28,-0.09459345934593458,0.298951815487457,0.36452609429550864,0.43996537556453796,-0.052339903494746265,-0.03716178074470307,-0.028141137483980765,-0.024834316230776865,-0.0241987660107655,-0.012327464513926203,0.0,100,0.06401190161705017,xgbranker_20250307
2025-04-04,0.012085208520852084,0.636907970231214,0.5241539045997925,0.5048814314751259,0.023857455532196654,0.017396148355391723,0.04241970384510559,0.03549732315480867,-0.01856224831290894,-0.018101174799416947,0.8,100,0.04448719695210457,xgbranker_20250404
2025-04-11,-0.10039003900390038,0.13120507751234178,0.2831927900108414,0.3922542821854913,-0.013290194001226507,-0.010339881771729887,0.003178664337366356,0.006302004906980713,-0.01646885833859286,-0.0166418866787106,0.2,100,0.06074764207005501,xgbranker_20250404
2025-04-17,0.14685868586858686,0.70711914919663,0.6294059095419158,0.6155044752884029,0.03541855631578118,0.008306026225660502,0.040994428179790196,0.02213787930709887,-0.005575871864009013,-0.013831853081438368,0.8,100,0.052190206944942474,xgbranker_20250404
2025-04-25,0.009972997299729973,0.301184896635388,0.4682710139854748,0.47022108799281725,-0.002316958165363513,0.012770541750145211,-0.014471449471451759,-0.014106522709287389,0.012154491306088245,0.026877064459432602,0.4,100,0.06901135295629501,xgbranker_20250404
2025-05-02,0.024038403840384037,0.34766755709312785,0.4489302534692982,0.4828292034244203,-0.018246829431825682,-0.006664717219084846,-0.06557024786868715,-0.03313634841746064,0.04732341843686147,0.02647163119837579,0.4,100,0.07533538341522217,xgbranker_20250502
2025-05-09,-0.0072967296729672965,0.37930247569083936,0.45850686637073007,0.46137441781266064,-0.0525170891885184,-0.014673160292348827,0.01882875023413027,0.008603873206751569,-0.07134583942264866,-0.023277033499100395,0.4,100,0.07233144342899323,xgbranker_20250502
2025-05-16,0.10436243624362436,0.5987089749484455,0.6503695743380038,0.6220536629003285,-0.012046762491370381,-0.0025594898372391954,-0.030672170232047165,-0.018449947412480867,0.018625407740676784,0.01589045757524167,0.4,100,0.06837572157382965,xgbranker_20250502
2025-05-23,-0.01837383738373837,0.46920201901240954,0.49944212453648595,0.5077778608445355,0.055554729753470075,0.051640672075684034,0.0037744426732623697,0.0013648949017961236,0.0517802870802077,0.05027577717388791,0.8,100,0.06791083514690399,xgbranker_20250502
2025-05-30,0.009588958895889586,0.2526510449880362,0.4116756207306027,0.5163772813894384,-0.018706303493636868,-0.002861220813497482,0.02458783927365573,0.012296315824098372,-0.0432941427672926,-0.015157536637595854,0.2,100,0.05393034592270851,xgbranker_20250502
2025-06-06,-0.030999099909990994,0.5531668506651904,0.517205270623573,0.520336959640764,-0.002938025282813824,-0.01394922648306805,-0.0046560539170482865,-0.012827461425934644,0.0017180286342344626,-0.001121765057133406,0.4,100,0.06458768248558044,xgbranker_20250606
2025-06-13,-0.06091809180918091,0.6081772944839228,0.5992081934188387,0.5848604754966867,-0.006002925083992596,-0.0028224992561002383,0.013143314988934085,-0.003638050173474508,-0.01914624007292668,0.0008155509173742698,0.4,100,0.0617121197283268,xgbranker_20250606
2025-06-20,0.002736273627362736,0.4091496920120961,0.4304539775847349,0.4830632588112151,0.01445284984122081,0.005811626427956946,0.011410306215939027,0.003922026897920328,0.003042543625281783,0.0018895995300366184,0.4,100,0.053107187151908875,xgbranker_20250606
2025-06-27,-0.029750975097509746,0.7989416124378249,0.6428890079372204,0.5528146375696203,0.06199081220055345,0.04682581728684451,0.03720564679238289,0.04808925495982469,0.024785165408170558,-0.0012634376729801777,1.0,100,0.05884794145822525,xgbranker_20250606
2025-07-03,-0.056081608160816074,0.7733378816978005,0.6592050062447259,0.593009537676159,0.033329749887800894,-0.02014474764155127,-0.0037923341069771577,-0.003467782966655286,0.03712208399477805,-0.016676964674895985,0.8,100,0.06958369165658951,xgbranker_20250703
2025-07-11,0.17485748574857482,0.45359464644852177,0.5288163586676661,0.5605230004029619,-0.010105738496267055,0.006572751603422508,0.005622092084526903,-0.003899193470799095,-0.01572783058079396,0.010471945074221603,0.4,100,0.06513792276382446,xgbranker_20250703
2025-07-18,-0.169012901290129,0.5165785433294852,0.430931783528551,0.467182950663009,0.009241712719050244,-0.003152433003743638,0.021540960206556554,0.03043699496119428,-0.01229924748750631,-0.03358942796493792,0.8,100,0.06873885542154312,xgbranker_20250703
2025-07-25,0.13393339333933393,0.21228708234387705,0.3017457139459813,0.43140114811308233,-0.09298340331928005,-0.06642086938563219,-0.05270007131195499,-0.03416876156050151,-0.04028333200732506,-0.032252107825130674,0.0,100,0.06901770085096359,xgbranker_20250703
2025-08-01,-0.10267026702670266,0.23367361916077106,0.35879499169636314,0.37665428270231466,-0.039360114645459486,-0.006419333752555991,0.011964100465441834,0.009865074265315459,-0.05132421511090132,-0.016284408017871448,0.6,100,0.08516605198383331,xgbranker_20250801
2025-08-08,-0.03871587158715871,0.7617920793146092,0.6182040518148868,0.6066342709800848,0.040758650616692274,0.012550936319601354,-0.0010739440017211322,-0.001076030116706759,0.041832594618413405,0.013626966436308114,0.6,100,0.08348789811134338,xgbranker_20250801
2025-08-15,-0.05819381938193819,0.43515905023941387,0.4041406991314052,0.476516221909912,-0.006645797288140784,0.00046519365313544593,0.025882091684353077,0.02023364936290723,-0.03252788897249386,-0.019768455709771787,0.6,100,0.09053687751293182,xgbranker_20250801
2025-08-22,0.17868586858685867,0.8623242158751158,0.6920013288078214,0.623991605718433,0.02777525962301224,0.002113660398320915,-0.01567811559090509,-0.019530083255855903,0.04345337521391733,0.021643743654176817,0.6,100,0.088875912129879,xgbranker_20250801
2025-08-29,0.018733873387338732,0.2711149781572846,0.35553811582690825,0.4008468925866779,-0.012764562138392688,0.0009821991125159094,0.0023694989736292235,0.0011638907996803741,-0.015134061112021912,-0.00018169168716446475,0.4,100,0.07452481985092163,xgbranker_20250801
2025-09-05,0.19980798079807977,0.5754472513414203,0.5563570675626133,0.6281641455440041,-0.019615721856850555,-0.015146556586703792,-0.02396661108898328,-0.01482592150570416,0.004350889232132726,-0.000320635080999632,0.2,100,0.07214036583900452,xgbranker_20250905
2025-09-12,-0.05664583452121061,0.3416180084382153,0.42444541594935953,0.4743873857068863,-0.07699512776588152,-0.05756394574280851,-0.020924614090765292,-0.018718265046130656,-0.05607051367511623,-0.03884568069667785,0.2,100,0.0739104151725769,xgbranker_20250905
2025-09-19,-0.03599159915991599,0.45183525568999056,0.44024965491464885,0.5088477417800317,-0.011160198986997027,-0.03189087675518226,-0.0014435007753370351,-0.013530184527082493,-0.009716698211659993,-0.01836069222809977,0.4,100,0.07201775908470154,xgbranker_20250905
2025-09-26,0.013357335733573356,0.45880005879119645,0.42317549803419624,0.4795517727503374,0.02919020055450241,0.011464173975073471,-0.0008163863855312854,-0.0017483961825990094,0.030006586940033695,0.01321257015767248,0.6,100,0.07561071962118149,xgbranker_20250905
2025-10-03,-0.001956195619561956,0.5260672435220093,0.4906017751857967,0.5119915221309885,-0.020739335053999466,-0.030157289718578995,-0.025647167040144213,-0.011617829071051963,0.004907831986144747,-0.018539460647527033,0.4,100,0.07320388406515121,xgbranker_20251003
2025-10-10,-0.17084908490849085,0.41048896018512526,0.3711986153549422,0.4186800895931526,0.009214884769322479,0.00833573330411905,0.03814746589443223,0.03083821786355644,-0.028932581125109748,-0.02250248455943739,0.6,100,0.08600303530693054,xgbranker_20251003
2025-10-17,-0.020018001800180017,0.7346924721714281,0.5741987081359845,0.5336155076716408,0.023713891584304404,-0.0036675848893657826,-0.02484499556048918,-0.019471210318377837,0.04855888714479359,0.015803625429012053,0.6,100,0.07657544314861298,xgbranker_20251003
2025-10-24,-0.20039603960396035,0.6060783956070341,0.5488222406597898,0.5324966805042052,-0.03246788418981504,0.013826129116220692,-0.00963276049058058,-0.008815523204071687,-0.02283512369923446,0.02264165232029238,0.2,100,0.08201572299003601,xgbranker_20251003
2025-10-31,-0.01966996699669967,0.4689987384671329,0.4891282324216069,0.5227560346424733,-0.04378592731600439,-0.014131918017163101,0.024420827299187358,0.011665861345326833,-0.06820675461519175,-0.025797779362489934,0.4,100,0.06969247758388519,xgbranker_20251003
2025-11-07,0.017185718571857182,0.6407244122959785,0.7011857112731071,0.6137352598545422,0.01214541938459469,0.03205827992288304,0.001956409646223317,-0.005137714921033163,0.010189009738371373,0.037195994843916204,0.6,100,0.12028450518846512,xgbranker_20251107
2025-11-14,-0.07565556555655566,0.8077806178414684,0.6557739637545139,0.5663988200352468,0.0181926675879679,-0.025737448260891728,0.0025946548107438723,-0.0018025862427516336,0.015598012777224026,-0.023934862018140095,0.8,100,0.1208975613117218,xgbranker_20251107
2025-11-21,0.3604200420042004,0.9033116325344878,0.8318105864269159,0.7781118309437709,0.07171279805520045,0.060984769484821996,0.009244301599669064,0.012476626431804924,0.06246849645553139,0.04850814305301707,1.0,100,0.13161000609397888,xgbranker_20251107
2025-11-28,-0.09372937293729372,0.5695104689283756,0.5520290969767893,0.5281552807974375,0.004908412185201824,-0.0033446667517353507,0.01237712790907949,-0.0027247009204540533,-0.007468715723877666,-0.0006199658312812974,0.6,100,0.1176317036151886,xgbranker_20251107
2025-12-05,-0.005172517251725172,0.632798666921024,0.6596740509246132,0.654252270228917,0.11361963032625019,0.07696915353813152,0.02399628794527366,0.0234310628280696,0.08962334238097654,0.05353809071006192,0.8,100,0.07076146453619003,xgbranker_20251205
2025-12-12,-0.09435343534353435,0.6543895450975394,0.6702235494868292,0.5562235099693948,-0.006121488617765926,0.018264762475786858,-0.005374538209122074,-0.005976308401830393,-0.000746950408643852,0.024241070877617253,0.6,100,0.06472090631723404,xgbranker_20251205
2025-12-19,-0.08967296729672967,0.5268656920067919,0.5295174005213414,0.5097560230097617,0.00435757262488888,0.017131234095715847,0.009755878332187893,0.0037257942801112998,-0.005398305707299013,0.013405439815604547,0.4,100,0.07070346921682358,xgbranker_20251205
2025-12-26,-0.01812181218121812,0.381576343595081,0.41510861619885314,0.48250127125356074,-0.05423468753041684,-0.03778940874794466,-0.005088839477692239,-0.0046021662872303155,-0.0491458480527246,-0.03318724246071435,0.4,100,0.07068205624818802,xgbranker_20251205
2026-01-02,0.08748874887488749,0.6104988955176581,0.6664041472190452,0.6121780623502949,0.06503233337120379,0.05927662680883385,0.03959988465872895,0.00610590239790873,0.02543244871247484,0.05317072441092512,1.0,100,0.06494146585464478,xgbranker_20260102
2026-01-09,0.023678367836783676,0.42843833988201213,0.5677364796497711,0.5406773092719283,0.02421849169673095,0.03950538920451117,0.048722818636089106,0.04596424629675795,-0.024504326939358157,-0.006458857092246785,0.8,100,0.07061608135700226,xgbranker_20260102
2026-01-16,0.10610261026102609,0.4608094787368041,0.4817718249803246,0.5823846974782384,0.0031031697663874407,0.008198040974842846,0.02230655097960567,0.020893480248215485,-0.019203381213218226,-0.01269543927337264,0.4,100,0.06387939304113388,xgbranker_20260102
2026-01-23,-0.09833783378337832,0.44779510153846874,0.4815809935408984,0.5086660970734038,0.005323037448564556,0.007407231213183649,-0.00279344752000535,0.0060766901503745575,0.008116484968569907,0.0013305410628090915,0.4,100,0.06372254341840744,xgbranker_20260102
2026-01-30,0.06377437743774376,0.7012718965993003,0.6153041101342627,0.6033441490205865,0.06291836447323282,0.054606062411687105,0.04424459576174969,0.04229869222175826,0.01867376871148313,0.012307370189928842,1.0,100,0.06306775659322739,xgbranker_20260102
2026-02-06,0.08385238523852384,0.36907550993919636,0.3593783228692304,0.4971433245421086,0.007778487121428088,0.0017685656139032504,0.015407813812891108,-0.00747966179946081,-0.00762932669146302,0.009248227413364061,0.8,100,0.07179386913776398,xgbranker_20260206
2026-02-13,0.06732673267326732,0.5459997260641848,0.6246451688096928,0.6235835005463064,0.011244404568779983,0.03644061181776331,-0.0034409311025252465,-0.002900794353046321,0.01468533567130523,0.03934140617080963,0.6,100,0.06469658017158508,xgbranker_20260206
2026-02-20,0.14415841584158415,0.6865583370103144,0.586986487901645,0.6004187509039203,0.038165131750452067,0.01795470062551055,0.005948518153393141,-0.00823095262088731,0.03221661359705893,0.02618565324639786,0.8,100,0.06611349433660507,xgbranker_20260206
2026-02-27,-0.21868586858685862,0.5044763907877109,0.3874430933845024,0.4328145811223831,-0.06877424937335283,-0.09284665944310896,-0.04079287334037875,-0.014343439238944317,-0.027981376032974077,-0.07850322020416464,0.2,100,0.06880062818527222,xgbranker_20260206
2026-03-06,0.22075007500750074,0.5450173932034786,0.5648098863827942,0.5982459888070213,-0.009377311194606174,-0.0030036643515501775,-0.04974325341927717,-0.038306823221475876,0.04036594222467099,0.0353031588699257,0.4,100,0.1562659740447998,xgbranker_20260306
2026-03-13,-0.11047104710471047,0.42687437513453186,0.5364067766324955,0.5352812195892347,-0.08075148226114184,-0.0266396955664688,-0.021838284301629117,-0.027703517886238538,-0.05891319795951273,0.0010638223197697375,0.0,100,0.1553996354341507,xgbranker_20260306
2026-03-20,0.1426222622262226,0.24740583037674457,0.403365734730338,0.47037714807305264,-0.04572533210541705,-0.009520508402822255,0.007516570876128436,-0.014922092231174364,-0.053241902981545484,0.005401583828352109,0.4,100,0.137278750538826,xgbranker_20260306
2026-03-27,-0.020942094209420937,0.46761868353779307,0.5478274355532372,0.5528629714849101,-0.030109016540188476,-0.0017306068552862507,0.0206804939300675,0.007237542815636619,-0.050789510470255976,-0.00896814967092287,0.4,100,0.14349010586738586,xgbranker_20260306
2026-04-02,-0.075007500750075,0.6184907348193316,0.505882699453123,0.48811011288577105,0.03434960749295248,0.01595411728343237,0.024854042621424023,0.014029435878760871,0.009495564871528459,0.0019246814046715004,0.6,100,0.08323114365339279,xgbranker_20260402
2026-04-10,-0.20675667566756675,0.6125763783653722,0.5073273581926125,0.49633209595788025,0.011487188102435056,0.0022368955957802693,0.07084231302772608,0.049288151816705573,-0.05935512492529102,-0.047051256220925305,0.8,100,0.0898546576499939,xgbranker_20260402
2026-04-17,0.1368496849684968,0.5061492815202593,0.5638269828505218,0.600259863518481,-0.014449450160691445,-0.0005560007569726785,-0.00982969874721076,-0.013482260057080675,-0.0046197514134806855,0.012926259300107996,0.6,100,0.08693951368331909,xgbranker_20260402
2026-04-24,0.011353135313531352,0.2290985054376239,0.3835448887012823,0.4459671612153619,-0.06490686970356171,-0.022765075282413193,-0.017632645680428154,-0.016021614576491237,-0.04727422402313356,-0.006743460705921956,0.2,100,0.08188159763813019,xgbranker_20260402
2026-05-01,-0.15677167716771673,0.23104082152660183,0.29112874502532315,0.4106060325861545,-0.07473016960935767,-0.058612099647192474,0.039278798895927176,0.013476866836755174,-0.11400896850528486,-0.07208896648394765,0.2,100,0.08338163793087006,xgbranker_20260501
2026-05-08,0.08858085808580857,0.5303038336144927,0.5384548438550418,0.582018694001666,-0.014237934373405422,-0.021026040956131274,-0.03601611459359098,-0.032934478072871566,0.021778180220185555,0.011908437116740292,0.2,100,0.08248385787010193,xgbranker_20260501
2026-05-15,-0.304026402640264,0.3171239227834075,0.32018048184732517,0.36473124965831044,-0.005170851470359933,-0.0028321962462800666,-0.008508769399843807,0.007086193446282597,0.0033379179294838737,-0.009918389692562663,0.4,100,0.09148648381233215,xgbranker_20260501
2026-05-22,-0.025238523852385238,0.2919869869440341,0.3946744155172027,0.3986216124195291,-0.025590846036289715,-0.011735263135558172,-0.03198656145255733,-0.019995061126384994,0.006395715416267614,0.008259797990826823,0.2,100,0.08741293847560883,xgbranker_20260501
2026-05-29,0.0072007200720072,0.3499220797124504,0.415521508303768,0.46243649494619266,-0.06514742950525114,-0.02711250934026202,-0.03170951158096572,-0.004353568593769076,-0.03343791792428542,-0.022758940746492942,0.4,100,0.08192750066518784,xgbranker_20260501
2026-06-05,-0.10861086108610861,0.546270135908308,0.4923406104139064,0.44001322098951656,0.07666574187750944,0.05307759156057372,0.03091839634514009,0.03980441301639562,0.045747345532369345,0.013273178544178102,0.8,100,0.11966171860694885,xgbranker_20260605
2026-06-12,0.07006300630063006,0.638578841103941,0.5558533093092377,0.5584585814809316,-0.024250218949357315,-0.03507430440227896,-0.04430766839195956,-0.031932167924660526,0.02005744944260224,-0.0031421364776184346,0.6,100,0.12173806130886078,xgbranker_20260605
2026-06-18,-0.09768976897689767,0.42164951573807,0.4945014639618368,0.5450192549615062,0.042017658322232726,0.047998392521583985,0.050500759016761654,0.05797796956235558,-0.008483100694528928,-0.009979577040771598,0.8,100,0.11628145724534988,xgbranker_20260605
2026-06-26,-0.1814941494149415,0.3095570816961636,0.3843137818906515,0.354530241910661,-0.010378214043665776,-0.004156917332410979,0.032172224195007745,0.02837853818888792,-0.04255043823867352,-0.0325354555212989,0.2,100,0.1110110655426979,xgbranker_20260605
2026-07-02,0.02441044104410441,0.3304982141993642,0.4292116313713697,0.5054370087140653,-0.02291151658331254,-0.007802094010916921,-0.06847143376784821,-0.03348345850147572,0.04555991718453567,0.0256813644905588,0.2,100,0.10324481129646301,xgbranker_20260702
2026-07-10,0.042124212421242126,0.4321672974331002,0.5339094012666554,0.5007829954197686,0.010294953199478835,0.015036028326026744,-0.012616070644714594,-0.010786823661517285,0.02291102384419343,0.025822851987544027,0.6,100,0.1085880771279335,xgbranker_20260702
2026-07-17,0.04154815481548155,0.46995965529866457,0.45595160703193155,0.4865655709321074,-0.0017542459859800938,-0.010820379991878126,0.004277427034240064,0.001876896370557829,-0.006031673020220158,-0.012697276362435955,0.6,100,0.0961940661072731,xgbranker_20260702
2026-07-24,0.06256225622562256,0.19266579640213555,0.3780523482235583,0.5014463257477498,-0.037755001226211615,0.0031569284021292837,0.012592585980082824,0.009371952776452306,-0.05034758720629444,-0.006215024374323023,0.2,100,0.10707605630159378,xgbranker_20260702
2026-07-31,-0.1633123312331233,0.34864890546614025,0.3677667840843008,0.43358783804956474,-0.01543459284136249,-0.013942251852301024,0.011624691593178926,0.017131478616027002,-0.027059284434541416,-0.031073730468328026,0.4,100,0.09555351734161377,xgbranker_20260702
2026-08-07,-0.05792979297929792,0.7191531879518638,0.6416310392183607,0.5847728812252654,0.03336519920688277,0.019066730205051226,-0.015709751437013295,0.013173783188233215,0.04907495064389607,0.005892947016818011,0.8,100,0.17061321437358856,xgbranker_20260807
2026-08-14,-0.2035523552355235,0.42801132180776125,0.40296058976080346,0.3930008733128074,0.005672299558528622,0.004008834825592734,0.06952570118943484,0.03500429601059439,-0.06385340163090622,-0.030995461185001655,0.6,100,0.16632814705371857,xgbranker_20260807
2026-08-21,0.1178157815781578,0.7374808935480311,0.678267832317808,0.6602486110098686,0.005748662097224325,0.0006825285731049232,-0.021593577085523574,-0.010339102649135675,0.027342239182747897,0.011021631222240598,0.8,100,0.17493800818920135,xgbranker_20260807
