model_id,model_type,objective,factor_set_name,refit_date,train_start,train_end,validation_start,validation_end,number_of_train_dates,number_of_train_rows,number_of_validation_dates,number_of_validation_rows,number_of_features,feature_list,hyperparameters,train_mean_rank_ic,train_median_rank_ic,train_rank_ic_std,train_positive_ic_ratio,train_negative_ic_ratio,train_icir,train_annualized_icir,train_ndcg5,train_ndcg10,train_ndcg20,train_top5_return,train_top10_return,train_top5_bottom5_spread,train_top10_bottom10_spread,train_number_of_dates,validation_mean_rank_ic,validation_median_rank_ic,validation_rank_ic_std,validation_positive_ic_ratio,validation_negative_ic_ratio,validation_icir,validation_annualized_icir,validation_ndcg5,validation_ndcg10,validation_ndcg20,validation_top5_return,validation_top10_return,validation_top5_bottom5_spread,validation_top10_bottom10_spread,validation_number_of_dates,oos_mean_rank_ic,oos_median_rank_ic,oos_rank_ic_std,oos_positive_ic_ratio,oos_negative_ic_ratio,oos_icir,oos_annualized_icir,oos_ndcg5,oos_ndcg10,oos_ndcg20,oos_top5_return,oos_top10_return,oos_top5_bottom5_spread,oos_top10_bottom10_spread,oos_number_of_dates,train_validation_rank_ic_gap,train_oos_rank_ic_gap,train_ic_std,validation_ic_std,oos_ic_std,train_strong_validation_weak_flag
core_5_20240105,XGBRanker,rank:ndcg,core_5,2024-01-05,2021-01-08,2023-09-29,2023-10-06,2023-12-29,143,14300,13,1300,5,"[""macd_hist_atr"", ""ret_20d"", ""body_range_ratio"", ""signed_volume_pressure_20"", ""vol_ratio_5_20""]","{""colsample_bytree"": 1.0, ""gamma"": 0.1, ""learning_rate"": 0.03, ""max_depth"": 3, ""min_child_weight"": 5, ""n_estimators"": 400, ""reg_alpha"": 0.0, ""reg_lambda"": 5.0, ""subsample"": 0.85}",0.045622616288360486,0.041008100810081,0.14955900238471578,0.6433566433566433,0.35664335664335667,0.3050476103805765,2.1997296013698593,0.6072430589760064,0.5780047113836306,0.5808260087862801,0.003241745551724846,0.0018890822182623852,0.0035016812865015694,0.0023942578217528107,143,-0.03413105035718279,0.022226222622262225,0.1776222767936383,0.5384615384615384,0.46153846153846156,-0.1921552351050892,-1.3856511060404741,0.4649272327759747,0.4546735072687588,0.47774473705315157,0.001081219516802074,-0.0019838799742519747,0.0049178231236163454,-0.00016487106574984768,13,-0.09687471818817316,-0.043030502055147635,0.1477161376645692,0.25,0.75,-0.6558167558385144,-4.729161880968422,0.4795128709453938,0.4739442410016569,0.505618415975846,-0.006145177727038398,-0.006377067825657991,-0.005536945604858906,-0.005551869536523882,4,0.07975366664554329,0.14249733447653365,0.14955900238471578,0.1776222767936383,0.1477161376645692,False
core_5_20240202,XGBRanker,rank:ndcg,core_5,2024-02-02,2021-02-05,2023-10-27,2023-11-03,2024-01-26,143,14300,13,1300,5,"[""macd_hist_atr"", ""ret_20d"", ""body_range_ratio"", ""signed_volume_pressure_20"", ""vol_ratio_5_20""]","{""colsample_bytree"": 1.0, ""gamma"": 0.1, ""learning_rate"": 0.03, ""max_depth"": 3, ""min_child_weight"": 5, ""n_estimators"": 400, ""reg_alpha"": 0.0, ""reg_lambda"": 5.0, ""subsample"": 0.85}",0.05031352326001468,0.0489048904890489,0.1468910224289615,0.6503496503496503,0.34965034965034963,0.34252279293887405,2.46996698591249,0.6115308586859599,0.5823870879572509,0.5804502091518767,0.0029473240025308534,0.0022726809185972347,0.0035567154883421916,0.0026058022638471338,143,-0.05032841917432119,0.003240430978501435,0.14554178863690187,0.5384615384615384,0.46153846153846156,-0.34580047177983153,-2.4936026641636415,0.4698788187618596,0.46729859072882163,0.4943280557372199,-0.0009529623907417105,-0.002525362408593096,0.0006069049329323571,-0.0017400387840453605,13,-0.034065581104350526,-0.018541854185418538,0.15589207219089365,0.5,0.5,-0.21852029179929297,-1.5757722336234077,0.5658364538925601,0.5255236492340636,0.5506779145085382,0.004731056450744226,0.0015309501790119746,0.005570770647729699,0.0030182202444852986,4,0.10064194243433587,0.08437910436436521,0.1468910224289615,0.14554178863690187,0.15589207219089365,False
core_5_20240301,XGBRanker,rank:ndcg,core_5,2024-03-01,2021-03-05,2023-11-24,2023-12-01,2024-02-23,143,14300,13,1300,5,"[""macd_hist_atr"", ""ret_20d"", ""body_range_ratio"", ""signed_volume_pressure_20"", ""vol_ratio_5_20""]","{""colsample_bytree"": 1.0, ""gamma"": 0.1, ""learning_rate"": 0.03, ""max_depth"": 3, ""min_child_weight"": 5, ""n_estimators"": 400, ""reg_alpha"": 0.0, ""reg_lambda"": 5.0, ""subsample"": 0.85}",0.0475177643792238,0.05784578457845784,0.14730636885607512,0.6153846153846154,0.38461538461538464,0.3225777999161107,2.3261415958478007,0.6089557118577162,0.5830250332182081,0.5824079963673051,0.0027571765696357098,0.001988347807266298,0.0032144439282070295,0.002413794072107162,143,-0.07953261497497,-0.056009600960096,0.1558658567884123,0.3076923076923077,0.6923076923076923,-0.5102632264289633,-3.6795604537466375,0.4647105708003254,0.4884926493475529,0.49524938399710966,-0.003159694832460867,-0.0027031184564206305,-0.0022019740148552765,-0.0007664569013437498,13,-0.036937293729372926,-0.01999399939993999,0.11453393683165267,0.2,0.8,-0.32250086525590305,-2.3255868121233227,0.4948892549156449,0.44553209054655535,0.47015458477514327,0.0022295552444614422,-0.003368922930370291,0.0025488238028258574,-0.0029655268633258,5,0.1270503793541938,0.08445505810859673,0.14730636885607512,0.1558658567884123,0.11453393683165267,False
core_5_20240405,XGBRanker,rank:ndcg,core_5,2024-04-05,2021-04-09,2023-12-29,2024-01-05,2024-03-28,143,14300,13,1300,5,"[""macd_hist_atr"", ""ret_20d"", ""body_range_ratio"", ""signed_volume_pressure_20"", ""vol_ratio_5_20""]","{""colsample_bytree"": 1.0, ""gamma"": 0.1, ""learning_rate"": 0.03, ""max_depth"": 3, ""min_child_weight"": 5, ""n_estimators"": 400, ""reg_alpha"": 0.0, ""reg_lambda"": 5.0, ""subsample"": 0.85}",0.0417250590028083,0.04854485448544854,0.14386911665072144,0.6223776223776224,0.3776223776223776,0.290020957757782,2.0913708683097174,0.6091155833326116,0.5776826353642898,0.577085472121123,0.002881213151684755,0.0014959826127564082,0.0033395431591380907,0.002154466680436432,143,-0.06922971475285172,-0.04985298529852985,0.14465615415606684,0.3076923076923077,0.6923076923076923,-0.47858119246113145,-3.4510980577826187,0.46578559537510117,0.45953741945589704,0.49363661969447126,-0.0017201483033576262,-0.0026890512804584477,-0.0021033373756287072,-0.003038685472814079,13,0.0069874511808372414,-0.022094566546791324,0.1140178550649129,0.5,0.5,0.06128383293001899,0.44192400397230397,0.5055314467159265,0.523929872421056,0.5227670257760698,-0.0068766000800402375,-0.003061997693611621,-0.008237790220031847,-0.003752979248911514,4,0.11095477375566001,0.03473760782197106,0.14386911665072144,0.14465615415606684,0.1140178550649129,False
core_5_20240503,XGBRanker,rank:ndcg,core_5,2024-05-03,2021-05-07,2024-01-26,2024-02-02,2024-04-26,143,14300,13,1300,5,"[""macd_hist_atr"", ""ret_20d"", ""body_range_ratio"", ""signed_volume_pressure_20"", ""vol_ratio_5_20""]","{""colsample_bytree"": 1.0, ""gamma"": 0.1, ""learning_rate"": 0.03, ""max_depth"": 3, ""min_child_weight"": 5, ""n_estimators"": 400, ""reg_alpha"": 0.0, ""reg_lambda"": 5.0, ""subsample"": 0.85}",0.03700714674964324,0.043984398439843975,0.1508118880702589,0.6293706293706294,0.3706293706293706,0.2453861378116471,1.7695046043359328,0.6124800766234894,0.5772315988941712,0.5778206991484726,0.0033657471425887478,0.0013596495075199311,0.0038073060802981257,0.0020528150896416313,143,-0.014257510603877794,-0.015829582958295826,0.13086325411326918,0.46153846153846156,0.5384615384615384,-0.10894968721729288,-0.7856473674154261,0.5285397337174701,0.5033937987615789,0.5167440383637447,0.0013348466885387748,-0.002599279554235196,-0.00010707362452606,-0.0024088336943475083,13,-0.06879925962344073,-0.09825382538253825,0.06671229544324028,0.2,0.8,-1.031283051592432,-7.436687844066976,0.34915428575390683,0.3793301895687464,0.43210707037708634,-0.0036011914352643143,-0.002944516079846901,-0.008741051995912187,-0.007680094511190913,5,0.05126465735352104,0.10580640637308397,0.1508118880702589,0.13086325411326918,0.06671229544324028,False
core_5_20240607,XGBRanker,rank:ndcg,core_5,2024-06-07,2021-06-11,2024-03-01,2024-03-08,2024-05-31,143,14300,13,1300,5,"[""macd_hist_atr"", ""ret_20d"", ""body_range_ratio"", ""signed_volume_pressure_20"", ""vol_ratio_5_20""]","{""colsample_bytree"": 1.0, ""gamma"": 0.1, ""learning_rate"": 0.03, ""max_depth"": 3, ""min_child_weight"": 5, ""n_estimators"": 400, ""reg_alpha"": 0.0, ""reg_lambda"": 5.0, ""subsample"": 0.85}",0.0384832847682629,0.044848619408000855,0.14133713267349476,0.6013986013986014,0.3986013986013986,0.2722800727616554,1.9634395272584286,0.6076051798440806,0.5745321020992373,0.5786455474122828,0.0032196305385840934,0.0014725617263846944,0.0031769986230972365,0.0023741576009738653,143,-0.011260338001653466,-0.017779831322706253,0.10402091473779862,0.38461538461538464,0.6153846153846154,-0.10825071121549884,-0.7806069797858516,0.46719660766278204,0.45555321411941674,0.49426598284387785,0.0008835798848154482,7.308137524189139e-05,4.098685718465105e-05,-0.0005423783458040864,13,-0.11532279344163561,-0.08063006300630063,0.1873116044628686,0.5,0.5,-0.6156735124464562,-4.439684836141429,0.4946073883412414,0.4440806132357564,0.4690048174042444,-0.0025790278644867567,-0.0062327086869092465,-0.0037391125565321695,-0.008281317168090205,4,0.04974362276991636,0.1538060782098985,0.14133713267349476,0.10402091473779862,0.1873116044628686,False
core_5_20240705,XGBRanker,rank:ndcg,core_5,2024-07-05,2021-07-09,2024-03-28,2024-04-05,2024-06-28,143,14300,13,1300,5,"[""macd_hist_atr"", ""ret_20d"", ""body_range_ratio"", ""signed_volume_pressure_20"", ""vol_ratio_5_20""]","{""colsample_bytree"": 1.0, ""gamma"": 0.1, ""learning_rate"": 0.03, ""max_depth"": 3, ""min_child_weight"": 5, ""n_estimators"": 400, ""reg_alpha"": 0.0, ""reg_lambda"": 5.0, ""subsample"": 0.85}",0.03581023928835376,0.033322331918146354,0.13730064008826479,0.6223776223776224,0.3776223776223776,0.26081625887055493,1.8807727896649507,0.6124474761717481,0.5768832101743177,0.5721158387139532,0.0035669625125013533,0.0016445806879228984,0.003929651440624238,0.0022228115731181587,143,-0.04736698542833044,-0.03404740474047404,0.1265179154367785,0.38461538461538464,0.6153846153846154,-0.3743895500080374,-2.6997614391037366,0.4453426074409995,0.43683736110651533,0.48381475333297463,-0.0029443380371744305,-0.0037690559347013978,-0.006218413933119503,-0.004992527982977128,13,-0.001516858657994391,-0.024431598183018228,0.1730483460173059,0.5,0.5,-0.008765519537775275,-0.06320906029906032,0.6529427585979601,0.5945143693626749,0.5668828494436646,0.0062428819954589,0.005263338248134613,0.0038099752121209095,-0.001827091750239443,4,0.0831772247166842,0.03732709794634815,0.13730064008826479,0.1265179154367785,0.1730483460173059,False
core_5_20240802,XGBRanker,rank:ndcg,core_5,2024-08-02,2021-08-06,2024-04-26,2024-05-03,2024-07-26,143,14300,13,1300,5,"[""macd_hist_atr"", ""ret_20d"", ""body_range_ratio"", ""signed_volume_pressure_20"", ""vol_ratio_5_20""]","{""colsample_bytree"": 1.0, ""gamma"": 0.1, ""learning_rate"": 0.03, ""max_depth"": 3, ""min_child_weight"": 5, ""n_estimators"": 400, ""reg_alpha"": 0.0, ""reg_lambda"": 5.0, ""subsample"": 0.85}",0.04577588163527596,0.047957371229030966,0.13516844422650473,0.6153846153846154,0.38461538461538464,0.3386580492009534,2.4420979224852877,0.6215010505218773,0.579437971849963,0.5805652795173386,0.003620135012714533,0.0013310309100628866,0.004424393710634459,0.0021287492951443444,143,-0.05214121367478235,-0.019537953795379537,0.1501414782182949,0.3076923076923077,0.6923076923076923,-0.34728054028462924,-2.5042755899341365,0.4724865305533392,0.47183510880880103,0.49428396521484047,9.518343235824879e-05,0.0005678316698269132,-0.0015682237442250942,-0.0023293894736183844,13,-0.003278620232375945,0.03731784373807297,0.17937079714097384,0.6,0.4,-0.01827845047596662,-0.1318077808542536,0.41169516213755897,0.44503039504250064,0.4871776437687846,-0.0032843587109355823,-0.0016448065671155136,-2.1189322554085455e-06,-0.0010271424067529373,5,0.09791709531005831,0.04905450186765191,0.13516844422650473,0.1501414782182949,0.17937079714097384,False
core_5_20240906,XGBRanker,rank:ndcg,core_5,2024-09-06,2021-09-10,2024-05-31,2024-06-07,2024-08-30,143,14300,13,1300,5,"[""macd_hist_atr"", ""ret_20d"", ""body_range_ratio"", ""signed_volume_pressure_20"", ""vol_ratio_5_20""]","{""colsample_bytree"": 1.0, ""gamma"": 0.1, ""learning_rate"": 0.03, ""max_depth"": 3, ""min_child_weight"": 5, ""n_estimators"": 400, ""reg_alpha"": 0.0, ""reg_lambda"": 5.0, ""subsample"": 0.85}",0.04760376491940705,0.05802580258025802,0.14125293421991536,0.6573426573426573,0.34265734265734266,0.3370108039334121,2.4302194679345166,0.6161836315132048,0.5734930270104769,0.573919621913313,0.004369115475266537,0.0017732083808496518,0.004944377603544661,0.0024108302497491316,143,-0.006048238209278943,0.03239733692584917,0.16678705997006035,0.5384615384615384,0.46153846153846156,-0.036263234152365605,-0.2614979003010222,0.4902444591265439,0.4919294409286781,0.5101420004528532,-7.23645322641462e-05,-0.0010304112374030356,0.00013545791928916363,-0.0017209944759518487,13,-0.054521570708459456,-0.08146430079621088,0.07575823953530854,0.25,0.75,-0.7196784276256666,-5.189674945299281,0.5041253154663601,0.46406669963528646,0.49470395491660574,0.0009622904458591775,-0.0017210150451063113,-0.003757199821930966,-0.004100884874001046,4,0.053652003128685996,0.1021253356278665,0.14125293421991536,0.16678705997006035,0.07575823953530854,False
core_5_20241004,XGBRanker,rank:ndcg,core_5,2024-10-04,2021-10-08,2024-06-28,2024-07-05,2024-09-27,143,14300,13,1300,5,"[""macd_hist_atr"", ""ret_20d"", ""body_range_ratio"", ""signed_volume_pressure_20"", ""vol_ratio_5_20""]","{""colsample_bytree"": 1.0, ""gamma"": 0.1, ""learning_rate"": 0.03, ""max_depth"": 3, ""min_child_weight"": 5, ""n_estimators"": 400, ""reg_alpha"": 0.0, ""reg_lambda"": 5.0, ""subsample"": 0.85}",0.046430677116969785,0.05425742574257425,0.14349753973190174,0.6433566433566433,0.35664335664335667,0.32356427297441337,2.333255154234949,0.6253552707225342,0.5807611682410488,0.5765085546172473,0.004606026378433801,0.0017513246041423326,0.005050819735179899,0.0025039861733964345,143,-0.01998808097560714,-0.041872187218721865,0.14038819741794883,0.38461538461538464,0.6153846153846154,-0.14237721790885843,-1.0266967192565977,0.48642423072434604,0.4741640668150108,0.5142016467284438,0.0014833830100802867,-0.0005434910340399757,0.0010253457037169684,-0.0011095495262758825,13,-0.02102007550842394,-0.030717283577355925,0.04680014461588019,0.25,0.75,-0.44914552467625124,-3.2388344387308003,0.44863685104632567,0.47829316799636123,0.49752354150791545,-0.004573127293866266,-0.0038889315749205773,-0.008711818350897033,-0.004872540682147167,4,0.06641875809257693,0.06745075262539373,0.14349753973190174,0.14038819741794883,0.04680014461588019,False
core_5_20241101,XGBRanker,rank:ndcg,core_5,2024-11-01,2021-11-05,2024-07-26,2024-08-02,2024-10-25,143,14300,13,1300,5,"[""macd_hist_atr"", ""ret_20d"", ""body_range_ratio"", ""signed_volume_pressure_20"", ""vol_ratio_5_20""]","{""colsample_bytree"": 1.0, ""gamma"": 0.1, ""learning_rate"": 0.03, ""max_depth"": 3, ""min_child_weight"": 5, ""n_estimators"": 400, ""reg_alpha"": 0.0, ""reg_lambda"": 5.0, ""subsample"": 0.85}",0.03467770945325907,0.04178817881788179,0.1463538665130519,0.6223776223776224,0.3776223776223776,0.23694426583643757,1.708629399800892,0.6127425335326375,0.571538337131071,0.5736621925067759,0.004786392355366834,0.0016911027982993774,0.004502721329137512,0.0020155280992810703,143,-0.017934926819122437,-0.029474947494749472,0.11029592389495031,0.23076923076923078,0.7692307692307693,-0.16260734019694406,-1.172578205693797,0.43660600277570016,0.4320689174066308,0.48672399518765924,-0.005305774745828371,-0.004002100574513476,-0.005212857519930034,-0.004133312440511447,13,-0.035889935889561894,-0.04351635163516351,0.10476639178128157,0.4,0.6,-0.34257107913469526,-2.4703151826223513,0.5890125142077904,0.5302137472960355,0.5390198698856035,0.005124711570999622,-0.0014881941259947185,0.0038203897543402964,-0.00030103325154216733,5,0.05261263627238151,0.07056764534282096,0.1463538665130519,0.11029592389495031,0.10476639178128157,False
core_5_20241206,XGBRanker,rank:ndcg,core_5,2024-12-06,2021-12-10,2024-08-30,2024-09-06,2024-11-29,143,14300,13,1300,5,"[""macd_hist_atr"", ""ret_20d"", ""body_range_ratio"", ""signed_volume_pressure_20"", ""vol_ratio_5_20""]","{""colsample_bytree"": 1.0, ""gamma"": 0.1, ""learning_rate"": 0.03, ""max_depth"": 3, ""min_child_weight"": 5, ""n_estimators"": 400, ""reg_alpha"": 0.0, ""reg_lambda"": 5.0, ""subsample"": 0.85}",0.04070404466542952,0.05069306930693068,0.1436402754625932,0.6083916083916084,0.3916083916083916,0.28337487194550576,2.0434452619551258,0.6144524212586527,0.5724066681933093,0.5747150757363788,0.004088656259630193,0.0013355903451000627,0.004605178915270021,0.0018389951904577888,143,-0.05552615933335155,-0.06408640864086408,0.07607866193315223,0.23076923076923078,0.7692307692307693,-0.729851944322319,-5.263037217502419,0.5122128644916948,0.49539062607812173,0.502012576894086,-0.0020036724657651332,-0.001724825166915966,-0.003411285638740311,-0.0027095478105731955,13,-0.006125282277707769,-0.045935313689107735,0.1976128233005621,0.5,0.5,-0.030996380575927667,-0.22351807904060644,0.5563538216496062,0.5391387787989363,0.5400048592836588,0.006070172570529679,0.0019685965509628153,0.004878394278447055,0.00020008853526242787,4,0.09623020399878107,0.04682932694313729,0.1436402754625932,0.07607866193315223,0.1976128233005621,False
core_5_20250103,XGBRanker,rank:ndcg,core_5,2025-01-03,2022-01-07,2024-09-27,2024-10-04,2024-12-27,143,14300,13,1300,5,"[""macd_hist_atr"", ""ret_20d"", ""body_range_ratio"", ""signed_volume_pressure_20"", ""vol_ratio_5_20""]","{""colsample_bytree"": 1.0, ""gamma"": 0.1, ""learning_rate"": 0.03, ""max_depth"": 3, ""min_child_weight"": 5, ""n_estimators"": 400, ""reg_alpha"": 0.0, ""reg_lambda"": 5.0, ""subsample"": 0.85}",0.04648884542138484,0.06355854653057869,0.13415258197320146,0.6153846153846154,0.38461538461538464,0.3465370903608216,2.49891449629208,0.6222419123648487,0.5749162246569848,0.5770771081159712,0.004920271326340578,0.0016186302592747011,0.005673048983272316,0.0021958087721198217,143,-0.04135182041373504,-0.07906390639063905,0.13800947921339407,0.3076923076923077,0.6923076923076923,-0.29963029097295346,-2.160664755570357,0.48500423140560905,0.5073881540223772,0.518813593249901,-0.004178249550401853,-0.00012188458936785346,-0.00301936272901867,0.000924350265566908,13,-0.015798726180954854,-0.0278908727600198,0.13968671691348733,0.4,0.6,-0.1131011346679408,-0.8155838807168367,0.45763409879896705,0.4611868173738161,0.4931062324907602,0.0010868180204375046,-0.0035095773663618283,0.010484836003964097,0.002453284395787744,5,0.08784066583511987,0.06228757160233969,0.13415258197320146,0.13800947921339407,0.13968671691348733,False
core_5_20250207,XGBRanker,rank:ndcg,core_5,2025-02-07,2022-02-11,2024-11-01,2024-11-08,2025-01-31,143,14300,13,1300,5,"[""macd_hist_atr"", ""ret_20d"", ""body_range_ratio"", ""signed_volume_pressure_20"", ""vol_ratio_5_20""]","{""colsample_bytree"": 1.0, ""gamma"": 0.1, ""learning_rate"": 0.03, ""max_depth"": 3, ""min_child_weight"": 5, ""n_estimators"": 400, ""reg_alpha"": 0.0, ""reg_lambda"": 5.0, ""subsample"": 0.85}",0.03957736592429577,0.04948094809480948,0.13570131345575592,0.5944055944055944,0.40559440559440557,0.2916505737227045,2.1031221961514026,0.616687376159283,0.5713856671656932,0.5765368959041434,0.0037746061005878555,0.0008464459960617797,0.003782097962216992,0.0012974791930458094,143,-0.016050064843208655,-0.03815192964892554,0.1525967149648177,0.38461538461538464,0.6153846153846154,-0.10517962229337058,-0.7584610426253658,0.4642646034207357,0.4756432524490355,0.5095678660747792,-0.0011659111077066036,-0.0030037817859444494,0.0023354416224437425,-0.0005568652020839479,13,-0.02501664669682555,-0.05113720902286134,0.11154948156465698,0.25,0.75,-0.2242650198452536,-1.617198056690022,0.41141460757670906,0.45704887246791415,0.5203414425091045,-0.0005163222833913048,0.004905229179626377,-0.008039112586353876,-0.0014366756123158353,4,0.05562743076750443,0.06459401262112131,0.13570131345575592,0.1525967149648177,0.11154948156465698,False
core_5_20250307,XGBRanker,rank:ndcg,core_5,2025-03-07,2022-03-11,2024-11-29,2024-12-06,2025-02-28,143,14300,13,1300,5,"[""macd_hist_atr"", ""ret_20d"", ""body_range_ratio"", ""signed_volume_pressure_20"", ""vol_ratio_5_20""]","{""colsample_bytree"": 1.0, ""gamma"": 0.1, ""learning_rate"": 0.03, ""max_depth"": 3, ""min_child_weight"": 5, ""n_estimators"": 400, ""reg_alpha"": 0.0, ""reg_lambda"": 5.0, ""subsample"": 0.85}",0.03606619042912539,0.037270845226653526,0.13532541641959953,0.6083916083916084,0.3916083916083916,0.26651453498798794,1.9218636431112637,0.6049858337983788,0.5634777707654156,0.5735946246044102,0.0028568365390463277,0.0004756053456518885,0.0033687112570307993,0.0008339194086235485,143,-0.019046196980249706,-0.0439605279345751,0.15264375456064236,0.38461538461538464,0.6153846153846154,-0.124775474994511,-0.8997687460261684,0.4639229156221191,0.49383123938291773,0.520602429408007,0.004387311355743191,0.0038424416169815304,0.004615599298990391,0.003342907849520953,13,0.1778853967474034,0.14264684172681555,0.15324880212236455,1.0,0.0,1.160762069809637,8.370374322624713,0.5713114803429507,0.576364326617296,0.6072988520068636,-0.0035669766360679304,-0.0007551630868719217,0.01101452620036459,0.008087750173994546,4,0.0551123874093751,-0.141819206318278,0.13532541641959953,0.15264375456064236,0.15324880212236455,False
core_5_20250404,XGBRanker,rank:ndcg,core_5,2025-04-04,2022-04-08,2024-12-27,2025-01-03,2025-03-28,143,14300,13,1300,5,"[""macd_hist_atr"", ""ret_20d"", ""body_range_ratio"", ""signed_volume_pressure_20"", ""vol_ratio_5_20""]","{""colsample_bytree"": 1.0, ""gamma"": 0.1, ""learning_rate"": 0.03, ""max_depth"": 3, ""min_child_weight"": 5, ""n_estimators"": 400, ""reg_alpha"": 0.0, ""reg_lambda"": 5.0, ""subsample"": 0.85}",0.03204726585620189,0.04152415241524152,0.13883196866396105,0.5874125874125874,0.4125874125874126,0.23083491622719415,1.6645742532491659,0.6078435367758899,0.5687263603620175,0.5721422884997496,0.003424787054440601,0.0008826446265228599,0.003907131022536551,0.0012013771668167236,143,0.0355585570604635,0.05498966393563284,0.16783901370490736,0.6153846153846154,0.38461538461538464,0.21186109400632053,1.5277520754313703,0.5056009544927087,0.5077093372452306,0.5380205944949581,0.0006409836030907424,-0.00019532237310271918,0.0047453518838767045,0.0026337471914950287,13,0.08128112811281127,0.06376237623762376,0.08124894933683603,1.0,0.0,1.0003960515949792,7.213958519594832,0.558858757444781,0.5847706256385353,0.5929798614161643,0.011283224532015093,0.011949318725630195,0.0063654371919532994,0.009062377528867464,4,-0.0035112912042616073,-0.049233862256609376,0.13883196866396105,0.16783901370490736,0.08124894933683603,False
core_5_20250502,XGBRanker,rank:ndcg,core_5,2025-05-02,2022-05-06,2025-01-24,2025-01-31,2025-04-25,143,14300,13,1300,5,"[""macd_hist_atr"", ""ret_20d"", ""body_range_ratio"", ""signed_volume_pressure_20"", ""vol_ratio_5_20""]","{""colsample_bytree"": 1.0, ""gamma"": 0.1, ""learning_rate"": 0.03, ""max_depth"": 3, ""min_child_weight"": 5, ""n_estimators"": 400, ""reg_alpha"": 0.0, ""reg_lambda"": 5.0, ""subsample"": 0.85}",0.03170616761836001,0.035631990785533765,0.1415503688985798,0.5664335664335665,0.43356643356643354,0.22399212283987288,1.6152301683983803,0.5980519831953386,0.5591311787826001,0.569817948025262,0.0029795498291932936,0.0006776874148420169,0.0030920542275742428,0.0015017844967791182,143,0.08924435406066061,0.06027002700270027,0.12052235481703963,0.7692307692307693,0.23076923076923078,0.7404796744648663,5.3396748694439164,0.5470423581006293,0.5498874296533536,0.5800723103106004,0.004721738767191494,0.005327300615450535,0.006584732555778484,0.004970790754432012,13,-0.0058612669600844654,0.027338733873387335,0.05515394558441323,0.6,0.4,-0.10627103642320175,-0.7663313418411102,0.5655574199458044,0.5571689003978066,0.5276973409183834,0.0048417472390828945,0.005667023707805084,0.0008336632414273189,0.0003528529419868219,5,-0.057538186442300604,0.03756743457844448,0.1415503688985798,0.12052235481703963,0.05515394558441323,False
core_5_20250606,XGBRanker,rank:ndcg,core_5,2025-06-06,2022-06-10,2025-02-28,2025-03-07,2025-05-30,143,14300,13,1300,5,"[""macd_hist_atr"", ""ret_20d"", ""body_range_ratio"", ""signed_volume_pressure_20"", ""vol_ratio_5_20""]","{""colsample_bytree"": 1.0, ""gamma"": 0.1, ""learning_rate"": 0.03, ""max_depth"": 3, ""min_child_weight"": 5, ""n_estimators"": 400, ""reg_alpha"": 0.0, ""reg_lambda"": 5.0, ""subsample"": 0.85}",0.028918795338370728,0.034899489948994895,0.1387245330767632,0.6153846153846154,0.38461538461538464,0.20846201242838944,1.503240949593939,0.6121649519472516,0.5712841243012108,0.5722977148837625,0.00457166367847158,0.0018953390513676213,0.0053266182468467965,0.002509724301508375,143,0.09298974444936209,0.07829006387693166,0.11331892210243541,0.7692307692307693,0.23076923076923078,0.820602091196238,5.9174458331220245,0.597141583263745,0.5745667776291514,0.5869740252897917,0.006512697278067118,0.006540157277713684,0.006837540652718863,0.005203714926750375,13,-0.07791353735448739,-0.028923095301483202,0.13295685198476528,0.25,0.75,-0.5860061831444011,-4.225750682132159,0.37440537453981665,0.37249797046830757,0.4037685933727555,-0.010246991321768434,-0.008316092339194104,-0.008002843769989408,-0.002539196853247535,4,-0.06407094911099136,0.10683233269285812,0.1387245330767632,0.11331892210243541,0.13295685198476528,False
core_5_20250703,XGBRanker,rank:ndcg,core_5,2025-07-03,2022-07-08,2025-03-28,2025-04-04,2025-06-27,143,14300,13,1300,5,"[""macd_hist_atr"", ""ret_20d"", ""body_range_ratio"", ""signed_volume_pressure_20"", ""vol_ratio_5_20""]","{""colsample_bytree"": 1.0, ""gamma"": 0.1, ""learning_rate"": 0.03, ""max_depth"": 3, ""min_child_weight"": 5, ""n_estimators"": 400, ""reg_alpha"": 0.0, ""reg_lambda"": 5.0, ""subsample"": 0.85}",0.03948228801686025,0.04997914785245372,0.14023934124655812,0.6153846153846154,0.38461538461538464,0.28153503621673104,2.03017801783807,0.6078376307571475,0.569813185906846,0.5764982282609177,0.003677671379405325,0.0012923673486289746,0.005003077491344697,0.002266241638290884,143,-0.004519461184576896,-0.019009900990099006,0.12077311261725746,0.46153846153846156,0.5384615384615384,-0.03742108724894371,-0.26984729771935645,0.4826081091841314,0.48860378495216994,0.4999696291971408,0.0028724536313899157,0.002436354821752033,1.921238249210572e-05,-0.0005455804752018405,13,0.021491130210280124,0.029864948689387133,0.07817924430408983,0.5,0.5,0.2748955992294728,1.9823003568425266,0.5270179190149343,0.48599316215388183,0.5019216545138839,-0.007589421265557985,-0.0072717376363702685,-0.0036013244467598847,-0.0037549879449834895,4,0.044001749201437144,0.017991157806580123,0.14023934124655812,0.12077311261725746,0.07817924430408983,False
core_5_20250801,XGBRanker,rank:ndcg,core_5,2025-08-01,2022-08-05,2025-04-25,2025-05-02,2025-07-25,143,14300,13,1300,5,"[""macd_hist_atr"", ""ret_20d"", ""body_range_ratio"", ""signed_volume_pressure_20"", ""vol_ratio_5_20""]","{""colsample_bytree"": 1.0, ""gamma"": 0.1, ""learning_rate"": 0.03, ""max_depth"": 3, ""min_child_weight"": 5, ""n_estimators"": 400, ""reg_alpha"": 0.0, ""reg_lambda"": 5.0, ""subsample"": 0.85}",0.04590131954053172,0.05207320732073207,0.1429110999305593,0.6223776223776224,0.3776223776223776,0.3211879242608533,2.3161190599647017,0.6174589577367335,0.5757855182442033,0.5809313156639742,0.00492292460431218,0.001806649481301128,0.006149800051819094,0.0032977592471856443,143,-0.01704671193590204,-0.008484848484848484,0.0916449168319313,0.46153846153846156,0.5384615384615384,-0.18600826456271663,-1.3413246710818922,0.44058560638219474,0.44047164757839885,0.48563335157096166,-0.004997846838327821,-0.0036941551291011466,-0.003917190584916307,-0.0035205251732647364,13,-0.06576338568748344,-0.1317131713171317,0.23321946518127873,0.2,0.8,-0.28198068988952674,-2.0333916721747975,0.5323358161703822,0.48143637314976856,0.496385316431473,0.005236166321240281,0.0034058682115265457,-0.0020417858160486644,-0.00010198841139494562,5,0.06294803147643376,0.11166470522801517,0.1429110999305593,0.0916449168319313,0.23321946518127873,False
core_5_20250905,XGBRanker,rank:ndcg,core_5,2025-09-05,2022-09-09,2025-05-30,2025-06-06,2025-08-29,143,14300,13,1300,5,"[""macd_hist_atr"", ""ret_20d"", ""body_range_ratio"", ""signed_volume_pressure_20"", ""vol_ratio_5_20""]","{""colsample_bytree"": 1.0, ""gamma"": 0.1, ""learning_rate"": 0.03, ""max_depth"": 3, ""min_child_weight"": 5, ""n_estimators"": 400, ""reg_alpha"": 0.0, ""reg_lambda"": 5.0, ""subsample"": 0.85}",0.04286842454756615,0.04954095409540954,0.13473870657443082,0.6573426573426573,0.34265734265734266,0.31815968579069936,2.2942821218077563,0.5926420517976414,0.5699682528715078,0.5743408602317509,0.004493603877433172,0.0027151174340239678,0.0055152141205449005,0.0036426116533591307,143,-0.046147283373027786,-0.06872093375231624,0.14909602492772886,0.38461538461538464,0.6153846153846154,-0.30951384113289876,-2.2319360493409635,0.39625481384356187,0.4027248705456881,0.4586906560516554,-0.0056659896589515615,-0.005338006863674265,-0.006165445671970522,-0.004365611765795187,13,-0.111488730808731,-0.13039415158435788,0.07595891683400999,0.0,1.0,-1.4677504031865398,-10.584098676544025,0.4810510245762337,0.4486160359030227,0.45847206641052024,-0.005937656357186036,-0.0054149352853556125,-0.007065659864517083,-0.0032967664540679755,4,0.08901570792059393,0.15435715535629715,0.13473870657443082,0.14909602492772886,0.07595891683400999,False
core_5_20251003,XGBRanker,rank:ndcg,core_5,2025-10-03,2022-10-07,2025-06-27,2025-07-03,2025-09-26,143,14300,13,1300,5,"[""macd_hist_atr"", ""ret_20d"", ""body_range_ratio"", ""signed_volume_pressure_20"", ""vol_ratio_5_20""]","{""colsample_bytree"": 1.0, ""gamma"": 0.1, ""learning_rate"": 0.03, ""max_depth"": 3, ""min_child_weight"": 5, ""n_estimators"": 400, ""reg_alpha"": 0.0, ""reg_lambda"": 5.0, ""subsample"": 0.85}",0.03804736744670096,0.053850031207372855,0.13687955655066333,0.6293706293706294,0.3706293706293706,0.277962380982864,2.0044152345675452,0.6059846789082722,0.569526361916415,0.572671728056756,0.005118106646637956,0.0024452403816761074,0.005784767633256645,0.0032585730686650054,143,-0.05570580408456306,-0.12098555039035566,0.1496879454357063,0.23076923076923078,0.7692307692307693,-0.3721462267547103,-2.6835846050691132,0.4293760509191034,0.447927032719477,0.47145061802005156,-0.00399411801817305,-0.0026407845277455298,-0.0037282301074478895,-0.002415365353939764,13,-0.06034939558906969,-0.06616261626162616,0.061429938915536844,0.2,0.8,-0.98241015137663,-7.084260348649558,0.540266617890975,0.49901770612099766,0.5251248851120882,0.02857471129341816,0.011809479077300865,0.027666413774477892,0.011072122528810301,5,0.09375317153126403,0.09839676303577065,0.13687955655066333,0.1496879454357063,0.061429938915536844,False
core_5_20251107,XGBRanker,rank:ndcg,core_5,2025-11-07,2022-11-11,2025-08-01,2025-08-08,2025-10-31,143,14300,13,1300,5,"[""macd_hist_atr"", ""ret_20d"", ""body_range_ratio"", ""signed_volume_pressure_20"", ""vol_ratio_5_20""]","{""colsample_bytree"": 1.0, ""gamma"": 0.1, ""learning_rate"": 0.03, ""max_depth"": 3, ""min_child_weight"": 5, ""n_estimators"": 400, ""reg_alpha"": 0.0, ""reg_lambda"": 5.0, ""subsample"": 0.85}",0.04134512985755297,0.044062538441657785,0.13766995867693585,0.6433566433566433,0.35664335664335667,0.30032063824887023,2.1656429205727465,0.5977793402098011,0.5715666333411181,0.5714308283744762,0.004854379503794609,0.0027581507313306783,0.005912738299207037,0.0038762101304342447,143,-0.05892121075721896,-0.08724872487248723,0.12956835348265222,0.07692307692307693,0.9230769230769231,-0.45475001552063304,-3.2792489969553746,0.45154444984552483,0.46526358857208766,0.478857634441624,0.010065191276785774,0.004135924389108126,0.008351878433169885,0.0026139432917887603,13,-0.014482643994653741,-0.06419751077759002,0.11050254716573962,0.25,0.75,-0.13106163039781912,-0.9450988572904934,0.3069003984155848,0.36237744582744424,0.43649232714365277,-0.007611385667858488,-0.003945897837611499,-0.019372882103243266,-0.014245590401751974,4,0.10026634061477194,0.055827773852206705,0.13766995867693585,0.12956835348265222,0.11050254716573962,False
core_5_20251205,XGBRanker,rank:ndcg,core_5,2025-12-05,2022-12-09,2025-08-29,2025-09-05,2025-11-28,143,14300,13,1300,5,"[""macd_hist_atr"", ""ret_20d"", ""body_range_ratio"", ""signed_volume_pressure_20"", ""vol_ratio_5_20""]","{""colsample_bytree"": 1.0, ""gamma"": 0.1, ""learning_rate"": 0.03, ""max_depth"": 3, ""min_child_weight"": 5, ""n_estimators"": 400, ""reg_alpha"": 0.0, ""reg_lambda"": 5.0, ""subsample"": 0.85}",0.039579414327656624,0.04084020654145756,0.1386948125490277,0.6363636363636364,0.36363636363636365,0.2853705455902726,2.0578362692657235,0.6013450425649253,0.567247834039372,0.5693818688810263,0.004970419072847532,0.00241467342274721,0.005576684537827427,0.0036074340602170276,143,-0.06788328076057365,-0.07587781541532924,0.0875115848149835,0.07692307692307693,0.9230769230769231,-0.7757062211145198,-5.593697109849616,0.424865046888949,0.44557764836560615,0.4624998522883178,0.005462240412977778,0.002271839298884242,0.0016332660857763244,-0.001016101116173158,13,0.0663036303630363,0.04832883288328832,0.07048110555015473,1.0,0.0,0.9407291478402574,6.783694357723183,0.5348643938500708,0.4927896057437423,0.5433648875781935,0.00394005507921211,0.00028685328377660497,0.006592928572516888,0.002985223895905763,4,0.10746269508823028,-0.026724216035379673,0.1386948125490277,0.0875115848149835,0.07048110555015473,False
core_5_20260102,XGBRanker,rank:ndcg,core_5,2026-01-02,2023-01-06,2025-09-26,2025-10-03,2025-12-26,143,14300,13,1300,5,"[""macd_hist_atr"", ""ret_20d"", ""body_range_ratio"", ""signed_volume_pressure_20"", ""vol_ratio_5_20""]","{""colsample_bytree"": 1.0, ""gamma"": 0.1, ""learning_rate"": 0.03, ""max_depth"": 3, ""min_child_weight"": 5, ""n_estimators"": 400, ""reg_alpha"": 0.0, ""reg_lambda"": 5.0, ""subsample"": 0.85}",0.04015678175554634,0.05140114011401139,0.13666273742320129,0.6293706293706294,0.3706293706293706,0.2938385584301117,2.1188999782563784,0.5986843967286586,0.569260472084498,0.5705402509749609,0.004445403933637058,0.002397783056303678,0.0053102341530582575,0.0036133799962279447,143,0.005482151317744744,0.009768976897689768,0.09309394208104424,0.5384615384615384,0.46153846153846156,0.05888837871933901,0.4246501380030384,0.460776314260232,0.4782066470951389,0.5058955065518781,0.010786380884332926,0.0050131922936379235,0.008722457900283934,0.002801860539754075,13,-0.0011233401073130478,0.012037203720372036,0.1440179075358056,0.6,0.4,-0.007800002975558883,-0.05624662135429848,0.5776519047745242,0.5115087793074219,0.5174074240255659,0.01367892376157635,0.010164132907356838,0.011043433849930954,0.007220811014119434,5,0.0346746304378016,0.04128012186285939,0.13666273742320129,0.09309394208104424,0.1440179075358056,False
core_5_20260206,XGBRanker,rank:ndcg,core_5,2026-02-06,2023-02-10,2025-10-31,2025-11-07,2026-01-30,143,14300,13,1300,5,"[""macd_hist_atr"", ""ret_20d"", ""body_range_ratio"", ""signed_volume_pressure_20"", ""vol_ratio_5_20""]","{""colsample_bytree"": 1.0, ""gamma"": 0.1, ""learning_rate"": 0.03, ""max_depth"": 3, ""min_child_weight"": 5, ""n_estimators"": 400, ""reg_alpha"": 0.0, ""reg_lambda"": 5.0, ""subsample"": 0.85}",0.03577797548646237,0.04352835283528353,0.13820133391150277,0.6223776223776224,0.3776223776223776,0.2588829968122652,1.866831838704805,0.5885943603895677,0.5640387040168868,0.5666341141675668,0.005009701585605301,0.002247471150229697,0.0062328376299048225,0.003284252382135563,143,0.01579296036973032,0.031035103510351034,0.13035214469226136,0.6153846153846154,0.38461538461538464,0.1211561221874388,0.8736692217663818,0.44862198782481205,0.45344376692751315,0.49849221320687465,0.003155128047020057,0.0035178344865542414,0.0004699168433291688,-0.00032159722850393785,13,-0.061704170417041695,-0.0686108610861086,0.0724665427038457,0.25,0.75,-0.8514849489813889,-6.140145287676473,0.262641159184425,0.32028661175380757,0.419452602287646,-0.007235016283408808,-0.0023723908215351136,-0.0132141820589201,-0.00870369874621546,4,0.019985015116732046,0.09748214590350407,0.13820133391150277,0.13035214469226136,0.0724665427038457,False
core_5_20260306,XGBRanker,rank:ndcg,core_5,2026-03-06,2023-03-10,2025-11-28,2025-12-05,2026-02-27,143,14300,13,1300,5,"[""macd_hist_atr"", ""ret_20d"", ""body_range_ratio"", ""signed_volume_pressure_20"", ""vol_ratio_5_20""]","{""colsample_bytree"": 1.0, ""gamma"": 0.1, ""learning_rate"": 0.03, ""max_depth"": 3, ""min_child_weight"": 5, ""n_estimators"": 400, ""reg_alpha"": 0.0, ""reg_lambda"": 5.0, ""subsample"": 0.85}",0.03374409826950876,0.039531953195319526,0.13909047545169098,0.5874125874125874,0.4125874125874126,0.24260538444437765,1.7494523066357146,0.5967402284860462,0.560420058983509,0.5617705018111191,0.0053920116252985685,0.0020328396108384764,0.00581265022375462,0.0026810185914965656,143,0.010952060979328933,-0.0007080708070807079,0.11829816219765368,0.46153846153846156,0.5384615384615384,0.09258014474502256,0.6676049179361137,0.4630081325030361,0.47074500964086263,0.49810994736835945,0.003644459345349065,0.0043179877987908726,0.002751696131810579,0.0012291487793717726,13,-0.09594827825349331,-0.0696129612961296,0.14246105946082993,0.25,0.75,-0.673505297634506,-4.856715769835693,0.5128913516805705,0.5241302385033427,0.5269843787587313,0.001053162256879279,-0.003287897933129224,0.000963339845313432,-0.0019146629670740538,4,0.02279203729017983,0.12969237652300208,0.13909047545169098,0.11829816219765368,0.14246105946082993,False
core_5_20260402,XGBRanker,rank:ndcg,core_5,2026-04-02,2023-04-06,2025-12-26,2026-01-02,2026-03-27,143,14300,13,1300,5,"[""macd_hist_atr"", ""ret_20d"", ""body_range_ratio"", ""signed_volume_pressure_20"", ""vol_ratio_5_20""]","{""colsample_bytree"": 1.0, ""gamma"": 0.1, ""learning_rate"": 0.03, ""max_depth"": 3, ""min_child_weight"": 5, ""n_estimators"": 400, ""reg_alpha"": 0.0, ""reg_lambda"": 5.0, ""subsample"": 0.85}",0.039432447370897725,0.05237323732373236,0.13324576824468137,0.6083916083916084,0.3916083916083916,0.2959377088695776,2.1340371673451926,0.5915135437908925,0.562126479167677,0.5639645588872608,0.005088037395932824,0.002262668564060126,0.006410509665082944,0.0030433592235852578,143,-0.048253202294854095,-0.039556074275828426,0.1345694250728073,0.38461538461538464,0.6153846153846154,-0.3585747822638555,-2.5857195270813325,0.47637745463389547,0.4571833297285979,0.4773027248972659,0.0012830675884283127,0.002468108615356389,-0.000942742862935774,-0.0018312480270006074,13,0.026363525298924797,-0.0005611568812181195,0.12620747665573873,0.5,0.5,0.2088903605199053,1.5063298116093542,0.6358483050220293,0.6041802202636608,0.5658512763685699,0.00944442826786186,0.008078170288609925,0.016343968578269866,0.012167407195461125,4,0.08768564966575182,0.013068922071972928,0.13324576824468137,0.1345694250728073,0.12620747665573873,False
core_5_20260501,XGBRanker,rank:ndcg,core_5,2026-05-01,2023-05-05,2026-01-23,2026-01-30,2026-04-24,143,14300,13,1300,5,"[""macd_hist_atr"", ""ret_20d"", ""body_range_ratio"", ""signed_volume_pressure_20"", ""vol_ratio_5_20""]","{""colsample_bytree"": 1.0, ""gamma"": 0.1, ""learning_rate"": 0.03, ""max_depth"": 3, ""min_child_weight"": 5, ""n_estimators"": 400, ""reg_alpha"": 0.0, ""reg_lambda"": 5.0, ""subsample"": 0.85}",0.03456009731944898,0.038446998127059914,0.13252837520727312,0.6083916083916084,0.3916083916083916,0.26077507752884854,1.880475826786721,0.5823628154031373,0.5544778830247798,0.5570390885103905,0.004760448483969051,0.001978468764272996,0.006104492892763355,0.003261445786557465,143,-0.01746458828149092,-0.04386438643864386,0.13632614019496483,0.3076923076923077,0.6923076923076923,-0.12810887373847887,-0.9238062262120553,0.5108510708011027,0.504825726674927,0.506105004304821,0.004258038170258821,0.004790075673963008,0.003663760193297357,0.00316330410441446,13,-0.016818481848184824,-0.06525052505250524,0.14141262174623073,0.4,0.6,-0.1189319711388005,-0.857630640465897,0.4486731301566011,0.4398663290099689,0.49114450385316666,-0.008207197025680655,-0.0094405949405271,-0.0035003761680809367,-0.004010293319105547,5,0.052024685600939896,0.0513785791676338,0.13252837520727312,0.13632614019496483,0.14141262174623073,False
core_5_20260605,XGBRanker,rank:ndcg,core_5,2026-06-05,2023-06-09,2026-02-27,2026-03-06,2026-05-29,143,14300,13,1300,5,"[""macd_hist_atr"", ""ret_20d"", ""body_range_ratio"", ""signed_volume_pressure_20"", ""vol_ratio_5_20""]","{""colsample_bytree"": 1.0, ""gamma"": 0.1, ""learning_rate"": 0.03, ""max_depth"": 3, ""min_child_weight"": 5, ""n_estimators"": 400, ""reg_alpha"": 0.0, ""reg_lambda"": 5.0, ""subsample"": 0.85}",0.03998774911901005,0.042592387016054334,0.13675237030681847,0.6013986013986014,0.3986013986013986,0.2924099160350441,2.1085978914369425,0.5869505692353645,0.5607785413066065,0.5661807028206469,0.005411161228516844,0.0027330434413677046,0.006474290705677366,0.0037027081756036747,143,-0.04610411482523222,-0.08452445244524451,0.1359130851204813,0.38461538461538464,0.6153846153846154,-0.3392176315059204,-2.4461331278720895,0.5578791032947068,0.5134405295827804,0.5261654638854627,0.0016726839530705822,-0.0020801363926637433,0.004818495589416582,0.0006708148642341269,13,-0.06462341799416509,-0.10092409240924091,0.08332545211653895,0.25,0.75,-0.7755543636748924,-5.592602050279342,0.42249938485808997,0.47863908406720374,0.5121402975328841,-0.012643801192562306,6.063065103123792e-05,-0.01775965022078431,-0.006740777242621931,4,0.08609186394424226,0.10461116711317514,0.13675237030681847,0.1359130851204813,0.08332545211653895,False
core_5_20260702,XGBRanker,rank:ndcg,core_5,2026-07-02,2023-07-07,2026-03-27,2026-04-02,2026-06-26,143,14300,13,1300,5,"[""macd_hist_atr"", ""ret_20d"", ""body_range_ratio"", ""signed_volume_pressure_20"", ""vol_ratio_5_20""]","{""colsample_bytree"": 1.0, ""gamma"": 0.1, ""learning_rate"": 0.03, ""max_depth"": 3, ""min_child_weight"": 5, ""n_estimators"": 400, ""reg_alpha"": 0.0, ""reg_lambda"": 5.0, ""subsample"": 0.85}",0.03402567114656294,0.034491449144914484,0.1394748944237277,0.5874125874125874,0.4125874125874126,0.2439555253807343,1.7591883113859883,0.5909433895943896,0.5602607821702197,0.5689788893209365,0.005686671207869842,0.002777910181417549,0.006780580686835715,0.0035869575533488554,143,-0.03723974603106185,-0.07758775877587759,0.10691588631207004,0.38461538461538464,0.6153846153846154,-0.3483088184141794,-2.511690608977199,0.4976623597145719,0.48361131563570076,0.5246430692686428,-0.0004086780137826307,-0.0032666917538295777,0.0009236700472691367,-0.003906710658738084,13,0.06261367365564008,0.04826940617696761,0.05680629268670176,0.8,0.2,1.1022312968207097,7.948302916216473,0.5501437965666247,0.5649978109407413,0.55471652936036,-0.0027802078587111007,0.00256425737374046,-0.0029589933215236285,0.0034529043482701624,5,0.0712654171776248,-0.028588002509077136,0.1394748944237277,0.10691588631207004,0.05680629268670176,False
core_5_20260807,XGBRanker,rank:ndcg,core_5,2026-08-07,2023-08-11,2026-05-01,2026-05-08,2026-07-31,143,14300,13,1300,5,"[""macd_hist_atr"", ""ret_20d"", ""body_range_ratio"", ""signed_volume_pressure_20"", ""vol_ratio_5_20""]","{""colsample_bytree"": 1.0, ""gamma"": 0.1, ""learning_rate"": 0.03, ""max_depth"": 3, ""min_child_weight"": 5, ""n_estimators"": 400, ""reg_alpha"": 0.0, ""reg_lambda"": 5.0, ""subsample"": 0.85}",0.03513756839323418,0.032907290729072905,0.12966608642924715,0.5874125874125874,0.4125874125874126,0.27098503055698486,1.9541008451127697,0.5924156468491466,0.5578655015890234,0.5632683997277829,0.006761346254721456,0.002914334946717997,0.00816424357359858,0.003965009811296109,143,0.014015510929675852,0.05100571264348889,0.0927159415789551,0.5384615384615384,0.46153846153846156,0.15116613918805447,1.0900745319129135,0.4757770738201851,0.4744740216580029,0.5236092491871738,-0.0018303871485232477,-0.0031767466846384213,-0.0002884131138833282,-0.0024389259138196872,13,-0.02942313450243557,-0.001020114252869778,0.05610851538792382,0.3333333333333333,0.6666666666666666,-0.5243969529225555,-3.781480204918699,0.48838048625387454,0.5061552693512648,0.48985025574678875,-0.017246589839594633,-0.007304936194416183,-0.016854758123097068,-0.004318642745353548,3,0.02112205746355833,0.06456070289566976,0.12966608642924715,0.0927159415789551,0.05610851538792382,False
core_plus_fundamental_20240105,XGBRanker,rank:ndcg,core_plus_fundamental,2024-01-05,2021-01-08,2023-09-29,2023-10-06,2023-12-29,143,14300,13,1300,6,"[""macd_hist_atr"", ""ret_20d"", ""body_range_ratio"", ""signed_volume_pressure_20"", ""vol_ratio_5_20"", ""gross_margin_change_yoy""]","{""colsample_bytree"": 0.85, ""gamma"": 0.1, ""learning_rate"": 0.03, ""max_depth"": 5, ""min_child_weight"": 10, ""n_estimators"": 400, ""reg_alpha"": 1.0, ""reg_lambda"": 10.0, ""subsample"": 0.7}",0.05680602200667384,0.05759375937593759,0.14697406888213616,0.6503496503496503,0.34965034965034963,0.38650370394405187,2.7871178454540644,0.6858949642581585,0.6238497976359834,0.6125627579722651,0.007021829704908079,0.003135612899457603,0.007069252062144938,0.0033989628470841838,143,-0.021292007988062023,0.006948694869486947,0.1722446519188263,0.6153846153846154,0.38461538461538464,-0.12361491489498498,-0.8913998281319712,0.42573238673366326,0.4339697438494793,0.47545243825868116,-0.004678184745863438,-0.0033989115512898394,-0.0018427176739331643,-0.0014063270328601321,13,-0.14791872803767722,-0.16158749973260594,0.12954418798696996,0.25,0.75,-1.1418399415383687,-8.233924915178784,0.5179790680892804,0.448070587962791,0.45807867619991516,-0.006959836194873701,-0.007968763304725832,-0.006227440745198388,-0.006828914977159541,4,0.07809802999473586,0.20472475004435106,0.14697406888213616,0.1722446519188263,0.12954418798696996,False
core_plus_fundamental_20240202,XGBRanker,rank:ndcg,core_plus_fundamental,2024-02-02,2021-02-05,2023-10-27,2023-11-03,2024-01-26,143,14300,13,1300,6,"[""macd_hist_atr"", ""ret_20d"", ""body_range_ratio"", ""signed_volume_pressure_20"", ""vol_ratio_5_20"", ""gross_margin_change_yoy""]","{""colsample_bytree"": 0.85, ""gamma"": 0.1, ""learning_rate"": 0.03, ""max_depth"": 5, ""min_child_weight"": 10, ""n_estimators"": 400, ""reg_alpha"": 1.0, ""reg_lambda"": 10.0, ""subsample"": 0.7}",0.05611700710517267,0.06097228014512934,0.1453756320538107,0.6293706293706294,0.3706293706293706,0.3860138477981027,2.783585442550423,0.6925138584624648,0.6321092410412508,0.6092264602076549,0.007347071314681441,0.0035600030233445793,0.008005658962911943,0.003931741874459246,143,-0.04837599798535634,-0.006048604860486049,0.16925575871848986,0.46153846153846156,0.5384615384615384,-0.2858159648547996,-2.0610482332603866,0.4533667403880944,0.43505433038270563,0.4761092434226167,-0.0028385186492011563,-0.004231622889831933,-0.001004538206569778,-0.003990076254826545,13,0.04147749791563389,0.08298229822982298,0.1774883096657317,0.75,0.25,0.23369143575568177,1.6851729085078186,0.5889929070918407,0.5884325316782048,0.5737082407069551,0.0038235003122537537,0.00327022628378916,0.008900783978494666,0.005260209181850621,4,0.10449300509052901,0.014639509189538782,0.1453756320538107,0.16925575871848986,0.1774883096657317,False
core_plus_fundamental_20240301,XGBRanker,rank:ndcg,core_plus_fundamental,2024-03-01,2021-03-05,2023-11-24,2023-12-01,2024-02-23,143,14300,13,1300,6,"[""macd_hist_atr"", ""ret_20d"", ""body_range_ratio"", ""signed_volume_pressure_20"", ""vol_ratio_5_20"", ""gross_margin_change_yoy""]","{""colsample_bytree"": 0.85, ""gamma"": 0.1, ""learning_rate"": 0.03, ""max_depth"": 5, ""min_child_weight"": 10, ""n_estimators"": 400, ""reg_alpha"": 1.0, ""reg_lambda"": 10.0, ""subsample"": 0.7}",0.055385603675181756,0.05994017383817509,0.14447789912216707,0.6433566433566433,0.35664335664335667,0.3833500072446998,2.764376215140514,0.7027402586992589,0.6340045095550569,0.6108305401444901,0.008103348195138008,0.0037617711566940147,0.008276255783703461,0.0038615613392680155,143,-0.0659663704836239,-0.09875817209216994,0.18643901759883383,0.46153846153846156,0.5384615384615384,-0.3538227745093875,-2.551452311841059,0.47013888924032204,0.4670160820306386,0.4869552980720358,-0.004328726831047617,-0.004338410795181696,-0.0013678569701698626,-0.0017714331619863796,13,-0.07227362736273626,-0.11977197719771976,0.09980981126555137,0.2,0.8,-0.7241134558450065,-5.221656388605201,0.47549203913611515,0.4835211014125015,0.496865536963893,-0.0002186340508953775,-0.0012827049778501944,-0.0032222189969616025,-0.002957688454586066,5,0.12135197415880566,0.12765923103791801,0.14447789912216707,0.18643901759883383,0.09980981126555137,False
core_plus_fundamental_20240405,XGBRanker,rank:ndcg,core_plus_fundamental,2024-04-05,2021-04-09,2023-12-29,2024-01-05,2024-03-28,143,14300,13,1300,6,"[""macd_hist_atr"", ""ret_20d"", ""body_range_ratio"", ""signed_volume_pressure_20"", ""vol_ratio_5_20"", ""gross_margin_change_yoy""]","{""colsample_bytree"": 0.85, ""gamma"": 0.1, ""learning_rate"": 0.03, ""max_depth"": 5, ""min_child_weight"": 10, ""n_estimators"": 400, ""reg_alpha"": 1.0, ""reg_lambda"": 10.0, ""subsample"": 0.7}",0.04995660248304908,0.06445263862206814,0.1508637947331128,0.6223776223776224,0.3776223776223776,0.3311371198863541,2.387863729919432,0.6971768987635235,0.63211120578451,0.6064592394479646,0.007203594418165727,0.0038158719839948107,0.0075864890629906015,0.004157509525402129,143,-0.07192536418284515,-0.1329372937293729,0.15278073962017327,0.38461538461538464,0.6153846153846154,-0.4707750751937587,-3.394807345643024,0.477494900326337,0.4713510660794941,0.4849263349848974,-0.0035736120907039854,-0.00249663759627398,-0.0030812867413473883,-0.001967352189832701,13,0.014750869465048841,0.03514546118782249,0.09199289092905105,0.5,0.5,0.1603479281505063,1.1562853537221323,0.513964389759067,0.5235536844531272,0.536952411319874,-0.0012125484370736823,-1.6870549414299855e-05,-0.0036616807522648906,0.0009561402851510047,4,0.12188196666589424,0.03520573301800024,0.1508637947331128,0.15278073962017327,0.09199289092905105,False
core_plus_fundamental_20240503,XGBRanker,rank:ndcg,core_plus_fundamental,2024-05-03,2021-05-07,2024-01-26,2024-02-02,2024-04-26,143,14300,13,1300,6,"[""macd_hist_atr"", ""ret_20d"", ""body_range_ratio"", ""signed_volume_pressure_20"", ""vol_ratio_5_20"", ""gross_margin_change_yoy""]","{""colsample_bytree"": 0.85, ""gamma"": 0.1, ""learning_rate"": 0.03, ""max_depth"": 5, ""min_child_weight"": 10, ""n_estimators"": 400, ""reg_alpha"": 1.0, ""reg_lambda"": 10.0, ""subsample"": 0.7}",0.04766154870009804,0.043684368436843674,0.15285367739834782,0.6153846153846154,0.38461538461538464,0.31181159335727704,2.2485053762675777,0.6938350959873747,0.6282338820703962,0.6048526776476835,0.0070255805080735026,0.003353610024053477,0.007311075256770095,0.003924006410702869,143,-0.004294156728430584,0.009816981698169814,0.1323084256166901,0.5384615384615384,0.46153846153846156,-0.032455655854232275,-0.23404106272249492,0.4554665815983159,0.47566779517734054,0.5063130231488537,-0.0009790971178831646,-0.0018428761356638792,-0.0010289739286885298,-0.000586258367409403,13,-0.03579232192140316,-0.07291929192919291,0.08081513342729649,0.2,0.8,-0.4428913299215538,-3.1937347989812013,0.33378928402594926,0.37642237224252545,0.4391237802335807,-0.006551355777245131,-0.001953486166053651,-0.01203071024199334,-0.003349685019144499,5,0.05195570542852862,0.0834538706215012,0.15285367739834782,0.1323084256166901,0.08081513342729649,False
core_plus_fundamental_20240607,XGBRanker,rank:ndcg,core_plus_fundamental,2024-06-07,2021-06-11,2024-03-01,2024-03-08,2024-05-31,143,14300,13,1300,6,"[""macd_hist_atr"", ""ret_20d"", ""body_range_ratio"", ""signed_volume_pressure_20"", ""vol_ratio_5_20"", ""gross_margin_change_yoy""]","{""colsample_bytree"": 0.85, ""gamma"": 0.1, ""learning_rate"": 0.03, ""max_depth"": 5, ""min_child_weight"": 10, ""n_estimators"": 400, ""reg_alpha"": 1.0, ""reg_lambda"": 10.0, ""subsample"": 0.7}",0.04702555745169671,0.046396639663966385,0.15680803074382185,0.6503496503496503,0.34265734265734266,0.2998925324719027,2.162555805912389,0.7045866488953424,0.6347714682936626,0.6089644230590274,0.006952841363760397,0.0035744254079482017,0.0076552562947491565,0.0038805903211075955,143,-0.013575161982847913,-0.017905790579057907,0.10596971534653479,0.46153846153846156,0.5384615384615384,-0.1281041657841145,-0.9237722766703286,0.4429758845732371,0.4423415841566314,0.4721551116923166,-0.0023028064272037838,-0.00349078855674853,-0.0012627823811279986,-0.004177165134175298,13,-0.06206291960075083,-0.04399039903990398,0.20296269838713446,0.5,0.5,-0.30578485649797077,-2.2050459587276627,0.45892286998980913,0.43545561505418373,0.4834203854629604,-0.00908627078940987,-0.007526524226638232,-0.012259591659595281,-0.01072321670341058,4,0.06060071943454462,0.10908847705244754,0.15680803074382185,0.10596971534653479,0.20296269838713446,False
core_plus_fundamental_20240705,XGBRanker,rank:ndcg,core_plus_fundamental,2024-07-05,2021-07-09,2024-03-28,2024-04-05,2024-06-28,143,14300,13,1300,6,"[""macd_hist_atr"", ""ret_20d"", ""body_range_ratio"", ""signed_volume_pressure_20"", ""vol_ratio_5_20"", ""gross_margin_change_yoy""]","{""colsample_bytree"": 0.85, ""gamma"": 0.1, ""learning_rate"": 0.03, ""max_depth"": 5, ""min_child_weight"": 10, ""n_estimators"": 400, ""reg_alpha"": 1.0, ""reg_lambda"": 10.0, ""subsample"": 0.7}",0.044856727699034496,0.05136513651365136,0.15280690907730868,0.6153846153846154,0.38461538461538464,0.29355169847942153,2.1168314017341974,0.689228044010267,0.623054782845486,0.6012710927730954,0.006861591333990166,0.003416300451242238,0.007454472100491019,0.004032844941420691,143,-0.012234742285362869,0.017851838739470504,0.13065920435313821,0.5384615384615384,0.46153846153846156,-0.09363857943215013,-0.6752373990084499,0.4676880037098765,0.45984844641680955,0.4882775030872145,-0.0055622191582229,-0.00333172708924861,-0.006759301861626209,-0.0032680854478962518,13,-0.03376711700531121,-0.042289389524733684,0.16272190084390623,0.5,0.5,-0.20751427331040642,-1.4964067056226373,0.5739226593311784,0.5529500815887243,0.5015553023100553,-4.47009213531465e-05,0.0024623826993197388,-0.005048383440682776,-0.0010673411613857237,4,0.05709146998439736,0.0786238447043457,0.15280690907730868,0.13065920435313821,0.16272190084390623,False
core_plus_fundamental_20240802,XGBRanker,rank:ndcg,core_plus_fundamental,2024-08-02,2021-08-06,2024-04-26,2024-05-03,2024-07-26,143,14300,13,1300,6,"[""macd_hist_atr"", ""ret_20d"", ""body_range_ratio"", ""signed_volume_pressure_20"", ""vol_ratio_5_20"", ""gross_margin_change_yoy""]","{""colsample_bytree"": 0.85, ""gamma"": 0.1, ""learning_rate"": 0.03, ""max_depth"": 5, ""min_child_weight"": 10, ""n_estimators"": 400, ""reg_alpha"": 1.0, ""reg_lambda"": 10.0, ""subsample"": 0.7}",0.05002952880697225,0.05115526899293648,0.1487504447290643,0.6433566433566433,0.35664335664335667,0.3363319612125973,2.42532426345877,0.6913757800811392,0.623997587680659,0.6049150688274305,0.006635905211486374,0.003142290812918395,0.007191173903830772,0.003975325471982018,143,-0.03815099055612164,-0.04781278127812781,0.14180041637025076,0.46153846153846156,0.5384615384615384,-0.2690470982575026,-1.9401262165644475,0.4588302937182991,0.46311463066825637,0.4853512291671343,-0.007243273469953715,-0.0039488493030719225,-0.010249538797065381,-0.006968740190776145,13,0.01636138092002171,0.025496626152608465,0.1563009818937537,0.6,0.4,0.10467868289620492,0.7548487172606042,0.3740809150125187,0.40127517232416715,0.4782268550704093,-0.0043833789815519875,-0.0040533215820162585,-0.003614398038393956,-0.002800145698515805,5,0.08818051936309389,0.033668147886950536,0.1487504447290643,0.14180041637025076,0.1563009818937537,False
core_plus_fundamental_20240906,XGBRanker,rank:ndcg,core_plus_fundamental,2024-09-06,2021-09-10,2024-05-31,2024-06-07,2024-08-30,143,14300,13,1300,6,"[""macd_hist_atr"", ""ret_20d"", ""body_range_ratio"", ""signed_volume_pressure_20"", ""vol_ratio_5_20"", ""gross_margin_change_yoy""]","{""colsample_bytree"": 0.85, ""gamma"": 0.1, ""learning_rate"": 0.03, ""max_depth"": 5, ""min_child_weight"": 10, ""n_estimators"": 400, ""reg_alpha"": 1.0, ""reg_lambda"": 10.0, ""subsample"": 0.7}",0.05308141885794835,0.06023402340234023,0.1469764710083251,0.6643356643356644,0.3356643356643357,0.3611558945032889,2.604332192135342,0.6773348477965695,0.6179597781622341,0.5985055936864486,0.0061429808057321044,0.0028118983640918966,0.007018044328420957,0.003703572841205384,143,-0.021223774824163086,-0.026300708973142593,0.1617338857513289,0.46153846153846156,0.5384615384615384,-0.13122651895469406,-0.946287885583593,0.46217207637383245,0.4532634634900712,0.4949910146593495,-0.0028840704263746898,-0.004097997289585225,-0.003149309327788227,-0.00577824707893891,13,-0.050999210803667594,-0.07396653432281872,0.11160535355735378,0.25,0.75,-0.4569602548452946,-3.2951872593876033,0.555388023972965,0.47621843481891835,0.4881567081345254,0.001486263718537631,-0.003930857444842031,0.0026793002316627046,-0.005928429146950417,4,0.07430519368211144,0.10408062966161594,0.1469764710083251,0.1617338857513289,0.11160535355735378,False
core_plus_fundamental_20241004,XGBRanker,rank:ndcg,core_plus_fundamental,2024-10-04,2021-10-08,2024-06-28,2024-07-05,2024-09-27,143,14300,13,1300,6,"[""macd_hist_atr"", ""ret_20d"", ""body_range_ratio"", ""signed_volume_pressure_20"", ""vol_ratio_5_20"", ""gross_margin_change_yoy""]","{""colsample_bytree"": 0.85, ""gamma"": 0.1, ""learning_rate"": 0.03, ""max_depth"": 5, ""min_child_weight"": 10, ""n_estimators"": 400, ""reg_alpha"": 1.0, ""reg_lambda"": 10.0, ""subsample"": 0.7}",0.04947464514198958,0.06078607860786078,0.15298210435736043,0.6713286713286714,0.32867132867132864,0.3234015203923373,2.3320815286751704,0.6767441328685163,0.6182556916772339,0.598853060161413,0.00597667647540393,0.0029114539073548077,0.00684118743171875,0.0037240071210900283,143,-0.02235554512490106,-0.06251425142514251,0.1369294417845317,0.38461538461538464,0.6153846153846154,-0.16326324589914792,-1.1773080089761274,0.48669789220880644,0.4677277735899479,0.4938448240808684,0.001412493628248795,-0.0022652497260140423,0.0022510085241962815,-0.003283528342892408,13,-0.013027363259467678,-0.015967596759675965,0.05402885429906317,0.25,0.75,-0.2411186287119467,-1.7387311585809748,0.45394846829307905,0.4647804598433178,0.5116085649848474,-0.004535627917642606,-0.004696655909544248,-0.0018765952347811455,-0.002096294967233423,4,0.07183019026689064,0.06250200840145725,0.15298210435736043,0.1369294417845317,0.05402885429906317,False
core_plus_fundamental_20241101,XGBRanker,rank:ndcg,core_plus_fundamental,2024-11-01,2021-11-05,2024-07-26,2024-08-02,2024-10-25,143,14300,13,1300,6,"[""macd_hist_atr"", ""ret_20d"", ""body_range_ratio"", ""signed_volume_pressure_20"", ""vol_ratio_5_20"", ""gross_margin_change_yoy""]","{""colsample_bytree"": 0.85, ""gamma"": 0.1, ""learning_rate"": 0.03, ""max_depth"": 5, ""min_child_weight"": 10, ""n_estimators"": 400, ""reg_alpha"": 1.0, ""reg_lambda"": 10.0, ""subsample"": 0.7}",0.04528135942164423,0.04945694569456945,0.15228672405579724,0.6363636363636364,0.36363636363636365,0.2973427900717946,2.1441693519867604,0.6803597523968706,0.6175480268194611,0.5960170166421984,0.006017382369517357,0.0026516596345644797,0.006988184002780916,0.0031999685268075686,143,-0.006194025957161046,-0.00186018601860186,0.1260926842650468,0.46153846153846156,0.5384615384615384,-0.049122801955276046,-0.35422956248842097,0.4243000373952498,0.4420699262253815,0.48335889762618234,-0.006312185800285023,-0.0035246514143436694,-0.004569837585918648,-0.0024158777545721846,13,-0.06717324573605882,-0.10103810381038102,0.09406365186562814,0.2,0.8,-0.714125428938451,-5.1496317023006,0.48026774654776616,0.4978243371527915,0.5148234174101838,0.0014910717486374167,-0.0024801013653113356,0.004619170079710388,-0.0022039962412656626,5,0.05147538537880527,0.11245460515770304,0.15228672405579724,0.1260926842650468,0.09406365186562814,False
core_plus_fundamental_20241206,XGBRanker,rank:ndcg,core_plus_fundamental,2024-12-06,2021-12-10,2024-08-30,2024-09-06,2024-11-29,143,14300,13,1300,6,"[""macd_hist_atr"", ""ret_20d"", ""body_range_ratio"", ""signed_volume_pressure_20"", ""vol_ratio_5_20"", ""gross_margin_change_yoy""]","{""colsample_bytree"": 0.85, ""gamma"": 0.1, ""learning_rate"": 0.03, ""max_depth"": 5, ""min_child_weight"": 10, ""n_estimators"": 400, ""reg_alpha"": 1.0, ""reg_lambda"": 10.0, ""subsample"": 0.7}",0.054699933470124064,0.0588240588783292,0.14798087043879526,0.6643356643356644,0.3356643356643357,0.3696419226885674,2.665525811629451,0.6756183434063291,0.6252987855589394,0.6061231509129349,0.005708612616843859,0.0035159964288164064,0.006503500769665686,0.004292107331999182,143,-0.046894364705090424,-0.04472847284728473,0.09366161097749401,0.23076923076923078,0.7692307692307693,-0.5006786047739312,-3.6104447640803565,0.4813044476624088,0.4683143746788062,0.48333983683360215,-0.001678449370512469,-0.0033966067446761414,0.00014853539262235196,-0.002808035464573827,13,-0.00666397529819189,-0.07786688900259203,0.1992799746388877,0.25,0.75,-0.03344026568784737,-0.24114118520534553,0.4071232382780223,0.41397849117953256,0.4786937479524461,0.0031817715025085676,0.001560340931297732,0.002826169864309746,0.0010329707665822528,4,0.10159429817521448,0.061363908768315954,0.14798087043879526,0.09366161097749401,0.1992799746388877,False
core_plus_fundamental_20250103,XGBRanker,rank:ndcg,core_plus_fundamental,2025-01-03,2022-01-07,2024-09-27,2024-10-04,2024-12-27,143,14300,13,1300,6,"[""macd_hist_atr"", ""ret_20d"", ""body_range_ratio"", ""signed_volume_pressure_20"", ""vol_ratio_5_20"", ""gross_margin_change_yoy""]","{""colsample_bytree"": 0.85, ""gamma"": 0.1, ""learning_rate"": 0.03, ""max_depth"": 5, ""min_child_weight"": 10, ""n_estimators"": 400, ""reg_alpha"": 1.0, ""reg_lambda"": 10.0, ""subsample"": 0.7}",0.05160779129650644,0.06003072344534858,0.1431121845431753,0.6573426573426573,0.34265734265734266,0.36061074367107404,2.6004010535785174,0.6693615967186264,0.6105532414094289,0.5976893999141906,0.0057624829166296205,0.002348054106251505,0.00646752008667371,0.003174715243475943,143,-0.03847275517421103,-0.08182418241824181,0.15447069209290662,0.3076923076923077,0.6923076923076923,-0.2490618424307411,-1.7960104872911393,0.4469817520477475,0.44375840697456415,0.4924663154757932,-0.0032625972358602453,-0.0025670883313251205,-0.000665410062874625,-0.0013271320953671063,13,-0.03944515126696302,0.03528363421448288,0.1921716434626698,0.6,0.4,-0.2052599985940455,-1.4801508994649948,0.5947643116608334,0.5477745704675336,0.5099882702175034,0.0038624744038015775,-0.0013604012766446616,0.008853986756452718,0.0034711136540669305,5,0.09008054647071748,0.09105294256346946,0.1431121845431753,0.15447069209290662,0.1921716434626698,False
core_plus_fundamental_20250207,XGBRanker,rank:ndcg,core_plus_fundamental,2025-02-07,2022-02-11,2024-11-01,2024-11-08,2025-01-31,143,14300,13,1300,6,"[""macd_hist_atr"", ""ret_20d"", ""body_range_ratio"", ""signed_volume_pressure_20"", ""vol_ratio_5_20"", ""gross_margin_change_yoy""]","{""colsample_bytree"": 0.85, ""gamma"": 0.1, ""learning_rate"": 0.03, ""max_depth"": 5, ""min_child_weight"": 10, ""n_estimators"": 400, ""reg_alpha"": 1.0, ""reg_lambda"": 10.0, ""subsample"": 0.7}",0.04484306696329004,0.04844429778051423,0.14577947086984155,0.6433566433566433,0.35664335664335667,0.3076089294035642,2.218199535510266,0.6840808406836973,0.6171521047032252,0.5946219597340514,0.006762440337375535,0.002642617778421727,0.007805562503369157,0.003634816112175179,143,-0.046043637150351986,-0.08019201920192016,0.18284254759775503,0.38461538461538464,0.6153846153846154,-0.251821240489636,-1.815908789672662,0.4662281978089766,0.4598974774741747,0.49134022975390923,-0.002135880737345707,-0.003273761677945089,0.0025694089149029815,-0.00016124923441766136,13,-0.0007187223274553248,-0.02261337639666333,0.12892374992717298,0.5,0.5,-0.00557478608760077,-0.04020035417717572,0.457337513636648,0.4783804237014755,0.5234341382131151,0.003819507826430462,0.004988066703377817,-0.009999674175232311,-0.002950500027549643,4,0.09088670411364203,0.045561789290745364,0.14577947086984155,0.18284254759775503,0.12892374992717298,False
core_plus_fundamental_20250307,XGBRanker,rank:ndcg,core_plus_fundamental,2025-03-07,2022-03-11,2024-11-29,2024-12-06,2025-02-28,143,14300,13,1300,6,"[""macd_hist_atr"", ""ret_20d"", ""body_range_ratio"", ""signed_volume_pressure_20"", ""vol_ratio_5_20"", ""gross_margin_change_yoy""]","{""colsample_bytree"": 0.85, ""gamma"": 0.1, ""learning_rate"": 0.03, ""max_depth"": 5, ""min_child_weight"": 10, ""n_estimators"": 400, ""reg_alpha"": 1.0, ""reg_lambda"": 10.0, ""subsample"": 0.7}",0.04602771621686964,0.04942709099059447,0.14629446409858657,0.6573426573426573,0.34265734265734266,0.31462377267981895,2.2687842897540267,0.6758566086429592,0.6171667401341003,0.5944242458871699,0.006793630748861993,0.0030198239827799673,0.007341141088666473,0.003877816009093668,143,-0.014879751013895085,-0.09402968505798413,0.1897461368734028,0.46153846153846156,0.5384615384615384,-0.07841925669254991,-0.5654893019775226,0.490778484223289,0.47199127335350843,0.510199665879223,0.0021744378886345613,0.0005834820312208688,0.0033255252944683214,0.0003677401003134626,13,0.16221788736940046,0.19974593168440513,0.17327990245673192,0.75,0.25,0.9361610034949457,6.750753000381699,0.5407097465450356,0.5605647803476904,0.5846328409022477,-0.0033564795077610874,0.0027251002195141007,0.012013748980035328,0.011944993303769942,4,0.06090746723076472,-0.11619017115253083,0.14629446409858657,0.1897461368734028,0.17327990245673192,False
core_plus_fundamental_20250404,XGBRanker,rank:ndcg,core_plus_fundamental,2025-04-04,2022-04-08,2024-12-27,2025-01-03,2025-03-28,143,14300,13,1300,6,"[""macd_hist_atr"", ""ret_20d"", ""body_range_ratio"", ""signed_volume_pressure_20"", ""vol_ratio_5_20"", ""gross_margin_change_yoy""]","{""colsample_bytree"": 0.85, ""gamma"": 0.1, ""learning_rate"": 0.03, ""max_depth"": 5, ""min_child_weight"": 10, ""n_estimators"": 400, ""reg_alpha"": 1.0, ""reg_lambda"": 10.0, ""subsample"": 0.7}",0.039093623780348016,0.04030015091572569,0.15584158347012123,0.6013986013986014,0.3986013986013986,0.25085489321817145,1.8089403603983216,0.6809120950729425,0.6167760466247317,0.5953933299265172,0.006786449226236385,0.0025879809080165557,0.008191666523961064,0.0037457337993489956,143,0.027440497503800274,0.026403432458102647,0.19371363071447273,0.6153846153846154,0.38461538461538464,0.14165496461241092,1.0214884766681689,0.46136114526785205,0.49928072993523054,0.5241518010223241,-0.001365511412584042,0.00025550467003950195,0.0005514168655326403,0.002614125708041067,13,0.052106210621062105,0.04593459345934593,0.1059969925051197,0.75,0.25,0.4915819721823273,3.5448480135941867,0.5850422074481061,0.5706280102206699,0.5709755484755233,0.011849695856104007,0.010556498360951239,0.014363063366765964,0.00841065760496601,4,0.011653126276547743,-0.013012586840714088,0.15584158347012123,0.19371363071447273,0.1059969925051197,False
core_plus_fundamental_20250502,XGBRanker,rank:ndcg,core_plus_fundamental,2025-05-02,2022-05-06,2025-01-24,2025-01-31,2025-04-25,143,14300,13,1300,6,"[""macd_hist_atr"", ""ret_20d"", ""body_range_ratio"", ""signed_volume_pressure_20"", ""vol_ratio_5_20"", ""gross_margin_change_yoy""]","{""colsample_bytree"": 0.85, ""gamma"": 0.1, ""learning_rate"": 0.03, ""max_depth"": 5, ""min_child_weight"": 10, ""n_estimators"": 400, ""reg_alpha"": 1.0, ""reg_lambda"": 10.0, ""subsample"": 0.7}",0.03912426502074869,0.04538267441566906,0.15743150520777405,0.6083916083916084,0.3916083916083916,0.24851610844419925,1.7920751435486593,0.6746044478317845,0.6108135556562782,0.5917126631057497,0.007002977515431893,0.0025919078153478657,0.007858804153391108,0.0031803738243145418,143,0.07890945156815815,0.10304230423042304,0.11333113867266774,0.6923076923076923,0.3076923076923077,0.6962733498696319,5.020898529388071,0.5578942933957137,0.5645054080561237,0.5806561492827906,0.0038788858514448373,0.005234902374130943,0.00487743041562712,0.005092704557030925,13,0.009054872949877467,-0.00012001200120012,0.034457818370776105,0.4,0.6,0.2627813767094716,1.8949434559260367,0.4501824120657537,0.436632323612518,0.5059406892342165,-0.0021170051511228078,-0.0016856347385860858,-0.005605029739570411,-0.0061927116202385646,5,-0.03978518654740946,0.030069392070871226,0.15743150520777405,0.11333113867266774,0.034457818370776105,False
core_plus_fundamental_20250606,XGBRanker,rank:ndcg,core_plus_fundamental,2025-06-06,2022-06-10,2025-02-28,2025-03-07,2025-05-30,143,14300,13,1300,6,"[""macd_hist_atr"", ""ret_20d"", ""body_range_ratio"", ""signed_volume_pressure_20"", ""vol_ratio_5_20"", ""gross_margin_change_yoy""]","{""colsample_bytree"": 0.85, ""gamma"": 0.1, ""learning_rate"": 0.03, ""max_depth"": 5, ""min_child_weight"": 10, ""n_estimators"": 400, ""reg_alpha"": 1.0, ""reg_lambda"": 10.0, ""subsample"": 0.7}",0.034864738657158945,0.034587458745874586,0.15264206899550925,0.6153846153846154,0.38461538461538464,0.2284084517891635,1.647076769350347,0.6709211724495752,0.6003380234655009,0.5892718439589126,0.006832478478814936,0.002123797342893129,0.007781349053547645,0.003281809319144526,143,0.07177515700902158,0.06067806780678067,0.11642789536136224,0.6153846153846154,0.38461538461538464,0.6164773208881769,4.445481181245978,0.555974750211609,0.5517911758900385,0.5543776361413972,0.0060892353959910534,0.005267027677646066,0.0060675449142766945,0.005232565069845961,13,-0.16833175432832703,-0.19138741234191536,0.10280179619860003,0.0,1.0,-1.6374398167433908,-11.807746439509307,0.3620756771594118,0.39445601853964085,0.3997350040674884,-0.008652372189633752,-0.006012275273919953,-0.003269854419505436,-0.0027483007941545125,4,-0.03691041835186264,0.20319649298548598,0.15264206899550925,0.11642789536136224,0.10280179619860003,False
core_plus_fundamental_20250703,XGBRanker,rank:ndcg,core_plus_fundamental,2025-07-03,2022-07-08,2025-03-28,2025-04-04,2025-06-27,143,14300,13,1300,6,"[""macd_hist_atr"", ""ret_20d"", ""body_range_ratio"", ""signed_volume_pressure_20"", ""vol_ratio_5_20"", ""gross_margin_change_yoy""]","{""colsample_bytree"": 0.85, ""gamma"": 0.1, ""learning_rate"": 0.03, ""max_depth"": 5, ""min_child_weight"": 10, ""n_estimators"": 400, ""reg_alpha"": 1.0, ""reg_lambda"": 10.0, ""subsample"": 0.7}",0.04065740356717618,0.038463846384638456,0.1573512187826808,0.6223776223776224,0.3776223776223776,0.2583863276161114,1.8632503061974532,0.6766884168586711,0.6089874334357691,0.5944639295173444,0.007229317067243969,0.0023750586839172134,0.009265644532014217,0.0037065762819811173,143,-0.01305355995108973,0.015817581758175818,0.12193423685106707,0.5384615384615384,0.46153846153846156,-0.10705409971961863,-0.7719780915754401,0.5065939922567786,0.5032492666436442,0.5202482684870234,0.001378180211238073,0.0028238482026783523,0.0010761486165124996,0.0026962908033992903,13,0.00417004254995904,-0.03432343234323432,0.08796125753445144,0.25,0.75,0.04740771865756666,0.34186192094525486,0.47776534337749027,0.47888431806296483,0.5243624071091961,-0.00898871053237927,-0.0069160022209766355,-0.007790234182181439,-0.005069078015604023,4,0.05371096351826592,0.03648736101721714,0.1573512187826808,0.12193423685106707,0.08796125753445144,False
core_plus_fundamental_20250801,XGBRanker,rank:ndcg,core_plus_fundamental,2025-08-01,2022-08-05,2025-04-25,2025-05-02,2025-07-25,143,14300,13,1300,6,"[""macd_hist_atr"", ""ret_20d"", ""body_range_ratio"", ""signed_volume_pressure_20"", ""vol_ratio_5_20"", ""gross_margin_change_yoy""]","{""colsample_bytree"": 0.85, ""gamma"": 0.1, ""learning_rate"": 0.03, ""max_depth"": 5, ""min_child_weight"": 10, ""n_estimators"": 400, ""reg_alpha"": 1.0, ""reg_lambda"": 10.0, ""subsample"": 0.7}",0.048404458229615255,0.04274355668160572,0.15197724541970492,0.6363636363636364,0.36363636363636365,0.31849806262733643,2.296722191877605,0.670648658925212,0.609376324105526,0.5971073505564659,0.006644962279722786,0.0022484554859350248,0.008292634151055168,0.003889935082689655,143,-0.04913100715957159,-0.030987098709870986,0.10454192153078593,0.3076923076923077,0.6923076923076923,-0.469964646145358,-3.388963258664756,0.45471274925475375,0.46545804591675544,0.49701977307859796,-0.004662346940753976,-0.0013091957531918123,-0.0039956813710041155,-0.0018671317667318939,13,-0.01529683174745744,-0.025214824062110626,0.1923972028107149,0.2,0.8,-0.07950651841080475,-0.5733296577275564,0.45552667340297726,0.4790669079784481,0.5109054076540265,-0.0005452447728411514,0.004104838677339468,-0.0035317208752776467,0.0027470617818690915,5,0.09753546538918684,0.0637012899770727,0.15197724541970492,0.10454192153078593,0.1923972028107149,False
core_plus_fundamental_20250905,XGBRanker,rank:ndcg,core_plus_fundamental,2025-09-05,2022-09-09,2025-05-30,2025-06-06,2025-08-29,143,14300,13,1300,6,"[""macd_hist_atr"", ""ret_20d"", ""body_range_ratio"", ""signed_volume_pressure_20"", ""vol_ratio_5_20"", ""gross_margin_change_yoy""]","{""colsample_bytree"": 0.85, ""gamma"": 0.1, ""learning_rate"": 0.03, ""max_depth"": 5, ""min_child_weight"": 10, ""n_estimators"": 400, ""reg_alpha"": 1.0, ""reg_lambda"": 10.0, ""subsample"": 0.7}",0.0510723288010832,0.05006900690069006,0.1441326687283695,0.6573426573426573,0.34265734265734266,0.3543424905101385,2.5552000372198327,0.6714627141282112,0.6051478428396555,0.5952568220690486,0.007711083220641699,0.0026932767721128837,0.008943861116524367,0.0039008283788605066,143,-0.05823688393955589,-0.056909690969096906,0.1360783058058989,0.15384615384615385,0.8461538461538461,-0.4279659685256851,-3.0861064873459307,0.45919112510182836,0.4782386686954039,0.49411357499693503,-0.0031755828314061238,-0.0004799653848952549,-0.0025498814890669882,0.0015389914420852308,13,-0.10675093449426366,-0.07077757373230817,0.12095978367354045,0.0,1.0,-0.8825324521278478,-6.364032016815847,0.4126534660867171,0.47914522583315194,0.4693083711886785,-0.002641461969182614,-0.0005682693452309885,-0.0036534702336023343,0.0004919315993578027,4,0.1093092127406391,0.15782326329534685,0.1441326687283695,0.1360783058058989,0.12095978367354045,False
core_plus_fundamental_20251003,XGBRanker,rank:ndcg,core_plus_fundamental,2025-10-03,2022-10-07,2025-06-27,2025-07-03,2025-09-26,143,14300,13,1300,6,"[""macd_hist_atr"", ""ret_20d"", ""body_range_ratio"", ""signed_volume_pressure_20"", ""vol_ratio_5_20"", ""gross_margin_change_yoy""]","{""colsample_bytree"": 0.85, ""gamma"": 0.1, ""learning_rate"": 0.03, ""max_depth"": 5, ""min_child_weight"": 10, ""n_estimators"": 400, ""reg_alpha"": 1.0, ""reg_lambda"": 10.0, ""subsample"": 0.7}",0.04522329704571198,0.04886903351067153,0.14393017775890243,0.6503496503496503,0.34965034965034963,0.3142030236457122,2.265750225320879,0.6724334168285246,0.611986556215248,0.5938170906263422,0.008217758659603391,0.00379759638903729,0.009399382180585053,0.0046449377836549465,143,-0.05017326399593532,-0.0596586817766549,0.14129377819309633,0.23076923076923078,0.7692307692307693,-0.3550988913847787,-2.5606545214964744,0.4047571591631194,0.4490201910795841,0.4897973017026809,-0.0040417014768057875,-0.0023388763929711384,-0.0034014031559652263,-0.001765387265569258,13,-0.08894237163299945,-0.07861986198619861,0.09605389721975863,0.2,0.8,-0.9259631749195043,-6.677215412727407,0.6035278436937161,0.5174403865077212,0.5267837599679274,0.009389715563197978,0.0022116959369367726,0.004281412809902792,-0.0019598086736181937,5,0.0953965610416473,0.13416566867871144,0.14393017775890243,0.14129377819309633,0.09605389721975863,False
core_plus_fundamental_20251107,XGBRanker,rank:ndcg,core_plus_fundamental,2025-11-07,2022-11-11,2025-08-01,2025-08-08,2025-10-31,143,14300,13,1300,6,"[""macd_hist_atr"", ""ret_20d"", ""body_range_ratio"", ""signed_volume_pressure_20"", ""vol_ratio_5_20"", ""gross_margin_change_yoy""]","{""colsample_bytree"": 0.85, ""gamma"": 0.1, ""learning_rate"": 0.03, ""max_depth"": 5, ""min_child_weight"": 10, ""n_estimators"": 400, ""reg_alpha"": 1.0, ""reg_lambda"": 10.0, ""subsample"": 0.7}",0.04853971586524639,0.05144929927805718,0.14659097535162646,0.6643356643356644,0.3356643356643357,0.3311234934402654,2.3877654682192815,0.672525342869335,0.611537474716206,0.5964175489559229,0.007399043519498304,0.003164186279995274,0.008902788817137023,0.004504587113659126,143,-0.05647326973105836,-0.04950495049504951,0.13996215532240583,0.15384615384615385,0.8461538461538461,-0.40348956902650557,-2.909604660479865,0.4938873014382519,0.4826100396981476,0.4941285005088188,0.0053203494110549785,0.005454794493798284,0.003708825246716736,0.004422515483015806,13,0.016370112521641698,0.05999098119524867,0.1532987614477094,0.5,0.5,0.10678568024325222,0.7700424912046955,0.4201539172596078,0.44260104927603405,0.46233800826904176,0.0007583903120202853,-0.000139937845406851,-0.004581106785672927,-0.0002071357175209348,4,0.10501298559630476,0.03216960334360469,0.14659097535162646,0.13996215532240583,0.1532987614477094,False
core_plus_fundamental_20251205,XGBRanker,rank:ndcg,core_plus_fundamental,2025-12-05,2022-12-09,2025-08-29,2025-09-05,2025-11-28,143,14300,13,1300,6,"[""macd_hist_atr"", ""ret_20d"", ""body_range_ratio"", ""signed_volume_pressure_20"", ""vol_ratio_5_20"", ""gross_margin_change_yoy""]","{""colsample_bytree"": 0.85, ""gamma"": 0.1, ""learning_rate"": 0.03, ""max_depth"": 5, ""min_child_weight"": 10, ""n_estimators"": 400, ""reg_alpha"": 1.0, ""reg_lambda"": 10.0, ""subsample"": 0.7}",0.043941604487064086,0.045088508850885084,0.1441865572697942,0.6083916083916084,0.3916083916083916,0.3047552096333287,2.1976210695954874,0.6819244814779374,0.6168447663698484,0.6000023723346738,0.007593445491705382,0.0033948795435172615,0.008788417122105775,0.004282726282661754,143,-0.059628063880062504,-0.04384038403840383,0.13951961851977845,0.3076923076923077,0.6923076923076923,-0.4273812135718359,-3.081889759406561,0.46550047364614444,0.46719357506669085,0.48466247499847676,0.0030038077901706024,0.0036231182369015793,0.0006100556233033723,0.001726335215493969,13,0.04597659765976597,0.05091509150915091,0.054908513718969994,0.75,0.25,0.8373309446160042,6.038079310691401,0.6290106498175414,0.5417520036614032,0.5510060129091681,0.008698476209407882,0.0005877005729418817,0.01745328777139776,0.002174243717859147,4,0.10356966836712658,-0.0020349931727018863,0.1441865572697942,0.13951961851977845,0.054908513718969994,False
core_plus_fundamental_20260102,XGBRanker,rank:ndcg,core_plus_fundamental,2026-01-02,2023-01-06,2025-09-26,2025-10-03,2025-12-26,143,14300,13,1300,6,"[""macd_hist_atr"", ""ret_20d"", ""body_range_ratio"", ""signed_volume_pressure_20"", ""vol_ratio_5_20"", ""gross_margin_change_yoy""]","{""colsample_bytree"": 0.85, ""gamma"": 0.1, ""learning_rate"": 0.03, ""max_depth"": 5, ""min_child_weight"": 10, ""n_estimators"": 400, ""reg_alpha"": 1.0, ""reg_lambda"": 10.0, ""subsample"": 0.7}",0.042754205343519744,0.04295242409987559,0.14170636631743755,0.6363636363636364,0.36363636363636365,0.3017098416576833,2.1756606088177963,0.6899813536796663,0.6204252857341186,0.5973226526221616,0.008299275058899741,0.0035042942688843022,0.009626063752106806,0.004604335523669356,143,-0.017293238310217195,-0.00828082808280828,0.12284449523531141,0.46153846153846156,0.5384615384615384,-0.14077340850391062,-1.0151314851653763,0.48700143290679593,0.5104928794240768,0.5195387631835154,0.010320074650404866,0.0067695412103386445,0.008950949125183533,0.0036140284784072292,13,0.016411579501507043,0.017293729372937293,0.11063273103974634,0.6,0.4,0.14834289407183626,1.0697158218534573,0.5962939996692499,0.5322581491689741,0.5668870201029763,0.014880657766473387,0.0075113645182317956,0.0073105149629683714,0.00339610726946086,5,0.06004744365373694,0.0263426258420127,0.14170636631743755,0.12284449523531141,0.11063273103974634,False
core_plus_fundamental_20260206,XGBRanker,rank:ndcg,core_plus_fundamental,2026-02-06,2023-02-10,2025-10-31,2025-11-07,2026-01-30,143,14300,13,1300,6,"[""macd_hist_atr"", ""ret_20d"", ""body_range_ratio"", ""signed_volume_pressure_20"", ""vol_ratio_5_20"", ""gross_margin_change_yoy""]","{""colsample_bytree"": 0.85, ""gamma"": 0.1, ""learning_rate"": 0.03, ""max_depth"": 5, ""min_child_weight"": 10, ""n_estimators"": 400, ""reg_alpha"": 1.0, ""reg_lambda"": 10.0, ""subsample"": 0.7}",0.03584080553945753,0.029882988298829877,0.1446409315128561,0.6083916083916084,0.3916083916083916,0.24779158405981297,1.786850523912202,0.6679649235246916,0.611573858992706,0.5934333818471491,0.00825113312208046,0.003448791518564523,0.00960846655964785,0.004507513958458412,143,0.027362748856018766,0.04868886888688869,0.12549057879695624,0.6923076923076923,0.3076923076923077,0.21804623995154004,1.5723537971348045,0.5164991227151873,0.5200832056353002,0.5290316220974053,0.005003810721041119,0.003828052556440163,0.004311854615171067,0.0013702594180601427,13,-0.09286828682868287,-0.13913591359135913,0.1784121248989354,0.25,0.75,-0.5205267684653703,-3.7535719079069287,0.34631950625009333,0.3763047503052824,0.42479155893166737,0.0009613756776565784,0.001632424746753871,-0.004000584596989045,-0.004427052482464369,4,0.008478056683438765,0.1287090923681404,0.1446409315128561,0.12549057879695624,0.1784121248989354,False
core_plus_fundamental_20260306,XGBRanker,rank:ndcg,core_plus_fundamental,2026-03-06,2023-03-10,2025-11-28,2025-12-05,2026-02-27,143,14300,13,1300,6,"[""macd_hist_atr"", ""ret_20d"", ""body_range_ratio"", ""signed_volume_pressure_20"", ""vol_ratio_5_20"", ""gross_margin_change_yoy""]","{""colsample_bytree"": 0.85, ""gamma"": 0.1, ""learning_rate"": 0.03, ""max_depth"": 5, ""min_child_weight"": 10, ""n_estimators"": 400, ""reg_alpha"": 1.0, ""reg_lambda"": 10.0, ""subsample"": 0.7}",0.037163892055559235,0.03443185637039285,0.14443270559173452,0.6153846153846154,0.38461538461538464,0.2573093947336954,1.8554844327418851,0.6658144929225941,0.6047278602983787,0.593579570034164,0.00827477406763879,0.0033321526885848676,0.009530796760471666,0.004396630543607103,143,-0.013118273209477687,0.026870687068706867,0.12764318693514148,0.5384615384615384,0.46153846153846156,-0.10277299967559875,-0.7411066401272304,0.4794316717420974,0.474054470572944,0.5146109806831524,0.003390718035207425,0.0033240853722090085,0.0016802366121633219,0.00019010408944479063,13,-0.08587473065102719,-0.07629762976297629,0.16096765440924582,0.25,0.75,-0.5334906007432921,-3.8470554319160533,0.5141321801846893,0.4795714265128357,0.47305842015074656,0.0011431062229273056,-0.0019934591677940473,1.7929869644459605e-05,-0.0007129682569896735,4,0.05028216526503692,0.12303862270658641,0.14443270559173452,0.12764318693514148,0.16096765440924582,False
core_plus_fundamental_20260402,XGBRanker,rank:ndcg,core_plus_fundamental,2026-04-02,2023-04-06,2025-12-26,2026-01-02,2026-03-27,143,14300,13,1300,6,"[""macd_hist_atr"", ""ret_20d"", ""body_range_ratio"", ""signed_volume_pressure_20"", ""vol_ratio_5_20"", ""gross_margin_change_yoy""]","{""colsample_bytree"": 0.85, ""gamma"": 0.1, ""learning_rate"": 0.03, ""max_depth"": 5, ""min_child_weight"": 10, ""n_estimators"": 400, ""reg_alpha"": 1.0, ""reg_lambda"": 10.0, ""subsample"": 0.7}",0.03738991987405192,0.0403120312031203,0.1422770652890487,0.6223776223776224,0.3776223776223776,0.2627965357458767,1.895052769292127,0.6688396791795858,0.6145676983453839,0.5932560124230722,0.00891103534469696,0.0037580274495418045,0.010338456613233016,0.005019647224508086,143,-0.048117502454731786,-0.010357035703570355,0.14364593486702829,0.38461538461538464,0.6153846153846154,-0.33497294928167454,-2.4155242890569517,0.46491160168223433,0.45016277193683607,0.47933329450608697,0.0007839456169802863,0.0009852790043172151,-0.0030976117233542,-0.0036394262809630014,13,0.008172637722010087,-0.00825697480706266,0.15478192348328082,0.5,0.5,0.052800983074053065,0.38075330373680905,0.6622624812604012,0.5933052820972075,0.547829396043798,0.009068755953769938,0.005139021951075477,0.010602998409145553,0.003408784232760844,4,0.08550742232878371,0.029217282152041835,0.1422770652890487,0.14364593486702829,0.15478192348328082,False
core_plus_fundamental_20260501,XGBRanker,rank:ndcg,core_plus_fundamental,2026-05-01,2023-05-05,2026-01-23,2026-01-30,2026-04-24,143,14300,13,1300,6,"[""macd_hist_atr"", ""ret_20d"", ""body_range_ratio"", ""signed_volume_pressure_20"", ""vol_ratio_5_20"", ""gross_margin_change_yoy""]","{""colsample_bytree"": 0.85, ""gamma"": 0.1, ""learning_rate"": 0.03, ""max_depth"": 5, ""min_child_weight"": 10, ""n_estimators"": 400, ""reg_alpha"": 1.0, ""reg_lambda"": 10.0, ""subsample"": 0.7}",0.03235201170165138,0.02279634802394906,0.13600910379529763,0.5804195804195804,0.4195804195804196,0.2378665162763165,1.7152798423004973,0.6566853730576241,0.6036921657711469,0.5929968539500864,0.007721996154994153,0.0033194868810224915,0.008898460656372212,0.004515877842112091,143,-0.04315733403473903,-0.044704470447044696,0.1407622116413183,0.38461538461538464,0.6153846153846154,-0.30659744210832607,-2.2109055968953433,0.5577885861024277,0.5094433017108092,0.5053807937068917,0.004030635885098435,0.0013210157852862304,0.0005264034945911037,-0.0013783654256675254,13,-0.041029702970297025,-0.0524092409240924,0.16999632664862874,0.2,0.8,-0.2413564091599622,-1.7404458177762203,0.5172048412064406,0.49493230901789564,0.5124856126370622,-0.009518586029092089,-0.007815705849775714,-0.008830922917811504,-0.004808884267278093,5,0.07550934573639041,0.0733817146719484,0.13600910379529763,0.1407622116413183,0.16999632664862874,False
core_plus_fundamental_20260605,XGBRanker,rank:ndcg,core_plus_fundamental,2026-06-05,2023-06-09,2026-02-27,2026-03-06,2026-05-29,143,14300,13,1300,6,"[""macd_hist_atr"", ""ret_20d"", ""body_range_ratio"", ""signed_volume_pressure_20"", ""vol_ratio_5_20"", ""gross_margin_change_yoy""]","{""colsample_bytree"": 0.85, ""gamma"": 0.1, ""learning_rate"": 0.03, ""max_depth"": 5, ""min_child_weight"": 10, ""n_estimators"": 400, ""reg_alpha"": 1.0, ""reg_lambda"": 10.0, ""subsample"": 0.7}",0.03957744260209119,0.04150015001500149,0.13693919906724875,0.6223776223776224,0.3776223776223776,0.2890147077803143,2.0841146965303285,0.6695223528817024,0.6041549274881511,0.5924658725204679,0.007881978864008848,0.003338226325158667,0.008813917943539461,0.004387244015454515,143,-0.056863628970822686,-0.09635763576357634,0.13931061412027046,0.3076923076923077,0.6923076923076923,-0.40817872586313375,-2.9434186513061755,0.5738430351435174,0.5120965541156152,0.5091388731322283,0.0034086280241627156,-0.002824824172830798,0.00437317388788516,-0.001087656858283813,13,-0.04370678627230677,-0.048724872487248716,0.12435873459758634,0.25,0.75,-0.35145730948242593,-2.5343947009510055,0.487447354340825,0.48078573509767764,0.5095235136274099,0.010188241175740805,-0.001521149830060855,0.0011720974702746825,-0.010327781143674594,4,0.09644107157291387,0.08328422887439796,0.13693919906724875,0.13931061412027046,0.12435873459758634,False
core_plus_fundamental_20260702,XGBRanker,rank:ndcg,core_plus_fundamental,2026-07-02,2023-07-07,2026-03-27,2026-04-02,2026-06-26,143,14300,13,1300,6,"[""macd_hist_atr"", ""ret_20d"", ""body_range_ratio"", ""signed_volume_pressure_20"", ""vol_ratio_5_20"", ""gross_margin_change_yoy""]","{""colsample_bytree"": 0.85, ""gamma"": 0.1, ""learning_rate"": 0.03, ""max_depth"": 5, ""min_child_weight"": 10, ""n_estimators"": 400, ""reg_alpha"": 1.0, ""reg_lambda"": 10.0, ""subsample"": 0.7}",0.03804007748627322,0.039075907590759074,0.1408818946215969,0.6293706293706294,0.3706293706293706,0.2700139545145055,1.9470983161857016,0.666464655134583,0.6090392179832701,0.5921613594888413,0.00864720328901502,0.003687366834204154,0.009924006530050851,0.004536973315989446,143,-0.04030789671096756,-0.07645964596459645,0.11684017420585545,0.3076923076923077,0.6923076923076923,-0.3449831959335398,-2.4877092042236355,0.5456165441465226,0.5142393736372578,0.5242684911314883,0.0023271415814026717,-0.003472758526754381,0.0008718171138631106,-0.005371940491131624,13,0.035138627236082125,0.08629721867726683,0.12355135280592354,0.8,0.2,0.28440503837524506,2.0508738977244994,0.46990466954278115,0.5155376434991676,0.5226960989002446,0.0005420324246216337,0.0029257462735647172,0.002560689887448086,0.002533323981197899,5,0.07834797419724078,0.002901450250191097,0.1408818946215969,0.11684017420585545,0.12355135280592354,False
core_plus_fundamental_20260807,XGBRanker,rank:ndcg,core_plus_fundamental,2026-08-07,2023-08-11,2026-05-01,2026-05-08,2026-07-31,143,14300,13,1300,6,"[""macd_hist_atr"", ""ret_20d"", ""body_range_ratio"", ""signed_volume_pressure_20"", ""vol_ratio_5_20"", ""gross_margin_change_yoy""]","{""colsample_bytree"": 0.85, ""gamma"": 0.1, ""learning_rate"": 0.03, ""max_depth"": 5, ""min_child_weight"": 10, ""n_estimators"": 400, ""reg_alpha"": 1.0, ""reg_lambda"": 10.0, ""subsample"": 0.7}",0.033493436538216716,0.037155715571557155,0.13457321678670858,0.5734265734265734,0.42657342657342656,0.2488863485466208,1.7947449828956872,0.6690326635358005,0.6064805055553681,0.5911331230946906,0.008575631713247083,0.003140343830912238,0.009590545349024942,0.00395115503425509,143,-0.0069536637728478635,-0.009240924092409241,0.13264293700778731,0.46153846153846156,0.5384615384615384,-0.05242392795056718,-0.37803432057399955,0.4729973052031884,0.4966045174115764,0.5195184259715412,0.0006978844443348774,-0.0013880975227523755,-0.0007416299598265277,-0.0033763186342899852,13,0.022186114342199807,0.051701480357848655,0.06461690609585843,0.6666666666666666,0.3333333333333333,0.34334844675613163,2.4759208602603,0.5499131406997009,0.5263844648257108,0.5512828340803928,-0.006011894343439017,-0.0010574858195430074,-0.0011986660351464718,-0.00028131893968575284,3,0.04044710031106458,0.01130732219601691,0.13457321678670858,0.13264293700778731,0.06461690609585843,False
core_plus_horizon_20240105,XGBRanker,rank:ndcg,core_plus_horizon,2024-01-05,2021-01-08,2023-09-29,2023-10-06,2023-12-29,143,14300,13,1300,6,"[""macd_hist_atr"", ""ret_20d"", ""body_range_ratio"", ""signed_volume_pressure_20"", ""vol_ratio_5_20"", ""ema20_distance""]","{""colsample_bytree"": 0.85, ""gamma"": 0.1, ""learning_rate"": 0.03, ""max_depth"": 5, ""min_child_weight"": 10, ""n_estimators"": 400, ""reg_alpha"": 1.0, ""reg_lambda"": 10.0, ""subsample"": 0.7}",0.06133676863867875,0.063018301830183,0.15275763252195562,0.6783216783216783,0.32167832167832167,0.4015299767745674,2.895473839793135,0.6702142569632275,0.6080872888159897,0.5977281644965975,0.0065757336228743956,0.0027141261312188685,0.00732173738235852,0.0035787354308156626,143,-0.06441724611402347,-0.05908208545506776,0.1611131255022103,0.3076923076923077,0.6923076923076923,-0.399826183703076,-2.8831876132290497,0.4583959846910614,0.4576040455312317,0.4658336721931605,-0.0024076134446547742,-0.002723028848301598,-0.0015798145806871417,-0.001605823036583585,13,-0.1319583712803074,-0.15508102892234898,0.14594798313544965,0.25,0.75,-0.9041465900754591,-6.519893782105976,0.4660610201406979,0.44519292220483053,0.44782881278507053,-0.009865598113110358,-0.0066309446444026915,-0.009060968272020428,-0.006196722598446253,4,0.1257540147527022,0.19329513991898617,0.15275763252195562,0.1611131255022103,0.14594798313544965,False
core_plus_horizon_20240202,XGBRanker,rank:ndcg,core_plus_horizon,2024-02-02,2021-02-05,2023-10-27,2023-11-03,2024-01-26,143,14300,13,1300,6,"[""macd_hist_atr"", ""ret_20d"", ""body_range_ratio"", ""signed_volume_pressure_20"", ""vol_ratio_5_20"", ""ema20_distance""]","{""colsample_bytree"": 0.85, ""gamma"": 0.1, ""learning_rate"": 0.03, ""max_depth"": 5, ""min_child_weight"": 10, ""n_estimators"": 400, ""reg_alpha"": 1.0, ""reg_lambda"": 10.0, ""subsample"": 0.7}",0.06253218918873985,0.0653105310531053,0.15181021826973157,0.6923076923076923,0.3076923076923077,0.4119102778551747,2.9703272553949027,0.6616709049987163,0.6029839396592438,0.5943548885465679,0.005694754387064635,0.002183993859671243,0.006565310091133738,0.002591821973251529,143,-0.0733848806137182,-0.04344447478109797,0.15576907975051382,0.3076923076923077,0.6923076923076923,-0.4711132705621324,-3.397246107126616,0.4698349891893637,0.451487296298153,0.4735432470529546,-0.0018120898822383059,-0.0034927428214630647,-0.000559472981972767,-0.0026015218841453774,13,0.015125881079865369,0.03948394839483948,0.1467916801657796,0.5,0.5,0.10304317698920615,0.7430549164425876,0.5135293974723267,0.5814678697856193,0.5523706824091714,0.0011299311407653063,0.003573358552433168,0.004029070881068096,0.005254500219763172,4,0.13591706980245805,0.04740630810887447,0.15181021826973157,0.15576907975051382,0.1467916801657796,False
core_plus_horizon_20240301,XGBRanker,rank:ndcg,core_plus_horizon,2024-03-01,2021-03-05,2023-11-24,2023-12-01,2024-02-23,143,14300,13,1300,6,"[""macd_hist_atr"", ""ret_20d"", ""body_range_ratio"", ""signed_volume_pressure_20"", ""vol_ratio_5_20"", ""ema20_distance""]","{""colsample_bytree"": 0.85, ""gamma"": 0.1, ""learning_rate"": 0.03, ""max_depth"": 5, ""min_child_weight"": 10, ""n_estimators"": 400, ""reg_alpha"": 1.0, ""reg_lambda"": 10.0, ""subsample"": 0.7}",0.06111870835689493,0.060912273964492475,0.15314307456387785,0.6643356643356644,0.3356643356643357,0.3990954767686969,2.877918410590568,0.6643982143986746,0.6031159267684452,0.5952315267016309,0.005798409473261335,0.0022136826053770066,0.006306212119955422,0.0026557065399353597,143,-0.0860900731273092,-0.06667866786678667,0.16311746426435553,0.3076923076923077,0.6923076923076923,-0.527779618911852,-3.805872956263052,0.4824999231195776,0.4946033884295185,0.48270924023516915,-0.004655936864121037,-0.00417771169071525,-0.00225129035356166,-0.002313280894008396,13,-0.023188718871887188,-0.04674467446744674,0.06172890656958598,0.4,0.6,-0.3756541328939129,-2.7088804759779332,0.46679274165590234,0.4699669231422424,0.47472783696656207,-0.0011686281954064674,-0.0012223727944281012,0.0025051041688490564,0.00015835762477107735,5,0.14720878148420413,0.08430742722878212,0.15314307456387785,0.16311746426435553,0.06172890656958598,False
core_plus_horizon_20240405,XGBRanker,rank:ndcg,core_plus_horizon,2024-04-05,2021-04-09,2023-12-29,2024-01-05,2024-03-28,143,14300,13,1300,6,"[""macd_hist_atr"", ""ret_20d"", ""body_range_ratio"", ""signed_volume_pressure_20"", ""vol_ratio_5_20"", ""ema20_distance""]","{""colsample_bytree"": 0.85, ""gamma"": 0.1, ""learning_rate"": 0.03, ""max_depth"": 5, ""min_child_weight"": 10, ""n_estimators"": 400, ""reg_alpha"": 1.0, ""reg_lambda"": 10.0, ""subsample"": 0.7}",0.05130980429202549,0.0591059105910591,0.15608802410680658,0.6223776223776224,0.3776223776223776,0.32872351729505944,2.3704589941164205,0.6605698066116004,0.6022771986838938,0.590123008950105,0.005460729912990275,0.002309589312365551,0.006328163130620727,0.0031069678499845376,143,-0.04230300759212794,-0.02977497749774977,0.13266864090113661,0.38461538461538464,0.6153846153846154,-0.3188621463579455,-2.2993476369961514,0.4952735696223695,0.4823045425276919,0.49326133954308066,-3.682620240866163e-05,-0.0020167552571825546,0.0019424018848094532,-0.0010632181010210844,13,0.0035929596271044428,0.01333365293900361,0.06895170936149045,0.5,0.5,0.0521083474271504,0.3757586370565656,0.5236033660472856,0.5275936159246097,0.50360365372586,-0.0013846647300197776,-0.0022938595612401096,0.0005491643354479212,-0.00275722881238445,4,0.09361281188415344,0.04771684466492104,0.15608802410680658,0.13266864090113661,0.06895170936149045,False
core_plus_horizon_20240503,XGBRanker,rank:ndcg,core_plus_horizon,2024-05-03,2021-05-07,2024-01-26,2024-02-02,2024-04-26,143,14300,13,1300,6,"[""macd_hist_atr"", ""ret_20d"", ""body_range_ratio"", ""signed_volume_pressure_20"", ""vol_ratio_5_20"", ""ema20_distance""]","{""colsample_bytree"": 0.85, ""gamma"": 0.1, ""learning_rate"": 0.03, ""max_depth"": 5, ""min_child_weight"": 10, ""n_estimators"": 400, ""reg_alpha"": 1.0, ""reg_lambda"": 10.0, ""subsample"": 0.7}",0.049473393731167076,0.05581758175817582,0.15725319393143966,0.6433566433566433,0.35664335664335667,0.31460978625805736,2.2686834322323834,0.6631245162143468,0.6073629516315278,0.5920764226795602,0.005432389330847665,0.0022097995301547,0.006760567848565488,0.0031750135605898657,143,0.005319744059643914,0.022142214221422138,0.11029443892493483,0.5384615384615384,0.46153846153846156,0.04823220564424352,0.3478073811580873,0.5044036025021188,0.48606969656311233,0.5024474963409553,0.001964951693715971,-0.0010986603206159403,0.0027503942305490414,-0.0003312005755977308,13,-0.07184754384330912,-0.07762376237623762,0.08961125652910001,0.2,0.8,-0.801769181977463,-5.781639793413122,0.29103698057082084,0.3633133445264364,0.41713446498210055,-0.007769748693694556,-0.0003188553498734253,-0.012767311180903759,-0.0032485483369391597,5,0.04415364967152316,0.12132093757447619,0.15725319393143966,0.11029443892493483,0.08961125652910001,False
core_plus_horizon_20240607,XGBRanker,rank:ndcg,core_plus_horizon,2024-06-07,2021-06-11,2024-03-01,2024-03-08,2024-05-31,143,14300,13,1300,6,"[""macd_hist_atr"", ""ret_20d"", ""body_range_ratio"", ""signed_volume_pressure_20"", ""vol_ratio_5_20"", ""ema20_distance""]","{""colsample_bytree"": 0.85, ""gamma"": 0.1, ""learning_rate"": 0.03, ""max_depth"": 5, ""min_child_weight"": 10, ""n_estimators"": 400, ""reg_alpha"": 1.0, ""reg_lambda"": 10.0, ""subsample"": 0.7}",0.04292449360381033,0.05402356442737915,0.15592849714693738,0.6153846153846154,0.38461538461538464,0.2752831867760576,1.9850952903884123,0.6680800963389751,0.6053874211201135,0.5968775024458913,0.005758896357675259,0.0018422236267514524,0.006836973936192223,0.0029687990879326965,143,-0.02630573155793251,-0.027386738673867383,0.11243152448101694,0.38461538461538464,0.6153846153846154,-0.23397113647048343,-1.6871898590458212,0.39218028522060777,0.4313040205584172,0.45987123564071136,-0.006170940821439208,-0.0013674107265751992,-0.007507606061044303,-0.002506318716065946,13,-0.0921394329451802,-0.09129312931293129,0.2080840467648557,0.5,0.5,-0.44279912072885574,-3.1930698690365173,0.41584602447924146,0.4192243720976841,0.4342896629858937,-0.005186902673522615,-0.004835238170369564,-0.0028186679181790575,-0.005281402225464001,4,0.06923022516174285,0.13506392654899052,0.15592849714693738,0.11243152448101694,0.2080840467648557,False
core_plus_horizon_20240705,XGBRanker,rank:ndcg,core_plus_horizon,2024-07-05,2021-07-09,2024-03-28,2024-04-05,2024-06-28,143,14300,13,1300,6,"[""macd_hist_atr"", ""ret_20d"", ""body_range_ratio"", ""signed_volume_pressure_20"", ""vol_ratio_5_20"", ""ema20_distance""]","{""colsample_bytree"": 0.85, ""gamma"": 0.1, ""learning_rate"": 0.03, ""max_depth"": 5, ""min_child_weight"": 10, ""n_estimators"": 400, ""reg_alpha"": 1.0, ""reg_lambda"": 10.0, ""subsample"": 0.7}",0.04194797421256614,0.05813381338133813,0.15917343236588063,0.6153846153846154,0.38461538461538464,0.26353627982428196,1.900387139702949,0.6493691704728275,0.6033742568837945,0.5912881040811626,0.005103226910032795,0.0026986293837886477,0.00606600437284177,0.0034613935498334584,143,-0.05466461456391247,0.001752175217521752,0.13825621022881054,0.5384615384615384,0.46153846153846156,-0.3953863227803215,-2.8511713208032092,0.3966328577633365,0.41633710114891886,0.44313741422314923,-0.006052148156836662,-0.002718745532364864,-0.008407519032520867,-0.003466750196161018,13,-0.00587182287191676,-0.02528675186250933,0.17897810641718112,0.5,0.5,-0.03280749243279004,-0.2365781923716426,0.687629424176363,0.5870115552632252,0.558128630468705,0.01678686146715914,0.001732331219415224,0.01216597673378836,-0.0030297164988799113,4,0.0966125887764786,0.0478197970844829,0.15917343236588063,0.13825621022881054,0.17897810641718112,False
core_plus_horizon_20240802,XGBRanker,rank:ndcg,core_plus_horizon,2024-08-02,2021-08-06,2024-04-26,2024-05-03,2024-07-26,143,14300,13,1300,6,"[""macd_hist_atr"", ""ret_20d"", ""body_range_ratio"", ""signed_volume_pressure_20"", ""vol_ratio_5_20"", ""ema20_distance""]","{""colsample_bytree"": 0.85, ""gamma"": 0.1, ""learning_rate"": 0.03, ""max_depth"": 5, ""min_child_weight"": 10, ""n_estimators"": 400, ""reg_alpha"": 1.0, ""reg_lambda"": 10.0, ""subsample"": 0.7}",0.053584456466616984,0.050693677695552254,0.15499800866895896,0.6573426573426573,0.34265734265734266,0.34571061219929206,2.492954677513188,0.6408833689082953,0.5949552342685341,0.5885597505338424,0.003999141606930463,0.0019597377773933754,0.005438856039970668,0.0036663482061063354,143,-0.0431268580188661,-0.046732673267326726,0.14393606415973123,0.38461538461538464,0.6153846153846154,-0.29962510278873966,-2.1606273430419383,0.47809103424752725,0.4506819008533523,0.4746701071643619,0.0007409582455513539,-0.0012613095451663666,-0.001302684893545133,-0.003015099517567596,13,0.03287986725305863,0.04820296490560221,0.17648732203346343,0.6,0.4,0.18630158174661599,1.3434398113749397,0.4359775263942323,0.46562791351349764,0.5214672247467986,-0.0020492858167903928,-0.0011682772779360376,0.0014786537178085562,0.0013437987184175527,5,0.09671131448548309,0.020704589213558354,0.15499800866895896,0.14393606415973123,0.17648732203346343,False
core_plus_horizon_20240906,XGBRanker,rank:ndcg,core_plus_horizon,2024-09-06,2021-09-10,2024-05-31,2024-06-07,2024-08-30,143,14300,13,1300,6,"[""macd_hist_atr"", ""ret_20d"", ""body_range_ratio"", ""signed_volume_pressure_20"", ""vol_ratio_5_20"", ""ema20_distance""]","{""colsample_bytree"": 0.85, ""gamma"": 0.1, ""learning_rate"": 0.03, ""max_depth"": 5, ""min_child_weight"": 10, ""n_estimators"": 400, ""reg_alpha"": 1.0, ""reg_lambda"": 10.0, ""subsample"": 0.7}",0.05516068622773521,0.06107410741074107,0.15322083601476374,0.6643356643356644,0.3356643356643357,0.36000773564778193,2.5960527008835257,0.6436588443007409,0.5940495358506642,0.5885419701413327,0.004802594407730162,0.0017781389939372167,0.0062315427464843896,0.0029044762842879266,143,-0.0273092489117131,0.0022502317738828364,0.15646723550476313,0.5384615384615384,0.46153846153846156,-0.17453653363027405,-1.258600842891396,0.4979231623238353,0.4704732594049607,0.5040601367503268,0.0025630287176477873,-0.0021634225686252323,0.0032902691879972273,-0.002198542307497187,13,-0.027482842569109673,-0.007509773506704988,0.05673647729805799,0.25,0.75,-0.484394588418523,-3.4930190522005193,0.5682930200869879,0.49894254712900743,0.5184247465083869,0.00038929218112809393,-0.0016024931638902336,0.00027798135607130553,-0.003658123145603225,4,0.08246993513944831,0.08264352879684489,0.15322083601476374,0.15646723550476313,0.05673647729805799,False
core_plus_horizon_20241004,XGBRanker,rank:ndcg,core_plus_horizon,2024-10-04,2021-10-08,2024-06-28,2024-07-05,2024-09-27,143,14300,13,1300,6,"[""macd_hist_atr"", ""ret_20d"", ""body_range_ratio"", ""signed_volume_pressure_20"", ""vol_ratio_5_20"", ""ema20_distance""]","{""colsample_bytree"": 0.85, ""gamma"": 0.1, ""learning_rate"": 0.03, ""max_depth"": 5, ""min_child_weight"": 10, ""n_estimators"": 400, ""reg_alpha"": 1.0, ""reg_lambda"": 10.0, ""subsample"": 0.7}",0.05566652536792047,0.06003072344534858,0.1529027988556988,0.6713286713286714,0.32867132867132864,0.3640647900791892,2.6253085364431,0.6507054288453848,0.601046822827393,0.5880026501707547,0.0053476728703160835,0.002380451684973126,0.00695048757124089,0.003107382238881996,143,-0.003930875729778312,-0.043126442023722525,0.11665603556684848,0.38461538461538464,0.6153846153846154,-0.03369629107210459,-0.24298741050686506,0.5516902131477048,0.5160570979549125,0.523592493271035,0.006259961243968212,0.001125909161537413,0.006878281871135489,0.0014521263868205346,13,-0.056301230781955966,-0.06256277603493487,0.05595490328616375,0.25,0.75,-1.0061894038851436,-7.25573497707286,0.37882634227079376,0.3984490798065248,0.46979208020931107,-0.009358464843021625,-0.007671982816080898,-0.008803674949820229,-0.00748589760444192,4,0.05959740109769879,0.11196775614987645,0.1529027988556988,0.11665603556684848,0.05595490328616375,False
core_plus_horizon_20241101,XGBRanker,rank:ndcg,core_plus_horizon,2024-11-01,2021-11-05,2024-07-26,2024-08-02,2024-10-25,143,14300,13,1300,6,"[""macd_hist_atr"", ""ret_20d"", ""body_range_ratio"", ""signed_volume_pressure_20"", ""vol_ratio_5_20"", ""ema20_distance""]","{""colsample_bytree"": 0.85, ""gamma"": 0.1, ""learning_rate"": 0.03, ""max_depth"": 5, ""min_child_weight"": 10, ""n_estimators"": 400, ""reg_alpha"": 1.0, ""reg_lambda"": 10.0, ""subsample"": 0.7}",0.046965297609207424,0.048905037219053656,0.15808709377850536,0.6223776223776224,0.3776223776223776,0.29708495796001,2.1423100981877594,0.6372847191889418,0.5905366015920703,0.5880971304964095,0.004894617061300374,0.002235304297752851,0.006042013898486674,0.003389127870587105,143,-0.023968828722252408,-0.049421090372530785,0.12139168622487147,0.3076923076923077,0.6923076923076923,-0.19745033179497534,-1.4238345912883223,0.45450384243515624,0.4627201349117517,0.49854861298429576,-0.002288846314971958,-0.002908743036974292,-0.0012206655835233424,-0.003375470277906939,13,-0.025836392629040465,-0.059658144789181765,0.07139559190451887,0.4,0.6,-0.36187658004982787,-2.6095291295184064,0.5113918092747782,0.46863838032422755,0.5009326479735241,-0.001730248762496317,-0.005572048932235163,0.0005284846735826992,-0.003752689274248587,5,0.07093412633145983,0.0728016902382479,0.15808709377850536,0.12139168622487147,0.07139559190451887,False
core_plus_horizon_20241206,XGBRanker,rank:ndcg,core_plus_horizon,2024-12-06,2021-12-10,2024-08-30,2024-09-06,2024-11-29,143,14300,13,1300,6,"[""macd_hist_atr"", ""ret_20d"", ""body_range_ratio"", ""signed_volume_pressure_20"", ""vol_ratio_5_20"", ""ema20_distance""]","{""colsample_bytree"": 0.85, ""gamma"": 0.1, ""learning_rate"": 0.03, ""max_depth"": 5, ""min_child_weight"": 10, ""n_estimators"": 400, ""reg_alpha"": 1.0, ""reg_lambda"": 10.0, ""subsample"": 0.7}",0.05885578097111266,0.07684368436843685,0.15091038961509895,0.6223776223776224,0.3776223776223776,0.39000483082195947,2.8123648304144666,0.6345840236208493,0.5959977466048123,0.5905203662089455,0.0056633668772459456,0.00249182067716841,0.006730487732924784,0.003536927832041195,143,-0.051713516357721596,-0.06939177188344772,0.0752564035246148,0.23076923076923078,0.7692307692307693,-0.6871643333421745,-4.955212477070479,0.4909707089288527,0.4591817347402308,0.4921489153610124,-0.002208379149365779,-0.004798396924491778,-0.002564266646778664,-0.004652448470179183,13,-0.06574160561603522,-0.11203727091011162,0.17219675545914523,0.25,0.75,-0.3817819066377986,-2.7530684808539765,0.4658891317596161,0.43826098939994207,0.4541265855716722,0.004834038011655523,-0.0003890335334841053,0.0054261657798896565,-0.0005378427811356572,4,0.11056929732883425,0.12459738658714788,0.15091038961509895,0.0752564035246148,0.17219675545914523,False
core_plus_horizon_20250103,XGBRanker,rank:ndcg,core_plus_horizon,2025-01-03,2022-01-07,2024-09-27,2024-10-04,2024-12-27,143,14300,13,1300,6,"[""macd_hist_atr"", ""ret_20d"", ""body_range_ratio"", ""signed_volume_pressure_20"", ""vol_ratio_5_20"", ""ema20_distance""]","{""colsample_bytree"": 0.85, ""gamma"": 0.1, ""learning_rate"": 0.03, ""max_depth"": 5, ""min_child_weight"": 10, ""n_estimators"": 400, ""reg_alpha"": 1.0, ""reg_lambda"": 10.0, ""subsample"": 0.7}",0.05547084455682656,0.06695469546954694,0.15053837555564448,0.6713286713286714,0.32867132867132864,0.36848308181937645,2.6571692912815084,0.6455973533501232,0.5952099900103882,0.5886856058636455,0.006400980860997883,0.002445164000670226,0.006554426910790717,0.003314343494121349,143,-0.04302656265420733,-0.0546054605460546,0.11902275394252648,0.3076923076923077,0.6923076923076923,-0.36149863138760785,-2.6068037029561517,0.44155986973845035,0.4404267483480995,0.48953825814477653,-0.006512900680137058,-0.005332132604533633,-0.0063405063854409405,-0.005228014044908107,13,-0.054144508599351895,0.009895019187020794,0.12468689406137755,0.6,0.4,-0.4342437832535878,-3.131376453144563,0.5215502470910296,0.4918440444403501,0.5396284189335105,-0.0013108568864831,-0.003986060443090659,0.001072611908976675,0.0005367228581687422,5,0.0984974072110339,0.10961535315617846,0.15053837555564448,0.11902275394252648,0.12468689406137755,False
core_plus_horizon_20250207,XGBRanker,rank:ndcg,core_plus_horizon,2025-02-07,2022-02-11,2024-11-01,2024-11-08,2025-01-31,143,14300,13,1300,6,"[""macd_hist_atr"", ""ret_20d"", ""body_range_ratio"", ""signed_volume_pressure_20"", ""vol_ratio_5_20"", ""ema20_distance""]","{""colsample_bytree"": 0.85, ""gamma"": 0.1, ""learning_rate"": 0.03, ""max_depth"": 5, ""min_child_weight"": 10, ""n_estimators"": 400, ""reg_alpha"": 1.0, ""reg_lambda"": 10.0, ""subsample"": 0.7}",0.05120933335856524,0.06438063120530388,0.14613926262944757,0.6083916083916084,0.3916083916083916,0.3504146143696662,2.526875719563544,0.6509446951532958,0.5934273456530156,0.5874598350794673,0.006359974716963257,0.002279252895251462,0.00704075459802343,0.0033095269432067507,143,-0.05669605000516827,-0.06961917077490312,0.13699672412940533,0.46153846153846156,0.5384615384615384,-0.4138496768113515,-2.984312460155056,0.4838584994099133,0.4759047473319474,0.4862169731224895,-0.0006900874829408299,-0.002098928880864604,-3.4134937493284693e-06,-0.00023612443498803086,13,-0.024299600707913947,-0.053672492335305015,0.12887454269977042,0.25,0.75,-0.18855237193371036,-1.3596704902346997,0.3913831230300305,0.4489754483445061,0.49497439461325043,0.005689664791726459,0.006616021167346165,-0.0033557099491365195,-0.0037163899037091757,4,0.10790538336373351,0.07550893406647918,0.14613926262944757,0.13699672412940533,0.12887454269977042,False
core_plus_horizon_20250307,XGBRanker,rank:ndcg,core_plus_horizon,2025-03-07,2022-03-11,2024-11-29,2024-12-06,2025-02-28,143,14300,13,1300,6,"[""macd_hist_atr"", ""ret_20d"", ""body_range_ratio"", ""signed_volume_pressure_20"", ""vol_ratio_5_20"", ""ema20_distance""]","{""colsample_bytree"": 0.85, ""gamma"": 0.1, ""learning_rate"": 0.03, ""max_depth"": 5, ""min_child_weight"": 10, ""n_estimators"": 400, ""reg_alpha"": 1.0, ""reg_lambda"": 10.0, ""subsample"": 0.7}",0.05002469907134048,0.0612428592046409,0.14583170741581397,0.6503496503496503,0.34965034965034963,0.3430303324139494,2.473626905115903,0.6455717705564352,0.5932036371067664,0.5886253864160451,0.005347177109490455,0.002283909146163204,0.006347326929952575,0.003107370233754501,143,-0.05617779569002192,-0.08727298911827194,0.1389200890531548,0.38461538461538464,0.6153846153846154,-0.40438928648056566,-2.916092615307952,0.4693500273158752,0.4941273796786578,0.5059197280180311,0.0030388911670451227,0.003109051374452001,0.001612823357426198,0.0017180798643454365,13,0.17383807859202355,0.1955994932869813,0.18556616437344073,0.75,0.25,0.9367983607301646,6.755349048766439,0.5163652804142831,0.5098019552883055,0.5795089929699984,-0.01279599032130213,-0.008807051793931648,-0.0017976473762836166,-0.003744692283282775,4,0.1062024947613624,-0.12381337952068307,0.14583170741581397,0.1389200890531548,0.18556616437344073,False
core_plus_horizon_20250404,XGBRanker,rank:ndcg,core_plus_horizon,2025-04-04,2022-04-08,2024-12-27,2025-01-03,2025-03-28,143,14300,13,1300,6,"[""macd_hist_atr"", ""ret_20d"", ""body_range_ratio"", ""signed_volume_pressure_20"", ""vol_ratio_5_20"", ""ema20_distance""]","{""colsample_bytree"": 0.85, ""gamma"": 0.1, ""learning_rate"": 0.03, ""max_depth"": 5, ""min_child_weight"": 10, ""n_estimators"": 400, ""reg_alpha"": 1.0, ""reg_lambda"": 10.0, ""subsample"": 0.7}",0.04935732716863648,0.06189037470887354,0.14750272031319414,0.6433566433566433,0.35664335664335667,0.3346197755799725,2.4129775172756873,0.6482119514226742,0.588882191011875,0.5843173182074346,0.00536765668720182,0.0020307955783719447,0.006476027357733423,0.00320370209541622,143,0.012072894732611136,0.004146539051942937,0.15899220071065245,0.5384615384615384,0.46153846153846156,0.07593388026990341,0.5475669977161602,0.5448433116721758,0.5320573543768405,0.5526985304189961,0.0028810667551909365,0.00047542281949480673,0.0028059178140642485,0.000990850673558817,13,0.05509150915091508,0.07210321032103209,0.057885698866983734,0.75,0.25,0.9517291875064089,6.863016771820077,0.5955888489776276,0.5378566287472331,0.5987897671402791,0.010636642947942218,0.006395991623903988,0.004759208351153923,3.15664271613998e-05,4,0.03728443243602535,-0.005734181982278604,0.14750272031319414,0.15899220071065245,0.057885698866983734,False
core_plus_horizon_20250502,XGBRanker,rank:ndcg,core_plus_horizon,2025-05-02,2022-05-06,2025-01-24,2025-01-31,2025-04-25,143,14300,13,1300,6,"[""macd_hist_atr"", ""ret_20d"", ""body_range_ratio"", ""signed_volume_pressure_20"", ""vol_ratio_5_20"", ""ema20_distance""]","{""colsample_bytree"": 0.85, ""gamma"": 0.1, ""learning_rate"": 0.03, ""max_depth"": 5, ""min_child_weight"": 10, ""n_estimators"": 400, ""reg_alpha"": 1.0, ""reg_lambda"": 10.0, ""subsample"": 0.7}",0.05066984000520472,0.050105611832133204,0.14593984046472008,0.6363636363636364,0.36363636363636365,0.34719676165093377,2.503671453614982,0.6351311027381228,0.5905624921691526,0.5851710156194962,0.004633031538262355,0.0021265199164083003,0.005352091822518184,0.0032197594727843503,143,0.07214675769839828,0.054437443744374425,0.12278885352940341,0.7692307692307693,0.23076923076923078,0.5875676466115206,4.237010555323085,0.6022576984606776,0.5960886922115756,0.5965689676365441,0.004851521127293821,0.006322996763948311,0.003063727737453385,0.00529902561907416,13,0.03433552806320138,0.01600979309797981,0.03793433726951236,0.8,0.2,0.9051305633536577,6.52698931432244,0.572267396388653,0.526145452381256,0.5373724848834521,0.005910621486511752,0.004400600011926731,0.007686279151216316,0.0036906229738383105,5,-0.021476917693193556,0.01633431194200334,0.14593984046472008,0.12278885352940341,0.03793433726951236,False
core_plus_horizon_20250606,XGBRanker,rank:ndcg,core_plus_horizon,2025-06-06,2022-06-10,2025-02-28,2025-03-07,2025-05-30,143,14300,13,1300,6,"[""macd_hist_atr"", ""ret_20d"", ""body_range_ratio"", ""signed_volume_pressure_20"", ""vol_ratio_5_20"", ""ema20_distance""]","{""colsample_bytree"": 0.85, ""gamma"": 0.1, ""learning_rate"": 0.03, ""max_depth"": 5, ""min_child_weight"": 10, ""n_estimators"": 400, ""reg_alpha"": 1.0, ""reg_lambda"": 10.0, ""subsample"": 0.7}",0.04587769633146727,0.05106510651065106,0.1444698485926334,0.6223776223776224,0.3776223776223776,0.3175589701130662,2.2899502994523933,0.6422246219379905,0.5875819024032849,0.5861191853349145,0.005680847198055522,0.0019305997558460115,0.006804063267974495,0.002853657586505256,143,0.07945231541235266,0.06747074707470747,0.11270506843950324,0.8461538461538461,0.15384615384615385,0.7049577850618166,5.083522882155803,0.5716542405696793,0.5337892644382932,0.5683068894477795,0.0032832199643513154,0.0016163514371043428,0.004807713125693331,0.0022796060518689926,13,-0.10516118860367836,-0.08902591877578732,0.12554111308722424,0.25,0.75,-0.837663344044224,-6.040476277056165,0.3486596134807275,0.3483461335557734,0.4020100810544198,-0.012521407068730443,-0.011259023076215737,-0.006436404808620606,-0.007108091201296253,4,-0.03357461908088539,0.15103888493514564,0.1444698485926334,0.11270506843950324,0.12554111308722424,False
core_plus_horizon_20250703,XGBRanker,rank:ndcg,core_plus_horizon,2025-07-03,2022-07-08,2025-03-28,2025-04-04,2025-06-27,143,14300,13,1300,6,"[""macd_hist_atr"", ""ret_20d"", ""body_range_ratio"", ""signed_volume_pressure_20"", ""vol_ratio_5_20"", ""ema20_distance""]","{""colsample_bytree"": 0.85, ""gamma"": 0.1, ""learning_rate"": 0.03, ""max_depth"": 5, ""min_child_weight"": 10, ""n_estimators"": 400, ""reg_alpha"": 1.0, ""reg_lambda"": 10.0, ""subsample"": 0.7}",0.051695380299775245,0.05812798718294144,0.14701505613725122,0.6643356643356644,0.3356643356643357,0.35163323851342926,2.5356633432352558,0.6493904285583437,0.5941260104773346,0.5879935287642828,0.005892181448251984,0.002019925361666057,0.007499297384941336,0.0033951475268391615,143,-0.007877092239377036,0.01246939657331411,0.11304681667748079,0.5384615384615384,0.46153846153846156,-0.06967991201247309,-0.5024689912615817,0.4936914323914684,0.468248132491845,0.4944777319866853,0.003162762992252255,0.0009169213431994243,0.004512663421159056,0.0006528914650789978,13,-0.009380954635361937,-0.010583091388935699,0.12546793602669196,0.5,0.5,-0.07476774491106827,-0.5391578760553368,0.5299602912718673,0.4756235846163879,0.48652177304928756,-0.0020578471986787694,-0.006284700482902069,0.0060820258511274,-0.0016363140448648577,4,0.05957247253915228,0.061076334935137186,0.14701505613725122,0.11304681667748079,0.12546793602669196,False
core_plus_horizon_20250801,XGBRanker,rank:ndcg,core_plus_horizon,2025-08-01,2022-08-05,2025-04-25,2025-05-02,2025-07-25,143,14300,13,1300,6,"[""macd_hist_atr"", ""ret_20d"", ""body_range_ratio"", ""signed_volume_pressure_20"", ""vol_ratio_5_20"", ""ema20_distance""]","{""colsample_bytree"": 0.85, ""gamma"": 0.1, ""learning_rate"": 0.03, ""max_depth"": 5, ""min_child_weight"": 10, ""n_estimators"": 400, ""reg_alpha"": 1.0, ""reg_lambda"": 10.0, ""subsample"": 0.7}",0.05306317836675018,0.06384638463846384,0.14525165902120546,0.6713286713286714,0.32867132867132864,0.36531891425077234,2.634352154455984,0.6519089223977219,0.5914043916481985,0.5892742752981883,0.0061068045446718835,0.0017273217657975198,0.007581207710394796,0.002838869318077058,143,-0.024868067030811365,-0.000936093609360936,0.10832657246188539,0.46153846153846156,0.5384615384615384,-0.22956571472397663,-1.6554219110516724,0.4416508357518376,0.4392649877298683,0.469235837847536,-0.0043507199741032836,-0.003903188778310181,-0.0007267885458293282,-0.0018800084694130734,13,-0.10248806412579622,-0.07662858240674743,0.23385320383718394,0.2,0.8,-0.438258114253383,-3.1603242056574556,0.510588420641261,0.46715489048742703,0.45913791969403855,0.004751432137239662,0.002522246827402385,0.00026200328783321724,0.0012056171537297884,5,0.07793124539756155,0.1555512424925464,0.14525165902120546,0.10832657246188539,0.23385320383718394,False
core_plus_horizon_20250905,XGBRanker,rank:ndcg,core_plus_horizon,2025-09-05,2022-09-09,2025-05-30,2025-06-06,2025-08-29,143,14300,13,1300,6,"[""macd_hist_atr"", ""ret_20d"", ""body_range_ratio"", ""signed_volume_pressure_20"", ""vol_ratio_5_20"", ""ema20_distance""]","{""colsample_bytree"": 0.85, ""gamma"": 0.1, ""learning_rate"": 0.03, ""max_depth"": 5, ""min_child_weight"": 10, ""n_estimators"": 400, ""reg_alpha"": 1.0, ""reg_lambda"": 10.0, ""subsample"": 0.7}",0.05276431735563437,0.06928375978608503,0.13637496177675595,0.6783216783216783,0.32167832167832167,0.38690619354312905,2.790020239228692,0.6341043315696668,0.5883718315734029,0.5888183561197645,0.005059884273303748,0.0027017687017102427,0.00587754501492882,0.0038064263189330765,143,-0.07609043222392334,-0.09244552188917063,0.15099805761509794,0.3076923076923077,0.6923076923076923,-0.5039166292978542,-3.633794490984785,0.3985461182334804,0.394437841235335,0.42656026613600423,-0.0050703957156818975,-0.005673138756440682,-0.0037902044707618346,-0.004048679616979785,13,-0.12332625822674603,-0.0887945905323648,0.11712245086881465,0.0,1.0,-1.0529685582218569,-7.593064256240587,0.35220937137043784,0.42084325656713395,0.4498440412668584,-0.007652732625215809,-0.004635831946480113,-0.0080501362146439,-0.005233765110347604,4,0.1288547495795577,0.1760905755823804,0.13637496177675595,0.15099805761509794,0.11712245086881465,False
core_plus_horizon_20251003,XGBRanker,rank:ndcg,core_plus_horizon,2025-10-03,2022-10-07,2025-06-27,2025-07-03,2025-09-26,143,14300,13,1300,6,"[""macd_hist_atr"", ""ret_20d"", ""body_range_ratio"", ""signed_volume_pressure_20"", ""vol_ratio_5_20"", ""ema20_distance""]","{""colsample_bytree"": 0.85, ""gamma"": 0.1, ""learning_rate"": 0.03, ""max_depth"": 5, ""min_child_weight"": 10, ""n_estimators"": 400, ""reg_alpha"": 1.0, ""reg_lambda"": 10.0, ""subsample"": 0.7}",0.05566946244380638,0.06857506323182148,0.1387361603742007,0.6783216783216783,0.32167832167832167,0.4012613747825664,2.893536923283432,0.6445142391391007,0.5959248995229408,0.5890003532934444,0.006327895196532331,0.0033017647090028963,0.0075920429868137325,0.004182490828309244,143,-0.08422961661731049,-0.0936224857251428,0.15820928136565765,0.23076923076923078,0.7692307692307693,-0.5323936490340075,-3.8391452006469864,0.49408810904488026,0.47242447266665,0.4763582786944266,-0.0007799978757194793,-0.0021411080724787336,-0.0002156866642817624,-0.0028486532371057027,13,-0.06383458176779253,-0.03391539153915391,0.09921419841248665,0.2,0.8,-0.6434016782799366,-4.639635483515793,0.45158333822816166,0.43744867784476876,0.4531391481952669,0.018762670094489075,0.008691413480964172,0.01799335952255892,0.00871496324898183,5,0.13989907906111687,0.11950404421159891,0.1387361603742007,0.15820928136565765,0.09921419841248665,False
core_plus_horizon_20251107,XGBRanker,rank:ndcg,core_plus_horizon,2025-11-07,2022-11-11,2025-08-01,2025-08-08,2025-10-31,143,14300,13,1300,6,"[""macd_hist_atr"", ""ret_20d"", ""body_range_ratio"", ""signed_volume_pressure_20"", ""vol_ratio_5_20"", ""ema20_distance""]","{""colsample_bytree"": 0.85, ""gamma"": 0.1, ""learning_rate"": 0.03, ""max_depth"": 5, ""min_child_weight"": 10, ""n_estimators"": 400, ""reg_alpha"": 1.0, ""reg_lambda"": 10.0, ""subsample"": 0.7}",0.05023972292636863,0.05827200201646994,0.1422076973740298,0.6573426573426573,0.34265734265734266,0.35328413197092867,2.54756810525794,0.6466108305594089,0.5848791407359097,0.5847332798113659,0.005933556273727384,0.0019015911550291054,0.0071401179457615946,0.0028704349979119317,143,-0.066965665338827,-0.06795161058527861,0.13163724713506428,0.23076923076923078,0.7692307692307693,-0.508713656630315,-3.668386347018764,0.4666806947015921,0.4848543566491748,0.48922876304524093,0.008625890526066163,0.004877489150459316,0.0068738817593610385,0.003503052438401941,13,0.005132543637973802,0.029639863940939357,0.15450630406642393,0.5,0.5,0.033218991736202984,0.23954555604818878,0.35371714925319686,0.375097108610148,0.45779072263302995,-0.001162416821090858,-0.0027188129866329773,-0.007011198155533251,-0.005945271536350492,4,0.11720538826519564,0.045107179288394826,0.1422076973740298,0.13163724713506428,0.15450630406642393,False
core_plus_horizon_20251205,XGBRanker,rank:ndcg,core_plus_horizon,2025-12-05,2022-12-09,2025-08-29,2025-09-05,2025-11-28,143,14300,13,1300,6,"[""macd_hist_atr"", ""ret_20d"", ""body_range_ratio"", ""signed_volume_pressure_20"", ""vol_ratio_5_20"", ""ema20_distance""]","{""colsample_bytree"": 0.85, ""gamma"": 0.1, ""learning_rate"": 0.03, ""max_depth"": 5, ""min_child_weight"": 10, ""n_estimators"": 400, ""reg_alpha"": 1.0, ""reg_lambda"": 10.0, ""subsample"": 0.7}",0.049620724930309314,0.05948994899489948,0.14141626789270606,0.6573426573426573,0.34265734265734266,0.35088413567777826,2.530261485866186,0.6455780040830155,0.5886750799288266,0.5816921568774541,0.0060799190882423,0.0023477626087273274,0.007243486831558007,0.003367404838816921,143,-0.06320675124944852,-0.0869497383769593,0.1197692110270615,0.3076923076923077,0.6923076923076923,-0.5277378944674449,-3.805572077015552,0.4810464600057121,0.4681288909194366,0.4856004824308075,0.007930363907349384,0.003223871075210691,0.006301996581066551,0.001496885364594655,13,0.10025802580258025,0.06784878487848783,0.08583207481671416,1.0,0.0,1.168071796198231,8.42308550923209,0.5184852802510493,0.48762661962117326,0.5291477806184568,0.005144073509401438,-7.255133418932925e-05,0.008691905181730356,-0.0010615359623734983,4,0.11282747617975783,-0.05063730087227094,0.14141626789270606,0.1197692110270615,0.08583207481671416,False
core_plus_horizon_20260102,XGBRanker,rank:ndcg,core_plus_horizon,2026-01-02,2023-01-06,2025-09-26,2025-10-03,2025-12-26,143,14300,13,1300,6,"[""macd_hist_atr"", ""ret_20d"", ""body_range_ratio"", ""signed_volume_pressure_20"", ""vol_ratio_5_20"", ""ema20_distance""]","{""colsample_bytree"": 0.85, ""gamma"": 0.1, ""learning_rate"": 0.03, ""max_depth"": 5, ""min_child_weight"": 10, ""n_estimators"": 400, ""reg_alpha"": 1.0, ""reg_lambda"": 10.0, ""subsample"": 0.7}",0.051646864780091395,0.06573136191726792,0.13959977953319172,0.6503496503496503,0.34965034965034963,0.3699637990317288,2.6678468949487057,0.6415105973169286,0.5890512106934691,0.5853477451992822,0.006278466605232364,0.0026716630597236222,0.007394515634828761,0.00415125059568662,143,0.0023823176006624027,0.035331533153315324,0.12666971071648753,0.5384615384615384,0.46153846153846156,0.01880731855458731,0.13562150280509966,0.4283422410678676,0.4510915014933057,0.48091321030767326,0.007304782035384719,0.0037071344293190065,0.007590043449647062,0.002379748150290005,13,-0.0063954380568503,0.0024782552603029645,0.12949711518430376,0.6,0.4,-0.04938672222734956,-0.35613271863561186,0.5458571547402162,0.48882276072853176,0.5263477158286116,0.011332106325777557,0.006567659733050494,0.008531596714415418,0.0009524886286310403,5,0.04926454717942899,0.058042302836941694,0.13959977953319172,0.12666971071648753,0.12949711518430376,False
core_plus_horizon_20260206,XGBRanker,rank:ndcg,core_plus_horizon,2026-02-06,2023-02-10,2025-10-31,2025-11-07,2026-01-30,143,14300,13,1300,6,"[""macd_hist_atr"", ""ret_20d"", ""body_range_ratio"", ""signed_volume_pressure_20"", ""vol_ratio_5_20"", ""ema20_distance""]","{""colsample_bytree"": 0.85, ""gamma"": 0.1, ""learning_rate"": 0.03, ""max_depth"": 5, ""min_child_weight"": 10, ""n_estimators"": 400, ""reg_alpha"": 1.0, ""reg_lambda"": 10.0, ""subsample"": 0.7}",0.04979999355719529,0.05412557493446184,0.14116527077786198,0.6223776223776224,0.3776223776223776,0.3527779409396004,2.543917909820672,0.6339135548079881,0.588034620599568,0.58539358917391,0.006409057757627867,0.0028657322568273226,0.007286905263669208,0.003953922352970663,143,0.018421903611953307,-0.006078626098515503,0.15185833789381892,0.46153846153846156,0.5384615384615384,0.12130979350527406,0.8747773613984281,0.4768769263701745,0.47285174352920634,0.4980202916535923,0.0035030089071618935,0.0026230491513962503,0.0027540481938440214,0.001356991432493867,13,-0.06754875487548753,-0.04261626162616261,0.0737778665202913,0.0,1.0,-0.915569371430786,-6.602264629876067,0.37476230883341655,0.41554901252531506,0.45776606443945844,-0.0012086020497870293,0.0032868076498255073,-0.011692008777178381,-0.004468887039506323,4,0.03137808994524198,0.11734874843268282,0.14116527077786198,0.15185833789381892,0.0737778665202913,False
core_plus_horizon_20260306,XGBRanker,rank:ndcg,core_plus_horizon,2026-03-06,2023-03-10,2025-11-28,2025-12-05,2026-02-27,143,14300,13,1300,6,"[""macd_hist_atr"", ""ret_20d"", ""body_range_ratio"", ""signed_volume_pressure_20"", ""vol_ratio_5_20"", ""ema20_distance""]","{""colsample_bytree"": 0.85, ""gamma"": 0.1, ""learning_rate"": 0.03, ""max_depth"": 5, ""min_child_weight"": 10, ""n_estimators"": 400, ""reg_alpha"": 1.0, ""reg_lambda"": 10.0, ""subsample"": 0.7}",0.04503561720738903,0.06114611461146115,0.14352396005598286,0.6293706293706294,0.3706293706293706,0.31378466138909816,2.262733372184998,0.639899270969109,0.5818893841088152,0.5823956195647311,0.006089620903251529,0.002060359135463595,0.006752664540060585,0.0032862441944575436,143,0.00956218622623534,-0.0033003399350281606,0.1251661336162895,0.46153846153846156,0.5384615384615384,0.07639595432059337,0.5508990610818082,0.4539130276800173,0.4930357081625498,0.5033820941540669,0.003444828398081993,0.005304296569863524,0.00021042363525969706,0.00297121725175611,13,-0.08386151851968439,-0.07947794779477947,0.1289657527343852,0.25,0.75,-0.6502619241280557,-4.689105419851158,0.5258184777660444,0.4913183785213857,0.5189278073000234,0.003820970508424163,-0.0006941663752097604,-0.007892615056580454,-0.002851497256454657,4,0.035473430981153686,0.12889713572707343,0.14352396005598286,0.1251661336162895,0.1289657527343852,False
core_plus_horizon_20260402,XGBRanker,rank:ndcg,core_plus_horizon,2026-04-02,2023-04-06,2025-12-26,2026-01-02,2026-03-27,143,14300,13,1300,6,"[""macd_hist_atr"", ""ret_20d"", ""body_range_ratio"", ""signed_volume_pressure_20"", ""vol_ratio_5_20"", ""ema20_distance""]","{""colsample_bytree"": 0.85, ""gamma"": 0.1, ""learning_rate"": 0.03, ""max_depth"": 5, ""min_child_weight"": 10, ""n_estimators"": 400, ""reg_alpha"": 1.0, ""reg_lambda"": 10.0, ""subsample"": 0.7}",0.047734590015169914,0.04664280420904344,0.1385210915696478,0.6433566433566433,0.35664335664335667,0.34460160163529446,2.4849574886061387,0.6510448695277148,0.5918302723463884,0.5817261733337846,0.007587419429108658,0.0027034168526061126,0.008896006109994905,0.00398263783684734,143,-0.06036978094010726,-0.06383438343834383,0.13077005740982403,0.3076923076923077,0.6923076923076923,-0.4616483477629185,-3.328993578184868,0.4835575931704774,0.47540480927551965,0.5022104722207854,0.003183272681693693,0.000581179217325691,-0.0032242536597608673,-0.003911875260890923,13,0.049467348944175274,0.05180309130783013,0.13248915862057392,0.5,0.5,0.3733690322982669,2.6924023812435434,0.5951081380793841,0.5785130699149934,0.5910963442056382,0.004891504307825506,0.0030372264958872536,0.003573101420834012,0.006564397329712033,4,0.10810437095527717,-0.0017327589290053597,0.1385210915696478,0.13077005740982403,0.13248915862057392,False
core_plus_horizon_20260501,XGBRanker,rank:ndcg,core_plus_horizon,2026-05-01,2023-05-05,2026-01-23,2026-01-30,2026-04-24,143,14300,13,1300,6,"[""macd_hist_atr"", ""ret_20d"", ""body_range_ratio"", ""signed_volume_pressure_20"", ""vol_ratio_5_20"", ""ema20_distance""]","{""colsample_bytree"": 0.85, ""gamma"": 0.1, ""learning_rate"": 0.03, ""max_depth"": 5, ""min_child_weight"": 10, ""n_estimators"": 400, ""reg_alpha"": 1.0, ""reg_lambda"": 10.0, ""subsample"": 0.7}",0.03991181170808165,0.05621979063868879,0.14487850062416383,0.6153846153846154,0.38461538461538464,0.27548470985090306,1.986548493947501,0.6375691182808859,0.5835934149407774,0.5756054968956147,0.006743165793904919,0.002619087577794027,0.008100232780280882,0.003763751993559574,143,-0.032968761210759416,-0.05695769576957695,0.12890342548175696,0.3076923076923077,0.6923076923076923,-0.2557632668607811,-1.8443351460934518,0.4723278411450862,0.47719606327220865,0.5146486254097344,-9.668735367612573e-05,0.0025056520779492024,-0.002938679787244374,-0.0025505784606194366,13,-0.05282208220822081,-0.09003300330033003,0.14049694819566913,0.4,0.6,-0.3759660468543122,-2.7111297195334383,0.4854818567643447,0.4550379380268579,0.4840633572566458,-0.008614433662926167,-0.011012260484240182,-0.006296636191430433,-0.0067171308601594966,5,0.07288057291884106,0.09273389391630246,0.14487850062416383,0.12890342548175696,0.14049694819566913,False
core_plus_horizon_20260605,XGBRanker,rank:ndcg,core_plus_horizon,2026-06-05,2023-06-09,2026-02-27,2026-03-06,2026-05-29,143,14300,13,1300,6,"[""macd_hist_atr"", ""ret_20d"", ""body_range_ratio"", ""signed_volume_pressure_20"", ""vol_ratio_5_20"", ""ema20_distance""]","{""colsample_bytree"": 0.85, ""gamma"": 0.1, ""learning_rate"": 0.03, ""max_depth"": 5, ""min_child_weight"": 10, ""n_estimators"": 400, ""reg_alpha"": 1.0, ""reg_lambda"": 10.0, ""subsample"": 0.7}",0.045251850855672654,0.05563173006844741,0.13978533516916586,0.6293706293706294,0.3706293706293706,0.3237238784805976,2.334406085907736,0.6343582045153114,0.5840610875148434,0.5827468969871333,0.006902520506356617,0.0029076588549481856,0.007853695594620265,0.00395613099183472,143,-0.03694301287400133,-0.04037203720372036,0.12690050994419103,0.38461538461538464,0.6153846153846154,-0.29111792293229016,-2.099281196677892,0.5198978504029468,0.4996025198090101,0.5189034756250062,-0.004634171944952087,-0.0028329753804736753,-0.0028436227112865853,-0.0010858238970713101,13,-0.024921952928689504,-0.034401440144014396,0.06045005900206298,0.25,0.75,-0.4122734260331986,-2.9729459541478156,0.44334442099160437,0.4666477171837136,0.5017078675965684,0.009454938879707468,-0.0029485671405762542,0.003753471878567228,-0.007537970013399303,4,0.08219486372967398,0.07017380378436217,0.13978533516916586,0.12690050994419103,0.06045005900206298,False
core_plus_horizon_20260702,XGBRanker,rank:ndcg,core_plus_horizon,2026-07-02,2023-07-07,2026-03-27,2026-04-02,2026-06-26,143,14300,13,1300,6,"[""macd_hist_atr"", ""ret_20d"", ""body_range_ratio"", ""signed_volume_pressure_20"", ""vol_ratio_5_20"", ""ema20_distance""]","{""colsample_bytree"": 0.85, ""gamma"": 0.1, ""learning_rate"": 0.03, ""max_depth"": 5, ""min_child_weight"": 10, ""n_estimators"": 400, ""reg_alpha"": 1.0, ""reg_lambda"": 10.0, ""subsample"": 0.7}",0.04076804494855766,0.05958595859585958,0.14090480643062347,0.6013986013986014,0.3986013986013986,0.2893304066858102,2.0863912337130754,0.6225261243048771,0.5773879374244293,0.5806270945119344,0.0067759369642689145,0.0030997151371656992,0.008043951585818136,0.004151383000031176,143,-0.020784708147539042,-0.04618061806180617,0.10427874436070665,0.46153846153846156,0.5384615384615384,-0.19931874204050104,-1.4373078891760127,0.509489582300348,0.4806802816379522,0.5069105268917395,0.0020061122488178023,-0.005281466771012179,0.0010768244285806344,-0.004974980381920908,13,0.016645915441429356,0.006696870596191488,0.0488521452582416,0.6,0.4,0.3407407259893281,2.457116318386695,0.5002119228649501,0.5393411858358446,0.5532229660419601,0.0006240542386244691,0.004185201440700547,0.002591826551968911,0.0041844147719171994,5,0.0615527530960967,0.024122129507128304,0.14090480643062347,0.10427874436070665,0.0488521452582416,False
core_plus_horizon_20260807,XGBRanker,rank:ndcg,core_plus_horizon,2026-08-07,2023-08-11,2026-05-01,2026-05-08,2026-07-31,143,14300,13,1300,6,"[""macd_hist_atr"", ""ret_20d"", ""body_range_ratio"", ""signed_volume_pressure_20"", ""vol_ratio_5_20"", ""ema20_distance""]","{""colsample_bytree"": 0.85, ""gamma"": 0.1, ""learning_rate"": 0.03, ""max_depth"": 5, ""min_child_weight"": 10, ""n_estimators"": 400, ""reg_alpha"": 1.0, ""reg_lambda"": 10.0, ""subsample"": 0.7}",0.0375519983829905,0.04259225922592259,0.13664340311125603,0.6013986013986014,0.3986013986013986,0.274817499622835,1.9817371725698743,0.6068559437646783,0.5714627479030933,0.578023519909833,0.0060119097775941715,0.002990411266443279,0.006974867919207306,0.003871231208081429,143,-0.017074316182366846,-0.0289832461256531,0.10716179263419788,0.46153846153846156,0.5384615384615384,-0.15933212540266917,-1.1489602959359642,0.47760796100213593,0.48635812457410904,0.5005314295658327,0.0012452725016749188,-0.002019863160526768,0.0008978955142301185,-0.0021946695158259434,13,-0.002632236459611396,0.009756975697569756,0.04128103524256719,0.6666666666666666,0.3333333333333333,-0.0637638190065822,-0.45980743789527484,0.4935287706981095,0.5151246509304319,0.5193720377885439,-0.014922132836132265,-0.004339534043442909,-0.01030993562288509,-0.0033564509757953802,3,0.05462631456535734,0.04018423484260189,0.13664340311125603,0.10716179263419788,0.04128103524256719,False
extended_20240105,XGBRanker,rank:ndcg,extended,2024-01-05,2021-01-08,2023-09-29,2023-10-06,2023-12-29,143,14300,13,1300,7,"[""macd_hist_atr"", ""ret_20d"", ""body_range_ratio"", ""signed_volume_pressure_20"", ""vol_ratio_5_20"", ""gross_margin_change_yoy"", ""ema20_distance""]","{""colsample_bytree"": 0.85, ""gamma"": 0.0, ""learning_rate"": 0.05, ""max_depth"": 2, ""min_child_weight"": 5, ""n_estimators"": 200, ""reg_alpha"": 0.1, ""reg_lambda"": 5.0, ""subsample"": 0.85}",0.020694779290531012,0.031053664332950325,0.16140495310728326,0.5734265734265734,0.42657342657342656,0.12821650694186273,0.9245823802795412,0.5777656772764488,0.5566935227022375,0.5569815694487159,0.002969692506687335,0.001633256763093366,0.0023735597213380534,0.0012871201693927796,143,-0.016484675050924456,0.0207622630867699,0.20799680865617104,0.6153846153846154,0.38461538461538464,-0.07925446143827349,-0.571512049049957,0.44837495151842977,0.46868836780695283,0.48570513170199126,-0.004984974670797296,-0.0023032354539955216,-0.006584100271849963,-0.000505728399049964,13,-0.14843690661380607,-0.14799669235233195,0.11902504310363939,0.0,1.0,-1.2471065142531115,-8.99301296620951,0.4676249976092867,0.4295050683589665,0.43981949169013074,-0.005819923681373516,-0.009703533789327888,-0.005590773823703368,-0.008911778900155003,4,0.03717945434145547,0.16913168590433708,0.16140495310728326,0.20799680865617104,0.11902504310363939,False
extended_20240202,XGBRanker,rank:ndcg,extended,2024-02-02,2021-02-05,2023-10-27,2023-11-03,2024-01-26,143,14300,13,1300,7,"[""macd_hist_atr"", ""ret_20d"", ""body_range_ratio"", ""signed_volume_pressure_20"", ""vol_ratio_5_20"", ""gross_margin_change_yoy"", ""ema20_distance""]","{""colsample_bytree"": 0.85, ""gamma"": 0.0, ""learning_rate"": 0.05, ""max_depth"": 2, ""min_child_weight"": 5, ""n_estimators"": 200, ""reg_alpha"": 0.1, ""reg_lambda"": 5.0, ""subsample"": 0.85}",0.020552643245571666,0.03728772877287729,0.15782372688128446,0.5734265734265734,0.42657342657342656,0.13022530675017854,0.939068041701591,0.5786300310412466,0.5595053154870886,0.5574761832845805,0.0022087415821463166,0.001417988734976539,0.0018197902135285355,0.0013000412128506612,143,-0.05843636434751808,-0.01714376580795537,0.18275038790435022,0.38461538461538464,0.6153846153846154,-0.31976054889745625,-2.3058261098405772,0.47671810315478014,0.45206841753970683,0.4779373312334097,-0.004053792032205781,-0.0037239907954040464,-0.0059767923029575756,-0.004077410156501557,13,0.05535753054459679,0.08878022625772755,0.1299469406249036,0.75,0.25,0.4260010299464321,3.0719371137446623,0.5042857628089153,0.5142645467497251,0.5439472349053236,0.0013955872446260733,0.0013149704479775638,0.0016199720082891564,0.004707967063745868,4,0.07898900759308974,-0.03480488729902513,0.15782372688128446,0.18275038790435022,0.1299469406249036,False
extended_20240301,XGBRanker,rank:ndcg,extended,2024-03-01,2021-03-05,2023-11-24,2023-12-01,2024-02-23,143,14300,13,1300,7,"[""macd_hist_atr"", ""ret_20d"", ""body_range_ratio"", ""signed_volume_pressure_20"", ""vol_ratio_5_20"", ""gross_margin_change_yoy"", ""ema20_distance""]","{""colsample_bytree"": 0.85, ""gamma"": 0.0, ""learning_rate"": 0.05, ""max_depth"": 2, ""min_child_weight"": 5, ""n_estimators"": 200, ""reg_alpha"": 0.1, ""reg_lambda"": 5.0, ""subsample"": 0.85}",0.02150503488394415,0.03316551554464773,0.157193117432647,0.5804195804195804,0.4195804195804196,0.13680646605382374,0.9865254563441702,0.5808430332881368,0.5576737223397681,0.562039346003653,0.0020597755936998196,0.0011987480661882009,0.0017080547152259077,0.0010048477116559346,143,-0.06551011812423871,-0.09837767451845336,0.1888876592666631,0.46153846153846156,0.5384615384615384,-0.3468205301424932,-2.5009584096247264,0.4786449820688939,0.44980904650693476,0.4792654309256174,-0.005573857097862499,-0.005795998384175541,-0.005908960973267096,-0.004252970846329967,13,-0.06162260901142563,-0.1447589101683988,0.13934134955103503,0.4,0.6,-0.4422420854253015,-3.189053030338101,0.48119112862963986,0.4880993669647841,0.49932647699966115,0.000965952991695814,0.0019316188438669745,-0.00020125884636911507,-0.0002642003097796506,5,0.08701515300818286,0.08312764389536978,0.157193117432647,0.1888876592666631,0.13934134955103503,False
extended_20240405,XGBRanker,rank:ndcg,extended,2024-04-05,2021-04-09,2023-12-29,2024-01-05,2024-03-28,143,14300,13,1300,7,"[""macd_hist_atr"", ""ret_20d"", ""body_range_ratio"", ""signed_volume_pressure_20"", ""vol_ratio_5_20"", ""gross_margin_change_yoy"", ""ema20_distance""]","{""colsample_bytree"": 0.85, ""gamma"": 0.0, ""learning_rate"": 0.05, ""max_depth"": 2, ""min_child_weight"": 5, ""n_estimators"": 200, ""reg_alpha"": 0.1, ""reg_lambda"": 5.0, ""subsample"": 0.85}",0.02325678469637415,0.03737184930064615,0.16092045127842278,0.5944055944055944,0.40559440559440557,0.14452348667687687,1.0421736834446325,0.5726903849022458,0.5579725471811132,0.5574822032295441,0.002970587770422794,0.0019048389008400808,0.002965387245765864,0.0014614282824301503,143,-0.045460208968006115,-0.08031181363772913,0.15465638118166894,0.46153846153846156,0.5384615384615384,-0.29394331239786187,-2.1196553698604412,0.511046794259522,0.4659690849173074,0.49652471179539276,-0.0025980837683457847,-0.0032141394907755404,-0.002050528359501026,-0.002191596422988527,13,-0.04283293548389008,-0.02886679785624773,0.08149344940848369,0.25,0.75,-0.5255997358657769,-3.7901535960687753,0.6388329608671995,0.5849596195973871,0.5537496175110146,0.0031827363798304464,-0.0005600119646635398,0.0006009357647463655,-0.002444265466176874,4,0.06871699366438026,0.06608972018026424,0.16092045127842278,0.15465638118166894,0.08149344940848369,False
extended_20240503,XGBRanker,rank:ndcg,extended,2024-05-03,2021-05-07,2024-01-26,2024-02-02,2024-04-26,143,14300,13,1300,7,"[""macd_hist_atr"", ""ret_20d"", ""body_range_ratio"", ""signed_volume_pressure_20"", ""vol_ratio_5_20"", ""gross_margin_change_yoy"", ""ema20_distance""]","{""colsample_bytree"": 0.85, ""gamma"": 0.0, ""learning_rate"": 0.05, ""max_depth"": 2, ""min_child_weight"": 5, ""n_estimators"": 200, ""reg_alpha"": 0.1, ""reg_lambda"": 5.0, ""subsample"": 0.85}",0.015086123049357384,0.03431194587516544,0.16213839296680485,0.6013986013986014,0.3986013986013986,0.09304473032766532,0.6709550922162332,0.5707285020976948,0.5513225283698717,0.551496132969711,0.0021396411979082474,0.0010269819233980084,0.001975082874043783,0.0011250630358521977,143,-0.009008433721360213,-0.03399431727844736,0.13802727947772853,0.46153846153846156,0.5384615384615384,-0.06526560369404205,-0.4706369612859611,0.5700755459714086,0.5473040705302854,0.5419583905848548,0.0024170883313227257,0.0006000526276978961,0.0008825959749545157,0.0013047516021268842,13,-0.07189590827556294,-0.07984422395542673,0.11913618206276687,0.2,0.8,-0.6034766855100712,-4.351732266307235,0.41459605101142005,0.42060295736798237,0.4570760665012652,-0.007419801159123715,-0.0004039774561432884,-0.01505751070067149,-0.004849586114206624,5,0.024094556770717597,0.08698203132492033,0.16213839296680485,0.13802727947772853,0.11913618206276687,False
extended_20240607,XGBRanker,rank:ndcg,extended,2024-06-07,2021-06-11,2024-03-01,2024-03-08,2024-05-31,143,14300,13,1300,7,"[""macd_hist_atr"", ""ret_20d"", ""body_range_ratio"", ""signed_volume_pressure_20"", ""vol_ratio_5_20"", ""gross_margin_change_yoy"", ""ema20_distance""]","{""colsample_bytree"": 0.85, ""gamma"": 0.0, ""learning_rate"": 0.05, ""max_depth"": 2, ""min_child_weight"": 5, ""n_estimators"": 200, ""reg_alpha"": 0.1, ""reg_lambda"": 5.0, ""subsample"": 0.85}",0.011647393790158804,0.023096378927133437,0.1647103469968331,0.5734265734265734,0.42657342657342656,0.07071440260145131,0.5099288089866736,0.5668547257978117,0.5430590808579723,0.5528765322518497,0.0014797636167242785,0.0002825489723792869,0.0011547966079049055,0.00039412082825504075,143,-0.04749026022927452,-0.04258025802580257,0.125918691976993,0.3076923076923077,0.6923076923076923,-0.37715020290991913,-2.7196687902867223,0.49067764140366543,0.46931931117615,0.49472137296879554,-0.00149845840261616,-0.0004959134891778506,-0.0031564044766209647,-0.0023879917046016113,13,-0.09270378002956754,-0.03694339504203396,0.2667943454461654,0.5,0.5,-0.3474728067213613,-2.505662042926513,0.4230962958770951,0.44114163060084405,0.476937812599673,-0.007199293463228905,-0.005227303425341833,-0.009071203570828214,-0.008097621758997305,4,0.05913765401943333,0.10435117381972635,0.1647103469968331,0.125918691976993,0.2667943454461654,False
extended_20240705,XGBRanker,rank:ndcg,extended,2024-07-05,2021-07-09,2024-03-28,2024-04-05,2024-06-28,143,14300,13,1300,7,"[""macd_hist_atr"", ""ret_20d"", ""body_range_ratio"", ""signed_volume_pressure_20"", ""vol_ratio_5_20"", ""gross_margin_change_yoy"", ""ema20_distance""]","{""colsample_bytree"": 0.85, ""gamma"": 0.0, ""learning_rate"": 0.05, ""max_depth"": 2, ""min_child_weight"": 5, ""n_estimators"": 200, ""reg_alpha"": 0.1, ""reg_lambda"": 5.0, ""subsample"": 0.85}",0.01629469879016237,0.03041804561663184,0.16470772032931338,0.5734265734265734,0.42657342657342656,0.0989309958123582,0.7134015562683413,0.5632077060592908,0.5436663665409189,0.5529124046577463,0.0013273944204936084,0.0004971194447084376,0.0011827140600346583,0.0007046299149790287,143,-0.06346735292490234,-0.0742994299429943,0.1718110945152394,0.38461538461538464,0.6153846153846154,-0.36940194755160516,-2.663795326307143,0.4680259400852915,0.44055220826780683,0.4775169331108086,-0.003218112356671858,-0.005654853542727078,-0.004943058679242273,-0.0073185310963338876,13,-0.008123073747523243,-0.02876990661224648,0.13160621187872337,0.5,0.5,-0.06172257093007698,-0.4450877886837112,0.5619005665794264,0.5479991970508516,0.5458211527241029,-0.0011038872662434132,0.0014703696749854178,-0.0027565977506000777,-0.0004796264432825074,4,0.0797620517150647,0.024417772537685612,0.16470772032931338,0.1718110945152394,0.13160621187872337,False
extended_20240802,XGBRanker,rank:ndcg,extended,2024-08-02,2021-08-06,2024-04-26,2024-05-03,2024-07-26,143,14300,13,1300,7,"[""macd_hist_atr"", ""ret_20d"", ""body_range_ratio"", ""signed_volume_pressure_20"", ""vol_ratio_5_20"", ""gross_margin_change_yoy"", ""ema20_distance""]","{""colsample_bytree"": 0.85, ""gamma"": 0.0, ""learning_rate"": 0.05, ""max_depth"": 2, ""min_child_weight"": 5, ""n_estimators"": 200, ""reg_alpha"": 0.1, ""reg_lambda"": 5.0, ""subsample"": 0.85}",0.01771285040757178,0.03674178440395896,0.16477614494008938,0.6153846153846154,0.38461538461538464,0.10749644867594128,0.7751679152627787,0.5599615770065896,0.5459076363505027,0.5481733013426564,0.0014264977981891377,0.0007135259638369626,0.001899887652804548,0.0009006729584241767,143,-0.04382534136061925,-0.028250825082508247,0.17050380379705193,0.3076923076923077,0.6923076923076923,-0.2570343909323212,-1.8535013521282808,0.4657997207174978,0.46845691401877504,0.48622297736405834,-0.0037667771881717644,-0.0028716566855219528,-0.006044732266035889,-0.004058384191059761,13,-0.01837840467254364,-0.008676893720092218,0.1648550307151559,0.4,0.6,-0.11148221921294409,-0.8039097153495731,0.5422995704842065,0.5044119324350417,0.5131760860800488,-0.0002709535382450619,-0.002766608343049709,-0.00016101432816357266,-0.0022993153758767656,5,0.06153819176819103,0.03609125508011542,0.16477614494008938,0.17050380379705193,0.1648550307151559,False
extended_20240906,XGBRanker,rank:ndcg,extended,2024-09-06,2021-09-10,2024-05-31,2024-06-07,2024-08-30,143,14300,13,1300,7,"[""macd_hist_atr"", ""ret_20d"", ""body_range_ratio"", ""signed_volume_pressure_20"", ""vol_ratio_5_20"", ""gross_margin_change_yoy"", ""ema20_distance""]","{""colsample_bytree"": 0.85, ""gamma"": 0.0, ""learning_rate"": 0.05, ""max_depth"": 2, ""min_child_weight"": 5, ""n_estimators"": 200, ""reg_alpha"": 0.1, ""reg_lambda"": 5.0, ""subsample"": 0.85}",0.016097646481695857,0.027788945628236587,0.16106540027178626,0.5664335664335665,0.43356643356643354,0.09994478301691262,0.7207120797652019,0.5560866957568789,0.5437465704614304,0.5446664889359828,0.001476565555539072,0.0009193549785344752,0.001589910678272508,0.0010462172608976992,143,-0.03856657732235601,-0.03697614132849444,0.17875749784728345,0.46153846153846156,0.5384615384615384,-0.21574802616282032,-1.5557811418203897,0.5220766225821842,0.5119282871987334,0.5180077887447323,-0.0018402160244757465,-0.0012476439094249116,-0.0029810645627169324,-0.0008416126732255131,13,-0.04803805218648728,-0.03810094966362708,0.056400274810217726,0.25,0.75,-0.8517343638507324,-6.141943843877035,0.4812693699345889,0.47742209992171264,0.4925425143749135,-0.0013835873834565334,-0.001881591757631811,-0.00334711573625479,-0.005041493730041161,4,0.054664223804051865,0.06413569866818314,0.16106540027178626,0.17875749784728345,0.056400274810217726,False
extended_20241004,XGBRanker,rank:ndcg,extended,2024-10-04,2021-10-08,2024-06-28,2024-07-05,2024-09-27,143,14300,13,1300,7,"[""macd_hist_atr"", ""ret_20d"", ""body_range_ratio"", ""signed_volume_pressure_20"", ""vol_ratio_5_20"", ""gross_margin_change_yoy"", ""ema20_distance""]","{""colsample_bytree"": 0.85, ""gamma"": 0.0, ""learning_rate"": 0.05, ""max_depth"": 2, ""min_child_weight"": 5, ""n_estimators"": 200, ""reg_alpha"": 0.1, ""reg_lambda"": 5.0, ""subsample"": 0.85}",0.012685080942621038,0.021566156615661563,0.16616730702147173,0.5734265734265734,0.42657342657342656,0.07633920998058843,0.5504898718268478,0.5529799729465068,0.542689104509498,0.5442047801664244,0.0013210040857760655,0.0006713363041757472,0.0014194032458024672,0.000421965897187314,143,-0.017680725504464815,-0.028046972979135786,0.12775529210674288,0.38461538461538464,0.6153846153846154,-0.13839524933097963,-0.9979823354869408,0.5262556077266347,0.5201091493065992,0.5220236050014011,-0.0018848729539220125,-9.011226356676423e-05,-0.0010349419591306323,-0.00016181738443555015,13,-0.042811604406822495,-0.06305438785139725,0.10713670474693772,0.25,0.75,-0.39959792032007757,-2.8815415825656263,0.49622678886656413,0.4953557907167967,0.5177140620448565,-0.0042880840359223885,-0.004978571814547973,-0.0020933593823756745,-0.005286728756373516,4,0.030365806447085853,0.055496685349443534,0.16616730702147173,0.12775529210674288,0.10713670474693772,False
extended_20241101,XGBRanker,rank:ndcg,extended,2024-11-01,2021-11-05,2024-07-26,2024-08-02,2024-10-25,143,14300,13,1300,7,"[""macd_hist_atr"", ""ret_20d"", ""body_range_ratio"", ""signed_volume_pressure_20"", ""vol_ratio_5_20"", ""gross_margin_change_yoy"", ""ema20_distance""]","{""colsample_bytree"": 0.85, ""gamma"": 0.0, ""learning_rate"": 0.05, ""max_depth"": 2, ""min_child_weight"": 5, ""n_estimators"": 200, ""reg_alpha"": 0.1, ""reg_lambda"": 5.0, ""subsample"": 0.85}",0.0161680905417108,0.027860869669701364,0.165162757567937,0.5804195804195804,0.4195804195804196,0.09789186605860781,0.7059082850503268,0.5575359992628478,0.5398114237988679,0.5472692308004231,0.0010801662691051622,0.0004058435616288407,0.0012426028035127758,0.00018572213499923115,143,-0.02517129949260934,-0.017857785778577856,0.11751927076575153,0.46153846153846156,0.5384615384615384,-0.2141886971268118,-1.5445366602310926,0.5045210827446596,0.4895094046352399,0.5115310821150456,-0.0038785281125350785,-0.0027548010390032367,-0.00380544280384461,-0.002839225949575262,13,-0.04095137499060788,-0.08082808280828081,0.10790562660792638,0.2,0.8,-0.379511025309219,-2.7366929227126016,0.4859866361826083,0.4737266308669036,0.4901208507440389,-0.00242943414556437,-0.0038390058558445865,-0.0028313155476756167,-0.004150441148073436,5,0.04133939003432014,0.05711946553231868,0.165162757567937,0.11751927076575153,0.10790562660792638,False
extended_20241206,XGBRanker,rank:ndcg,extended,2024-12-06,2021-12-10,2024-08-30,2024-09-06,2024-11-29,143,14300,13,1300,7,"[""macd_hist_atr"", ""ret_20d"", ""body_range_ratio"", ""signed_volume_pressure_20"", ""vol_ratio_5_20"", ""gross_margin_change_yoy"", ""ema20_distance""]","{""colsample_bytree"": 0.85, ""gamma"": 0.0, ""learning_rate"": 0.05, ""max_depth"": 2, ""min_child_weight"": 5, ""n_estimators"": 200, ""reg_alpha"": 0.1, ""reg_lambda"": 5.0, ""subsample"": 0.85}",0.024148975547694743,0.029402940294029404,0.16203277460789214,0.6013986013986014,0.3986013986013986,0.14903759814107706,1.0747254041392997,0.5556721609527687,0.5390652210997398,0.5507303007670709,0.0012344709038750116,0.00081723886087475,0.0011503132310359014,0.0009152094356120893,143,-0.03890298161270429,-0.022562323919465246,0.09600230808055245,0.3076923076923077,0.6923076923076923,-0.4052296490628335,-2.922152556068648,0.4980615617874621,0.47721985227888297,0.49336474428516475,-0.0004053046074670695,-0.003488620489624166,-0.0007260497246547569,-0.0029503634246553717,13,-0.057829754240282735,-0.14118534747367145,0.19057009717756265,0.25,0.75,-0.30345660256656204,-2.188256680863673,0.4923368599263029,0.495363827451912,0.4877773881371967,0.004495897169136807,0.0028865546255413023,0.0010044531064807203,0.0041832278042273924,4,0.06305195716039903,0.08197872978797748,0.16203277460789214,0.09600230808055245,0.19057009717756265,False
extended_20250103,XGBRanker,rank:ndcg,extended,2025-01-03,2022-01-07,2024-09-27,2024-10-04,2024-12-27,143,14300,13,1300,7,"[""macd_hist_atr"", ""ret_20d"", ""body_range_ratio"", ""signed_volume_pressure_20"", ""vol_ratio_5_20"", ""gross_margin_change_yoy"", ""ema20_distance""]","{""colsample_bytree"": 0.85, ""gamma"": 0.0, ""learning_rate"": 0.05, ""max_depth"": 2, ""min_child_weight"": 5, ""n_estimators"": 200, ""reg_alpha"": 0.1, ""reg_lambda"": 5.0, ""subsample"": 0.85}",0.023985790419425477,0.030693161395761892,0.16009182357222645,0.6083916083916084,0.3916083916083916,0.14982520583635012,1.0804049239998137,0.5601459828249643,0.5371664963273203,0.5487332950231008,0.0017428146827115133,0.0005726742707595549,0.0024061277350018594,0.0009482027765699585,143,-0.0446961499052579,-0.07938841517343753,0.14967344973709298,0.3076923076923077,0.6923076923076923,-0.2986244386280156,-2.1534114511599185,0.43844332217416326,0.4558712669100675,0.4787470731243558,-0.0035188995994918136,-0.00269161868057895,-0.003562084083373551,-0.0034707580318873196,13,-0.028749570543058756,0.022154281891134487,0.15784258911655416,0.6,0.4,-0.1821407688759432,-1.3134357630692972,0.4131126202538035,0.4719207959837982,0.4895055518327533,-0.004320518463353308,-0.0013490786489197513,0.001605308583497974,0.004243332261077778,5,0.06868194032468337,0.05273536096248423,0.16009182357222645,0.14967344973709298,0.15784258911655416,False
extended_20250207,XGBRanker,rank:ndcg,extended,2025-02-07,2022-02-11,2024-11-01,2024-11-08,2025-01-31,143,14300,13,1300,7,"[""macd_hist_atr"", ""ret_20d"", ""body_range_ratio"", ""signed_volume_pressure_20"", ""vol_ratio_5_20"", ""gross_margin_change_yoy"", ""ema20_distance""]","{""colsample_bytree"": 0.85, ""gamma"": 0.0, ""learning_rate"": 0.05, ""max_depth"": 2, ""min_child_weight"": 5, ""n_estimators"": 200, ""reg_alpha"": 0.1, ""reg_lambda"": 5.0, ""subsample"": 0.85}",0.015336487641660358,0.016075704024916034,0.16098355929217492,0.5524475524475524,0.44755244755244755,0.09526741556152084,0.6869831033759987,0.5674974259996676,0.5393767749858841,0.5483075801093459,0.0014792912077943956,9.284946773055236e-05,0.0017738219101113447,-1.3196549898105628e-05,143,-0.04823638277370167,-0.1263966396639664,0.16368370812163138,0.38461538461538464,0.6153846153846154,-0.2946926320722023,-2.125058790875538,0.4403976556936699,0.47592240751352793,0.4880758143609962,-0.0021080465583579503,-0.0014474573734198038,0.00018935971093594317,0.0010540757756733144,13,-0.014104532744736754,-0.027936037367575724,0.0990475480204192,0.5,0.5,-0.14240163463540792,-1.026872790775704,0.5119812231825869,0.4965456354261556,0.5210065297111925,0.005519907129967714,0.0036877236551628896,0.0005650853637041019,0.001806873180844491,4,0.06357287041536203,0.029441020386397114,0.16098355929217492,0.16368370812163138,0.0990475480204192,False
extended_20250307,XGBRanker,rank:ndcg,extended,2025-03-07,2022-03-11,2024-11-29,2024-12-06,2025-02-28,143,14300,13,1300,7,"[""macd_hist_atr"", ""ret_20d"", ""body_range_ratio"", ""signed_volume_pressure_20"", ""vol_ratio_5_20"", ""gross_margin_change_yoy"", ""ema20_distance""]","{""colsample_bytree"": 0.85, ""gamma"": 0.0, ""learning_rate"": 0.05, ""max_depth"": 2, ""min_child_weight"": 5, ""n_estimators"": 200, ""reg_alpha"": 0.1, ""reg_lambda"": 5.0, ""subsample"": 0.85}",0.017877382797835517,0.03259525952595259,0.15934354455355387,0.5664335664335665,0.43356643356643354,0.1121939570750988,0.809042130062949,0.5596294656714819,0.5344198931900943,0.5418140892194575,0.0014451654245842235,0.0001237739569858413,0.002136564715946582,0.0005632053736776265,143,-0.041406503096511976,-0.07147936237464626,0.15655362970908618,0.38461538461538464,0.6153846153846154,-0.2644876594267095,-1.9072476355809151,0.43228218595111056,0.4846828102603293,0.4936410597318871,0.001291653755254654,0.0033631518931616774,0.0013486377239931974,0.0034329425015368832,13,0.10165218756779876,0.16085556812424068,0.22606017785356572,0.75,0.25,0.44966870562070277,3.242607150173932,0.4906581600872162,0.5573780709728795,0.5944937818155062,-0.01602275736146391,-0.004451352202744133,-0.008295515395920156,0.0016451424056708507,4,0.05928388589434749,-0.08377480476996324,0.15934354455355387,0.15655362970908618,0.22606017785356572,False
extended_20250404,XGBRanker,rank:ndcg,extended,2025-04-04,2022-04-08,2024-12-27,2025-01-03,2025-03-28,143,14300,13,1300,7,"[""macd_hist_atr"", ""ret_20d"", ""body_range_ratio"", ""signed_volume_pressure_20"", ""vol_ratio_5_20"", ""gross_margin_change_yoy"", ""ema20_distance""]","{""colsample_bytree"": 0.85, ""gamma"": 0.0, ""learning_rate"": 0.05, ""max_depth"": 2, ""min_child_weight"": 5, ""n_estimators"": 200, ""reg_alpha"": 0.1, ""reg_lambda"": 5.0, ""subsample"": 0.85}",0.01036032689841069,0.01429347222770378,0.16129199770073027,0.5594405594405595,0.4405594405594406,0.0642333596588827,0.46319334369084336,0.5686863952645238,0.5399296904493031,0.5474837357274225,0.0007509862529532709,7.939652119414411e-05,0.001338708100993704,0.00011482125488573843,143,0.01895190311753042,0.026966777578211913,0.16247900265357568,0.6153846153846154,0.38461538461538464,0.11664216796023855,0.8411186349238459,0.4629225401709463,0.5216067682438834,0.5258435715815322,-0.0026072471798460877,0.0006205525134072209,0.0006460571666334466,0.004648439698538518,13,0.047802335670609694,0.05587475980876515,0.05005841599044923,0.75,0.25,0.9549310485519562,6.88610572017334,0.5818768741912945,0.5089135797045061,0.5631282936271792,0.009520034515947146,0.004500863771650982,0.0034718738573720972,0.0009193527144718099,4,-0.00859157621911973,-0.037442008772199005,0.16129199770073027,0.16247900265357568,0.05005841599044923,False
extended_20250502,XGBRanker,rank:ndcg,extended,2025-05-02,2022-05-06,2025-01-24,2025-01-31,2025-04-25,143,14300,13,1300,7,"[""macd_hist_atr"", ""ret_20d"", ""body_range_ratio"", ""signed_volume_pressure_20"", ""vol_ratio_5_20"", ""gross_margin_change_yoy"", ""ema20_distance""]","{""colsample_bytree"": 0.85, ""gamma"": 0.0, ""learning_rate"": 0.05, ""max_depth"": 2, ""min_child_weight"": 5, ""n_estimators"": 200, ""reg_alpha"": 0.1, ""reg_lambda"": 5.0, ""subsample"": 0.85}",0.01478754582162629,0.014335476554149594,0.16331534016947086,0.5594405594405595,0.4405594405594406,0.09054596957200338,0.6529362721569206,0.5584355896436825,0.5373351088708282,0.5433470088143492,0.0010679511341412592,0.00031979316137004224,0.0014731708736926423,0.000413578046321458,143,0.0421129556197044,0.04256825682568256,0.11637407591894068,0.6923076923076923,0.3076923076923077,0.36187574670013106,2.609523120148282,0.5419080648624484,0.5471681842355813,0.5618023853637367,0.0039055226950571436,0.0038162088884304414,0.0038340865840810912,0.003436280250463854,13,0.04048408931583517,0.04493984219971152,0.04307888259327576,0.8,0.2,0.9397664674374443,6.776752370614729,0.5268591106508184,0.4951996833390325,0.5530529492379304,0.004751939667029414,0.0026283811517213186,0.0029579109985759843,-0.000732698143676103,5,-0.02732540979807811,-0.02569654349420888,0.16331534016947086,0.11637407591894068,0.04307888259327576,False
extended_20250606,XGBRanker,rank:ndcg,extended,2025-06-06,2022-06-10,2025-02-28,2025-03-07,2025-05-30,143,14300,13,1300,7,"[""macd_hist_atr"", ""ret_20d"", ""body_range_ratio"", ""signed_volume_pressure_20"", ""vol_ratio_5_20"", ""gross_margin_change_yoy"", ""ema20_distance""]","{""colsample_bytree"": 0.85, ""gamma"": 0.0, ""learning_rate"": 0.05, ""max_depth"": 2, ""min_child_weight"": 5, ""n_estimators"": 200, ""reg_alpha"": 0.1, ""reg_lambda"": 5.0, ""subsample"": 0.85}",0.011269152660474048,0.02183651119967244,0.15495754831686598,0.5664335664335665,0.43356643356643354,0.07272412852990062,0.5244211487559806,0.5663314471372884,0.544470643875114,0.5472174754932557,0.001613642172673331,0.0008759110112350214,0.002161412612027539,0.0009668492908703104,143,0.05903719092019711,0.060978280763193025,0.10557324567059737,0.7692307692307693,0.23076923076923078,0.5592059858081946,4.032491710755667,0.5179446338480882,0.5274173997239695,0.5601191741179361,0.002009071716662865,0.002732158852900437,0.00047241218347656626,0.001084300777625141,13,-0.11860320707383724,-0.12764679959540678,0.09867333414748579,0.25,0.75,-1.2019783064851395,-8.667588832055081,0.2742618179383057,0.33134055067812684,0.36403008821072663,-0.015140743954133552,-0.010831231812119087,-0.010795200728731602,-0.006327087095817514,4,-0.04776803825972306,0.1298723597343113,0.15495754831686598,0.10557324567059737,0.09867333414748579,False
extended_20250703,XGBRanker,rank:ndcg,extended,2025-07-03,2022-07-08,2025-03-28,2025-04-04,2025-06-27,143,14300,13,1300,7,"[""macd_hist_atr"", ""ret_20d"", ""body_range_ratio"", ""signed_volume_pressure_20"", ""vol_ratio_5_20"", ""gross_margin_change_yoy"", ""ema20_distance""]","{""colsample_bytree"": 0.85, ""gamma"": 0.0, ""learning_rate"": 0.05, ""max_depth"": 2, ""min_child_weight"": 5, ""n_estimators"": 200, ""reg_alpha"": 0.1, ""reg_lambda"": 5.0, ""subsample"": 0.85}",0.012496302758978438,0.017287780641483876,0.1567535972145959,0.5314685314685315,0.46853146853146854,0.07971940026276388,0.5748647705932651,0.5570464642802642,0.5355085508420804,0.5435935052527672,0.0014583420927297376,2.65190625929651e-06,0.002332214429168502,0.0006862600671876148,143,-0.007495898669857363,0.040234144117025125,0.11264767447371726,0.5384615384615384,0.46153846153846156,-0.06654286211302383,-0.4798474027292749,0.4842932611724463,0.47096325399197675,0.5113609294412085,0.0009143592913126633,0.0002748087771577003,0.00011694368381950979,-0.0015742620449273638,13,0.021789450142231073,-0.012475873357475246,0.12062331365543084,0.5,0.5,0.1806404540043909,1.3026168386718515,0.50148369699886,0.47774955572439237,0.49849979571456327,-0.008200136712550233,-0.0056511067807319595,-0.0006219000881188292,0.0003703002694943713,4,0.0199922014288358,-0.009293147383252634,0.1567535972145959,0.11264767447371726,0.12062331365543084,False
extended_20250801,XGBRanker,rank:ndcg,extended,2025-08-01,2022-08-05,2025-04-25,2025-05-02,2025-07-25,143,14300,13,1300,7,"[""macd_hist_atr"", ""ret_20d"", ""body_range_ratio"", ""signed_volume_pressure_20"", ""vol_ratio_5_20"", ""gross_margin_change_yoy"", ""ema20_distance""]","{""colsample_bytree"": 0.85, ""gamma"": 0.0, ""learning_rate"": 0.05, ""max_depth"": 2, ""min_child_weight"": 5, ""n_estimators"": 200, ""reg_alpha"": 0.1, ""reg_lambda"": 5.0, ""subsample"": 0.85}",0.019877509412271725,0.025346838847776127,0.1616391861364083,0.5664335664335665,0.43356643356643354,0.1229745700123544,0.8867822355153601,0.5654590415990073,0.5407688974903194,0.546265815424705,0.0017946160414148932,0.0007082766773359974,0.003069168843320405,0.0016768777981783305,143,-0.04811087052101681,-0.021596224411211545,0.11029791256116672,0.3076923076923077,0.6923076923076923,-0.43619021796388474,-3.1454123934492,0.42562309121938247,0.4311110351487277,0.468388706912425,-0.004256667699626005,-0.0030612573417127084,-0.005028356621103429,-0.002476697956765295,13,-0.060578904096382655,-0.09985628519782476,0.2075208333112409,0.2,0.8,-0.29191721683926586,-2.1050449870094257,0.4668086625633491,0.44142785858838784,0.47431361789847787,-0.00040586908825322385,-0.0011231168029922603,-0.004792195737969225,-0.0045107384913644745,5,0.06798837993328855,0.08045641350865437,0.1616391861364083,0.11029791256116672,0.2075208333112409,False
extended_20250905,XGBRanker,rank:ndcg,extended,2025-09-05,2022-09-09,2025-05-30,2025-06-06,2025-08-29,143,14300,13,1300,7,"[""macd_hist_atr"", ""ret_20d"", ""body_range_ratio"", ""signed_volume_pressure_20"", ""vol_ratio_5_20"", ""gross_margin_change_yoy"", ""ema20_distance""]","{""colsample_bytree"": 0.85, ""gamma"": 0.0, ""learning_rate"": 0.05, ""max_depth"": 2, ""min_child_weight"": 5, ""n_estimators"": 200, ""reg_alpha"": 0.1, ""reg_lambda"": 5.0, ""subsample"": 0.85}",0.020706047990411643,0.02511888867321485,0.14868556620300766,0.5874125874125874,0.4125874125874126,0.13926064593345036,1.0042227991345818,0.5645936243659608,0.5365901947709034,0.5504612809834616,0.0023489411639043335,0.0006284048315463678,0.0032126535808337077,0.0010628052309852257,143,-0.05986368438633663,-0.09486948694869486,0.15964640319150736,0.3076923076923077,0.6923076923076923,-0.37497671848282,-2.703995571190066,0.4182431921822785,0.4124120165472275,0.4371181025063799,-0.004286993792042301,-0.004282965946617135,-0.002966474731601317,-0.0033264933266587138,13,-0.10070272260297619,-0.056124319050019036,0.11341781987539507,0.0,1.0,-0.8878915386807105,-6.402676939527839,0.41064964728904974,0.38316051907512944,0.45055635285508705,-0.004478951346775431,-0.00647026024331939,-0.0037965347623346137,-0.0024926096465964177,4,0.08056973237674828,0.12140877059338784,0.14868556620300766,0.15964640319150736,0.11341781987539507,False
extended_20251003,XGBRanker,rank:ndcg,extended,2025-10-03,2022-10-07,2025-06-27,2025-07-03,2025-09-26,143,14300,13,1300,7,"[""macd_hist_atr"", ""ret_20d"", ""body_range_ratio"", ""signed_volume_pressure_20"", ""vol_ratio_5_20"", ""gross_margin_change_yoy"", ""ema20_distance""]","{""colsample_bytree"": 0.85, ""gamma"": 0.0, ""learning_rate"": 0.05, ""max_depth"": 2, ""min_child_weight"": 5, ""n_estimators"": 200, ""reg_alpha"": 0.1, ""reg_lambda"": 5.0, ""subsample"": 0.85}",0.01738832765669599,0.023546425281910005,0.14863101168020204,0.5944055944055944,0.40559440559440557,0.11698990311731931,0.8436261888021184,0.5654339683277091,0.5423879777481541,0.5488019088354079,0.0022931211776882434,0.0009711483367131827,0.0029620353270397195,0.0016396264576866556,143,-0.027610488910044178,-0.047621476471723136,0.14831218206793148,0.3076923076923077,0.6923076923076923,-0.1861646732255462,-1.3424525499894098,0.4291875874608708,0.43055799711384074,0.45970091725244294,-0.0020097238518901103,-0.00213125625340271,-0.0018223484541575357,-0.0013137767667950116,13,-0.04651464580136635,-0.014905490549054904,0.13886668555365841,0.4,0.6,-0.3349589976596149,-2.4154236824795277,0.5717678803904531,0.5176140788014698,0.5473666185272673,0.022964333959052043,0.00865649008239303,0.016658126670254125,0.004959126944188818,5,0.044998816566740166,0.06390297345806234,0.14863101168020204,0.14831218206793148,0.13886668555365841,False
extended_20251107,XGBRanker,rank:ndcg,extended,2025-11-07,2022-11-11,2025-08-01,2025-08-08,2025-10-31,143,14300,13,1300,7,"[""macd_hist_atr"", ""ret_20d"", ""body_range_ratio"", ""signed_volume_pressure_20"", ""vol_ratio_5_20"", ""gross_margin_change_yoy"", ""ema20_distance""]","{""colsample_bytree"": 0.85, ""gamma"": 0.0, ""learning_rate"": 0.05, ""max_depth"": 2, ""min_child_weight"": 5, ""n_estimators"": 200, ""reg_alpha"": 0.1, ""reg_lambda"": 5.0, ""subsample"": 0.85}",0.014194483247187212,0.020708381464707225,0.1507473487594171,0.5454545454545454,0.45454545454545453,0.09416074885562783,0.6790028162701066,0.5701781119440196,0.5389791732337603,0.5493758655647671,0.0025600933870342877,0.00040913436905151826,0.0033930028115733988,0.0007779815427969545,143,-0.04419788576737765,-0.034228655099558344,0.14665962920707473,0.23076923076923078,0.7692307692307693,-0.3013636813780079,-2.173164411541999,0.4471267332304381,0.47401405446435274,0.49234846032814045,0.006184265372312971,0.004908149683705755,0.003155011033359257,0.0026175221412443614,13,0.020340276863510007,0.061119562456009344,0.1875492436040532,0.75,0.25,0.1084529933186594,0.7820656567759598,0.42659573223488734,0.4302336708995841,0.49545876145887074,0.0012058981642034,-0.0007664261948477518,-0.002780114539930971,-0.0033467649795263952,4,0.05839236901456486,-0.006145793616322795,0.1507473487594171,0.14665962920707473,0.1875492436040532,False
extended_20251205,XGBRanker,rank:ndcg,extended,2025-12-05,2022-12-09,2025-08-29,2025-09-05,2025-11-28,143,14300,13,1300,7,"[""macd_hist_atr"", ""ret_20d"", ""body_range_ratio"", ""signed_volume_pressure_20"", ""vol_ratio_5_20"", ""gross_margin_change_yoy"", ""ema20_distance""]","{""colsample_bytree"": 0.85, ""gamma"": 0.0, ""learning_rate"": 0.05, ""max_depth"": 2, ""min_child_weight"": 5, ""n_estimators"": 200, ""reg_alpha"": 0.1, ""reg_lambda"": 5.0, ""subsample"": 0.85}",0.012245545650152,0.011731208314509188,0.1480668527060283,0.5664335664335665,0.43356643356643354,0.08270281583187486,0.5963784862141596,0.5698095503950255,0.5400977275157132,0.5479190523008518,0.0018931711453514038,0.0004611414044067755,0.0023763716120028013,0.0008066162556841945,143,-0.04036120069473767,0.0005160577985105935,0.15515569433516888,0.5384615384615384,0.46153846153846156,-0.26013354435802405,-1.8758496653020835,0.47618346016343926,0.454893367100642,0.5008892626992204,0.008533300738912801,0.0013474580050255485,0.008338818359393738,0.00017061190452492638,13,0.0033034155624618276,0.014449500125778444,0.07265951805717215,0.5,0.5,0.04546431975866582,0.3278478721879204,0.5491106281312335,0.5850768491340903,0.5638502835109762,0.0018156427295542318,0.0039346229549767475,0.004967627041169332,0.005731261943283533,4,0.05260674634488967,0.008942130087690172,0.1480668527060283,0.15515569433516888,0.07265951805717215,False
extended_20260102,XGBRanker,rank:ndcg,extended,2026-01-02,2023-01-06,2025-09-26,2025-10-03,2025-12-26,143,14300,13,1300,7,"[""macd_hist_atr"", ""ret_20d"", ""body_range_ratio"", ""signed_volume_pressure_20"", ""vol_ratio_5_20"", ""gross_margin_change_yoy"", ""ema20_distance""]","{""colsample_bytree"": 0.85, ""gamma"": 0.0, ""learning_rate"": 0.05, ""max_depth"": 2, ""min_child_weight"": 5, ""n_estimators"": 200, ""reg_alpha"": 0.1, ""reg_lambda"": 5.0, ""subsample"": 0.85}",0.015412976911219492,0.015817819050970572,0.14592778687257615,0.5524475524475524,0.44755244755244755,0.10562057605024924,0.7616408053864349,0.5730439327514406,0.5406200283008492,0.5481343514482065,0.002045114387599021,8.876791649091286e-05,0.0025481769489779623,0.0007623099353118749,143,-0.011079840152146926,0.00459050036472569,0.15375912953364687,0.5384615384615384,0.46153846153846156,-0.0720597221495218,-0.519630046211578,0.46015227495544736,0.4803585466792715,0.5034816379556978,0.008620319846265849,0.0047470865743249316,0.007841149688552046,0.00393695252503469,13,-0.026425788479149465,-0.048371272470658554,0.06293682978578997,0.2,0.8,-0.41987797239059443,-3.0277831177842827,0.5653654283885936,0.5422373179265888,0.5434134851512811,0.012287264637641784,0.009281495289166827,0.004796018882180866,0.004763235318384966,5,0.026492817063366418,0.04183876539036896,0.14592778687257615,0.15375912953364687,0.06293682978578997,False
extended_20260206,XGBRanker,rank:ndcg,extended,2026-02-06,2023-02-10,2025-10-31,2025-11-07,2026-01-30,143,14300,13,1300,7,"[""macd_hist_atr"", ""ret_20d"", ""body_range_ratio"", ""signed_volume_pressure_20"", ""vol_ratio_5_20"", ""gross_margin_change_yoy"", ""ema20_distance""]","{""colsample_bytree"": 0.85, ""gamma"": 0.0, ""learning_rate"": 0.05, ""max_depth"": 2, ""min_child_weight"": 5, ""n_estimators"": 200, ""reg_alpha"": 0.1, ""reg_lambda"": 5.0, ""subsample"": 0.85}",0.011518828972080763,0.010807145557623656,0.14981287041386596,0.5384615384615384,0.46153846153846156,0.07688811341949053,0.5544480708153279,0.5639993782779564,0.54336268820608,0.5453023985576537,0.001809161648702386,0.0008168747697985863,0.0022783264151365126,0.0016577358143636338,143,0.006293635669143315,0.031233217021493773,0.11751521107585577,0.5384615384615384,0.46153846153846156,0.053555923624906646,0.3861972574688683,0.47941908279039125,0.4746666775602305,0.4984236793736633,0.005729296839782396,0.003004327123282626,0.004723290555223461,0.0009943629705170523,13,-0.06464743091755698,-0.018289761325062964,0.17532508976318728,0.5,0.5,-0.3687289195452669,-2.658942052333791,0.3555679963163972,0.37803174481293317,0.43055879107101114,-0.005733150568305366,-0.0005383674744796175,-0.013820449928400239,-0.009532076384139526,4,0.005225193302937448,0.07616625988963774,0.14981287041386596,0.11751521107585577,0.17532508976318728,False
extended_20260306,XGBRanker,rank:ndcg,extended,2026-03-06,2023-03-10,2025-11-28,2025-12-05,2026-02-27,143,14300,13,1300,7,"[""macd_hist_atr"", ""ret_20d"", ""body_range_ratio"", ""signed_volume_pressure_20"", ""vol_ratio_5_20"", ""gross_margin_change_yoy"", ""ema20_distance""]","{""colsample_bytree"": 0.85, ""gamma"": 0.0, ""learning_rate"": 0.05, ""max_depth"": 2, ""min_child_weight"": 5, ""n_estimators"": 200, ""reg_alpha"": 0.1, ""reg_lambda"": 5.0, ""subsample"": 0.85}",0.008214994839151607,0.013741662742737996,0.15361246299973574,0.5314685314685315,0.46853146853146854,0.05347870009196936,0.3856403906535126,0.5455093569240749,0.5305797570585755,0.5377032034465407,0.001748442001403932,0.0007531610759408426,0.002482007076345858,0.0017592836900673728,143,-0.011145842624271117,0.0035343640395119756,0.11852518192982459,0.5384615384615384,0.46153846153846156,-0.09403776010122689,-0.6781159317495105,0.4867849145624173,0.4832204864040686,0.49029031963655,0.00485948340488254,0.0045823312210621445,0.001487904095729941,0.0003808473982579675,13,-0.060805644417339905,-0.0831265888809963,0.1771475637541661,0.25,0.75,-0.34324855012808436,-2.475200495430959,0.4794622969309981,0.5058361555123425,0.5168123113691108,-0.010687139580400205,-0.0005041191513961724,-0.010888445621862995,-0.0013452619023845542,4,0.019360837463422723,0.06902063925649152,0.15361246299973574,0.11852518192982459,0.1771475637541661,False
extended_20260402,XGBRanker,rank:ndcg,extended,2026-04-02,2023-04-06,2025-12-26,2026-01-02,2026-03-27,143,14300,13,1300,7,"[""macd_hist_atr"", ""ret_20d"", ""body_range_ratio"", ""signed_volume_pressure_20"", ""vol_ratio_5_20"", ""gross_margin_change_yoy"", ""ema20_distance""]","{""colsample_bytree"": 0.85, ""gamma"": 0.0, ""learning_rate"": 0.05, ""max_depth"": 2, ""min_child_weight"": 5, ""n_estimators"": 200, ""reg_alpha"": 0.1, ""reg_lambda"": 5.0, ""subsample"": 0.85}",0.007813213256593513,0.010279058743096798,0.14884227795099914,0.5524475524475524,0.44755244755244755,0.05249323891136447,0.3785341290202121,0.5559909924777143,0.5357758672400228,0.5399588017700269,0.002756465573788345,0.0008327058406474456,0.0035666480128745365,0.0014070026369306524,143,-0.03821512839533957,-0.06388238823882388,0.1469563965514922,0.38461538461538464,0.6153846153846154,-0.2600439946276808,-1.8752039130131706,0.4863022763998176,0.4579283068276933,0.4650035901310368,0.005017720530609613,0.0022955869333293865,0.0012358763497330694,-0.0009901766039580062,13,0.0350884484395316,0.013687311575184713,0.09446231803766747,0.5,0.5,0.37145445049887355,2.6785961355459773,0.5571124487841093,0.5755997673194235,0.5761527978753579,0.003656683592089297,0.007506766403768409,0.003917377515250838,0.007016934579990694,4,0.04602834165193308,-0.027275235182938087,0.14884227795099914,0.1469563965514922,0.09446231803766747,False
extended_20260501,XGBRanker,rank:ndcg,extended,2026-05-01,2023-05-05,2026-01-23,2026-01-30,2026-04-24,143,14300,13,1300,7,"[""macd_hist_atr"", ""ret_20d"", ""body_range_ratio"", ""signed_volume_pressure_20"", ""vol_ratio_5_20"", ""gross_margin_change_yoy"", ""ema20_distance""]","{""colsample_bytree"": 0.85, ""gamma"": 0.0, ""learning_rate"": 0.05, ""max_depth"": 2, ""min_child_weight"": 5, ""n_estimators"": 200, ""reg_alpha"": 0.1, ""reg_lambda"": 5.0, ""subsample"": 0.85}",0.001943308616851004,6.0006360675311806e-06,0.14483899933053135,0.5034965034965035,0.4965034965034965,0.013417025979420476,0.09675155026606595,0.5572769450774278,0.5341687774451445,0.5392460256097048,0.0029416102117205936,0.00101969092399153,0.004208610563292096,0.001360322232814213,143,-0.020240157073530628,-0.001644174282473942,0.14811683325343467,0.46153846153846156,0.5384615384615384,-0.13664994470209063,-0.9853967648254129,0.48598468608925377,0.48111545791589505,0.4986482627125236,0.003849717228165915,0.0018987986739681347,0.0008959369369568531,-0.0011515794780530147,13,-0.04061099231536941,-0.07884835792735972,0.1490589171925655,0.2,0.8,-0.27244926422553495,-1.964659584255206,0.42040033917266884,0.4216467946002981,0.45768879290397846,-0.012761237602136263,-0.010935625143917483,-0.010654852776392252,-0.00799457653654086,5,0.022183465690381633,0.042554300932220415,0.14483899933053135,0.14811683325343467,0.1490589171925655,False
extended_20260605,XGBRanker,rank:ndcg,extended,2026-06-05,2023-06-09,2026-02-27,2026-03-06,2026-05-29,143,14300,13,1300,7,"[""macd_hist_atr"", ""ret_20d"", ""body_range_ratio"", ""signed_volume_pressure_20"", ""vol_ratio_5_20"", ""gross_margin_change_yoy"", ""ema20_distance""]","{""colsample_bytree"": 0.85, ""gamma"": 0.0, ""learning_rate"": 0.05, ""max_depth"": 2, ""min_child_weight"": 5, ""n_estimators"": 200, ""reg_alpha"": 0.1, ""reg_lambda"": 5.0, ""subsample"": 0.85}",0.006663297161533166,0.00848495031504627,0.13904878382553187,0.5034965034965035,0.4965034965034965,0.047920571314696125,0.3455601540493313,0.550439861283044,0.5280831723592521,0.5372698020227266,0.0027893806514961467,0.0008866471630266016,0.0032538537712655975,0.0014037179104150962,143,-0.027184283936674578,-0.02412241224122412,0.14676206709852999,0.46153846153846156,0.5384615384615384,-0.18522690824751176,-1.3356902305641345,0.48772002413675436,0.4783664213175132,0.4894073139801402,-0.0026334431904826133,-0.003017675819563736,-0.002324180364768377,-0.0028421271669864076,13,-0.061744673670783824,-0.09991016680505038,0.12470919813696178,0.25,0.75,-0.49510921883222103,-3.5702833509089875,0.39494431559771315,0.425865312911032,0.47637014658006493,-0.0019964349596230616,0.00021893879900310598,-0.010859534480753927,-0.007867282844471536,4,0.03384758109820774,0.06840797083231699,0.13904878382553187,0.14676206709852999,0.12470919813696178,False
extended_20260702,XGBRanker,rank:ndcg,extended,2026-07-02,2023-07-07,2026-03-27,2026-04-02,2026-06-26,143,14300,13,1300,7,"[""macd_hist_atr"", ""ret_20d"", ""body_range_ratio"", ""signed_volume_pressure_20"", ""vol_ratio_5_20"", ""gross_margin_change_yoy"", ""ema20_distance""]","{""colsample_bytree"": 0.85, ""gamma"": 0.0, ""learning_rate"": 0.05, ""max_depth"": 2, ""min_child_weight"": 5, ""n_estimators"": 200, ""reg_alpha"": 0.1, ""reg_lambda"": 5.0, ""subsample"": 0.85}",0.007404145790682282,0.0041764176417641765,0.1397239080165391,0.5034965034965035,0.4965034965034965,0.05299125894622024,0.3821254025639738,0.5530881616685865,0.5335152440932699,0.540834028267458,0.0029681379469187327,0.0007928893267542241,0.0038997977323152284,0.0010406512603111755,143,-0.034725266500563595,-0.038601976003702104,0.11710554759279258,0.3076923076923077,0.6923076923076923,-0.29652964538719095,-2.1383056822773416,0.4834494087495638,0.46602854479100214,0.4956375317616302,0.0011421096977499488,-0.005082219641001857,8.626846356518082e-05,-0.007359015268203256,13,0.09428016590129976,0.13615361536153614,0.09699532842273416,0.8,0.2,0.9720072856539964,7.009244217100114,0.5004161631701628,0.5225785236934721,0.5360401014574521,0.002035734248685587,0.002837509863470042,0.0037913919008344156,0.0033073734430365902,5,0.04212941229124588,-0.08687602011061747,0.1397239080165391,0.11710554759279258,0.09699532842273416,False
extended_20260807,XGBRanker,rank:ndcg,extended,2026-08-07,2023-08-11,2026-05-01,2026-05-08,2026-07-31,143,14300,13,1300,7,"[""macd_hist_atr"", ""ret_20d"", ""body_range_ratio"", ""signed_volume_pressure_20"", ""vol_ratio_5_20"", ""gross_margin_change_yoy"", ""ema20_distance""]","{""colsample_bytree"": 0.85, ""gamma"": 0.0, ""learning_rate"": 0.05, ""max_depth"": 2, ""min_child_weight"": 5, ""n_estimators"": 200, ""reg_alpha"": 0.1, ""reg_lambda"": 5.0, ""subsample"": 0.85}",0.0054134145838554215,0.0005520568618592559,0.13685477195591864,0.5034965034965035,0.4965034965034965,0.0395559066482468,0.28524169933544147,0.5446886938364064,0.5246235276295161,0.5363871987635539,0.0028739101596415924,0.0008450839143064554,0.003587690384441937,0.0013856558485694837,143,0.003765315678793401,-0.03806780678067806,0.13836982845443715,0.46153846153846156,0.5384615384615384,0.027211970419066145,0.19622830930470456,0.4551043319744884,0.4717654374791047,0.502085905959784,-0.0049657604966583625,-0.002302747103529582,-0.007053776699104007,-0.003345243569006501,13,0.020759997928974084,0.014899579355679923,0.07561053142041921,0.6666666666666666,0.3333333333333333,0.27456489908187165,1.9799156441645676,0.384308084133687,0.4334851884735129,0.4987886804419068,-0.023918579377485694,-0.010341935624190751,-0.022110685528626536,-0.010423274959899384,3,0.0016480989050620207,-0.015346583345118663,0.13685477195591864,0.13836982845443715,0.07561053142041921,False
strong_only_20240105,XGBRanker,rank:ndcg,strong_only,2024-01-05,2021-01-08,2023-09-29,2023-10-06,2023-12-29,143,14300,13,1300,10,"[""macd_hist_atr"", ""ret_20d"", ""ema20_distance"", ""rsi14_centered"", ""body_range_ratio"", ""breakout_position_60"", ""signed_volume_pressure_20"", ""ret_1d"", ""close_location_value"", ""intraday_return""]","{""colsample_bytree"": 0.85, ""gamma"": 0.0, ""learning_rate"": 0.05, ""max_depth"": 2, ""min_child_weight"": 5, ""n_estimators"": 200, ""reg_alpha"": 0.1, ""reg_lambda"": 5.0, ""subsample"": 0.85}",0.01685589749054752,0.008617404643511498,0.18089499664208114,0.5524475524475524,0.44755244755244755,0.09318056222361197,0.6719345899475915,0.5584458686271032,0.5438262040237664,0.5521031852333824,0.0007739984703278,0.001123157790973858,0.00035078019520882087,0.0010123340202673938,143,-0.04123505720464812,-0.018087056730903765,0.19775620212754727,0.38461538461538464,0.6153846153846154,-0.208514609205797,-1.5036202303496733,0.4432376742541946,0.4418181197491676,0.47617071416156487,-0.0055886906800207865,-0.006046040474232554,-0.003700059756084886,-0.004453433386623521,13,-0.16186850674125178,-0.13549630465250792,0.13344394410164748,0.0,1.0,-1.2130075128621245,-8.747121570294869,0.4625557746763674,0.43474359876843616,0.4500677883246028,-0.003833573140309049,-0.006822901910879323,-0.0027076046324772908,-0.005977689308766821,4,0.058090954695195644,0.1787244042317993,0.18089499664208114,0.19775620212754727,0.13344394410164748,False
strong_only_20240202,XGBRanker,rank:ndcg,strong_only,2024-02-02,2021-02-05,2023-10-27,2023-11-03,2024-01-26,143,14300,13,1300,10,"[""macd_hist_atr"", ""ret_20d"", ""ema20_distance"", ""rsi14_centered"", ""body_range_ratio"", ""breakout_position_60"", ""signed_volume_pressure_20"", ""ret_1d"", ""close_location_value"", ""intraday_return""]","{""colsample_bytree"": 0.85, ""gamma"": 0.0, ""learning_rate"": 0.05, ""max_depth"": 2, ""min_child_weight"": 5, ""n_estimators"": 200, ""reg_alpha"": 0.1, ""reg_lambda"": 5.0, ""subsample"": 0.85}",0.02405896362951186,0.023054443771454797,0.18426314254990167,0.5664335664335665,0.43356643356643354,0.1305685081485912,0.9415429021811664,0.5694234403170265,0.5494098572133957,0.5573957926869644,0.0012335474939118912,0.0006923946451681972,0.0006862543409263816,0.0004500206218021654,143,-0.08081260699566353,-0.07324793941445423,0.1874769817644875,0.23076923076923078,0.7692307692307693,-0.4310534884606902,-3.108370910225287,0.3744004366163066,0.3954502025328256,0.4514902008813212,-0.009602639347521359,-0.006439082951038979,-0.009513042778207005,-0.006014877698910627,13,-0.028873835977021037,0.01339896154069986,0.1673811560927432,0.5,0.5,-0.17250350428349598,-1.2439404597827333,0.35520085261261114,0.3955649217756174,0.49899423522536757,-0.010161248897416665,-0.004893452094958983,-0.014587086813493888,-0.007115992293107696,4,0.1048715706251754,0.052932799606532896,0.18426314254990167,0.1874769817644875,0.1673811560927432,False
strong_only_20240301,XGBRanker,rank:ndcg,strong_only,2024-03-01,2021-03-05,2023-11-24,2023-12-01,2024-02-23,143,14300,13,1300,10,"[""macd_hist_atr"", ""ret_20d"", ""ema20_distance"", ""rsi14_centered"", ""body_range_ratio"", ""breakout_position_60"", ""signed_volume_pressure_20"", ""ret_1d"", ""close_location_value"", ""intraday_return""]","{""colsample_bytree"": 0.85, ""gamma"": 0.0, ""learning_rate"": 0.05, ""max_depth"": 2, ""min_child_weight"": 5, ""n_estimators"": 200, ""reg_alpha"": 0.1, ""reg_lambda"": 5.0, ""subsample"": 0.85}",0.021944409614103388,0.014485622390750847,0.18411392299110788,0.5524475524475524,0.44755244755244755,0.11918930006810638,0.8594862657644422,0.5674116723564897,0.5481257502016744,0.5542346505213301,0.0015811788876279103,0.0008650688110069012,0.0008204719818796925,0.00045578169390147533,143,-0.1466661072794457,-0.14742539620736833,0.13755041905576323,0.15384615384615385,0.8461538461538461,-1.0662716136109114,-7.688993952891734,0.4358422218102663,0.4276068049264547,0.4671625202186762,-0.005873434847596686,-0.0063357310295290336,-0.00706469317660656,-0.007058869534146686,13,-0.016374578160072466,0.0359977077640617,0.12316051155468309,0.6,0.4,-0.1329531515692201,-0.9587388104347172,0.5134986388897084,0.4801144580792416,0.4945534040163941,0.002414305924803938,-0.00034998063604205557,0.0020356245585024337,0.0006957504773234966,5,0.16861051689354908,0.038318987774175854,0.18411392299110788,0.13755041905576323,0.12316051155468309,False
strong_only_20240405,XGBRanker,rank:ndcg,strong_only,2024-04-05,2021-04-09,2023-12-29,2024-01-05,2024-03-28,143,14300,13,1300,10,"[""macd_hist_atr"", ""ret_20d"", ""ema20_distance"", ""rsi14_centered"", ""body_range_ratio"", ""breakout_position_60"", ""signed_volume_pressure_20"", ""ret_1d"", ""close_location_value"", ""intraday_return""]","{""colsample_bytree"": 0.85, ""gamma"": 0.0, ""learning_rate"": 0.05, ""max_depth"": 2, ""min_child_weight"": 5, ""n_estimators"": 200, ""reg_alpha"": 0.1, ""reg_lambda"": 5.0, ""subsample"": 0.85}",0.015244959517852,0.01147935456404521,0.19228204101252533,0.5454545454545454,0.45454545454545453,0.07928436497540058,0.5717276865228159,0.5697160948593939,0.5411485794708816,0.5500047714819916,0.0014056066489751512,0.00043799395331338935,0.0012979885534060787,0.00045123706431645115,143,-0.06711917683961817,-0.04557496767332237,0.1513502064637323,0.3076923076923077,0.6923076923076923,-0.44346934442868957,-3.1979029208680814,0.4902939032694605,0.4522581360845758,0.4913982038521343,-0.0005319369318589206,-0.004037785704864677,-0.002170468026010684,-0.003927486309733889,13,-0.002610515175861015,0.015250267647113054,0.07749588617908891,0.5,0.5,-0.03368585488303536,-0.24291215407724598,0.4416761703240731,0.522425304877752,0.49853677436425126,-0.003800176811795719,0.000982351467937564,-0.0014363448383421192,0.002514579589289781,4,0.08236413635747017,0.017855474693713014,0.19228204101252533,0.1513502064637323,0.07749588617908891,False
strong_only_20240503,XGBRanker,rank:ndcg,strong_only,2024-05-03,2021-05-07,2024-01-26,2024-02-02,2024-04-26,143,14300,13,1300,10,"[""macd_hist_atr"", ""ret_20d"", ""ema20_distance"", ""rsi14_centered"", ""body_range_ratio"", ""breakout_position_60"", ""signed_volume_pressure_20"", ""ret_1d"", ""close_location_value"", ""intraday_return""]","{""colsample_bytree"": 0.85, ""gamma"": 0.0, ""learning_rate"": 0.05, ""max_depth"": 2, ""min_child_weight"": 5, ""n_estimators"": 200, ""reg_alpha"": 0.1, ""reg_lambda"": 5.0, ""subsample"": 0.85}",0.01141869842079186,0.019189918991899188,0.19568528098765478,0.5314685314685315,0.46853146853146854,0.05835236233997708,0.4207848689224824,0.5680797108222788,0.5391637920216208,0.54777417313014,0.0011191907897300226,-5.019212372340193e-05,0.0016498903430971039,-0.00015562570589258598,143,-0.020829399001183545,0.003222341568264244,0.11559772246961428,0.5384615384615384,0.46153846153846156,-0.18018866251157073,-1.2993589238854883,0.49664485332825703,0.48494582490842436,0.5004964916639907,-0.0033479411969293974,-0.0023591559575230105,-0.0028116430952052377,-0.001997980513620027,13,-0.04595489006106211,-0.005754834456823854,0.15039739995891008,0.4,0.6,-0.30555641303385167,-2.2033986294808106,0.49255581419431554,0.44944831048364164,0.4918129624281248,0.0028995024489457204,-0.0026268672158542366,0.0014203636400812723,-0.0020487519986089357,5,0.0322480974219754,0.05737358848185397,0.19568528098765478,0.11559772246961428,0.15039739995891008,False
strong_only_20240607,XGBRanker,rank:ndcg,strong_only,2024-06-07,2021-06-11,2024-03-01,2024-03-08,2024-05-31,143,14300,13,1300,10,"[""macd_hist_atr"", ""ret_20d"", ""ema20_distance"", ""rsi14_centered"", ""body_range_ratio"", ""breakout_position_60"", ""signed_volume_pressure_20"", ""ret_1d"", ""close_location_value"", ""intraday_return""]","{""colsample_bytree"": 0.85, ""gamma"": 0.0, ""learning_rate"": 0.05, ""max_depth"": 2, ""min_child_weight"": 5, ""n_estimators"": 200, ""reg_alpha"": 0.1, ""reg_lambda"": 5.0, ""subsample"": 0.85}",0.01064885189838475,0.016225914658221773,0.18610722847963881,0.5174825174825175,0.4825174825174825,0.057218905387921536,0.41261139460414764,0.5686171556143272,0.5390970467302035,0.5476593558076928,0.0017215496301070667,-0.00013291454770852017,0.0020990443906068463,7.95502022039626e-05,143,-0.038464639755223545,-0.03931146429796058,0.13809113930916425,0.46153846153846156,0.5384615384615384,-0.27854531396911203,-2.0086188241116982,0.47082202590552574,0.4804391111342126,0.4966437086300849,-0.004299764132671388,-0.0022803737591086527,-0.003800244313436297,-0.0013380331759478314,13,-0.11881639662623779,-0.10272518441805525,0.28762546593663385,0.5,0.5,-0.41309414741604966,-2.978864260205294,0.41063822533218597,0.43439101777773137,0.46413326815087086,-0.007720650757647894,-0.007335358926938913,-0.00931656122199109,-0.009014510630905678,4,0.049113491653608295,0.12946524852462254,0.18610722847963881,0.13809113930916425,0.28762546593663385,False
strong_only_20240705,XGBRanker,rank:ndcg,strong_only,2024-07-05,2021-07-09,2024-03-28,2024-04-05,2024-06-28,143,14300,13,1300,10,"[""macd_hist_atr"", ""ret_20d"", ""ema20_distance"", ""rsi14_centered"", ""body_range_ratio"", ""breakout_position_60"", ""signed_volume_pressure_20"", ""ret_1d"", ""close_location_value"", ""intraday_return""]","{""colsample_bytree"": 0.85, ""gamma"": 0.0, ""learning_rate"": 0.05, ""max_depth"": 2, ""min_child_weight"": 5, ""n_estimators"": 200, ""reg_alpha"": 0.1, ""reg_lambda"": 5.0, ""subsample"": 0.85}",0.011834977481247155,0.028359346403386134,0.18891003713992008,0.5524475524475524,0.44755244755244755,0.06264874889882815,0.4517665529967861,0.5772247318578896,0.5415117517936452,0.549745802928901,0.0019076339130450865,0.00012583480402969142,0.0017821364256895835,0.00013908411128571625,143,-0.059808358920710056,0.01597373246479464,0.19659846227425684,0.5384615384615384,0.46153846153846156,-0.3042158022440521,-2.1937313475946856,0.4382251819238032,0.4441704163576293,0.4663734114720367,-0.004722494802334715,-0.002454659434446875,-0.004137234650607651,-0.0022792183080301244,13,-0.012771753983565212,-0.04428285391298686,0.1805352926033459,0.5,0.5,-0.07074380748159882,-0.510140850592915,0.5142770831914276,0.5108945815964028,0.5349353479201071,-0.00021772340977408745,0.000377995815214624,-0.004238228764549441,-0.002254615685149188,4,0.0716433364019572,0.02460673146481237,0.18891003713992008,0.19659846227425684,0.1805352926033459,False
strong_only_20240802,XGBRanker,rank:ndcg,strong_only,2024-08-02,2021-08-06,2024-04-26,2024-05-03,2024-07-26,143,14300,13,1300,10,"[""macd_hist_atr"", ""ret_20d"", ""ema20_distance"", ""rsi14_centered"", ""body_range_ratio"", ""breakout_position_60"", ""signed_volume_pressure_20"", ""ret_1d"", ""close_location_value"", ""intraday_return""]","{""colsample_bytree"": 0.85, ""gamma"": 0.0, ""learning_rate"": 0.05, ""max_depth"": 2, ""min_child_weight"": 5, ""n_estimators"": 200, ""reg_alpha"": 0.1, ""reg_lambda"": 5.0, ""subsample"": 0.85}",0.0231837780748632,0.03781182303776576,0.1799864142860298,0.5804195804195804,0.4195804195804196,0.12880848905640252,0.9288512240158028,0.5804523824973704,0.5480729671212643,0.5542534788050473,0.0014190915427024883,0.0004642401192049535,0.002025804290003315,0.0010017195558083996,143,-0.057377019051513725,0.01968220440831101,0.20874372933737145,0.5384615384615384,0.46153846153846156,-0.2748682282991171,-1.9821029822568172,0.46016327690682074,0.4741623614222525,0.4906975290304193,-0.003255946582512045,-0.001785535992917392,-0.0031371430622977167,-0.0022596667007443567,13,-0.08259568915503851,-0.07133598963597601,0.2692702506298774,0.2,0.8,-0.30673900648820485,-2.2119264321562078,0.4968899158255088,0.4921842657917607,0.526105451985486,-0.00790894278617597,-0.0024604545421039,-0.01033794614502894,-0.005731510440002298,5,0.08056079712637693,0.10577946722990171,0.1799864142860298,0.20874372933737145,0.2692702506298774,False
strong_only_20240906,XGBRanker,rank:ndcg,strong_only,2024-09-06,2021-09-10,2024-05-31,2024-06-07,2024-08-30,143,14300,13,1300,10,"[""macd_hist_atr"", ""ret_20d"", ""ema20_distance"", ""rsi14_centered"", ""body_range_ratio"", ""breakout_position_60"", ""signed_volume_pressure_20"", ""ret_1d"", ""close_location_value"", ""intraday_return""]","{""colsample_bytree"": 0.85, ""gamma"": 0.0, ""learning_rate"": 0.05, ""max_depth"": 2, ""min_child_weight"": 5, ""n_estimators"": 200, ""reg_alpha"": 0.1, ""reg_lambda"": 5.0, ""subsample"": 0.85}",0.020087911585362182,0.02700561732593332,0.17475703208434681,0.5874125874125874,0.4125874125874126,0.11494765816157093,0.8288993509921014,0.5807596986029605,0.5488045759001927,0.55398254128698,0.0021117473935992706,0.00041940389043904145,0.0025528599684629238,0.0007145881090749943,143,-0.06553281690773732,-0.02471069346569897,0.23332625604336604,0.46153846153846156,0.5384615384615384,-0.28086344854201656,-2.0253351302437648,0.46036744914571,0.4835073857240811,0.4987473653790279,-0.008090013733786447,-0.0019639606583566685,-0.009398335757506706,-0.003929340888897249,13,-0.04648567293832462,-0.030709183267660676,0.1338996744936607,0.5,0.5,-0.34716793087144826,-2.5034635519074886,0.5280838919350584,0.4837991713417388,0.5000670815429773,0.00037245676938480387,-0.0025023327705207495,8.6706476727205e-05,-0.003361074199517392,4,0.08562072849309951,0.06657358452368681,0.17475703208434681,0.23332625604336604,0.1338996744936607,False
strong_only_20241004,XGBRanker,rank:ndcg,strong_only,2024-10-04,2021-10-08,2024-06-28,2024-07-05,2024-09-27,143,14300,13,1300,10,"[""macd_hist_atr"", ""ret_20d"", ""ema20_distance"", ""rsi14_centered"", ""body_range_ratio"", ""breakout_position_60"", ""signed_volume_pressure_20"", ""ret_1d"", ""close_location_value"", ""intraday_return""]","{""colsample_bytree"": 0.85, ""gamma"": 0.0, ""learning_rate"": 0.05, ""max_depth"": 2, ""min_child_weight"": 5, ""n_estimators"": 200, ""reg_alpha"": 0.1, ""reg_lambda"": 5.0, ""subsample"": 0.85}",0.01886538639041153,0.03897810767376376,0.18190020826675418,0.5804195804195804,0.4195804195804196,0.10371283557161022,0.7478838931544124,0.5598670255993768,0.5398864433817993,0.549002727180455,0.0007191849931807632,0.0004918060985186976,6.919431987015725e-05,0.0005405609308110997,143,-0.041315389447911584,-0.04812011126474245,0.19527001592980878,0.3076923076923077,0.6923076923076923,-0.21158081670235895,-1.5257309670498056,0.490574008751656,0.4710675562016193,0.5061526672929026,0.0003035580694128267,-0.002021048138174623,-0.0019345444154964873,-0.0031123102105334063,13,-0.045353377957276925,-0.04469965755205059,0.08882062479565303,0.5,0.5,-0.5106176415851621,-3.6821161777835907,0.507747770981363,0.51719762941264,0.52669910719825,-0.0013055276794338173,-0.0015969639520563572,0.001343684204156404,0.0009963640103687501,4,0.06018077583832311,0.06421876434768846,0.18190020826675418,0.19527001592980878,0.08882062479565303,False
strong_only_20241101,XGBRanker,rank:ndcg,strong_only,2024-11-01,2021-11-05,2024-07-26,2024-08-02,2024-10-25,143,14300,13,1300,10,"[""macd_hist_atr"", ""ret_20d"", ""ema20_distance"", ""rsi14_centered"", ""body_range_ratio"", ""breakout_position_60"", ""signed_volume_pressure_20"", ""ret_1d"", ""close_location_value"", ""intraday_return""]","{""colsample_bytree"": 0.85, ""gamma"": 0.0, ""learning_rate"": 0.05, ""max_depth"": 2, ""min_child_weight"": 5, ""n_estimators"": 200, ""reg_alpha"": 0.1, ""reg_lambda"": 5.0, ""subsample"": 0.85}",0.015129708327460563,0.02477855934235384,0.18377899294507877,0.5524475524475524,0.44755244755244755,0.0823255590043525,0.5936580485428581,0.5527503488648695,0.5351481640457509,0.5475795189178214,0.00094019240936167,0.00038051419840658807,0.0008742567071075448,0.000620301431844329,143,-0.06127545781076736,-0.07525303964533164,0.1800422886980339,0.23076923076923078,0.7692307692307693,-0.3403392517051273,-2.454221246151763,0.4825917544487665,0.4805550420807884,0.501815664779543,-0.0009469391298561109,-0.002113333314051823,-0.0004031095999841037,-0.00314052014724867,13,-0.028838055657881022,-0.016915945335616855,0.05371543253052554,0.4,0.6,-0.5368672334806736,-3.8714046768621317,0.3683608380890222,0.42438523253911375,0.47476599054101454,-0.007940886652286686,-0.002150050206482115,-0.0072529010570368275,-0.001494421897177803,5,0.07640516613822793,0.043967763985341586,0.18377899294507877,0.1800422886980339,0.05371543253052554,False
strong_only_20241206,XGBRanker,rank:ndcg,strong_only,2024-12-06,2021-12-10,2024-08-30,2024-09-06,2024-11-29,143,14300,13,1300,10,"[""macd_hist_atr"", ""ret_20d"", ""ema20_distance"", ""rsi14_centered"", ""body_range_ratio"", ""breakout_position_60"", ""signed_volume_pressure_20"", ""ret_1d"", ""close_location_value"", ""intraday_return""]","{""colsample_bytree"": 0.85, ""gamma"": 0.0, ""learning_rate"": 0.05, ""max_depth"": 2, ""min_child_weight"": 5, ""n_estimators"": 200, ""reg_alpha"": 0.1, ""reg_lambda"": 5.0, ""subsample"": 0.85}",0.02077133684388794,0.025862586258625857,0.18255185478456218,0.5594405594405595,0.4405594405594406,0.11378321446474016,0.8205024280794729,0.5611297250385352,0.5332596923593856,0.5483311280728589,0.0014019773206099193,0.00011390844939515606,0.0011814303410850682,3.768412339883675e-05,143,-0.051505505319075384,-0.051876121383257104,0.09616254229945358,0.23076923076923078,0.7692307692307693,-0.5356088149030567,-3.8623300914469434,0.4690005008030099,0.48245512704140775,0.5018608133215051,-0.002945359588345616,-0.0020804378304412085,-0.0016842792705469786,-0.0020517734773305937,13,-0.074946401758068,-0.0701675033761765,0.17617942117998023,0.25,0.75,-0.42539816089817173,-3.067589763212877,0.5796328261857443,0.47679572746756266,0.4854455336644801,0.006688593543685854,-0.0016689420330049383,0.008153993854623957,-0.0014068006407230503,4,0.07227684216296332,0.09571773860195593,0.18255185478456218,0.09616254229945358,0.17617942117998023,False
strong_only_20250103,XGBRanker,rank:ndcg,strong_only,2025-01-03,2022-01-07,2024-09-27,2024-10-04,2024-12-27,143,14300,13,1300,10,"[""macd_hist_atr"", ""ret_20d"", ""ema20_distance"", ""rsi14_centered"", ""body_range_ratio"", ""breakout_position_60"", ""signed_volume_pressure_20"", ""ret_1d"", ""close_location_value"", ""intraday_return""]","{""colsample_bytree"": 0.85, ""gamma"": 0.0, ""learning_rate"": 0.05, ""max_depth"": 2, ""min_child_weight"": 5, ""n_estimators"": 200, ""reg_alpha"": 0.1, ""reg_lambda"": 5.0, ""subsample"": 0.85}",0.014654096472993643,0.014432049363740524,0.17242961687468683,0.5454545454545454,0.45454545454545453,0.08498595971273022,0.6128424708775313,0.5607702181731636,0.5466294032677285,0.5524832941537025,0.0013527711687915216,0.0006256863996499005,0.0007987990040071126,0.0005793511883149079,143,-0.03138459580740062,-0.055678913211337465,0.10333270801581625,0.38461538461538464,0.6153846153846154,-0.3037237328823014,-2.1901829849649315,0.45439310907097974,0.46136819163093595,0.484841283488245,-0.00257630444672136,-0.002664316713064564,-0.00199821325755707,-0.002368056507009216,13,-0.054698617860421704,0.014258837570351117,0.1330949980140445,0.6,0.4,-0.4109742565580847,-2.963577509831734,0.48642392303760806,0.46901994573823946,0.4709053194540246,-0.005291854058824557,-0.00530163460233898,-0.0009472342186014956,-0.0004376382231172333,5,0.04603869228039426,0.06935271433341535,0.17242961687468683,0.10333270801581625,0.1330949980140445,False
strong_only_20250207,XGBRanker,rank:ndcg,strong_only,2025-02-07,2022-02-11,2024-11-01,2024-11-08,2025-01-31,143,14300,13,1300,10,"[""macd_hist_atr"", ""ret_20d"", ""ema20_distance"", ""rsi14_centered"", ""body_range_ratio"", ""breakout_position_60"", ""signed_volume_pressure_20"", ""ret_1d"", ""close_location_value"", ""intraday_return""]","{""colsample_bytree"": 0.85, ""gamma"": 0.0, ""learning_rate"": 0.05, ""max_depth"": 2, ""min_child_weight"": 5, ""n_estimators"": 200, ""reg_alpha"": 0.1, ""reg_lambda"": 5.0, ""subsample"": 0.85}",0.009043205652031754,0.0035704962993873515,0.16669313905554928,0.5174825174825175,0.4825174825174825,0.05425061705160025,0.39120676301021146,0.5631025569981907,0.5433844295962709,0.5487610540507274,0.001279509109454848,0.00042254054128001197,0.0016453876157178945,0.000601904365450244,143,-0.05003058262790378,-0.02712718904808987,0.12264021923134011,0.38461538461538464,0.6153846153846154,-0.40794596537314987,-2.9417401915430976,0.4625712223264974,0.4394229520713716,0.4786290614658237,-0.002896452874682977,-0.0054314906623539735,-0.00033819217811753674,-0.0022676177614790608,13,-0.011733608323357025,-0.06758924105042262,0.17282230824731146,0.25,0.75,-0.06789406091351381,-0.489591035846299,0.5313953906109965,0.5588227480793855,0.5607678848372645,0.002795559120502779,0.00804320099850886,0.0006759452146791059,0.0022475836508602733,4,0.059073788279935535,0.02077681397538878,0.16669313905554928,0.12264021923134011,0.17282230824731146,False
strong_only_20250307,XGBRanker,rank:ndcg,strong_only,2025-03-07,2022-03-11,2024-11-29,2024-12-06,2025-02-28,143,14300,13,1300,10,"[""macd_hist_atr"", ""ret_20d"", ""ema20_distance"", ""rsi14_centered"", ""body_range_ratio"", ""breakout_position_60"", ""signed_volume_pressure_20"", ""ret_1d"", ""close_location_value"", ""intraday_return""]","{""colsample_bytree"": 0.85, ""gamma"": 0.0, ""learning_rate"": 0.05, ""max_depth"": 2, ""min_child_weight"": 5, ""n_estimators"": 200, ""reg_alpha"": 0.1, ""reg_lambda"": 5.0, ""subsample"": 0.85}",0.012017013679451358,0.019448003144411394,0.16785654953377302,0.5524475524475524,0.44755244755244755,0.07159097284454495,0.5162498469027137,0.5557725394471645,0.5404283104553942,0.5514409698362531,6.592506312318295e-05,0.00014339494455722367,0.00015077977226314287,0.00044745934371754557,143,-0.04850249548564796,-0.048623299941663096,0.14924654951084276,0.38461538461538464,0.6153846153846154,-0.32498235734504705,-2.3434811060574567,0.5667947277377005,0.49032391978191825,0.5117503788401289,0.006388139723417478,-0.002713796216656411,0.009502744313558908,-0.0023494410263180505,13,0.1135153380046485,0.08909361078943275,0.2070788625304017,0.5,0.5,0.5481744327622191,3.952942050445136,0.5462224409421399,0.5288678312277826,0.5508302824594302,-0.011365837506692131,-0.01103442314842432,-0.002726579761722297,-0.0024741078478175693,4,0.060519509165099315,-0.10149832432519713,0.16785654953377302,0.14924654951084276,0.2070788625304017,False
strong_only_20250404,XGBRanker,rank:ndcg,strong_only,2025-04-04,2022-04-08,2024-12-27,2025-01-03,2025-03-28,143,14300,13,1300,10,"[""macd_hist_atr"", ""ret_20d"", ""ema20_distance"", ""rsi14_centered"", ""body_range_ratio"", ""breakout_position_60"", ""signed_volume_pressure_20"", ""ret_1d"", ""close_location_value"", ""intraday_return""]","{""colsample_bytree"": 0.85, ""gamma"": 0.0, ""learning_rate"": 0.05, ""max_depth"": 2, ""min_child_weight"": 5, ""n_estimators"": 200, ""reg_alpha"": 0.1, ""reg_lambda"": 5.0, ""subsample"": 0.85}",0.01139445189280324,0.008008886438541089,0.16408362896099352,0.5174825174825175,0.4825174825174825,0.06944295396777192,0.5007602625009743,0.5531851597364112,0.5360522006286355,0.5500316212801925,0.001263672164190571,-0.0001878499989065426,0.0012733894816591295,0.00019708658461359342,143,-0.016524560554956776,-0.02377687439034691,0.17616828652341568,0.3076923076923077,0.6923076923076923,-0.09379985967429154,-0.6764004073739701,0.5731300290889142,0.5104329192794789,0.5340929239824821,0.0015627412824896808,-0.005295302864737481,0.004898197356253778,-0.0036988940770062385,13,0.0674273271925182,0.08812277072497048,0.060957685946432,0.75,0.25,1.1061333143743606,7.976440764951371,0.47712729122517983,0.5284751925010182,0.5712968394909599,0.004199003289233231,0.008133005848904093,0.0006705139186570512,0.0015926095354048492,4,0.027919012447760017,-0.056032875299714964,0.16408362896099352,0.17616828652341568,0.060957685946432,False
strong_only_20250502,XGBRanker,rank:ndcg,strong_only,2025-05-02,2022-05-06,2025-01-24,2025-01-31,2025-04-25,143,14300,13,1300,10,"[""macd_hist_atr"", ""ret_20d"", ""ema20_distance"", ""rsi14_centered"", ""body_range_ratio"", ""breakout_position_60"", ""signed_volume_pressure_20"", ""ret_1d"", ""close_location_value"", ""intraday_return""]","{""colsample_bytree"": 0.85, ""gamma"": 0.0, ""learning_rate"": 0.05, ""max_depth"": 2, ""min_child_weight"": 5, ""n_estimators"": 200, ""reg_alpha"": 0.1, ""reg_lambda"": 5.0, ""subsample"": 0.85}",0.006266220253513664,0.014953495349534952,0.17410354465850847,0.5244755244755245,0.4755244755244755,0.03599134219699204,0.2595372595280511,0.5657689890982982,0.5368715437940077,0.5508744606570906,0.0016343423107326495,0.00010311610952109036,0.001893091447545381,0.0005939490509751759,143,0.06326867181867465,0.08196800104230596,0.14154946043669064,0.6923076923076923,0.3076923076923077,0.44697218642505654,3.223162273723581,0.5663952886898744,0.5563604226344586,0.5804485892254634,0.005197087344881159,0.002880614914855762,0.007957653381265941,0.0034428879658390597,13,0.017494805096308536,-0.03177508407065561,0.09323708617334017,0.4,0.6,0.1876378361265319,1.3530756787426401,0.4204802722930297,0.4861030485939919,0.5129543635477196,-0.00034025612189102217,0.0032454670711475862,-0.0044710146273428866,-0.0010774917863915893,5,-0.05700245156516099,-0.011228584842794872,0.17410354465850847,0.14154946043669064,0.09323708617334017,False
strong_only_20250606,XGBRanker,rank:ndcg,strong_only,2025-06-06,2022-06-10,2025-02-28,2025-03-07,2025-05-30,143,14300,13,1300,10,"[""macd_hist_atr"", ""ret_20d"", ""ema20_distance"", ""rsi14_centered"", ""body_range_ratio"", ""breakout_position_60"", ""signed_volume_pressure_20"", ""ret_1d"", ""close_location_value"", ""intraday_return""]","{""colsample_bytree"": 0.85, ""gamma"": 0.0, ""learning_rate"": 0.05, ""max_depth"": 2, ""min_child_weight"": 5, ""n_estimators"": 200, ""reg_alpha"": 0.1, ""reg_lambda"": 5.0, ""subsample"": 0.85}",0.0028640056036116487,0.025203049574556467,0.17432287897925036,0.5244755244755245,0.4755244755244755,0.01642931564910967,0.11847347998729568,0.5553223649352644,0.5368072922673651,0.5462140657837892,0.0008740902054790817,-8.206125061685634e-05,0.0012475784270590715,0.00020862788972319583,143,0.06458009027579893,0.07423532644671164,0.13389698817721474,0.6923076923076923,0.3076923076923077,0.48231174692537654,3.477999468596112,0.5101169666277963,0.5172059166928688,0.544323169880442,0.002345026679549713,0.0024606583979811377,0.002735747121078907,0.002519421616038067,13,-0.18046624419548937,-0.18742306649757795,0.0948450105781865,0.0,1.0,-1.9027489489994847,-13.720917799905713,0.3050143137152079,0.33896058001557977,0.3903921844901907,-0.018296689933984537,-0.01074994023160817,-0.0187434983918304,-0.01054692459474656,4,-0.06171608467218728,0.183330249799101,0.17432287897925036,0.13389698817721474,0.0948450105781865,False
strong_only_20250703,XGBRanker,rank:ndcg,strong_only,2025-07-03,2022-07-08,2025-03-28,2025-04-04,2025-06-27,143,14300,13,1300,10,"[""macd_hist_atr"", ""ret_20d"", ""ema20_distance"", ""rsi14_centered"", ""body_range_ratio"", ""breakout_position_60"", ""signed_volume_pressure_20"", ""ret_1d"", ""close_location_value"", ""intraday_return""]","{""colsample_bytree"": 0.85, ""gamma"": 0.0, ""learning_rate"": 0.05, ""max_depth"": 2, ""min_child_weight"": 5, ""n_estimators"": 200, ""reg_alpha"": 0.1, ""reg_lambda"": 5.0, ""subsample"": 0.85}",0.004059138303072085,0.007404873775238782,0.1775715172847286,0.5314685314685315,0.46853146853146854,0.022859174518193838,0.16483985168025542,0.560022274851007,0.5401266131395324,0.550840080572595,5.5780675096466906e-05,9.942743173356278e-05,0.0008531445940555925,0.0007546574472500896,143,-0.008058540233834045,0.01059134510316379,0.14500443695875748,0.5384615384615384,0.46153846153846156,-0.055574438981657336,-0.4007529787070205,0.42627330656768403,0.4706867425515831,0.5126999833892781,-0.0017930202856826086,0.0006936573022958014,-0.004931841974705881,-0.0015400385938268081,13,-0.08130880321411502,-0.06541119645773126,0.06622814110179386,0.0,1.0,-1.2277077668410157,-8.85312660926134,0.4067040428095768,0.42169596419964006,0.4619192280843807,-0.0054814787884302175,-0.006879162483934534,-0.0013921179931765707,-0.0016519737138428157,4,0.01211767853690613,0.0853679415171871,0.1775715172847286,0.14500443695875748,0.06622814110179386,False
strong_only_20250801,XGBRanker,rank:ndcg,strong_only,2025-08-01,2022-08-05,2025-04-25,2025-05-02,2025-07-25,143,14300,13,1300,10,"[""macd_hist_atr"", ""ret_20d"", ""ema20_distance"", ""rsi14_centered"", ""body_range_ratio"", ""breakout_position_60"", ""signed_volume_pressure_20"", ""ret_1d"", ""close_location_value"", ""intraday_return""]","{""colsample_bytree"": 0.85, ""gamma"": 0.0, ""learning_rate"": 0.05, ""max_depth"": 2, ""min_child_weight"": 5, ""n_estimators"": 200, ""reg_alpha"": 0.1, ""reg_lambda"": 5.0, ""subsample"": 0.85}",0.014662005115468632,0.02887148569923459,0.1704342078861953,0.5524475524475524,0.44755244755244755,0.08602736092310148,0.6203521218021789,0.5598668993692151,0.5444462675623454,0.5496124233888056,0.0005151888386037526,0.00046078196453659106,0.0013815653240723405,0.001113154405263974,143,-0.06801654854289516,-0.0862574007008476,0.11511059262685357,0.15384615384615385,0.8461538461538461,-0.5908800136524354,-4.260896373741435,0.41936984458032267,0.42318172573179524,0.4598578775856591,-0.003031608730466722,-0.003753228925803573,-0.003516869650628539,-0.005249076703065991,13,-0.054877132784213044,-0.11415626507639733,0.22314086458878932,0.2,0.8,-0.24593044794973914,-1.7734296805612244,0.43697504864562686,0.4301238974024596,0.45200527754801784,0.004283303901341318,0.000918018103769678,0.0035565790407402114,-0.0003162100748303325,5,0.08267855365836378,0.06953913789968168,0.1704342078861953,0.11511059262685357,0.22314086458878932,False
strong_only_20250905,XGBRanker,rank:ndcg,strong_only,2025-09-05,2022-09-09,2025-05-30,2025-06-06,2025-08-29,143,14300,13,1300,10,"[""macd_hist_atr"", ""ret_20d"", ""ema20_distance"", ""rsi14_centered"", ""body_range_ratio"", ""breakout_position_60"", ""signed_volume_pressure_20"", ""ret_1d"", ""close_location_value"", ""intraday_return""]","{""colsample_bytree"": 0.85, ""gamma"": 0.0, ""learning_rate"": 0.05, ""max_depth"": 2, ""min_child_weight"": 5, ""n_estimators"": 200, ""reg_alpha"": 0.1, ""reg_lambda"": 5.0, ""subsample"": 0.85}",0.013763353693161255,0.028165210539336218,0.16181954201098067,0.5734265734265734,0.42657342657342656,0.08505371800043351,0.613331082838835,0.5620479192945234,0.5402794905093005,0.5468637195180639,0.0016284355968879509,0.0008171715242240721,0.0022493355814833748,0.0010901291615669922,143,-0.07391386415379628,-0.11927228180335356,0.1629202694040598,0.15384615384615385,0.8461538461538461,-0.4536812050714325,-3.271541695198686,0.38933123885209775,0.4004294391750546,0.4419998182380684,-0.0034653929429859973,-0.005062565113944277,-0.0025707052471947295,-0.004531121999751528,13,-0.07709406069231264,-0.030580548510616236,0.14163006567986103,0.5,0.5,-0.5443340036752872,-3.925248322459703,0.4613934964092358,0.4579256559082062,0.4927411617686555,-0.003880423531622865,-0.003370614632575498,-0.004617993648803243,-0.003857522116948773,4,0.08767721784695753,0.0908574143854739,0.16181954201098067,0.1629202694040598,0.14163006567986103,False
strong_only_20251003,XGBRanker,rank:ndcg,strong_only,2025-10-03,2022-10-07,2025-06-27,2025-07-03,2025-09-26,143,14300,13,1300,10,"[""macd_hist_atr"", ""ret_20d"", ""ema20_distance"", ""rsi14_centered"", ""body_range_ratio"", ""breakout_position_60"", ""signed_volume_pressure_20"", ""ret_1d"", ""close_location_value"", ""intraday_return""]","{""colsample_bytree"": 0.85, ""gamma"": 0.0, ""learning_rate"": 0.05, ""max_depth"": 2, ""min_child_weight"": 5, ""n_estimators"": 200, ""reg_alpha"": 0.1, ""reg_lambda"": 5.0, ""subsample"": 0.85}",0.01199665996156009,0.020318031803180314,0.16241169882673942,0.5734265734265734,0.42657342657342656,0.07386573780228795,0.5326534102922558,0.5668981466836494,0.538733624762582,0.5516056135294265,0.002473260916658363,0.0006296018895797206,0.0027849161180406572,0.0007819982928076814,143,-0.06901057764190964,-0.06978411871260297,0.1554554510774466,0.15384615384615385,0.8461538461538461,-0.4439251062835304,-3.20118946634214,0.4263640529065246,0.4384202795119962,0.4587743075272556,-0.0014487594595755384,-0.0026689214681255707,0.001704595333057226,-0.0014957808445977916,13,-0.08502572755606161,-0.04914038827259149,0.14171863473425717,0.4,0.6,-0.5999615203427346,-4.3263840498021215,0.5558994783419818,0.4983750661013375,0.4984187090118134,0.026281864623696933,0.007026195768733907,0.023820942236777897,0.006200585671331177,5,0.08100723760346973,0.0970223875176217,0.16241169882673942,0.1554554510774466,0.14171863473425717,False
strong_only_20251107,XGBRanker,rank:ndcg,strong_only,2025-11-07,2022-11-11,2025-08-01,2025-08-08,2025-10-31,143,14300,13,1300,10,"[""macd_hist_atr"", ""ret_20d"", ""ema20_distance"", ""rsi14_centered"", ""body_range_ratio"", ""breakout_position_60"", ""signed_volume_pressure_20"", ""ret_1d"", ""close_location_value"", ""intraday_return""]","{""colsample_bytree"": 0.85, ""gamma"": 0.0, ""learning_rate"": 0.05, ""max_depth"": 2, ""min_child_weight"": 5, ""n_estimators"": 200, ""reg_alpha"": 0.1, ""reg_lambda"": 5.0, ""subsample"": 0.85}",0.007614315779718618,0.012560085001470649,0.16261771665633112,0.5664335664335665,0.43356643356643354,0.04682340852079707,0.3376484006274626,0.5612724328217015,0.5335611130393455,0.5477697839956863,0.0013968610546248397,-0.00015778172111440735,0.00198298058187495,0.00024116917681292686,143,-0.06791283331770688,-0.07481150106097144,0.16126656909429232,0.15384615384615385,0.8461538461538461,-0.42112158582600184,-3.0367509418007175,0.4814591679300072,0.44483025205001187,0.46586316261437377,0.0114939868538067,0.001910783751613385,0.010123191389729906,0.0005500772481893527,13,0.02176285814309001,0.06695852918101128,0.17063178231943696,0.5,0.5,0.127542816744117,0.9197243311760417,0.4858853532269011,0.49196559986068583,0.5345360083194945,-0.0021259724897432298,0.001567554163384831,-0.008510008408774089,-0.0024227600784559604,4,0.0755271490974255,-0.014148542363371394,0.16261771665633112,0.16126656909429232,0.17063178231943696,False
strong_only_20251205,XGBRanker,rank:ndcg,strong_only,2025-12-05,2022-12-09,2025-08-29,2025-09-05,2025-11-28,143,14300,13,1300,10,"[""macd_hist_atr"", ""ret_20d"", ""ema20_distance"", ""rsi14_centered"", ""body_range_ratio"", ""breakout_position_60"", ""signed_volume_pressure_20"", ""ret_1d"", ""close_location_value"", ""intraday_return""]","{""colsample_bytree"": 0.85, ""gamma"": 0.0, ""learning_rate"": 0.05, ""max_depth"": 2, ""min_child_weight"": 5, ""n_estimators"": 200, ""reg_alpha"": 0.1, ""reg_lambda"": 5.0, ""subsample"": 0.85}",0.009891066766931163,0.026595058434712274,0.15504077067617894,0.5874125874125874,0.4125874125874126,0.06379655315046022,0.46004348716369603,0.5698100839826681,0.5345984045420961,0.5424523959711927,0.0020420473869886455,-0.00015534823279979689,0.002524402954723854,0.00035312200722196205,143,-0.0430936126458958,-0.018128084730478278,0.15985547272320996,0.46153846153846156,0.5384615384615384,-0.26957858815701896,-1.9439588447346423,0.4528211675744687,0.45096253237869427,0.49187719659128876,0.008025908948760716,0.0021677494114802445,0.005635526569057108,0.0006245785591388868,13,0.031898388020921736,0.06279134737721172,0.1005621505020219,0.75,0.25,0.3172007346867586,2.2873670270559137,0.5197727427813424,0.5594076076979476,0.5432317021548323,0.003285244262789938,0.0037383887254903688,0.0016620239232896074,0.004340033986100298,4,0.05298467941282696,-0.022007321253990575,0.15504077067617894,0.15985547272320996,0.1005621505020219,False
strong_only_20260102,XGBRanker,rank:ndcg,strong_only,2026-01-02,2023-01-06,2025-09-26,2025-10-03,2025-12-26,143,14300,13,1300,10,"[""macd_hist_atr"", ""ret_20d"", ""ema20_distance"", ""rsi14_centered"", ""body_range_ratio"", ""breakout_position_60"", ""signed_volume_pressure_20"", ""ret_1d"", ""close_location_value"", ""intraday_return""]","{""colsample_bytree"": 0.85, ""gamma"": 0.0, ""learning_rate"": 0.05, ""max_depth"": 2, ""min_child_weight"": 5, ""n_estimators"": 200, ""reg_alpha"": 0.1, ""reg_lambda"": 5.0, ""subsample"": 0.85}",0.004358859345173459,0.01485179706751201,0.15203894484693445,0.5664335664335665,0.43356643356643354,0.028669360666517058,0.2067376998357954,0.5639209475699378,0.5388798316622291,0.5415423941170203,0.0025587845404919933,0.0005141522258905919,0.0029634033536564807,0.0011218160378070022,143,-0.01305395409525809,0.01719777137052856,0.1526651695302387,0.5384615384615384,0.46153846153846156,-0.08550708806354462,-0.61660038085745,0.4771230751719234,0.4945980971198172,0.5138622383758112,0.008640971289750131,0.004840460312168042,0.005492060979288,0.0034754097921788117,13,-0.044860001633927116,-0.0485811496018578,0.15564209543507806,0.4,0.6,-0.2882253770005253,-2.0784227513306663,0.5142010670803243,0.48082841467054205,0.4903190131593099,0.01012099373820077,0.0062549149671410325,0.0073884991782815655,0.0039009545360329037,5,0.017412813440431548,0.049218860979100575,0.15203894484693445,0.1526651695302387,0.15564209543507806,False
strong_only_20260206,XGBRanker,rank:ndcg,strong_only,2026-02-06,2023-02-10,2025-10-31,2025-11-07,2026-01-30,143,14300,13,1300,10,"[""macd_hist_atr"", ""ret_20d"", ""ema20_distance"", ""rsi14_centered"", ""body_range_ratio"", ""breakout_position_60"", ""signed_volume_pressure_20"", ""ret_1d"", ""close_location_value"", ""intraday_return""]","{""colsample_bytree"": 0.85, ""gamma"": 0.0, ""learning_rate"": 0.05, ""max_depth"": 2, ""min_child_weight"": 5, ""n_estimators"": 200, ""reg_alpha"": 0.1, ""reg_lambda"": 5.0, ""subsample"": 0.85}",-0.0010736658453169875,-0.0006120814068519039,0.1563964037527338,0.4965034965034965,0.5034965034965035,-0.006865028987587701,-0.04950442804458819,0.5600849437364409,0.5371783766386977,0.543106847618338,0.0025576898776556605,0.0006697930807572747,0.0029614288224945997,0.0013481640253165932,143,-0.015904242135010425,0.0016021698300308254,0.13834962269450182,0.5384615384615384,0.46153846153846156,-0.11495688839086714,-0.8289659111221249,0.4989345919324195,0.4989230669824024,0.5046590491355569,0.005421172382568849,0.003914698081302453,0.0008008636965081262,0.0010336988302487957,13,-0.12073216252358496,-0.06345048875789337,0.14503972539550522,0.0,1.0,-0.8324075503753432,-6.002576209923347,0.38739449023599576,0.40602046897170974,0.4390777317412376,0.002268568705257111,0.0027777996652332284,-0.004264311622296447,-0.004800107537567712,4,0.014830576289693437,0.11965849667826797,0.1563964037527338,0.13834962269450182,0.14503972539550522,False
strong_only_20260306,XGBRanker,rank:ndcg,strong_only,2026-03-06,2023-03-10,2025-11-28,2025-12-05,2026-02-27,143,14300,13,1300,10,"[""macd_hist_atr"", ""ret_20d"", ""ema20_distance"", ""rsi14_centered"", ""body_range_ratio"", ""breakout_position_60"", ""signed_volume_pressure_20"", ""ret_1d"", ""close_location_value"", ""intraday_return""]","{""colsample_bytree"": 0.85, ""gamma"": 0.0, ""learning_rate"": 0.05, ""max_depth"": 2, ""min_child_weight"": 5, ""n_estimators"": 200, ""reg_alpha"": 0.1, ""reg_lambda"": 5.0, ""subsample"": 0.85}",-0.0031694368537626126,0.00921711527098927,0.15842659397915942,0.5524475524475524,0.44755244755244755,-0.02000571226179074,-0.14426324272413035,0.5623113714571478,0.5361304257191064,0.5405637874330325,0.0026002689906619264,0.0005270985490362808,0.0031236260125322994,0.0011300241015437939,143,-0.04134627458995518,-0.026618661866186614,0.1394606420744588,0.38461538461538464,0.6153846153846154,-0.2964727106869347,-2.137895120315087,0.4596479465738802,0.4917260499708411,0.4919796849894572,0.003999540982911338,0.0052269872145148406,0.0007354279597646279,0.0018765687918170658,13,-0.05201214580583137,-0.056973445374288514,0.20964251914343954,0.25,0.75,-0.2480992215622258,-1.7890689294906121,0.4897261795424762,0.5074964832634044,0.5114979302106405,-0.001856974229642942,0.0012569691167184267,0.0020524248307590615,0.005478597588053247,4,0.03817683773619256,0.048842708952068756,0.15842659397915942,0.1394606420744588,0.20964251914343954,False
strong_only_20260402,XGBRanker,rank:ndcg,strong_only,2026-04-02,2023-04-06,2025-12-26,2026-01-02,2026-03-27,143,14300,13,1300,10,"[""macd_hist_atr"", ""ret_20d"", ""ema20_distance"", ""rsi14_centered"", ""body_range_ratio"", ""breakout_position_60"", ""signed_volume_pressure_20"", ""ret_1d"", ""close_location_value"", ""intraday_return""]","{""colsample_bytree"": 0.85, ""gamma"": 0.0, ""learning_rate"": 0.05, ""max_depth"": 2, ""min_child_weight"": 5, ""n_estimators"": 200, ""reg_alpha"": 0.1, ""reg_lambda"": 5.0, ""subsample"": 0.85}",-0.0029839842587424366,0.002700302434067059,0.15519669141633768,0.5104895104895105,0.48951048951048953,-0.019227112585393107,-0.13864868061150767,0.559051309243974,0.5323061454186212,0.5376135624432502,0.0026519040184573095,0.000462148261790647,0.003017682607971911,0.0010959041237012706,143,-0.04378826507292158,-0.03174317431743174,0.17301347667989725,0.3076923076923077,0.6923076923076923,-0.2530916429934352,-1.8250697924085135,0.47291134173690696,0.4839823480902713,0.4989962975306329,0.004448291828614703,0.004935170542415397,0.0019535977980707333,0.002997235583384872,13,0.09860425276846838,0.12575850946897987,0.06492640691561348,1.0,0.0,1.5187079872851559,10.951559041226684,0.5066650157365272,0.5185273744201739,0.5639173296314317,0.005325356483820359,0.0023640418202245652,0.013048744687520389,0.007022618842746724,4,0.04080428081417914,-0.10158823702721081,0.15519669141633768,0.17301347667989725,0.06492640691561348,False
strong_only_20260501,XGBRanker,rank:ndcg,strong_only,2026-05-01,2023-05-05,2026-01-23,2026-01-30,2026-04-24,143,14300,13,1300,10,"[""macd_hist_atr"", ""ret_20d"", ""ema20_distance"", ""rsi14_centered"", ""body_range_ratio"", ""breakout_position_60"", ""signed_volume_pressure_20"", ""ret_1d"", ""close_location_value"", ""intraday_return""]","{""colsample_bytree"": 0.85, ""gamma"": 0.0, ""learning_rate"": 0.05, ""max_depth"": 2, ""min_child_weight"": 5, ""n_estimators"": 200, ""reg_alpha"": 0.1, ""reg_lambda"": 5.0, ""subsample"": 0.85}",-0.010448439254238658,-0.004350448096173484,0.15692779749032135,0.46853146853146854,0.5314685314685315,-0.06658118842764664,-0.48012377771441905,0.5534666818126018,0.5285497996317134,0.5347635840741451,0.002532126032142063,0.0002806457745954803,0.003505888207170917,0.0008460961035576182,143,-0.008748404172041629,-0.025280603902315707,0.15617179781089927,0.38461538461538464,0.6153846153846154,-0.05601782328608806,-0.4039502683957423,0.46118533897622693,0.5012071147146483,0.5148659169639528,0.002561717764534196,0.004513392589656538,0.0011963035626764641,0.003337082061498711,13,-0.019995031602459058,-0.059753975397539745,0.12136796051964356,0.4,0.6,-0.1647471994820481,-1.1880089504432376,0.4486867580023525,0.46656529230320765,0.48718592774196623,-0.015651008879470716,-0.010199349623694124,-0.007508268103307646,-0.004714084592210164,5,-0.0017000350821970295,0.0095465923482204,0.15692779749032135,0.15617179781089927,0.12136796051964356,False
strong_only_20260605,XGBRanker,rank:ndcg,strong_only,2026-06-05,2023-06-09,2026-02-27,2026-03-06,2026-05-29,143,14300,13,1300,10,"[""macd_hist_atr"", ""ret_20d"", ""ema20_distance"", ""rsi14_centered"", ""body_range_ratio"", ""breakout_position_60"", ""signed_volume_pressure_20"", ""ret_1d"", ""close_location_value"", ""intraday_return""]","{""colsample_bytree"": 0.85, ""gamma"": 0.0, ""learning_rate"": 0.05, ""max_depth"": 2, ""min_child_weight"": 5, ""n_estimators"": 200, ""reg_alpha"": 0.1, ""reg_lambda"": 5.0, ""subsample"": 0.85}",-0.001798392507987242,0.003366407335302722,0.154595523627496,0.5104895104895105,0.48951048951048953,-0.011632888623091956,-0.08388595282463945,0.5479623978514272,0.5287820876851677,0.5355393623617729,0.0015555271033635633,0.0005361555390554309,0.002080204045352781,0.0012305071919725323,143,-0.008074941547714003,-0.013927518100037029,0.14530807395440815,0.46153846153846156,0.5384615384615384,-0.05557118285283718,-0.4007294984281793,0.48469980484662656,0.49656840146926845,0.5324469567966155,-0.0032018594432806965,-0.0025028596698931796,-0.0032252788255891225,0.00011712084952089401,13,-0.05887206120778042,-0.041542278854909014,0.06963123787701467,0.25,0.75,-0.8454834784319429,-6.096868068088044,0.4492282054412703,0.47903858124612897,0.5002563752577653,0.002498812928350658,0.00011199959726193977,0.0017216987515445855,-0.003450134427871612,4,0.006276549039726761,0.057073668699793176,0.154595523627496,0.14530807395440815,0.06963123787701467,False
strong_only_20260702,XGBRanker,rank:ndcg,strong_only,2026-07-02,2023-07-07,2026-03-27,2026-04-02,2026-06-26,143,14300,13,1300,10,"[""macd_hist_atr"", ""ret_20d"", ""ema20_distance"", ""rsi14_centered"", ""body_range_ratio"", ""breakout_position_60"", ""signed_volume_pressure_20"", ""ret_1d"", ""close_location_value"", ""intraday_return""]","{""colsample_bytree"": 0.85, ""gamma"": 0.0, ""learning_rate"": 0.05, ""max_depth"": 2, ""min_child_weight"": 5, ""n_estimators"": 200, ""reg_alpha"": 0.1, ""reg_lambda"": 5.0, ""subsample"": 0.85}",0.00014851845014681917,-0.006480706397259798,0.15016214887983817,0.4965034965034965,0.5034965034965035,0.0009890538411625003,0.0071321686770120215,0.544271331172937,0.5246229041146815,0.5353471564352823,0.001921171672834873,0.0006550361210065836,0.0024091238371367328,0.0009770895777588512,143,-0.0067405406746556,-0.026678827955763307,0.11077576391986836,0.46153846153846156,0.5384615384615384,-0.06084851447769289,-0.4387848779702692,0.4806160656038827,0.48274259510515005,0.5143639473338896,-0.001142927627492337,-0.004016401160269905,-0.002729480465751323,-0.004619286786173675,13,0.009637022254878549,-0.011143482087179933,0.06228694528348872,0.4,0.6,0.15471977652808686,1.1157001752006939,0.5569310243615047,0.550403666881957,0.5384321331204565,-0.0021124119730349467,-0.00016570613916600807,-0.0030207079833503977,-0.0022899268506528926,5,0.00688905912480242,-0.00948850380473173,0.15016214887983817,0.11077576391986836,0.06228694528348872,False
strong_only_20260807,XGBRanker,rank:ndcg,strong_only,2026-08-07,2023-08-11,2026-05-01,2026-05-08,2026-07-31,143,14300,13,1300,10,"[""macd_hist_atr"", ""ret_20d"", ""ema20_distance"", ""rsi14_centered"", ""body_range_ratio"", ""breakout_position_60"", ""signed_volume_pressure_20"", ""ret_1d"", ""close_location_value"", ""intraday_return""]","{""colsample_bytree"": 0.85, ""gamma"": 0.0, ""learning_rate"": 0.05, ""max_depth"": 2, ""min_child_weight"": 5, ""n_estimators"": 200, ""reg_alpha"": 0.1, ""reg_lambda"": 5.0, ""subsample"": 0.85}",-0.0005092414497290934,-0.0013321372101386393,0.1484651905595494,0.4965034965034965,0.5034965034965035,-0.0034300393769732614,-0.0247343657010753,0.5424004218897945,0.5247290962299342,0.5335215576512792,0.0026874691015197766,0.0009663001883515798,0.0031772959302239904,0.001233046277322245,143,0.00014188563430528783,-0.004008400840084008,0.08595235713373837,0.46153846153846156,0.5384615384615384,0.0016507474493633672,0.011903709143042032,0.49764446333937606,0.49077717457027903,0.514986340683223,0.0015525108930177442,-0.002561139611452318,-0.001101034347585533,-0.0025624368573761097,13,-0.0340519585828397,-0.041236865950924566,0.032430186440735274,0.3333333333333333,0.6666666666666666,-1.050008104179979,-7.571716118547297,0.58006937402302,0.529316999306535,0.5041418943600943,-0.004170965033482826,-0.0036787299118132854,-0.003573203197418068,-0.0033086937828773755,3,-0.0006511270840343813,0.033542717133110606,0.1484651905595494,0.08595235713373837,0.032430186440735274,False
moderate_and_strong_20240105,XGBRanker,rank:ndcg,moderate_and_strong,2024-01-05,2021-01-08,2023-09-29,2023-10-06,2023-12-29,143,14300,13,1300,19,"[""macd_hist_atr"", ""ret_20d"", ""ema20_distance"", ""rsi14_centered"", ""body_range_ratio"", ""breakout_position_60"", ""signed_volume_pressure_20"", ""ret_1d"", ""close_location_value"", ""intraday_return"", ""momentum_20_5"", ""gross_margin_change_yoy"", ""vol_ratio_5_20"", ""ret_5d"", ""downside_vol_20"", ""overnight_vol_20"", ""revenue_growth_yoy"", ""ema60_distance"", ""gap_followthrough_20""]","{""colsample_bytree"": 0.85, ""gamma"": 0.0, ""learning_rate"": 0.05, ""max_depth"": 2, ""min_child_weight"": 5, ""n_estimators"": 200, ""reg_alpha"": 0.1, ""reg_lambda"": 5.0, ""subsample"": 0.85}",0.01321282644537109,0.007152801114239854,0.20613428150803068,0.5034965034965035,0.4965034965034965,0.06409815169368778,0.46221834518812044,0.5802024511253341,0.5444724455254883,0.5505663026138297,0.002221738947036228,0.0005690956754862115,0.001971152849749869,0.0004197828268644736,143,-0.03138332025823461,-0.03552355235523552,0.2027550676015488,0.38461538461538464,0.6153846153846154,-0.15478439394623977,-1.1161661380295707,0.46277073962868825,0.4721789368464075,0.49639818475315656,-0.004665492444633698,-0.0031471750332924104,-0.003147311157286383,-0.0022431985624735413,13,-0.09630230908697902,-0.1255759824583098,0.21462181624154708,0.25,0.75,-0.44870698968736317,-3.2356721179537584,0.5012619549062134,0.4594259309197176,0.48872410069649325,-0.0042826605301017175,-0.007254222254031332,-0.0019454091132164726,-0.005160765526138044,4,0.0445961467036057,0.10951513553235011,0.20613428150803068,0.2027550676015488,0.21462181624154708,False
moderate_and_strong_20240202,XGBRanker,rank:ndcg,moderate_and_strong,2024-02-02,2021-02-05,2023-10-27,2023-11-03,2024-01-26,143,14300,13,1300,19,"[""macd_hist_atr"", ""ret_20d"", ""ema20_distance"", ""rsi14_centered"", ""body_range_ratio"", ""breakout_position_60"", ""signed_volume_pressure_20"", ""ret_1d"", ""close_location_value"", ""intraday_return"", ""momentum_20_5"", ""gross_margin_change_yoy"", ""vol_ratio_5_20"", ""ret_5d"", ""downside_vol_20"", ""overnight_vol_20"", ""revenue_growth_yoy"", ""ema60_distance"", ""gap_followthrough_20""]","{""colsample_bytree"": 0.85, ""gamma"": 0.0, ""learning_rate"": 0.05, ""max_depth"": 2, ""min_child_weight"": 5, ""n_estimators"": 200, ""reg_alpha"": 0.1, ""reg_lambda"": 5.0, ""subsample"": 0.85}",0.011078538429665089,0.0024962795834931038,0.2076668418936615,0.5034965034965035,0.4965034965034965,0.053347652078890855,0.3846953899921081,0.580223609859832,0.5507213567998859,0.5546864947106461,0.0020004136451474094,0.0005249036716672722,0.0020635707395657748,0.00025726951297581717,143,-0.03849415211273554,-0.01969396939693969,0.21133601684296552,0.38461538461538464,0.6153846153846154,-0.18214667186303057,-1.3134783301145412,0.44134020416581055,0.4450212452846829,0.475180984794981,-0.0063681674107136385,-0.003884118975684814,-0.006499135786531385,-0.002851942642788252,13,0.007847135221400224,0.05964596459645964,0.14118742305987012,0.75,0.25,0.05557956262203801,0.40078992580323963,0.44239176914401435,0.42750171937424736,0.495624393950847,-0.0014907523767525225,-0.004062124727024924,5.224570240525703e-05,-0.003168049273547604,4,0.04957269054240063,0.0032314032082648644,0.2076668418936615,0.21133601684296552,0.14118742305987012,False
moderate_and_strong_20240301,XGBRanker,rank:ndcg,moderate_and_strong,2024-03-01,2021-03-05,2023-11-24,2023-12-01,2024-02-23,143,14300,13,1300,19,"[""macd_hist_atr"", ""ret_20d"", ""ema20_distance"", ""rsi14_centered"", ""body_range_ratio"", ""breakout_position_60"", ""signed_volume_pressure_20"", ""ret_1d"", ""close_location_value"", ""intraday_return"", ""momentum_20_5"", ""gross_margin_change_yoy"", ""vol_ratio_5_20"", ""ret_5d"", ""downside_vol_20"", ""overnight_vol_20"", ""revenue_growth_yoy"", ""ema60_distance"", ""gap_followthrough_20""]","{""colsample_bytree"": 0.85, ""gamma"": 0.0, ""learning_rate"": 0.05, ""max_depth"": 2, ""min_child_weight"": 5, ""n_estimators"": 200, ""reg_alpha"": 0.1, ""reg_lambda"": 5.0, ""subsample"": 0.85}",0.011016860296227896,0.005364536453645364,0.20513117865932112,0.5104895104895105,0.48951048951048953,0.0537064154178363,0.38728246922075704,0.5857248420768044,0.552265088396572,0.5549528329795899,0.0023793417387415806,0.0007091272041610371,0.001836607490464885,0.0003435692949865199,143,-0.08436269664118752,-0.05160070811527833,0.1740473840407853,0.38461538461538464,0.6153846153846154,-0.48471108661661033,-3.495301353164111,0.4575317085164113,0.43988519294040623,0.4767526085126905,-0.006077037004199586,-0.007454375387831962,-0.004968579523822728,-0.005932039050360577,13,-0.050720830006303605,-0.00174017401740174,0.15693196208772497,0.4,0.6,-0.3232026754240838,-2.3306476372173583,0.4999666428324915,0.4669721739504459,0.48932370192730623,0.006049114280935064,7.918364001662306e-05,0.007199407603406994,-0.0003163704334544513,5,0.09537955693741541,0.0617376903025315,0.20513117865932112,0.1740473840407853,0.15693196208772497,False
moderate_and_strong_20240405,XGBRanker,rank:ndcg,moderate_and_strong,2024-04-05,2021-04-09,2023-12-29,2024-01-05,2024-03-28,143,14300,13,1300,19,"[""macd_hist_atr"", ""ret_20d"", ""ema20_distance"", ""rsi14_centered"", ""body_range_ratio"", ""breakout_position_60"", ""signed_volume_pressure_20"", ""ret_1d"", ""close_location_value"", ""intraday_return"", ""momentum_20_5"", ""gross_margin_change_yoy"", ""vol_ratio_5_20"", ""ret_5d"", ""downside_vol_20"", ""overnight_vol_20"", ""revenue_growth_yoy"", ""ema60_distance"", ""gap_followthrough_20""]","{""colsample_bytree"": 0.85, ""gamma"": 0.0, ""learning_rate"": 0.05, ""max_depth"": 2, ""min_child_weight"": 5, ""n_estimators"": 200, ""reg_alpha"": 0.1, ""reg_lambda"": 5.0, ""subsample"": 0.85}",0.0032755825095402776,-0.004716471647164716,0.20532406652696802,0.48951048951048953,0.5104895104895105,0.015953232199938192,0.11504039341252066,0.5835779204012781,0.5519861133650705,0.5497428155003001,0.0025339134822042844,0.0008712250580995063,0.0022995964243524986,0.000487166322017715,143,-0.04961068913773493,-0.0032763276327632757,0.1635601645571253,0.46153846153846156,0.5384615384615384,-0.3033176768442772,-2.1872548732333152,0.46029621717385927,0.45725674141153994,0.4959391794374329,-0.0031349535253403483,-0.003142200609855005,-0.001041373442766508,-0.0023387573543395194,13,-0.032972110181952695,-0.04144669711890091,0.1430855611232713,0.5,0.5,-0.23043632022064411,-1.6616999365695433,0.49006073774270154,0.4464982601624256,0.47934209995406424,-0.00333748098302942,-0.0053565436641701426,-0.0010489583905161073,-0.0034937235489069848,4,0.052886271647275204,0.03624769269149297,0.20532406652696802,0.1635601645571253,0.1430855611232713,False
moderate_and_strong_20240503,XGBRanker,rank:ndcg,moderate_and_strong,2024-05-03,2021-05-07,2024-01-26,2024-02-02,2024-04-26,143,14300,13,1300,19,"[""macd_hist_atr"", ""ret_20d"", ""ema20_distance"", ""rsi14_centered"", ""body_range_ratio"", ""breakout_position_60"", ""signed_volume_pressure_20"", ""ret_1d"", ""close_location_value"", ""intraday_return"", ""momentum_20_5"", ""gross_margin_change_yoy"", ""vol_ratio_5_20"", ""ret_5d"", ""downside_vol_20"", ""overnight_vol_20"", ""revenue_growth_yoy"", ""ema60_distance"", ""gap_followthrough_20""]","{""colsample_bytree"": 0.85, ""gamma"": 0.0, ""learning_rate"": 0.05, ""max_depth"": 2, ""min_child_weight"": 5, ""n_estimators"": 200, ""reg_alpha"": 0.1, ""reg_lambda"": 5.0, ""subsample"": 0.85}",0.0003732916326044216,-0.003714382581422603,0.2046041652266241,0.4965034965034965,0.5034965034965035,0.0018244576408840724,0.013156351148239176,0.5769419983440424,0.5393877037371311,0.5477985495292941,0.0017537494134281005,1.9957480912110524e-05,0.0018378090350750298,-0.0002197348518596064,143,-0.029196328613490294,0.024950495049504952,0.14206994929330732,0.6153846153846154,0.38461538461538464,-0.2055067152393619,-1.4819299984953922,0.49477790151533,0.4865709025886227,0.506386956124041,-0.0001617452578533782,-0.00228397642525736,0.0003930896051564402,-0.0024538695508189777,13,-0.09615595285512915,-0.05834983498349834,0.15014697935926166,0.2,0.8,-0.6404121698982276,-4.618077831998431,0.46346932498805077,0.4393662051664804,0.4868964889619371,0.0014610500249486256,-0.001993936719457751,-0.0031179619250807297,-0.004460021886695626,5,0.029569620246094715,0.09652924448773358,0.2046041652266241,0.14206994929330732,0.15014697935926166,False
moderate_and_strong_20240607,XGBRanker,rank:ndcg,moderate_and_strong,2024-06-07,2021-06-11,2024-03-01,2024-03-08,2024-05-31,143,14300,13,1300,19,"[""macd_hist_atr"", ""ret_20d"", ""ema20_distance"", ""rsi14_centered"", ""body_range_ratio"", ""breakout_position_60"", ""signed_volume_pressure_20"", ""ret_1d"", ""close_location_value"", ""intraday_return"", ""momentum_20_5"", ""gross_margin_change_yoy"", ""vol_ratio_5_20"", ""ret_5d"", ""downside_vol_20"", ""overnight_vol_20"", ""revenue_growth_yoy"", ""ema60_distance"", ""gap_followthrough_20""]","{""colsample_bytree"": 0.85, ""gamma"": 0.0, ""learning_rate"": 0.05, ""max_depth"": 2, ""min_child_weight"": 5, ""n_estimators"": 200, ""reg_alpha"": 0.1, ""reg_lambda"": 5.0, ""subsample"": 0.85}",-0.003638253528845955,-0.0072967296729672965,0.20865398984633415,0.4825174825174825,0.5174825174825175,-0.017436779097899792,-0.12573840223283284,0.5774908812638382,0.5423029499587154,0.5488912492940902,0.0015013317092135877,-0.00018594680402672542,0.0015013887684594373,-0.000348636358708614,143,-0.04901987721140815,-0.03314731473147314,0.15317319138482605,0.3076923076923077,0.6923076923076923,-0.3200290910453946,-2.307762594808607,0.4975150528638989,0.47285417948107816,0.4930502315367252,0.0026205769977891676,-0.0022966287271537125,0.0025179923343758423,-0.0023204907908315653,13,-0.09676439567997863,-0.10767220570139138,0.2335312719121461,0.5,0.5,-0.4143530538230493,-2.9879423634081888,0.3539167550138383,0.35183081437721886,0.4295793363294755,-0.0026904818872574726,-0.0064553971000123785,-0.003428992550771873,-0.00871801819809376,4,0.0453816236825622,0.09312614215113267,0.20865398984633415,0.15317319138482605,0.2335312719121461,False
moderate_and_strong_20240705,XGBRanker,rank:ndcg,moderate_and_strong,2024-07-05,2021-07-09,2024-03-28,2024-04-05,2024-06-28,143,14300,13,1300,19,"[""macd_hist_atr"", ""ret_20d"", ""ema20_distance"", ""rsi14_centered"", ""body_range_ratio"", ""breakout_position_60"", ""signed_volume_pressure_20"", ""ret_1d"", ""close_location_value"", ""intraday_return"", ""momentum_20_5"", ""gross_margin_change_yoy"", ""vol_ratio_5_20"", ""ret_5d"", ""downside_vol_20"", ""overnight_vol_20"", ""revenue_growth_yoy"", ""ema60_distance"", ""gap_followthrough_20""]","{""colsample_bytree"": 0.85, ""gamma"": 0.0, ""learning_rate"": 0.05, ""max_depth"": 2, ""min_child_weight"": 5, ""n_estimators"": 200, ""reg_alpha"": 0.1, ""reg_lambda"": 5.0, ""subsample"": 0.85}",-0.003941762145226569,-0.00642064206420642,0.2000105482592183,0.4825174825174825,0.5174825174825175,-0.01970777131273074,-0.14211475998633788,0.5672940449441541,0.5368391633230687,0.5464437656580015,0.0008176294025835978,-0.0005746062228987895,0.00078440186343232,-0.0007742291990075851,143,-0.06823441236777793,-0.0479087908790879,0.17458597594403863,0.38461538461538464,0.6153846153846154,-0.3908355868723936,-2.818355497488951,0.3892468431286659,0.4057235467071234,0.4676617172309695,-0.00260350604607374,-0.004078139010862356,-0.003182668789665786,-0.004682797489287519,13,-0.03976469955376763,-0.014440546260306525,0.14406882527235906,0.5,0.5,-0.27601182614346514,-1.9903495835894311,0.5779541263466577,0.5405722564259529,0.5305296643135647,-0.0006652536200628754,0.0003401806713329578,-0.0029606034453326067,-0.0016021701953150974,4,0.06429265022255136,0.03582293740854106,0.2000105482592183,0.17458597594403863,0.14406882527235906,False
moderate_and_strong_20240802,XGBRanker,rank:ndcg,moderate_and_strong,2024-08-02,2021-08-06,2024-04-26,2024-05-03,2024-07-26,143,14300,13,1300,19,"[""macd_hist_atr"", ""ret_20d"", ""ema20_distance"", ""rsi14_centered"", ""body_range_ratio"", ""breakout_position_60"", ""signed_volume_pressure_20"", ""ret_1d"", ""close_location_value"", ""intraday_return"", ""momentum_20_5"", ""gross_margin_change_yoy"", ""vol_ratio_5_20"", ""ret_5d"", ""downside_vol_20"", ""overnight_vol_20"", ""revenue_growth_yoy"", ""ema60_distance"", ""gap_followthrough_20""]","{""colsample_bytree"": 0.85, ""gamma"": 0.0, ""learning_rate"": 0.05, ""max_depth"": 2, ""min_child_weight"": 5, ""n_estimators"": 200, ""reg_alpha"": 0.1, ""reg_lambda"": 5.0, ""subsample"": 0.85}",0.0014489497161406417,-0.011551224429789557,0.19649838395500094,0.48951048951048953,0.5104895104895105,0.007373850547658743,0.05317359249438364,0.570694671440173,0.5348636059277064,0.5455187621885143,0.0008113339603139009,-0.0004635051305773948,0.0006509876303412155,-0.0005813070127726046,143,-0.07219420676016067,-0.04574871211755399,0.17337576846503103,0.38461538461538464,0.6153846153846154,-0.4164030959996688,-3.0027254277775195,0.40307036565922577,0.4458522644353962,0.46905031607729136,-0.004210088540110072,-0.001697191115345241,-0.006786347855561703,-0.004545789391363502,13,-0.10498284377108047,-0.261680953139351,0.2703865618249057,0.2,0.8,-0.3882694578551734,-2.7998508779868643,0.4344480352833546,0.42846408508297584,0.4477163688315723,-0.007324300872597127,-0.005627580035466049,-0.0092036353811015,-0.007944710915559006,5,0.0736431564763013,0.10643179348722111,0.19649838395500094,0.17337576846503103,0.2703865618249057,False
moderate_and_strong_20240906,XGBRanker,rank:ndcg,moderate_and_strong,2024-09-06,2021-09-10,2024-05-31,2024-06-07,2024-08-30,143,14300,13,1300,19,"[""macd_hist_atr"", ""ret_20d"", ""ema20_distance"", ""rsi14_centered"", ""body_range_ratio"", ""breakout_position_60"", ""signed_volume_pressure_20"", ""ret_1d"", ""close_location_value"", ""intraday_return"", ""momentum_20_5"", ""gross_margin_change_yoy"", ""vol_ratio_5_20"", ""ret_5d"", ""downside_vol_20"", ""overnight_vol_20"", ""revenue_growth_yoy"", ""ema60_distance"", ""gap_followthrough_20""]","{""colsample_bytree"": 0.85, ""gamma"": 0.0, ""learning_rate"": 0.05, ""max_depth"": 2, ""min_child_weight"": 5, ""n_estimators"": 200, ""reg_alpha"": 0.1, ""reg_lambda"": 5.0, ""subsample"": 0.85}",-0.0014870699248677969,-0.012193365657831697,0.19354211562851525,0.4965034965034965,0.5034965034965035,-0.007683443575258209,-0.055406099565455655,0.5730463089758007,0.5356440329149468,0.5461928390858389,0.0013249447348398355,-0.00038796563747122987,0.0015595210829502668,-0.00041427662809383534,143,-0.08116198824582252,-0.13017701770177018,0.21337704393193754,0.38461538461538464,0.6153846153846154,-0.38036888481645365,-2.742879035593559,0.4517512291049958,0.44249589984949866,0.47814468025534623,-0.0031692938289220665,-0.004346033813504649,-0.005716207132106351,-0.006886696028975047,13,-0.07728940366247633,-0.07918139010403401,0.14288663777529081,0.25,0.75,-0.5409141461080826,-3.900587378833024,0.4971305778508372,0.4911324847125326,0.4963066483474059,-0.0034306424996010643,-0.003025373624763975,-0.007018681645268766,-0.006633304613416521,4,0.07967491832095472,0.07580233373760853,0.19354211562851525,0.21337704393193754,0.14288663777529081,False
moderate_and_strong_20241004,XGBRanker,rank:ndcg,moderate_and_strong,2024-10-04,2021-10-08,2024-06-28,2024-07-05,2024-09-27,143,14300,13,1300,19,"[""macd_hist_atr"", ""ret_20d"", ""ema20_distance"", ""rsi14_centered"", ""body_range_ratio"", ""breakout_position_60"", ""signed_volume_pressure_20"", ""ret_1d"", ""close_location_value"", ""intraday_return"", ""momentum_20_5"", ""gross_margin_change_yoy"", ""vol_ratio_5_20"", ""ret_5d"", ""downside_vol_20"", ""overnight_vol_20"", ""revenue_growth_yoy"", ""ema60_distance"", ""gap_followthrough_20""]","{""colsample_bytree"": 0.85, ""gamma"": 0.0, ""learning_rate"": 0.05, ""max_depth"": 2, ""min_child_weight"": 5, ""n_estimators"": 200, ""reg_alpha"": 0.1, ""reg_lambda"": 5.0, ""subsample"": 0.85}",-0.000633688351003609,-0.008676867686768676,0.19550716367115145,0.46853146853146854,0.5314685314685315,-0.0032412538707251187,-0.023373014055391085,0.5836631965643343,0.5444117949745277,0.5506707669453123,0.001613313687812756,-0.0003591481042591127,0.00197785780513844,-0.00045359766339631187,143,-0.07378435144928644,-0.094017401740174,0.19015911011379144,0.3076923076923077,0.6923076923076923,-0.38801376071403465,-2.798007019680133,0.5206310432343818,0.5017982527207739,0.50565918687635,-0.0008435099750020511,-0.001765643714595843,-0.0038080703592383003,-0.004425108703540252,13,0.030351071615469523,0.054617461746174614,0.06173751304616524,0.75,0.25,0.49161474309426767,3.5450843280008764,0.5312329541926679,0.5107163785452418,0.522134161748283,0.0038647800263647775,-0.0005043957819664368,0.0038107992258959063,0.0007392796045477738,4,0.07315066309828283,-0.03098475996647313,0.19550716367115145,0.19015911011379144,0.06173751304616524,False
moderate_and_strong_20241101,XGBRanker,rank:ndcg,moderate_and_strong,2024-11-01,2021-11-05,2024-07-26,2024-08-02,2024-10-25,143,14300,13,1300,19,"[""macd_hist_atr"", ""ret_20d"", ""ema20_distance"", ""rsi14_centered"", ""body_range_ratio"", ""breakout_position_60"", ""signed_volume_pressure_20"", ""ret_1d"", ""close_location_value"", ""intraday_return"", ""momentum_20_5"", ""gross_margin_change_yoy"", ""vol_ratio_5_20"", ""ret_5d"", ""downside_vol_20"", ""overnight_vol_20"", ""revenue_growth_yoy"", ""ema60_distance"", ""gap_followthrough_20""]","{""colsample_bytree"": 0.85, ""gamma"": 0.0, ""learning_rate"": 0.05, ""max_depth"": 2, ""min_child_weight"": 5, ""n_estimators"": 200, ""reg_alpha"": 0.1, ""reg_lambda"": 5.0, ""subsample"": 0.85}",-0.0024461281824185686,-0.005400604868134118,0.19577617836848518,0.48951048951048953,0.5104895104895105,-0.012494513902577695,-0.09009922107548311,0.5661532967402103,0.5370411113123836,0.5439418292559096,0.0009701595204107345,-0.00021438203592016557,0.0005207112423741754,-0.00044369593410714165,143,-0.05237646059569079,-0.07977293457441663,0.1912267418559102,0.38461538461538464,0.6153846153846154,-0.27389715521669333,-1.9751004746750136,0.4532952032264064,0.45996154033950454,0.48700204374444844,-0.005367629757862757,-0.0028587672161844444,-0.006926546299834977,-0.004287627379372005,13,-0.04339779276303542,-0.07967020603157979,0.07290633562618244,0.2,0.8,-0.5952540666088588,-4.292438118173394,0.39126135416975477,0.38885087925321116,0.46546364462458634,-0.00944115193591897,-0.008690200123952382,-0.012428307960930345,-0.007968807575587846,5,0.049930332413272216,0.040951664580616845,0.19577617836848518,0.1912267418559102,0.07290633562618244,False
moderate_and_strong_20241206,XGBRanker,rank:ndcg,moderate_and_strong,2024-12-06,2021-12-10,2024-08-30,2024-09-06,2024-11-29,143,14300,13,1300,19,"[""macd_hist_atr"", ""ret_20d"", ""ema20_distance"", ""rsi14_centered"", ""body_range_ratio"", ""breakout_position_60"", ""signed_volume_pressure_20"", ""ret_1d"", ""close_location_value"", ""intraday_return"", ""momentum_20_5"", ""gross_margin_change_yoy"", ""vol_ratio_5_20"", ""ret_5d"", ""downside_vol_20"", ""overnight_vol_20"", ""revenue_growth_yoy"", ""ema60_distance"", ""gap_followthrough_20""]","{""colsample_bytree"": 0.85, ""gamma"": 0.0, ""learning_rate"": 0.05, ""max_depth"": 2, ""min_child_weight"": 5, ""n_estimators"": 200, ""reg_alpha"": 0.1, ""reg_lambda"": 5.0, ""subsample"": 0.85}",0.0008655219338712795,-0.018091863462018007,0.1903614457443962,0.4755244755244755,0.5244755244755245,0.004546729147211041,0.03278693015183213,0.5740335013682398,0.5427632421545041,0.5474286572279877,0.0016076661527493576,0.00010821808420216855,0.0017001901641441367,0.0001768314875628463,143,-0.02494225872667922,-0.012391276301514821,0.10457340132176998,0.38461538461538464,0.6153846153846154,-0.23851436800771597,-1.7199515675734152,0.46377073251656076,0.47103024166974533,0.4979786538604981,-0.004505040067476223,-0.0034998412881300837,-0.004468059031848017,-0.0043237204015231,13,-0.08171847467369324,-0.09436274242323489,0.16835906681511983,0.5,0.5,-0.485382083778302,-3.5001399825084514,0.45461349309862464,0.46184515846666796,0.46412248851068394,0.01236505663694392,0.004576053416353707,0.009903976057567866,0.0035880473650698893,4,0.0258077806605505,0.08258399660756452,0.1903614457443962,0.10457340132176998,0.16835906681511983,False
moderate_and_strong_20250103,XGBRanker,rank:ndcg,moderate_and_strong,2025-01-03,2022-01-07,2024-09-27,2024-10-04,2024-12-27,143,14300,13,1300,19,"[""macd_hist_atr"", ""ret_20d"", ""ema20_distance"", ""rsi14_centered"", ""body_range_ratio"", ""breakout_position_60"", ""signed_volume_pressure_20"", ""ret_1d"", ""close_location_value"", ""intraday_return"", ""momentum_20_5"", ""gross_margin_change_yoy"", ""vol_ratio_5_20"", ""ret_5d"", ""downside_vol_20"", ""overnight_vol_20"", ""revenue_growth_yoy"", ""ema60_distance"", ""gap_followthrough_20""]","{""colsample_bytree"": 0.85, ""gamma"": 0.0, ""learning_rate"": 0.05, ""max_depth"": 2, ""min_child_weight"": 5, ""n_estimators"": 200, ""reg_alpha"": 0.1, ""reg_lambda"": 5.0, ""subsample"": 0.85}",-0.006538931279149155,-0.010633063306330631,0.18691610361914734,0.46853146853146854,0.5314685314685315,-0.03498324196010749,-0.2522677453382618,0.5750320116132995,0.5379769273052314,0.547671041436915,0.0012202617822266212,-0.0003226297700164592,0.0012143921645640435,-0.0006496331227783085,143,-0.02568423590084942,-0.007512751275127511,0.10815132237899182,0.46153846153846156,0.5384615384615384,-0.23748425202647852,-1.7125232955933622,0.45388908947998385,0.4698767299882346,0.4949683461115035,-4.357259228021606e-05,-0.0009618729193856361,-0.0008106411904618626,-0.0013526231128475898,13,-0.12154184925362185,-0.1270930905889026,0.25146723355757605,0.4,0.6,-0.48333076056922375,-3.4853476804826893,0.5186223604845253,0.4711564695966454,0.49516481839425824,-0.007560970678652479,-0.011333364980109856,-0.0036175339040007437,-0.0064591609717315115,5,0.019145304621700263,0.1150029179744727,0.18691610361914734,0.10815132237899182,0.25146723355757605,False
moderate_and_strong_20250207,XGBRanker,rank:ndcg,moderate_and_strong,2025-02-07,2022-02-11,2024-11-01,2024-11-08,2025-01-31,143,14300,13,1300,19,"[""macd_hist_atr"", ""ret_20d"", ""ema20_distance"", ""rsi14_centered"", ""body_range_ratio"", ""breakout_position_60"", ""signed_volume_pressure_20"", ""ret_1d"", ""close_location_value"", ""intraday_return"", ""momentum_20_5"", ""gross_margin_change_yoy"", ""vol_ratio_5_20"", ""ret_5d"", ""downside_vol_20"", ""overnight_vol_20"", ""revenue_growth_yoy"", ""ema60_distance"", ""gap_followthrough_20""]","{""colsample_bytree"": 0.85, ""gamma"": 0.0, ""learning_rate"": 0.05, ""max_depth"": 2, ""min_child_weight"": 5, ""n_estimators"": 200, ""reg_alpha"": 0.1, ""reg_lambda"": 5.0, ""subsample"": 0.85}",-0.0029443469016770547,-0.01236123612361236,0.1847393266842291,0.4825174825174825,0.5174825174825175,-0.015937845798852362,-0.11492944049640103,0.5767673904428994,0.545957257358848,0.5465027498096743,0.001716101642601971,0.00039800364137700084,0.0017881138811340319,0.0005715926349850914,143,-0.07590493642053975,-0.0763996399639964,0.15914873745831226,0.38461538461538464,0.6153846153846154,-0.4769433778286959,-3.4392876085087156,0.44183936906861204,0.4256711784072358,0.4616507253635514,-0.0007237769487526068,-0.004741924284563056,0.0016869815758255387,-0.002335952493504104,13,0.0029251383727295285,0.004008285562510955,0.1253653275803537,0.5,0.5,0.023332913726521732,0.1682560336939033,0.5370362120506816,0.5446429372540684,0.5395698177311674,0.01929528588630286,0.011912145991797313,0.013578912747920507,0.00482864421138799,4,0.0729605895188627,-0.005869485274406583,0.1847393266842291,0.15914873745831226,0.1253653275803537,False
moderate_and_strong_20250307,XGBRanker,rank:ndcg,moderate_and_strong,2025-03-07,2022-03-11,2024-11-29,2024-12-06,2025-02-28,143,14300,13,1300,19,"[""macd_hist_atr"", ""ret_20d"", ""ema20_distance"", ""rsi14_centered"", ""body_range_ratio"", ""breakout_position_60"", ""signed_volume_pressure_20"", ""ret_1d"", ""close_location_value"", ""intraday_return"", ""momentum_20_5"", ""gross_margin_change_yoy"", ""vol_ratio_5_20"", ""ret_5d"", ""downside_vol_20"", ""overnight_vol_20"", ""revenue_growth_yoy"", ""ema60_distance"", ""gap_followthrough_20""]","{""colsample_bytree"": 0.85, ""gamma"": 0.0, ""learning_rate"": 0.05, ""max_depth"": 2, ""min_child_weight"": 5, ""n_estimators"": 200, ""reg_alpha"": 0.1, ""reg_lambda"": 5.0, ""subsample"": 0.85}",-0.0005413174238148914,-0.003288328832883288,0.18402551127792205,0.48951048951048953,0.5104895104895105,-0.0029415346820983643,-0.021211708249722634,0.5762871630163082,0.5451290414510668,0.5471663657567046,0.0021112415486069214,0.00027735072309321437,0.002260449305544985,0.0003088534949355799,143,-0.07048975929297044,-0.09295557442458406,0.178974428372141,0.46153846153846156,0.5384615384615384,-0.3938538032170791,-2.8401201650713648,0.476290766551734,0.4737263681911418,0.4818549398265976,0.00027162235769780693,0.0009627655048496493,-0.0017913488546442509,-0.0009761651413040731,13,0.0828373257988678,0.09480676509723168,0.3002605489550463,0.5,0.5,0.27588481432927053,1.9894336883720944,0.3830788056338719,0.4689463439494821,0.49785843193404844,-0.03238643146594208,-0.012620733736856569,-0.02213915379144693,-0.0049701138804610105,4,0.06994844186915555,-0.08337864322268268,0.18402551127792205,0.178974428372141,0.3002605489550463,False
moderate_and_strong_20250404,XGBRanker,rank:ndcg,moderate_and_strong,2025-04-04,2022-04-08,2024-12-27,2025-01-03,2025-03-28,143,14300,13,1300,19,"[""macd_hist_atr"", ""ret_20d"", ""ema20_distance"", ""rsi14_centered"", ""body_range_ratio"", ""breakout_position_60"", ""signed_volume_pressure_20"", ""ret_1d"", ""close_location_value"", ""intraday_return"", ""momentum_20_5"", ""gross_margin_change_yoy"", ""vol_ratio_5_20"", ""ret_5d"", ""downside_vol_20"", ""overnight_vol_20"", ""revenue_growth_yoy"", ""ema60_distance"", ""gap_followthrough_20""]","{""colsample_bytree"": 0.85, ""gamma"": 0.0, ""learning_rate"": 0.05, ""max_depth"": 2, ""min_child_weight"": 5, ""n_estimators"": 200, ""reg_alpha"": 0.1, ""reg_lambda"": 5.0, ""subsample"": 0.85}",-0.0010655005927027576,-0.00030003360378522874,0.18517901574942025,0.4965034965034965,0.5034965034965035,-0.005753894891333515,-0.04149192612866657,0.5733355737584211,0.5381054644525861,0.5475065900096608,0.0017827760993854877,-0.0003953507146320823,0.00217832536336944,-0.00014515609181363592,143,-0.02436874944740358,-0.08897716464835921,0.23191076707008518,0.46153846153846156,0.5384615384615384,-0.10507812877889866,-0.7577291624842547,0.5386195479450283,0.5055211931598973,0.5178391185617707,-0.007803535783461373,-0.006475493133666624,-0.008003720927461601,-0.005295761828856887,13,0.20300030003000297,0.21488748874887487,0.051358347535678354,1.0,0.0,3.952625225898863,28.502785849341567,0.6465131230269774,0.6275362979759911,0.6261810046621573,0.02130745948202781,0.01548707011199187,0.019264064466163907,0.014366908244116268,4,0.023303248854700823,-0.2040658006227057,0.18517901574942025,0.23191076707008518,0.051358347535678354,False
moderate_and_strong_20250502,XGBRanker,rank:ndcg,moderate_and_strong,2025-05-02,2022-05-06,2025-01-24,2025-01-31,2025-04-25,143,14300,13,1300,19,"[""macd_hist_atr"", ""ret_20d"", ""ema20_distance"", ""rsi14_centered"", ""body_range_ratio"", ""breakout_position_60"", ""signed_volume_pressure_20"", ""ret_1d"", ""close_location_value"", ""intraday_return"", ""momentum_20_5"", ""gross_margin_change_yoy"", ""vol_ratio_5_20"", ""ret_5d"", ""downside_vol_20"", ""overnight_vol_20"", ""revenue_growth_yoy"", ""ema60_distance"", ""gap_followthrough_20""]","{""colsample_bytree"": 0.85, ""gamma"": 0.0, ""learning_rate"": 0.05, ""max_depth"": 2, ""min_child_weight"": 5, ""n_estimators"": 200, ""reg_alpha"": 0.1, ""reg_lambda"": 5.0, ""subsample"": 0.85}",-0.0037675597095239216,0.0030363036303630363,0.18330012985699262,0.5104895104895105,0.48951048951048953,-0.020554048229334602,-0.14821734961845145,0.567262658026285,0.535540674160526,0.542012556445249,0.001728339303388068,-0.00023383949871956668,0.0019905395652902932,3.9424724170221484e-05,143,0.08868667047821185,0.12750075007500747,0.18565215108801023,0.6153846153846154,0.38461538461538464,0.47770343601442605,3.444768466030688,0.5759538783051125,0.5613619791401336,0.5719569547591374,0.004940735104030975,0.0038051279433506608,0.0044472702228863185,0.005592491247581819,13,-0.006964148102562728,0.011113111311131112,0.07952818547808808,0.8,0.2,-0.08756830123430287,-0.6314640004111111,0.44982508886177514,0.4294639623530019,0.5118502034660097,0.00035178679218872806,-0.0003843175525955426,-0.0041856931669049255,-0.0052076820567728555,5,-0.09245423018773577,0.0031965883930388066,0.18330012985699262,0.18565215108801023,0.07952818547808808,False
moderate_and_strong_20250606,XGBRanker,rank:ndcg,moderate_and_strong,2025-06-06,2022-06-10,2025-02-28,2025-03-07,2025-05-30,143,14300,13,1300,19,"[""macd_hist_atr"", ""ret_20d"", ""ema20_distance"", ""rsi14_centered"", ""body_range_ratio"", ""breakout_position_60"", ""signed_volume_pressure_20"", ""ret_1d"", ""close_location_value"", ""intraday_return"", ""momentum_20_5"", ""gross_margin_change_yoy"", ""vol_ratio_5_20"", ""ret_5d"", ""downside_vol_20"", ""overnight_vol_20"", ""revenue_growth_yoy"", ""ema60_distance"", ""gap_followthrough_20""]","{""colsample_bytree"": 0.85, ""gamma"": 0.0, ""learning_rate"": 0.05, ""max_depth"": 2, ""min_child_weight"": 5, ""n_estimators"": 200, ""reg_alpha"": 0.1, ""reg_lambda"": 5.0, ""subsample"": 0.85}",-0.004495101334562003,0.011665166516651664,0.17865624207240025,0.5244755244755245,0.4755244755244755,-0.025160617297325487,-0.18143579157566644,0.5778238630732309,0.5382669852869534,0.5435823607693773,0.0029308452724245353,-0.0003489851573511609,0.0032022524263992085,-0.00035071628637223695,143,0.09006967889012737,0.05077723005492418,0.18540364600893935,0.7692307692307693,0.23076923076923078,0.4858031696193537,3.503176475691019,0.5607371170846756,0.5256622756988096,0.5555041374338067,0.004182011051043978,0.0009746624458271277,0.004628923751234328,0.00040585981949486894,13,-0.1076053948300787,-0.0782154265115362,0.11949983566017089,0.25,0.75,-0.9004647934084432,-6.4933439687684595,0.5048102350456598,0.46912184124546086,0.4644488561949818,-0.0010523018731166105,-0.004719903030707692,0.0022250565818835617,-0.0018384777477560377,4,-0.09456478022468938,0.10311029349551669,0.17865624207240025,0.18540364600893935,0.11949983566017089,False
moderate_and_strong_20250703,XGBRanker,rank:ndcg,moderate_and_strong,2025-07-03,2022-07-08,2025-03-28,2025-04-04,2025-06-27,143,14300,13,1300,19,"[""macd_hist_atr"", ""ret_20d"", ""ema20_distance"", ""rsi14_centered"", ""body_range_ratio"", ""breakout_position_60"", ""signed_volume_pressure_20"", ""ret_1d"", ""close_location_value"", ""intraday_return"", ""momentum_20_5"", ""gross_margin_change_yoy"", ""vol_ratio_5_20"", ""ret_5d"", ""downside_vol_20"", ""overnight_vol_20"", ""revenue_growth_yoy"", ""ema60_distance"", ""gap_followthrough_20""]","{""colsample_bytree"": 0.85, ""gamma"": 0.0, ""learning_rate"": 0.05, ""max_depth"": 2, ""min_child_weight"": 5, ""n_estimators"": 200, ""reg_alpha"": 0.1, ""reg_lambda"": 5.0, ""subsample"": 0.85}",-0.002296072242411698,0.0015001545159218912,0.18060030287091972,0.5034965034965035,0.4965034965034965,-0.012713556986960136,-0.09167876322003646,0.5708834450288707,0.5317322832541584,0.5403398629609233,0.0022276374787914086,-0.0006737328702689057,0.003077773734385865,-0.0001724650625019422,143,0.03651157630911393,0.017557755775577555,0.14984752412662578,0.6153846153846154,0.38461538461538464,0.24365818869493316,1.7570441860525232,0.5601956942664152,0.5368108610174314,0.5446972201633403,0.010582466495929319,0.0057340113016406714,0.009880140625531022,0.004282619470899418,13,-0.139015798717457,-0.15608740301547208,0.06538871586261699,0.0,1.0,-2.125990652722589,-15.3307366190969,0.3030428088569608,0.3505487255922207,0.4136915678075265,-0.015028523363372966,-0.008858012494300491,-0.010795509567419384,-0.0052418944658570565,4,-0.03880764855152563,0.13671972647504532,0.18060030287091972,0.14984752412662578,0.06538871586261699,False
moderate_and_strong_20250801,XGBRanker,rank:ndcg,moderate_and_strong,2025-08-01,2022-08-05,2025-04-25,2025-05-02,2025-07-25,143,14300,13,1300,19,"[""macd_hist_atr"", ""ret_20d"", ""ema20_distance"", ""rsi14_centered"", ""body_range_ratio"", ""breakout_position_60"", ""signed_volume_pressure_20"", ""ret_1d"", ""close_location_value"", ""intraday_return"", ""momentum_20_5"", ""gross_margin_change_yoy"", ""vol_ratio_5_20"", ""ret_5d"", ""downside_vol_20"", ""overnight_vol_20"", ""revenue_growth_yoy"", ""ema60_distance"", ""gap_followthrough_20""]","{""colsample_bytree"": 0.85, ""gamma"": 0.0, ""learning_rate"": 0.05, ""max_depth"": 2, ""min_child_weight"": 5, ""n_estimators"": 200, ""reg_alpha"": 0.1, ""reg_lambda"": 5.0, ""subsample"": 0.85}",0.003973225605870889,0.020510297154758238,0.1825284585218537,0.5244755244755245,0.4755244755244755,0.02176770481735693,0.1569691517362898,0.5711279719002568,0.5295677674715233,0.5438403846867695,0.001960994684093418,-0.0006824816511879553,0.0026817805763618098,5.122159145854375e-05,143,-0.07934565035800686,-0.08094906630125472,0.09466292509869541,0.23076923076923078,0.7692307692307693,-0.8381914067760026,-6.044284191568343,0.4256993838156577,0.43481471122302645,0.46163169437418267,-0.002429329654510829,-0.0022956640673507554,-0.0018092661954630408,-0.0024564512985108594,13,-0.05118423710008098,-0.10707599251887245,0.2944803892543378,0.2,0.8,-0.17381203967329048,-1.25337644267006,0.2524688173080363,0.35020013038849307,0.43179262109073535,-0.009736575238313477,-0.0024655062984382295,-0.013558650010442038,-0.005075033620713916,5,0.08331887596387776,0.05515746270595187,0.1825284585218537,0.09466292509869541,0.2944803892543378,False
moderate_and_strong_20250905,XGBRanker,rank:ndcg,moderate_and_strong,2025-09-05,2022-09-09,2025-05-30,2025-06-06,2025-08-29,143,14300,13,1300,19,"[""macd_hist_atr"", ""ret_20d"", ""ema20_distance"", ""rsi14_centered"", ""body_range_ratio"", ""breakout_position_60"", ""signed_volume_pressure_20"", ""ret_1d"", ""close_location_value"", ""intraday_return"", ""momentum_20_5"", ""gross_margin_change_yoy"", ""vol_ratio_5_20"", ""ret_5d"", ""downside_vol_20"", ""overnight_vol_20"", ""revenue_growth_yoy"", ""ema60_distance"", ""gap_followthrough_20""]","{""colsample_bytree"": 0.85, ""gamma"": 0.0, ""learning_rate"": 0.05, ""max_depth"": 2, ""min_child_weight"": 5, ""n_estimators"": 200, ""reg_alpha"": 0.1, ""reg_lambda"": 5.0, ""subsample"": 0.85}",0.0093473113785045,0.020102010201020096,0.173929005566979,0.5524475524475524,0.44755244755244755,0.0537421078677122,0.387539851137106,0.588149323295263,0.5474284269437811,0.552429999397128,0.003967159946558181,0.0005196557401442594,0.0042979903674128725,0.0009674211808354806,143,-0.0918986805293876,-0.10686500709621184,0.18985401298555252,0.15384615384615385,0.8461538461538461,-0.4840491864471724,-3.4905283231638173,0.38241003194918577,0.385098256759556,0.43281576143514233,-0.004928609107989572,-0.004395723560446794,-0.004348985383424418,-0.002859462903010274,13,-0.03149410921356793,-0.010459171427953074,0.15686295417452295,0.25,0.75,-0.2007746786314386,-1.4478067972409119,0.5208333680547271,0.487088422504533,0.4950030103512377,0.0022545153259815446,-0.0006397417905350412,0.004174484246225698,0.002182642107581022,4,0.1012459919078921,0.04084142059207243,0.173929005566979,0.18985401298555252,0.15686295417452295,False
moderate_and_strong_20251003,XGBRanker,rank:ndcg,moderate_and_strong,2025-10-03,2022-10-07,2025-06-27,2025-07-03,2025-09-26,143,14300,13,1300,19,"[""macd_hist_atr"", ""ret_20d"", ""ema20_distance"", ""rsi14_centered"", ""body_range_ratio"", ""breakout_position_60"", ""signed_volume_pressure_20"", ""ret_1d"", ""close_location_value"", ""intraday_return"", ""momentum_20_5"", ""gross_margin_change_yoy"", ""vol_ratio_5_20"", ""ret_5d"", ""downside_vol_20"", ""overnight_vol_20"", ""revenue_growth_yoy"", ""ema60_distance"", ""gap_followthrough_20""]","{""colsample_bytree"": 0.85, ""gamma"": 0.0, ""learning_rate"": 0.05, ""max_depth"": 2, ""min_child_weight"": 5, ""n_estimators"": 200, ""reg_alpha"": 0.1, ""reg_lambda"": 5.0, ""subsample"": 0.85}",0.006461288644375159,0.013981440088392024,0.16987274699324123,0.5594405594405595,0.4405594405594406,0.03803605203742444,0.2742818718743007,0.5745577280725526,0.5431856502874989,0.547602127758149,0.0033828972530127598,0.0008557530052257544,0.003902638026916715,0.0007941015206725997,143,-0.06607589191362101,-0.08978205559669185,0.19290843358474302,0.23076923076923078,0.7692307692307693,-0.3425246407622424,-2.469980310756296,0.4014391554195998,0.40104919318784127,0.45960721283090145,-0.004080160475099963,-0.0034581844707137093,-0.0031650764935059034,-0.0029284190253850142,13,-0.15042324015837977,-0.14035403540354033,0.19095806654871655,0.2,0.8,-0.787729174666755,-5.680395860879828,0.5612028663188378,0.47948658585937165,0.47012365050239724,0.021908114060212452,0.0038112424326650885,0.017290949358427253,0.00040519860918945377,5,0.07253718055799617,0.1568845288027549,0.16987274699324123,0.19290843358474302,0.19095806654871655,False
moderate_and_strong_20251107,XGBRanker,rank:ndcg,moderate_and_strong,2025-11-07,2022-11-11,2025-08-01,2025-08-08,2025-10-31,143,14300,13,1300,19,"[""macd_hist_atr"", ""ret_20d"", ""ema20_distance"", ""rsi14_centered"", ""body_range_ratio"", ""breakout_position_60"", ""signed_volume_pressure_20"", ""ret_1d"", ""close_location_value"", ""intraday_return"", ""momentum_20_5"", ""gross_margin_change_yoy"", ""vol_ratio_5_20"", ""ret_5d"", ""downside_vol_20"", ""overnight_vol_20"", ""revenue_growth_yoy"", ""ema60_distance"", ""gap_followthrough_20""]","{""colsample_bytree"": 0.85, ""gamma"": 0.0, ""learning_rate"": 0.05, ""max_depth"": 2, ""min_child_weight"": 5, ""n_estimators"": 200, ""reg_alpha"": 0.1, ""reg_lambda"": 5.0, ""subsample"": 0.85}",0.0009809107159470855,0.009852985298529853,0.17226496604162,0.5244755244755245,0.4755244755244755,0.005694197366341413,0.041061441153911936,0.5789772753585887,0.5468682296677859,0.5513894782995901,0.0032525773275501675,0.0007554338028384033,0.0039039795789531898,0.0009546139446192871,143,-0.05771533763485118,-0.06696750036486306,0.21641204075745768,0.3076923076923077,0.6923076923076923,-0.2666918967763686,-1.9231426171558927,0.4801416529464725,0.47972297356611304,0.4926844508815696,0.004923678776288212,0.004049733437809307,0.0039001841795182047,0.0020037179022020764,13,0.03205884462653426,0.04739035343834079,0.14425377906102596,0.75,0.25,0.22223920118565418,1.6025896705860672,0.5201634942068434,0.5415147203165244,0.5478282151676983,0.009402909359980012,0.006855042958952665,0.010305490344531735,0.0050751997862137745,4,0.058696248350798265,-0.031077933910587174,0.17226496604162,0.21641204075745768,0.14425377906102596,False
moderate_and_strong_20251205,XGBRanker,rank:ndcg,moderate_and_strong,2025-12-05,2022-12-09,2025-08-29,2025-09-05,2025-11-28,143,14300,13,1300,19,"[""macd_hist_atr"", ""ret_20d"", ""ema20_distance"", ""rsi14_centered"", ""body_range_ratio"", ""breakout_position_60"", ""signed_volume_pressure_20"", ""ret_1d"", ""close_location_value"", ""intraday_return"", ""momentum_20_5"", ""gross_margin_change_yoy"", ""vol_ratio_5_20"", ""ret_5d"", ""downside_vol_20"", ""overnight_vol_20"", ""revenue_growth_yoy"", ""ema60_distance"", ""gap_followthrough_20""]","{""colsample_bytree"": 0.85, ""gamma"": 0.0, ""learning_rate"": 0.05, ""max_depth"": 2, ""min_child_weight"": 5, ""n_estimators"": 200, ""reg_alpha"": 0.1, ""reg_lambda"": 5.0, ""subsample"": 0.85}",-0.00032573296064590713,0.002448244824482448,0.1743753203364445,0.5104895104895105,0.48951048951048953,-0.0018679992100798957,-0.013470333868938584,0.5687490681487658,0.5454899002674456,0.5434361962657656,0.0034146799697102968,0.0006273349137223605,0.004191354797546208,0.000755870926010989,143,-0.0607449556569771,-0.038884355050565644,0.18708853178781112,0.3076923076923077,0.6923076923076923,-0.3246856184956958,-2.3413412917839405,0.4459135830297139,0.4724435728489247,0.4821476071584456,0.007797891992217069,0.0037016789073175188,0.006578427388126557,0.0017541687543106128,13,0.028355835583558357,0.06866486648664866,0.12922490102150608,0.75,0.25,0.2194301203514892,1.5823331006170571,0.5264392426286878,0.546923482429978,0.5602945272590405,0.00019533796223669122,0.0038208236813572797,-0.00031604908460596513,0.0026990078840180877,4,0.060419222696331196,-0.028681568544204266,0.1743753203364445,0.18708853178781112,0.12922490102150608,False
moderate_and_strong_20260102,XGBRanker,rank:ndcg,moderate_and_strong,2026-01-02,2023-01-06,2025-09-26,2025-10-03,2025-12-26,143,14300,13,1300,19,"[""macd_hist_atr"", ""ret_20d"", ""ema20_distance"", ""rsi14_centered"", ""body_range_ratio"", ""breakout_position_60"", ""signed_volume_pressure_20"", ""ret_1d"", ""close_location_value"", ""intraday_return"", ""momentum_20_5"", ""gross_margin_change_yoy"", ""vol_ratio_5_20"", ""ret_5d"", ""downside_vol_20"", ""overnight_vol_20"", ""revenue_growth_yoy"", ""ema60_distance"", ""gap_followthrough_20""]","{""colsample_bytree"": 0.85, ""gamma"": 0.0, ""learning_rate"": 0.05, ""max_depth"": 2, ""min_child_weight"": 5, ""n_estimators"": 200, ""reg_alpha"": 0.1, ""reg_lambda"": 5.0, ""subsample"": 0.85}",-0.0018929495588111023,-0.0008460871469799467,0.1716780843295214,0.48951048951048953,0.5104895104895105,-0.011026157276881932,-0.07951075086625639,0.5799154344653058,0.5529237190980633,0.5516535233681845,0.0031982627312663785,0.0010959876135997802,0.003914725956321126,0.0014988045143289894,143,-0.031712178430184326,0.021566156615661563,0.1759270372684442,0.5384615384615384,0.46153846153846156,-0.1802575597393551,-1.2998557488605158,0.453390218024458,0.46692587888746445,0.4996908969020877,0.007878346898246031,0.0037994574667357655,0.00608306682555613,0.0021607143795624806,13,-0.09931007230759661,-0.10931893189318931,0.1254316599241501,0.2,0.8,-0.7917464567370831,-5.709364893864968,0.4091352613108595,0.4750289173239981,0.48707575120872953,0.0006656443763467095,0.004008686606913912,-0.00543417259426478,-0.001533247580612535,5,0.029819228871373223,0.09741712274878551,0.1716780843295214,0.1759270372684442,0.1254316599241501,False
moderate_and_strong_20260206,XGBRanker,rank:ndcg,moderate_and_strong,2026-02-06,2023-02-10,2025-10-31,2025-11-07,2026-01-30,143,14300,13,1300,19,"[""macd_hist_atr"", ""ret_20d"", ""ema20_distance"", ""rsi14_centered"", ""body_range_ratio"", ""breakout_position_60"", ""signed_volume_pressure_20"", ""ret_1d"", ""close_location_value"", ""intraday_return"", ""momentum_20_5"", ""gross_margin_change_yoy"", ""vol_ratio_5_20"", ""ret_5d"", ""downside_vol_20"", ""overnight_vol_20"", ""revenue_growth_yoy"", ""ema60_distance"", ""gap_followthrough_20""]","{""colsample_bytree"": 0.85, ""gamma"": 0.0, ""learning_rate"": 0.05, ""max_depth"": 2, ""min_child_weight"": 5, ""n_estimators"": 200, ""reg_alpha"": 0.1, ""reg_lambda"": 5.0, ""subsample"": 0.85}",-0.012775396152394987,-0.007332733273327332,0.1727399533108841,0.45454545454545453,0.5454545454545454,-0.07395739032881878,-0.5333143260601213,0.57187994067683,0.5464861431205195,0.5420008057765116,0.004362974628583073,0.000833399391073344,0.004782183155363047,0.001227191009434118,143,-0.026390165342301028,-0.02045004500450045,0.14808160106852983,0.46153846153846156,0.5384615384615384,-0.17821366835497732,-1.2851170384848096,0.4368323920550342,0.4954502113672316,0.5144841773039622,0.0015354534418256611,0.004441564959461763,-0.0019839868718437344,0.0008267076928636398,13,-0.05954395439543953,-0.0734113411341134,0.08116288901361546,0.25,0.75,-0.7336352256442074,-5.290318847093567,0.3885217515456571,0.4645437566753402,0.4617577402566291,0.0029646846159898372,0.005679109336644432,-0.00014132602157735947,0.0015669250357951666,4,0.013614769189906041,0.046768558243044545,0.1727399533108841,0.14808160106852983,0.08116288901361546,False
moderate_and_strong_20260306,XGBRanker,rank:ndcg,moderate_and_strong,2026-03-06,2023-03-10,2025-11-28,2025-12-05,2026-02-27,143,14300,13,1300,19,"[""macd_hist_atr"", ""ret_20d"", ""ema20_distance"", ""rsi14_centered"", ""body_range_ratio"", ""breakout_position_60"", ""signed_volume_pressure_20"", ""ret_1d"", ""close_location_value"", ""intraday_return"", ""momentum_20_5"", ""gross_margin_change_yoy"", ""vol_ratio_5_20"", ""ret_5d"", ""downside_vol_20"", ""overnight_vol_20"", ""revenue_growth_yoy"", ""ema60_distance"", ""gap_followthrough_20""]","{""colsample_bytree"": 0.85, ""gamma"": 0.0, ""learning_rate"": 0.05, ""max_depth"": 2, ""min_child_weight"": 5, ""n_estimators"": 200, ""reg_alpha"": 0.1, ""reg_lambda"": 5.0, ""subsample"": 0.85}",-0.012102637819241997,-0.007296817244056763,0.17193945483625062,0.4755244755244755,0.5244755244755245,-0.07038895075460222,-0.507581942343656,0.566891580669185,0.53916647114004,0.5423879037304421,0.003307727345291923,0.0005134328494563925,0.0038204983824331887,0.0006337726529428598,143,-0.04186623627143072,-0.004776477647764776,0.12293045118793239,0.46153846153846156,0.5384615384615384,-0.34056847483156855,-2.455874197623575,0.45729013696444476,0.47495015985686256,0.5021203009803543,0.005033316188184476,0.0038021631236711023,0.0007999931414847948,0.0006103910655675239,13,-0.06189474302539862,-0.06811003767445453,0.1298659476237333,0.5,0.5,-0.47660486954385584,-3.436846590552395,0.42038396249952154,0.4262568394355734,0.44218417051484704,-0.0082584229726702,-0.002927906586851041,-0.007746441931233451,-0.0020896708920974502,4,0.029763598452188723,0.04979210520615662,0.17193945483625062,0.12293045118793239,0.1298659476237333,False
moderate_and_strong_20260402,XGBRanker,rank:ndcg,moderate_and_strong,2026-04-02,2023-04-06,2025-12-26,2026-01-02,2026-03-27,143,14300,13,1300,19,"[""macd_hist_atr"", ""ret_20d"", ""ema20_distance"", ""rsi14_centered"", ""body_range_ratio"", ""breakout_position_60"", ""signed_volume_pressure_20"", ""ret_1d"", ""close_location_value"", ""intraday_return"", ""momentum_20_5"", ""gross_margin_change_yoy"", ""vol_ratio_5_20"", ""ret_5d"", ""downside_vol_20"", ""overnight_vol_20"", ""revenue_growth_yoy"", ""ema60_distance"", ""gap_followthrough_20""]","{""colsample_bytree"": 0.85, ""gamma"": 0.0, ""learning_rate"": 0.05, ""max_depth"": 2, ""min_child_weight"": 5, ""n_estimators"": 200, ""reg_alpha"": 0.1, ""reg_lambda"": 5.0, ""subsample"": 0.85}",-0.012131954646426264,-0.0021662816175852394,0.17034362916446863,0.4825174825174825,0.5174825174825175,-0.07122047772454541,-0.5135781685977787,0.5714989418731112,0.5437836993987175,0.5410157937604266,0.0041020755819510925,0.0009316014074540754,0.004317857692189065,0.001003188445133283,143,-0.0670170563842408,-0.1052145214521452,0.109261501505711,0.3076923076923077,0.6923076923076923,-0.613363860652582,-4.4230297001988665,0.4492330246231289,0.456841501433613,0.48592202210298857,0.004653435829357068,0.002587360894669042,0.002671290371276192,3.325192744940083e-05,13,0.05684235476279639,0.03168026306723851,0.11641598112612317,0.5,0.5,0.48826934423388413,3.520960313744893,0.6585415680135484,0.5825327450582223,0.5862176885161823,0.010277176980780902,0.003359670398742248,0.014123277142618065,0.006149781352131121,4,0.05488510173781454,-0.06897430940922265,0.17034362916446863,0.109261501505711,0.11641598112612317,False
moderate_and_strong_20260501,XGBRanker,rank:ndcg,moderate_and_strong,2026-05-01,2023-05-05,2026-01-23,2026-01-30,2026-04-24,143,14300,13,1300,19,"[""macd_hist_atr"", ""ret_20d"", ""ema20_distance"", ""rsi14_centered"", ""body_range_ratio"", ""breakout_position_60"", ""signed_volume_pressure_20"", ""ret_1d"", ""close_location_value"", ""intraday_return"", ""momentum_20_5"", ""gross_margin_change_yoy"", ""vol_ratio_5_20"", ""ret_5d"", ""downside_vol_20"", ""overnight_vol_20"", ""revenue_growth_yoy"", ""ema60_distance"", ""gap_followthrough_20""]","{""colsample_bytree"": 0.85, ""gamma"": 0.0, ""learning_rate"": 0.05, ""max_depth"": 2, ""min_child_weight"": 5, ""n_estimators"": 200, ""reg_alpha"": 0.1, ""reg_lambda"": 5.0, ""subsample"": 0.85}",-0.01674169024558241,-0.005568573563102059,0.16914504263056923,0.4755244755244755,0.5244755244755245,-0.09897830870602599,-0.7137427343965609,0.5662929563644615,0.5359888538486648,0.5376132275104956,0.0035305037071390972,0.0008080925936859045,0.003790278277047109,0.0007798144236503561,143,-0.027543720318357834,-0.008772877287728771,0.1336051876755794,0.38461538461538464,0.6153846153846154,-0.2061575661660653,-1.4866233512732168,0.5113383384195228,0.4890980964829414,0.5017422020311868,0.006414766345194172,0.002767735128709339,0.004789130498242987,0.0013292347337755645,13,-0.08695829582958295,-0.10786678667866785,0.13138845334847885,0.4,0.6,-0.6618412319608122,-4.772604996101929,0.4526388267706949,0.4331872087959489,0.4544106941652978,-0.013238279399660904,-0.011438976982914205,-0.011716701804646124,-0.010278081013579406,5,0.010802030072775425,0.07021660558400054,0.16914504263056923,0.1336051876755794,0.13138845334847885,False
moderate_and_strong_20260605,XGBRanker,rank:ndcg,moderate_and_strong,2026-06-05,2023-06-09,2026-02-27,2026-03-06,2026-05-29,143,14300,13,1300,19,"[""macd_hist_atr"", ""ret_20d"", ""ema20_distance"", ""rsi14_centered"", ""body_range_ratio"", ""breakout_position_60"", ""signed_volume_pressure_20"", ""ret_1d"", ""close_location_value"", ""intraday_return"", ""momentum_20_5"", ""gross_margin_change_yoy"", ""vol_ratio_5_20"", ""ret_5d"", ""downside_vol_20"", ""overnight_vol_20"", ""revenue_growth_yoy"", ""ema60_distance"", ""gap_followthrough_20""]","{""colsample_bytree"": 0.85, ""gamma"": 0.0, ""learning_rate"": 0.05, ""max_depth"": 2, ""min_child_weight"": 5, ""n_estimators"": 200, ""reg_alpha"": 0.1, ""reg_lambda"": 5.0, ""subsample"": 0.85}",-0.015074567275900973,-0.00834083408340834,0.165894641354632,0.46153846153846156,0.5384615384615384,-0.09086831951175661,-0.6552607706297667,0.5629167831133409,0.5343923750635119,0.5358936414824311,0.004044380521298898,0.0008268582615674689,0.004329922396003884,0.0009760946447640712,143,-0.03390898024672699,-0.030297120603558516,0.13227794881365296,0.38461538461538464,0.6153846153846154,-0.25634643227267145,-1.8485404116827473,0.4910179034470628,0.484242444142077,0.5139879489148598,-0.003871964940111145,-0.0040902248419025684,-0.001819154928980173,-0.0023058806648599416,13,-0.027869718663728164,0.005448544854485447,0.13117543922445604,0.5,0.5,-0.21246140915175377,-1.5320810095079644,0.4098781204474191,0.4571322394968697,0.49663237876571514,-0.014970934468735465,-0.0033470659291640575,-0.02272953505960871,-0.009546054384172737,4,0.01883441297082602,0.012795151387827192,0.165894641354632,0.13227794881365296,0.13117543922445604,False
moderate_and_strong_20260702,XGBRanker,rank:ndcg,moderate_and_strong,2026-07-02,2023-07-07,2026-03-27,2026-04-02,2026-06-26,143,14300,13,1300,19,"[""macd_hist_atr"", ""ret_20d"", ""ema20_distance"", ""rsi14_centered"", ""body_range_ratio"", ""breakout_position_60"", ""signed_volume_pressure_20"", ""ret_1d"", ""close_location_value"", ""intraday_return"", ""momentum_20_5"", ""gross_margin_change_yoy"", ""vol_ratio_5_20"", ""ret_5d"", ""downside_vol_20"", ""overnight_vol_20"", ""revenue_growth_yoy"", ""ema60_distance"", ""gap_followthrough_20""]","{""colsample_bytree"": 0.85, ""gamma"": 0.0, ""learning_rate"": 0.05, ""max_depth"": 2, ""min_child_weight"": 5, ""n_estimators"": 200, ""reg_alpha"": 0.1, ""reg_lambda"": 5.0, ""subsample"": 0.85}",-0.011076016575946432,-0.021002730364399827,0.1619305923841421,0.46853146853146854,0.5314685314685315,-0.06839977803373434,-0.4932378138619692,0.5603192734311426,0.5341572574750378,0.5348780702958803,0.005202937202107609,0.0011281436079665225,0.005514207765056512,0.0011138339880665089,143,-0.021341820853804108,-0.011245124512451243,0.13014236947888413,0.46153846153846156,0.5384615384615384,-0.1639882610041679,-1.1825361672493984,0.4849313540039924,0.4983902568644752,0.5036577971528797,-0.00017803126330358138,-0.003280130623001284,-0.0012214749163145444,-0.004148420776144393,13,0.11574267692315927,0.1565003451152993,0.16693997204429503,0.8,0.2,0.6933191344518057,4.999595379052594,0.5500451741664307,0.534536405230277,0.559438060777062,0.002522722948834811,0.004351647279804916,0.004969593637621941,0.008184155322912742,5,0.010265804277857676,-0.1268186934991057,0.1619305923841421,0.13014236947888413,0.16693997204429503,False
moderate_and_strong_20260807,XGBRanker,rank:ndcg,moderate_and_strong,2026-08-07,2023-08-11,2026-05-01,2026-05-08,2026-07-31,143,14300,13,1300,19,"[""macd_hist_atr"", ""ret_20d"", ""ema20_distance"", ""rsi14_centered"", ""body_range_ratio"", ""breakout_position_60"", ""signed_volume_pressure_20"", ""ret_1d"", ""close_location_value"", ""intraday_return"", ""momentum_20_5"", ""gross_margin_change_yoy"", ""vol_ratio_5_20"", ""ret_5d"", ""downside_vol_20"", ""overnight_vol_20"", ""revenue_growth_yoy"", ""ema60_distance"", ""gap_followthrough_20""]","{""colsample_bytree"": 0.85, ""gamma"": 0.0, ""learning_rate"": 0.05, ""max_depth"": 2, ""min_child_weight"": 5, ""n_estimators"": 200, ""reg_alpha"": 0.1, ""reg_lambda"": 5.0, ""subsample"": 0.85}",-0.01670517679678474,-0.01897395431738008,0.16287265591836037,0.46153846153846156,0.5384615384615384,-0.10256587701964032,-0.7396130574144936,0.5698370724551614,0.5341311976461358,0.5352726288670546,0.005643165702918702,0.0005312620307937975,0.005481379332869256,0.000624754697102044,143,0.027023840671752956,0.033519351935193516,0.16738811616985247,0.5384615384615384,0.46153846153846156,0.16144420099890042,1.1641906896557,0.4637473208245517,0.46632355572872153,0.5093440142320043,-0.0015532612305960455,-0.002197267631588536,-0.002469914961286845,-0.002610725228748288,13,0.0728937485047333,0.0814041404140414,0.02257807018893606,1.0,0.0,3.2285198821134613,23.281187957630078,0.5491551762508813,0.5482438964707643,0.5508669170156693,-0.01477582251664615,0.00178064125289919,-0.015019103242353718,0.00032618391141951046,3,-0.0437290174685377,-0.08959892530151804,0.16287265591836037,0.16738811616985247,0.02257807018893606,False
top_3_20240105,XGBRanker,rank:ndcg,top_3,2024-01-05,2021-01-08,2023-09-29,2023-10-06,2023-12-29,143,14300,13,1300,3,"[""macd_hist_atr"", ""ret_20d"", ""ema20_distance""]","{""colsample_bytree"": 0.85, ""gamma"": 0.0, ""learning_rate"": 0.05, ""max_depth"": 2, ""min_child_weight"": 5, ""n_estimators"": 200, ""reg_alpha"": 0.1, ""reg_lambda"": 5.0, ""subsample"": 0.85}",0.02646647164282787,0.0389510636494938,0.1698556684761793,0.5664335664335665,0.43356643356643354,0.15581741769506827,1.123615378219917,0.54819058155396,0.5334154547598161,0.547386111482938,0.0014828008951206467,0.00047354067382734895,0.002318288734688081,0.000630337307301596,143,-0.026796130747668703,-0.037870809601170924,0.18132872277262355,0.38461538461538464,0.6153846153846154,-0.14777653720789513,-1.0656317644271558,0.4912445238300519,0.4913314366768224,0.5139232730291936,-0.00017905774169164096,-0.0008583791233952794,0.0011442305325182294,0.0012842873282884278,13,-0.09572169229980268,-0.08650088926611688,0.20383880324086526,0.5,0.5,-0.46959504656575884,-3.386298038193486,0.373027952536781,0.4202306237506085,0.455644110262945,-0.011395884869231581,-0.009018392503681008,-0.00985745098035124,-0.006736849628453098,4,0.05326260239049657,0.12218816394263055,0.1698556684761793,0.18132872277262355,0.20383880324086526,False
top_3_20240202,XGBRanker,rank:ndcg,top_3,2024-02-02,2021-02-05,2023-10-27,2023-11-03,2024-01-26,143,14300,13,1300,3,"[""macd_hist_atr"", ""ret_20d"", ""ema20_distance""]","{""colsample_bytree"": 0.85, ""gamma"": 0.0, ""learning_rate"": 0.05, ""max_depth"": 2, ""min_child_weight"": 5, ""n_estimators"": 200, ""reg_alpha"": 0.1, ""reg_lambda"": 5.0, ""subsample"": 0.85}",0.02763231070992963,0.024889118718608667,0.1689358407836334,0.5734265734265734,0.42657342657342656,0.16356689369025038,1.17949764433713,0.5507170386587863,0.5317724218221663,0.5449091602945525,0.0010179727292220168,0.00014378072379461876,0.0015980691949812045,0.0002624829372557751,143,-0.05546190055007162,-0.03745164511483982,0.15954470243301186,0.3076923076923077,0.6923076923076923,-0.3476260866346123,-2.506767360099963,0.4381496237288759,0.440028838940461,0.4882386479863584,-0.003467901421065792,-0.003088696820806922,-0.004340633884524577,-0.002457046566251723,13,-0.004956014823100048,0.016412815580289578,0.1827032159095101,0.5,0.5,-0.027126040439018218,-0.19560865940637978,0.554188317520489,0.5675230734800566,0.5618218915313434,0.0026645026910012146,0.0029796126574409745,0.006673796667163143,0.004239840817908755,4,0.08309421126000124,0.03258832553302968,0.1689358407836334,0.15954470243301186,0.1827032159095101,False
top_3_20240301,XGBRanker,rank:ndcg,top_3,2024-03-01,2021-03-05,2023-11-24,2023-12-01,2024-02-23,143,14300,13,1300,3,"[""macd_hist_atr"", ""ret_20d"", ""ema20_distance""]","{""colsample_bytree"": 0.85, ""gamma"": 0.0, ""learning_rate"": 0.05, ""max_depth"": 2, ""min_child_weight"": 5, ""n_estimators"": 200, ""reg_alpha"": 0.1, ""reg_lambda"": 5.0, ""subsample"": 0.85}",0.021754334897890585,0.01707442247532046,0.17069013248531634,0.5524475524475524,0.44755244755244755,0.12744928239927406,0.9190498454233454,0.5387958466968855,0.5281614897805674,0.5376221188527673,0.001099255492834077,0.00029339573101788143,0.001333665976847134,0.0001676148258699932,143,-0.058077932806925414,-0.08217739507850542,0.19747887330844138,0.38461538461538464,0.6153846153846154,-0.294096942290195,-2.120763210768944,0.45792172740748344,0.454782528475854,0.48898478258487255,-0.006943172272042759,-0.005513411886606177,-0.004292991075754981,-0.004149342984485619,13,-0.023273859020008263,-0.02932025146615365,0.09745935360106642,0.4,0.6,-0.23880580118842074,-1.7220531221262203,0.4799283140416003,0.4788668731341887,0.49485327959141456,0.0031583558969859615,0.0014114003285026562,0.0035617745052792665,0.0028102114132536812,5,0.079832267704816,0.04502819391789885,0.17069013248531634,0.19747887330844138,0.09745935360106642,False
top_3_20240405,XGBRanker,rank:ndcg,top_3,2024-04-05,2021-04-09,2023-12-29,2024-01-05,2024-03-28,143,14300,13,1300,3,"[""macd_hist_atr"", ""ret_20d"", ""ema20_distance""]","{""colsample_bytree"": 0.85, ""gamma"": 0.0, ""learning_rate"": 0.05, ""max_depth"": 2, ""min_child_weight"": 5, ""n_estimators"": 200, ""reg_alpha"": 0.1, ""reg_lambda"": 5.0, ""subsample"": 0.85}",0.021657317882166953,0.019488217183503072,0.17019871198451347,0.5594405594405595,0.4405594405594406,0.12724724899291584,0.9175929618113831,0.5439045849943446,0.5277400077452638,0.5418571399541371,0.0006536993723029815,-0.0001821831002675927,0.0013304845360482148,0.00045676750023515556,143,-0.04081610482110425,-0.0554977122557594,0.16754515562177727,0.46153846153846156,0.5384615384615384,-0.24361256324977884,-1.7567151762885835,0.4951361337066521,0.47873042827752804,0.4996370240637049,-0.0008008727508283469,-0.0016027478265070577,0.0011428422695073763,-0.0003838211417743434,13,0.004898847914048401,-0.023028667713721397,0.1288930449882575,0.5,0.5,0.03800707722045592,0.2740729314977463,0.5686095961369325,0.5424420062257556,0.5535634462635792,-0.0051926061914075415,-0.0016335480850648344,-0.0024121593919367605,0.0006050429287280889,4,0.062473422703271206,0.016758469968118552,0.17019871198451347,0.16754515562177727,0.1288930449882575,False
top_3_20240503,XGBRanker,rank:ndcg,top_3,2024-05-03,2021-05-07,2024-01-26,2024-02-02,2024-04-26,143,14300,13,1300,3,"[""macd_hist_atr"", ""ret_20d"", ""ema20_distance""]","{""colsample_bytree"": 0.85, ""gamma"": 0.0, ""learning_rate"": 0.05, ""max_depth"": 2, ""min_child_weight"": 5, ""n_estimators"": 200, ""reg_alpha"": 0.1, ""reg_lambda"": 5.0, ""subsample"": 0.85}",0.016531923888914807,0.021834755625531867,0.1712321397421843,0.5314685314685315,0.46853146853146854,0.09654685103979954,0.696209243817162,0.5339013677233837,0.5273988504404236,0.5359720308346799,0.00012188949391644176,-0.00013946441498459498,0.0014127704175638,0.0002462127300238507,143,-0.012422072062587493,-0.019544247590671908,0.14871922403235183,0.38461538461538464,0.6153846153846154,-0.08352700966140895,-0.602321832440772,0.5520028691260641,0.5375967102262057,0.5321786688563842,0.0034052946663551695,0.0010264576134002272,0.00515275341311694,0.00262413190829369,13,-0.0427186537657587,-0.11980280923570023,0.16361244466903124,0.4,0.6,-0.261096604553361,-1.8827943911333749,0.41785114681830543,0.45493346490293957,0.47921394701042386,-0.006911389654733357,-0.0015854229738125607,-0.012612375997421942,-0.0072377066268230275,5,0.0289539959515023,0.05925057765467351,0.1712321397421843,0.14871922403235183,0.16361244466903124,False
top_3_20240607,XGBRanker,rank:ndcg,top_3,2024-06-07,2021-06-11,2024-03-01,2024-03-08,2024-05-31,143,14300,13,1300,3,"[""macd_hist_atr"", ""ret_20d"", ""ema20_distance""]","{""colsample_bytree"": 0.85, ""gamma"": 0.0, ""learning_rate"": 0.05, ""max_depth"": 2, ""min_child_weight"": 5, ""n_estimators"": 200, ""reg_alpha"": 0.1, ""reg_lambda"": 5.0, ""subsample"": 0.85}",0.02124163259385829,0.012013958299048331,0.1648382371981335,0.5664335664335665,0.43356643356643354,0.1288635025156579,0.9292479317121746,0.5308450415170147,0.5241000647602064,0.5398464959233351,0.00016102146373306265,-0.00016621038308154408,0.0014908654604288848,0.0007062036756582245,143,-0.025255762726171416,-0.030423772556560147,0.1312893921800002,0.38461538461538464,0.6153846153846154,-0.1923671235490625,-1.3871790553393222,0.4858655000304202,0.4910256112271544,0.5149660785150713,-0.0028119165024472178,-0.0001670489597194718,-0.005325397753381986,-0.001639591888857636,13,-0.0983553522280291,-0.07385130707400504,0.21445499548771368,0.5,0.5,-0.4586293362127065,-3.3072231762938533,0.3888278529818293,0.4202802192347034,0.45673604070117835,-0.006907216591957867,-0.004892240997619911,-0.010205251646768316,-0.0074448657888040014,4,0.04649739532002971,0.1195969848218874,0.1648382371981335,0.1312893921800002,0.21445499548771368,False
top_3_20240705,XGBRanker,rank:ndcg,top_3,2024-07-05,2021-07-09,2024-03-28,2024-04-05,2024-06-28,143,14300,13,1300,3,"[""macd_hist_atr"", ""ret_20d"", ""ema20_distance""]","{""colsample_bytree"": 0.85, ""gamma"": 0.0, ""learning_rate"": 0.05, ""max_depth"": 2, ""min_child_weight"": 5, ""n_estimators"": 200, ""reg_alpha"": 0.1, ""reg_lambda"": 5.0, ""subsample"": 0.85}",0.01830013317438104,0.02216414732328431,0.1643966247888955,0.5594405594405595,0.4405594405594406,0.1113169640671185,0.8027180435459563,0.5345118038545364,0.5271538057144715,0.5394897024436804,-0.000115706550239353,-8.39649024508016e-05,0.0005050687373076583,0.0004254842004557559,143,-0.056539515539375015,-0.0547944384234198,0.1593789412332932,0.38461538461538464,0.6153846153846154,-0.3547489718645734,-2.5581312159517027,0.42933050183065935,0.4568595573155117,0.4875138500498972,-0.005358643072156359,-0.0031158408322858573,-0.00738843757204241,-0.0055047621753901415,13,0.026755743155355793,-0.0011481323805810004,0.11613302818447907,0.5,0.5,0.2303887496402306,1.6613569002357742,0.68082532090019,0.6069320481320084,0.5758553684855456,0.00903861540081408,0.0031561454872447827,0.0072126748193367335,0.002906729703703536,4,0.07483964871375606,-0.008455609980974752,0.1643966247888955,0.1593789412332932,0.11613302818447907,False
top_3_20240802,XGBRanker,rank:ndcg,top_3,2024-08-02,2021-08-06,2024-04-26,2024-05-03,2024-07-26,143,14300,13,1300,3,"[""macd_hist_atr"", ""ret_20d"", ""ema20_distance""]","{""colsample_bytree"": 0.85, ""gamma"": 0.0, ""learning_rate"": 0.05, ""max_depth"": 2, ""min_child_weight"": 5, ""n_estimators"": 200, ""reg_alpha"": 0.1, ""reg_lambda"": 5.0, ""subsample"": 0.85}",0.025204617695682545,0.028200165437766832,0.16131403286132068,0.5804195804195804,0.4195804195804196,0.15624566101667414,1.1267034847287671,0.536374265028437,0.5325991832961611,0.5405931897929079,0.0001590010969514098,0.0001853944913554512,0.0018636092235152979,0.0008793849179420054,143,-0.024481793033989903,0.00014405330497552747,0.1562846056306351,0.5384615384615384,0.46153846153846156,-0.15664878146636185,-1.1296104276318413,0.4737068375864556,0.46365258220494027,0.5005345750311776,-0.002865169337104977,-0.0035107630140850774,-0.004878404206358296,-0.0053511168556631405,13,0.0384823936928203,0.13885371404008848,0.18195887121559073,0.6,0.4,0.21148951648103553,1.52507259179092,0.42462397362763066,0.47442921949919875,0.5236109704127405,-0.010245384334472465,-0.0011668032117839026,-0.006160467299664222,0.0024305791511843146,5,0.04968641072967245,-0.013277775997137753,0.16131403286132068,0.1562846056306351,0.18195887121559073,False
top_3_20240906,XGBRanker,rank:ndcg,top_3,2024-09-06,2021-09-10,2024-05-31,2024-06-07,2024-08-30,143,14300,13,1300,3,"[""macd_hist_atr"", ""ret_20d"", ""ema20_distance""]","{""colsample_bytree"": 0.85, ""gamma"": 0.0, ""learning_rate"": 0.05, ""max_depth"": 2, ""min_child_weight"": 5, ""n_estimators"": 200, ""reg_alpha"": 0.1, ""reg_lambda"": 5.0, ""subsample"": 0.85}",0.021310246219388904,0.021519249428455227,0.1601681986019609,0.5874125874125874,0.4125874125874126,0.13304917209156902,0.9594312242683689,0.5292147833583196,0.5215812586058097,0.5362177905043846,4.139788346304246e-05,-0.0005714179759965731,0.001010923394736879,-7.853312716818663e-06,143,-0.011102010209063796,0.022113206431752137,0.1681435483932675,0.6153846153846154,0.38461538461538464,-0.06602697703927082,-0.4761273025579489,0.5073233618493767,0.5055204240339293,0.5301155915878857,-0.002109695640561409,-0.0004634503701523696,-0.0008919527629543387,0.00016245457466514457,13,-0.017533139893155678,-0.00860785848520407,0.03905242529053567,0.5,0.5,-0.4489641747654741,-3.237526705926585,0.5330587795150811,0.4580457842611009,0.48520065827815095,0.0008497154395319929,-0.002064093802016299,0.0015506213802100194,-0.003257205957314852,4,0.032412256428452704,0.03884338611254458,0.1601681986019609,0.1681435483932675,0.03905242529053567,False
top_3_20241004,XGBRanker,rank:ndcg,top_3,2024-10-04,2021-10-08,2024-06-28,2024-07-05,2024-09-27,143,14300,13,1300,3,"[""macd_hist_atr"", ""ret_20d"", ""ema20_distance""]","{""colsample_bytree"": 0.85, ""gamma"": 0.0, ""learning_rate"": 0.05, ""max_depth"": 2, ""min_child_weight"": 5, ""n_estimators"": 200, ""reg_alpha"": 0.1, ""reg_lambda"": 5.0, ""subsample"": 0.85}",0.018739744561342003,0.03376012357221569,0.16682156143781662,0.5454545454545454,0.45454545454545453,0.11233406760988336,0.8100524814977459,0.5326750040806915,0.5244791377889237,0.5398660814270917,-0.0004493440889744069,-0.0005971023235865112,0.000534152911500929,-0.0001438659614290176,143,0.01778046829571071,-0.011774201820308198,0.12302338539915388,0.46153846153846156,0.5384615384615384,0.1445291741730349,1.042214696562686,0.5502531586236485,0.5220276462701663,0.531139318127087,0.0002512881304915658,0.0004932179878917646,0.001672340075343338,0.0007749896873956179,13,-0.0865532887877026,-0.050413274237210454,0.12476339243921579,0.25,0.75,-0.6937394623176106,-5.002626406397926,0.43740085032615883,0.4174437649047169,0.45184304030726924,-0.0050505445485335585,-0.005283654141835283,-0.004584115965690543,-0.0040367441994710275,4,0.0009592762656312932,0.1052930333490446,0.16682156143781662,0.12302338539915388,0.12476339243921579,False
top_3_20241101,XGBRanker,rank:ndcg,top_3,2024-11-01,2021-11-05,2024-07-26,2024-08-02,2024-10-25,143,14300,13,1300,3,"[""macd_hist_atr"", ""ret_20d"", ""ema20_distance""]","{""colsample_bytree"": 0.85, ""gamma"": 0.0, ""learning_rate"": 0.05, ""max_depth"": 2, ""min_child_weight"": 5, ""n_estimators"": 200, ""reg_alpha"": 0.1, ""reg_lambda"": 5.0, ""subsample"": 0.85}",0.016681585286773867,0.02962531803775349,0.16431035247049341,0.5664335664335665,0.43356643356643354,0.10152485851291396,0.7321061662050758,0.528480649599095,0.5222543687514165,0.5348537105666181,-0.00022992984469696672,-0.0005244240547700778,0.000624637262469124,-0.0003918374787784523,143,-0.028746815209708197,-0.015221435451868702,0.12701567848239198,0.38461538461538464,0.6153846153846154,-0.22632493526138453,-1.6320523180019795,0.46768352571370136,0.45578809086250366,0.4922604359785912,-0.006464159466016245,-0.003830746065806955,-0.004924049511312361,-0.003302217042919862,13,-0.027208666756089506,-0.022268560887007505,0.07961158534644412,0.2,0.8,-0.3417676791347152,-2.464521782833079,0.4164220000154959,0.47179185877280716,0.48051353063672836,-0.004606203458743808,-0.0034114688822451814,-0.006049663206072665,-0.002775497046873237,5,0.045428400496482065,0.04389025204286337,0.16431035247049341,0.12701567848239198,0.07961158534644412,False
top_3_20241206,XGBRanker,rank:ndcg,top_3,2024-12-06,2021-12-10,2024-08-30,2024-09-06,2024-11-29,143,14300,13,1300,3,"[""macd_hist_atr"", ""ret_20d"", ""ema20_distance""]","{""colsample_bytree"": 0.85, ""gamma"": 0.0, ""learning_rate"": 0.05, ""max_depth"": 2, ""min_child_weight"": 5, ""n_estimators"": 200, ""reg_alpha"": 0.1, ""reg_lambda"": 5.0, ""subsample"": 0.85}",0.024653117671849186,0.026973587501826813,0.1575654290548574,0.5524475524475524,0.44755244755244755,0.156462733099061,1.1282688137758021,0.5266123343499992,0.5240599459809332,0.5414321955428598,0.00019780957842274301,0.00016416978535586138,0.0010032810328735548,0.0005040115160150646,143,-0.04920761883398796,-0.006366961417621583,0.10111278619262845,0.3076923076923077,0.6923076923076923,-0.4866606953174375,-3.5093601814399573,0.4640302703022648,0.4650229386926302,0.4754301293743908,-0.004027642097376221,-0.0035533818213646404,-0.0032077448882062427,-0.0031533165655198885,13,-0.039829271975966064,-0.09454373265292587,0.16307002345784083,0.25,0.75,-0.24424643555817782,-1.7612860945086422,0.4654796470969556,0.42449878917430595,0.4481740055862208,0.003166876180851646,-0.0002464519093164797,0.0038976879852860944,-0.0008683337321009222,4,0.07386073650583715,0.06448238964781525,0.1575654290548574,0.10111278619262845,0.16307002345784083,False
top_3_20250103,XGBRanker,rank:ndcg,top_3,2025-01-03,2022-01-07,2024-09-27,2024-10-04,2024-12-27,143,14300,13,1300,3,"[""macd_hist_atr"", ""ret_20d"", ""ema20_distance""]","{""colsample_bytree"": 0.85, ""gamma"": 0.0, ""learning_rate"": 0.05, ""max_depth"": 2, ""min_child_weight"": 5, ""n_estimators"": 200, ""reg_alpha"": 0.1, ""reg_lambda"": 5.0, ""subsample"": 0.85}",0.019459899667153613,0.0315261656755197,0.15492359466119535,0.6013986013986014,0.3986013986013986,0.12560965751995845,0.9057841217633621,0.5483795011087572,0.523463310727359,0.5417403546330741,0.001311427662916691,-0.00036779725610244394,0.0023010739913527996,0.0002750639615071343,143,-0.04664849645003866,-0.03872335040680956,0.12448967510584823,0.3076923076923077,0.6923076923076923,-0.3747177941493979,-2.7021284412688282,0.42005606256809425,0.4401245964628409,0.4634899413153925,-0.004035155705119346,-0.0032324484426088434,-0.005992065817443528,-0.0031573951024410933,13,-0.06212796114542649,-0.06315006569615168,0.10472168481204158,0.2,0.8,-0.5932673949711189,-4.278112025258632,0.4393727137427391,0.46203042427837204,0.49939041883039836,-0.002686381609390632,-0.0032794534500173917,-0.0020716462368101443,-0.0034663321035985654,5,0.06610839611719227,0.0815878608125801,0.15492359466119535,0.12448967510584823,0.10472168481204158,False
top_3_20250207,XGBRanker,rank:ndcg,top_3,2025-02-07,2022-02-11,2024-11-01,2024-11-08,2025-01-31,143,14300,13,1300,3,"[""macd_hist_atr"", ""ret_20d"", ""ema20_distance""]","{""colsample_bytree"": 0.85, ""gamma"": 0.0, ""learning_rate"": 0.05, ""max_depth"": 2, ""min_child_weight"": 5, ""n_estimators"": 200, ""reg_alpha"": 0.1, ""reg_lambda"": 5.0, ""subsample"": 0.85}",0.01009809842799907,0.03022710844132242,0.15033215546834539,0.5524475524475524,0.44755244755244755,0.06717191273243847,0.4843835512555986,0.5305423115792077,0.5155190274031719,0.5287147175357778,-0.0007810449653790641,-0.0006085086134887456,0.0002819684613138305,0.0001514625350455187,143,-0.044858403467101696,-0.06207083101605711,0.11308373398921881,0.3076923076923077,0.6923076923076923,-0.396683076200671,-2.8605223427006163,0.44921857252420394,0.4746602021555163,0.5021795192165015,-0.00330474423909371,-0.0017775401250742758,-0.0037956697608851754,-0.0021298932407500543,13,-0.06683017402075672,-0.08022056740441541,0.12845670730734338,0.25,0.75,-0.5202544532054676,-3.7516082146415877,0.5244004068735503,0.5230472078765638,0.5348575168144186,0.009654907247398498,0.007040827020216888,-0.0013955572270350092,-0.005536271203798955,4,0.05495650189510076,0.07692827244875579,0.15033215546834539,0.11308373398921881,0.12845670730734338,False
top_3_20250307,XGBRanker,rank:ndcg,top_3,2025-03-07,2022-03-11,2024-11-29,2024-12-06,2025-02-28,143,14300,13,1300,3,"[""macd_hist_atr"", ""ret_20d"", ""ema20_distance""]","{""colsample_bytree"": 0.85, ""gamma"": 0.0, ""learning_rate"": 0.05, ""max_depth"": 2, ""min_child_weight"": 5, ""n_estimators"": 200, ""reg_alpha"": 0.1, ""reg_lambda"": 5.0, ""subsample"": 0.85}",0.011512920604286407,0.031122193469045004,0.15243587888407584,0.5944055944055944,0.40559440559440557,0.07552631761346508,0.5446280216046547,0.5404275822695284,0.5133198706364435,0.5327565370393836,0.00016810195425885283,-0.0010692626848240489,0.001030009350007151,-0.0006165995782095204,143,-0.05914676509997303,-0.08896010192298992,0.119647162735047,0.23076923076923078,0.7692307692307693,-0.4943432317818581,-3.5647597397361377,0.49563169668880336,0.5109936377249639,0.5155286202056737,0.0042022997232933415,0.0040017001564387955,0.003071174668230665,-0.0007474360352330693,13,0.12691901870783973,0.05496078782811595,0.1815703756076145,1.0,0.0,0.6990073038242761,5.0406133517245255,0.4639327044355561,0.5046986483645252,0.5579466906318078,-0.023413033910958496,-0.00910481538167437,-0.020448585661902465,-0.004428121977883993,4,0.07065968570425943,-0.11540609810355332,0.15243587888407584,0.119647162735047,0.1815703756076145,False
top_3_20250404,XGBRanker,rank:ndcg,top_3,2025-04-04,2022-04-08,2024-12-27,2025-01-03,2025-03-28,143,14300,13,1300,3,"[""macd_hist_atr"", ""ret_20d"", ""ema20_distance""]","{""colsample_bytree"": 0.85, ""gamma"": 0.0, ""learning_rate"": 0.05, ""max_depth"": 2, ""min_child_weight"": 5, ""n_estimators"": 200, ""reg_alpha"": 0.1, ""reg_lambda"": 5.0, ""subsample"": 0.85}",0.012879649979763975,0.031088347263451378,0.15408214328338216,0.5734265734265734,0.42657342657342656,0.08358950430794697,0.6027724877458416,0.5586887178407274,0.5297624985740556,0.5395110668645614,0.0008217730840585711,-0.0005511527188529065,0.001763594273004899,0.00031995918529276266,143,-0.009735126923915434,-0.012537924639114916,0.15199960340180738,0.38461538461538464,0.6153846153846154,-0.0640470547688263,-0.4618498800229073,0.5193838606233881,0.53233374833189,0.5475285437972348,-0.005649503014742558,-0.0003010939447606273,-0.00801385745886521,-0.003079672339574617,13,0.028209669983242633,0.03421946419273114,0.0498044125997978,0.5,0.5,0.5664090491322683,4.084433739066391,0.5141097977307605,0.5433169799010342,0.5563951450589986,0.005072919476719251,0.00907148575212502,0.0032728200977890196,0.005653216722648083,4,0.02261477690367941,-0.015330020003478658,0.15408214328338216,0.15199960340180738,0.0498044125997978,False
top_3_20250502,XGBRanker,rank:ndcg,top_3,2025-05-02,2022-05-06,2025-01-24,2025-01-31,2025-04-25,143,14300,13,1300,3,"[""macd_hist_atr"", ""ret_20d"", ""ema20_distance""]","{""colsample_bytree"": 0.85, ""gamma"": 0.0, ""learning_rate"": 0.05, ""max_depth"": 2, ""min_child_weight"": 5, ""n_estimators"": 200, ""reg_alpha"": 0.1, ""reg_lambda"": 5.0, ""subsample"": 0.85}",0.010430093028301887,0.011961128972284253,0.14695123771825833,0.5174825174825175,0.4825174825174825,0.07097655787220343,0.5118192375283335,0.5347021376062796,0.5212279809004915,0.5365201106822856,5.2951199877546326e-05,-0.00046276168362658916,0.000571126273774488,-0.000563112157165821,143,0.03124112184595956,0.0358307655048742,0.11014533122682592,0.6153846153846154,0.38461538461538464,0.2836354614216347,2.045324399391184,0.6044389477675425,0.563686116108565,0.5794807514307938,0.006149421636843187,0.004516217194730902,0.0019021742934145522,0.0009734665054860019,13,0.03357733279312765,0.026127313693217115,0.027267456234549205,1.0,0.0,1.2314068648099092,8.87980118406096,0.53382429309675,0.5337112225047471,0.5420217744375818,0.006280389284070964,0.007975654321210935,0.010717577462495397,0.00937123868597178,5,-0.020811028817657673,-0.023147239764825762,0.14695123771825833,0.11014533122682592,0.027267456234549205,False
top_3_20250606,XGBRanker,rank:ndcg,top_3,2025-06-06,2022-06-10,2025-02-28,2025-03-07,2025-05-30,143,14300,13,1300,3,"[""macd_hist_atr"", ""ret_20d"", ""ema20_distance""]","{""colsample_bytree"": 0.85, ""gamma"": 0.0, ""learning_rate"": 0.05, ""max_depth"": 2, ""min_child_weight"": 5, ""n_estimators"": 200, ""reg_alpha"": 0.1, ""reg_lambda"": 5.0, ""subsample"": 0.85}",0.01114674659625014,0.02916561516113054,0.14838394140356148,0.5524475524475524,0.44755244755244755,0.07512097664217052,0.5417050662925569,0.5392290903973027,0.5239476549655001,0.5358623230824101,0.0005480071952395704,0.00010660375283651612,0.0007008173813529611,0.000301299898504077,143,0.05743104920743214,0.053459444068157544,0.1025061131881267,0.7692307692307693,0.23076923076923078,0.5602695041419674,4.040160850525295,0.5449806502913799,0.5359321144412021,0.5624831317926393,0.003203185592218264,0.0017215933612808457,0.004312443533925162,0.0010297112943609618,13,-0.0947046122716176,-0.09875016101198793,0.1287398187785327,0.5,0.5,-0.7356279756346026,-5.304688771632668,0.27511601205404573,0.3357774108801798,0.3805589102472642,-0.014426827775055379,-0.008555042599801888,-0.008562812876919202,-0.0027377966861012325,4,-0.046284302611182,0.10585135886786774,0.14838394140356148,0.1025061131881267,0.1287398187785327,False
top_3_20250703,XGBRanker,rank:ndcg,top_3,2025-07-03,2022-07-08,2025-03-28,2025-04-04,2025-06-27,143,14300,13,1300,3,"[""macd_hist_atr"", ""ret_20d"", ""ema20_distance""]","{""colsample_bytree"": 0.85, ""gamma"": 0.0, ""learning_rate"": 0.05, ""max_depth"": 2, ""min_child_weight"": 5, ""n_estimators"": 200, ""reg_alpha"": 0.1, ""reg_lambda"": 5.0, ""subsample"": 0.85}",0.013574654091871361,0.011036560578226976,0.15308022905266086,0.5314685314685315,0.46853146853146854,0.08867672968533101,0.6394569916418412,0.5448543094883707,0.5250980829169137,0.5397528561849224,0.0011271217015419695,-0.0002386078708868902,0.0017017233308162388,0.00017993433894645093,143,0.010280263310281312,0.05238709736384318,0.10482959338529887,0.7692307692307693,0.23076923076923078,0.09806642359563897,0.7071670373508958,0.48149021467058184,0.4828178549304797,0.5024791374297701,0.0029742846559533322,0.0028286831589013277,0.004648883876694742,0.002853308276779593,13,-0.05251283851805997,-0.05240272724822478,0.11167678156303275,0.5,0.5,-0.47022163231325403,-3.390816412275624,0.45588565105446976,0.4473306751065487,0.4731293142193141,-0.005912376257522731,-0.00855642790881453,0.000906182343056468,-0.002919605479152926,4,0.003294390781590049,0.06608749260993133,0.15308022905266086,0.10482959338529887,0.11167678156303275,False
top_3_20250801,XGBRanker,rank:ndcg,top_3,2025-08-01,2022-08-05,2025-04-25,2025-05-02,2025-07-25,143,14300,13,1300,3,"[""macd_hist_atr"", ""ret_20d"", ""ema20_distance""]","{""colsample_bytree"": 0.85, ""gamma"": 0.0, ""learning_rate"": 0.05, ""max_depth"": 2, ""min_child_weight"": 5, ""n_estimators"": 200, ""reg_alpha"": 0.1, ""reg_lambda"": 5.0, ""subsample"": 0.85}",0.015053261117678789,0.0219249026895182,0.14952234082074897,0.5454545454545454,0.45454545454545453,0.10067566515511554,0.7259825458164246,0.5343030988086994,0.5214199159355535,0.5380769309627393,0.000980462033784029,-0.00022502809153171556,0.0010614021205878484,0.00032700351704493993,143,-0.035884019943559116,-0.0218438529238681,0.11005247512024077,0.46153846153846156,0.5384615384615384,-0.3260628159825853,-2.351272404094781,0.45887689190860453,0.44063310977533493,0.4617016578161182,0.00011785020735807797,-0.0020492943184748863,0.0033116920180276464,0.0013387564169035871,13,-0.05827821333279659,-0.04316987112190166,0.155667818149581,0.4,0.6,-0.37437547481263683,-2.6996599414262787,0.4059017385381186,0.4025207887222062,0.4271243308706179,-0.001720099204275248,0.0003042637183954349,-0.0016871500132699655,-0.0015306233371881529,5,0.050937281061237905,0.07333147445047539,0.14952234082074897,0.11005247512024077,0.155667818149581,False
top_3_20250905,XGBRanker,rank:ndcg,top_3,2025-09-05,2022-09-09,2025-05-30,2025-06-06,2025-08-29,143,14300,13,1300,3,"[""macd_hist_atr"", ""ret_20d"", ""ema20_distance""]","{""colsample_bytree"": 0.85, ""gamma"": 0.0, ""learning_rate"": 0.05, ""max_depth"": 2, ""min_child_weight"": 5, ""n_estimators"": 200, ""reg_alpha"": 0.1, ""reg_lambda"": 5.0, ""subsample"": 0.85}",0.02015594132752488,0.031781769358851776,0.14268375163892788,0.6013986013986014,0.3986013986013986,0.14126304569374531,1.0186623091540223,0.5184195328476254,0.5211089079984561,0.5337469387432566,0.0005534211634234514,0.0007121419892736988,0.00038077488202102177,0.0010150173252175352,143,-0.06532568803183168,-0.07134477313299056,0.12956933572451948,0.38461538461538464,0.6153846153846154,-0.5041755263044816,-3.635661423849703,0.4239736572065611,0.4219746577673795,0.43735848676734446,-0.005985128559629475,-0.005069171846967392,-0.0025255800805328824,-0.002165748025189511,13,-0.13507193763816105,-0.13340672581082647,0.04344789308151066,0.0,1.0,-3.108825953533779,-22.418062763918538,0.39818819909151193,0.36110604049516876,0.4315299677483147,-0.004831123364144647,-0.007848862348643135,-0.0017237161904211844,-0.007008050904082054,4,0.08548162935935656,0.15522787896568593,0.14268375163892788,0.12956933572451948,0.04344789308151066,False
top_3_20251003,XGBRanker,rank:ndcg,top_3,2025-10-03,2022-10-07,2025-06-27,2025-07-03,2025-09-26,143,14300,13,1300,3,"[""macd_hist_atr"", ""ret_20d"", ""ema20_distance""]","{""colsample_bytree"": 0.85, ""gamma"": 0.0, ""learning_rate"": 0.05, ""max_depth"": 2, ""min_child_weight"": 5, ""n_estimators"": 200, ""reg_alpha"": 0.1, ""reg_lambda"": 5.0, ""subsample"": 0.85}",0.01686534603623664,0.015501038243682333,0.14265162788616007,0.5314685314685315,0.46853146853146854,0.11822750490934215,0.8525506622416072,0.5265618771169905,0.5165384932936514,0.5329309350702742,0.0017063624149474535,0.0004808176440577592,0.00141524684073145,0.0006247070199678108,143,-0.09031180877760056,-0.10374584440477341,0.12641050997680067,0.23076923076923078,0.7692307692307693,-0.7144327540026135,-5.151847854854747,0.43934598766922484,0.44044329595371,0.4569646412816154,-0.0039025630444130895,-0.0032035606520969266,-0.0013043556224678096,-0.0021238302161496604,13,-0.03484126711113893,-0.08294502250329837,0.11339570020148833,0.4,0.6,-0.30725386455774656,-2.2156391264948456,0.5718276195744192,0.5483824985592529,0.5263209050372293,0.026166145097662484,0.012431505606417866,0.027079534375571014,0.011800633737413663,5,0.1071771548138372,0.05170661314737557,0.14265162788616007,0.12641050997680067,0.11339570020148833,False
top_3_20251107,XGBRanker,rank:ndcg,top_3,2025-11-07,2022-11-11,2025-08-01,2025-08-08,2025-10-31,143,14300,13,1300,3,"[""macd_hist_atr"", ""ret_20d"", ""ema20_distance""]","{""colsample_bytree"": 0.85, ""gamma"": 0.0, ""learning_rate"": 0.05, ""max_depth"": 2, ""min_child_weight"": 5, ""n_estimators"": 200, ""reg_alpha"": 0.1, ""reg_lambda"": 5.0, ""subsample"": 0.85}",0.019648615750960195,0.032776162584596674,0.14798652497855086,0.5734265734265734,0.42657342657342656,0.13277300587879917,0.9574397613869842,0.5217765056681862,0.5171894323173555,0.5313900952910525,0.001175871553673358,0.000715705072406933,0.0015018372685203626,0.0012317452952768377,143,-0.05494238263073244,-0.08021122429404275,0.10702205137465752,0.23076923076923078,0.7692307692307693,-0.5133744113948335,-3.7019955275904333,0.45844071973414774,0.46076838454085434,0.472761658675278,0.008470759502195712,0.003584990809248199,0.010002901837383022,0.002919846230150745,13,-0.023244684033986013,-0.003890762281610921,0.1374546511089875,0.5,0.5,-0.16910802105601616,-1.2194552820194204,0.4157582747619787,0.4622119765995053,0.49929336304428795,-0.0030759968408834277,6.34069815349564e-05,-0.0027393273525275538,-0.0021759813703224385,4,0.07459099838169264,0.04289329978494621,0.14798652497855086,0.10702205137465752,0.1374546511089875,False
top_3_20251205,XGBRanker,rank:ndcg,top_3,2025-12-05,2022-12-09,2025-08-29,2025-09-05,2025-11-28,143,14300,13,1300,3,"[""macd_hist_atr"", ""ret_20d"", ""ema20_distance""]","{""colsample_bytree"": 0.85, ""gamma"": 0.0, ""learning_rate"": 0.05, ""max_depth"": 2, ""min_child_weight"": 5, ""n_estimators"": 200, ""reg_alpha"": 0.1, ""reg_lambda"": 5.0, ""subsample"": 0.85}",0.02176782008616043,0.032338495075412324,0.1415078801039371,0.6013986013986014,0.3986013986013986,0.1538276177282285,1.1092667266032024,0.5138267396909935,0.511671470733399,0.5299933634489489,-8.984017407304106e-05,0.0004684464419742831,0.00016325663349815386,0.001032485409157124,143,-0.05123772209861569,-0.07872952629004305,0.11115878190782057,0.3076923076923077,0.6923076923076923,-0.46094173774866515,-3.3238981409085744,0.4114232459286366,0.4566211599837383,0.47436276001759387,0.0030710869088103766,0.0026230980339686997,0.004406157051085009,0.002447687460018743,13,0.08409761309351435,0.06374295058361776,0.09316388174996795,0.75,0.25,0.90268472624632,6.509352132118562,0.5117084148316976,0.5343225461462235,0.5438629525611614,0.0019852227504676668,0.0026734724241162374,0.00010446208824383763,0.005484350632958574,4,0.07300554218477612,-0.06232979300735392,0.1415078801039371,0.11115878190782057,0.09316388174996795,False
top_3_20260102,XGBRanker,rank:ndcg,top_3,2026-01-02,2023-01-06,2025-09-26,2025-10-03,2025-12-26,143,14300,13,1300,3,"[""macd_hist_atr"", ""ret_20d"", ""ema20_distance""]","{""colsample_bytree"": 0.85, ""gamma"": 0.0, ""learning_rate"": 0.05, ""max_depth"": 2, ""min_child_weight"": 5, ""n_estimators"": 200, ""reg_alpha"": 0.1, ""reg_lambda"": 5.0, ""subsample"": 0.85}",0.019701586036635844,0.03259248604569735,0.14084449348668188,0.5804195804195804,0.4195804195804196,0.13988183385031525,1.0087022489064918,0.517893229365177,0.5128958715758744,0.5338854534042431,-0.00028202940610987044,0.00015673802109958054,0.0007626248168772099,0.0010462992963005283,143,0.0077225219257069455,0.024849677780942644,0.14024631001011242,0.6153846153846154,0.38461538461538464,0.055063993663363515,0.39707210517016267,0.48209621169835326,0.4918645941910348,0.49872175591046763,0.008218855542861926,0.0042674983743033286,0.008532405896652183,0.004474846260879532,13,-0.06687448133642429,-0.10778126992313566,0.17170236859337756,0.4,0.6,-0.3894790845593704,-2.80857362019917,0.4885708325193289,0.46201654273697484,0.46760246038314834,0.01362215712492087,0.007781362478297585,0.003986481816654388,0.001759196487259656,5,0.011979064110928899,0.08657606737306013,0.14084449348668188,0.14024631001011242,0.17170236859337756,False
top_3_20260206,XGBRanker,rank:ndcg,top_3,2026-02-06,2023-02-10,2025-10-31,2025-11-07,2026-01-30,143,14300,13,1300,3,"[""macd_hist_atr"", ""ret_20d"", ""ema20_distance""]","{""colsample_bytree"": 0.85, ""gamma"": 0.0, ""learning_rate"": 0.05, ""max_depth"": 2, ""min_child_weight"": 5, ""n_estimators"": 200, ""reg_alpha"": 0.1, ""reg_lambda"": 5.0, ""subsample"": 0.85}",0.01584609689067483,0.026823326100162498,0.14277372005626016,0.5594405594405595,0.4405594405594406,0.1109874904459354,0.8003421754757793,0.521758198176686,0.5165736174369998,0.5263580508066615,0.0009466203376721837,0.0005086325988363657,0.0019686717717100244,0.001330254916486062,143,-0.015399514660551535,0.01917803287182965,0.16518368463741462,0.6153846153846154,0.38461538461538464,-0.09322660827159862,-0.6722666327216882,0.4798824918527878,0.4679818546862118,0.4970334592011262,0.0042778252345375125,0.00198099067486051,0.002798238180678635,-0.001501815934640358,13,-0.08681468249280772,-0.07027744917745837,0.09934093915859518,0.25,0.75,-0.8739063997996875,-6.301828668867812,0.32956183971153047,0.34868582777044865,0.4359567586314705,-0.0027285578296296405,-0.0013583527233517248,-0.010255487668163477,-0.008081922705545707,4,0.031245611551226363,0.10266077938348254,0.14277372005626016,0.16518368463741462,0.09934093915859518,False
top_3_20260306,XGBRanker,rank:ndcg,top_3,2026-03-06,2023-03-10,2025-11-28,2025-12-05,2026-02-27,143,14300,13,1300,3,"[""macd_hist_atr"", ""ret_20d"", ""ema20_distance""]","{""colsample_bytree"": 0.85, ""gamma"": 0.0, ""learning_rate"": 0.05, ""max_depth"": 2, ""min_child_weight"": 5, ""n_estimators"": 200, ""reg_alpha"": 0.1, ""reg_lambda"": 5.0, ""subsample"": 0.85}",0.012536479890673595,0.020683094912422532,0.14388932246549857,0.5594405594405595,0.4405594405594406,0.08712585253627532,0.6282734574761099,0.5147567473924317,0.5107173651483763,0.5248924762794129,0.0006394727889421983,0.00048088966941457767,0.0017387430592224595,0.0009375040824114223,143,-0.008614917807015444,0.0006720772889638482,0.14985137825120218,0.5384615384615384,0.46153846153846156,-0.05748974689157609,-0.41456446046204815,0.48232424640745336,0.4568928523702418,0.4869540619098594,0.006597682727175138,0.0037410022590749622,0.004083898197455851,-0.00037637440165721775,13,-0.10583768466140483,-0.10109796758686793,0.12751436333762037,0.25,0.75,-0.830005984354703,-5.985258271065686,0.46691934299594534,0.44408333321017557,0.4770114310829613,-0.013574767013276857,-0.0054810709280941105,-0.01864194923384571,-0.012321300144150874,4,0.02115139769768904,0.11837416455207843,0.14388932246549857,0.14985137825120218,0.12751436333762037,False
top_3_20260402,XGBRanker,rank:ndcg,top_3,2026-04-02,2023-04-06,2025-12-26,2026-01-02,2026-03-27,143,14300,13,1300,3,"[""macd_hist_atr"", ""ret_20d"", ""ema20_distance""]","{""colsample_bytree"": 0.85, ""gamma"": 0.0, ""learning_rate"": 0.05, ""max_depth"": 2, ""min_child_weight"": 5, ""n_estimators"": 200, ""reg_alpha"": 0.1, ""reg_lambda"": 5.0, ""subsample"": 0.85}",0.014824452521876575,0.026615890399424774,0.14350424803507877,0.5524475524475524,0.44755244755244755,0.10330323126220503,0.7449301944739896,0.5210043156119152,0.5151067740123113,0.5283398016477501,0.0008235524029492425,0.0004329412506448523,0.0020206702564613613,0.0010474049914344856,143,-0.06713562399899012,-0.07787305804293589,0.1330246339832034,0.3076923076923077,0.6923076923076923,-0.5046856509860205,-3.6393399852420396,0.46144748769669985,0.4458488224091324,0.4705667238930308,0.000644099901709722,0.002197035406452871,-0.004445230680573998,-0.0028758390799215436,13,0.03850989570497547,-0.01019553451251641,0.1363552734980278,0.5,0.5,0.28242322219780125,2.0365828180318637,0.6475791023076558,0.6179656802217485,0.5943003904290804,0.009764337067459435,0.007555546214858372,0.011830193757055876,0.008310435166411194,4,0.08196007652086669,-0.023685443183098894,0.14350424803507877,0.1330246339832034,0.1363552734980278,False
top_3_20260501,XGBRanker,rank:ndcg,top_3,2026-05-01,2023-05-05,2026-01-23,2026-01-30,2026-04-24,143,14300,13,1300,3,"[""macd_hist_atr"", ""ret_20d"", ""ema20_distance""]","{""colsample_bytree"": 0.85, ""gamma"": 0.0, ""learning_rate"": 0.05, ""max_depth"": 2, ""min_child_weight"": 5, ""n_estimators"": 200, ""reg_alpha"": 0.1, ""reg_lambda"": 5.0, ""subsample"": 0.85}",0.011742316374169693,0.02006211279895104,0.14258876584295244,0.5384615384615384,0.46153846153846156,0.08235092228165229,0.5938409457364945,0.5226639861202685,0.5142084832743592,0.5239250921587834,0.0015889204981542515,0.0005393567786479587,0.0025314713798209455,0.001212586908527597,143,-0.02320720467119373,-0.028522050156282213,0.13223527863026532,0.3076923076923077,0.6923076923076923,-0.17549934413555346,-1.2655437681820767,0.4990632738778296,0.4834275870968506,0.5140494875451389,0.0005258929587382657,0.0015053823331460001,-0.0022411855685615656,-0.001308042236307527,13,-0.02370995082837941,-0.036340833350625844,0.11624724543420874,0.4,0.6,-0.2039613991696542,-1.470786565843133,0.4457222557990984,0.4517890774719378,0.47802574900532574,-0.010911995004703625,-0.00841722488881216,-0.00891434187355293,-0.003990057308721141,5,0.034949521045363426,0.035452267202549105,0.14258876584295244,0.13223527863026532,0.11624724543420874,False
top_3_20260605,XGBRanker,rank:ndcg,top_3,2026-06-05,2023-06-09,2026-02-27,2026-03-06,2026-05-29,143,14300,13,1300,3,"[""macd_hist_atr"", ""ret_20d"", ""ema20_distance""]","{""colsample_bytree"": 0.85, ""gamma"": 0.0, ""learning_rate"": 0.05, ""max_depth"": 2, ""min_child_weight"": 5, ""n_estimators"": 200, ""reg_alpha"": 0.1, ""reg_lambda"": 5.0, ""subsample"": 0.85}",0.013616851964172998,0.015696184975505463,0.1422598921227997,0.5314685314685315,0.46853146853146854,0.09571813784604052,0.6902333079916587,0.5202224124685818,0.5107362453743045,0.5276681903203,0.001870650043398214,0.0005398856394740778,0.002659240138804318,0.0008214600564969242,143,-0.04362456852976816,-0.08499428432714709,0.12539566499976532,0.3076923076923077,0.6923076923076923,-0.3478953481354384,-2.5087090323954366,0.5454888956075635,0.49844431154452146,0.5201017366172771,-0.0006309924340501018,-0.0032481094609027586,0.0015719555543794574,-0.0018164727671398896,13,-0.08690225495077979,-0.0772225250766645,0.06290870753479344,0.0,1.0,-1.3814026445022103,-9.961436133628544,0.4532277552272135,0.4274379997361244,0.46196816010922886,-0.009965199879288879,-0.0047180841164983335,-0.017555230873478593,-0.00995640603869943,4,0.05724142049394116,0.10051910691495278,0.1422598921227997,0.12539566499976532,0.06290870753479344,False
top_3_20260702,XGBRanker,rank:ndcg,top_3,2026-07-02,2023-07-07,2026-03-27,2026-04-02,2026-06-26,143,14300,13,1300,3,"[""macd_hist_atr"", ""ret_20d"", ""ema20_distance""]","{""colsample_bytree"": 0.85, ""gamma"": 0.0, ""learning_rate"": 0.05, ""max_depth"": 2, ""min_child_weight"": 5, ""n_estimators"": 200, ""reg_alpha"": 0.1, ""reg_lambda"": 5.0, ""subsample"": 0.85}",0.008255296774367588,0.006807438250653511,0.14229951028443516,0.5174825174825175,0.4825174825174825,0.05801352905478382,0.41834150735528597,0.507017787149337,0.506937873442717,0.5197312152548057,0.001178071954795469,0.0012377308748069366,0.0018074438437741768,0.0017971163682445545,143,-0.02839230478989875,-0.03588210964167559,0.11232681443632972,0.23076923076923078,0.7692307692307693,-0.252765156141701,-1.8227154622391286,0.5009223053754043,0.4839661955556672,0.5252591321515183,-0.006426273634945102,-0.0037952789598238146,-0.007033276000928911,-0.003494327986717401,13,0.043654320609595364,0.022240225691329774,0.04788029693855724,1.0,0.0,0.9117387192818605,6.5746414043932315,0.5713305935354533,0.5737821607529128,0.5685793325388224,0.004373779906511867,0.0021188926173349434,0.008896970301353843,0.0026238205925271756,5,0.03664760156426634,-0.03539902383522778,0.14229951028443516,0.11232681443632972,0.04788029693855724,False
top_3_20260807,XGBRanker,rank:ndcg,top_3,2026-08-07,2023-08-11,2026-05-01,2026-05-08,2026-07-31,143,14300,13,1300,3,"[""macd_hist_atr"", ""ret_20d"", ""ema20_distance""]","{""colsample_bytree"": 0.85, ""gamma"": 0.0, ""learning_rate"": 0.05, ""max_depth"": 2, ""min_child_weight"": 5, ""n_estimators"": 200, ""reg_alpha"": 0.1, ""reg_lambda"": 5.0, ""subsample"": 0.85}",0.0008057791627856872,0.013660234974143573,0.14344267828104193,0.5314685314685315,0.46853146853146854,0.005617429710890883,0.04050786171786386,0.5102388861782242,0.5087832346840968,0.5230670805261605,0.002033199749574017,0.0010875846089436435,0.002534743531833882,0.0013029427625162785,143,-0.012633264812089486,-0.0031836813263750484,0.10452673201777878,0.46153846153846156,0.5384615384615384,-0.12086156878931903,-0.8715451670058157,0.4887607130685169,0.4794248185804001,0.5117837073603521,-0.005403780547118217,-0.0032907630340408395,-0.006616165685240594,-0.003860594621242247,13,-0.01372123006257942,-0.041746073794656696,0.07391417592629118,0.3333333333333333,0.6666666666666666,-0.18563732721937573,-1.3386498038590922,0.40078560603148644,0.4270338965711342,0.49686436534586287,-0.02176358663288098,-0.01184401051647433,-0.02389414485668871,-0.011547875985535602,3,0.013439043974875173,0.014527009225365107,0.14344267828104193,0.10452673201777878,0.07391417592629118,False
top_5_20240105,XGBRanker,rank:ndcg,top_5,2024-01-05,2021-01-08,2023-09-29,2023-10-06,2023-12-29,143,14300,13,1300,5,"[""macd_hist_atr"", ""ret_20d"", ""ema20_distance"", ""rsi14_centered"", ""body_range_ratio""]","{""colsample_bytree"": 0.85, ""gamma"": 0.0, ""learning_rate"": 0.05, ""max_depth"": 2, ""min_child_weight"": 5, ""n_estimators"": 200, ""reg_alpha"": 0.1, ""reg_lambda"": 5.0, ""subsample"": 0.85}",0.024948363953288605,0.02965888111886771,0.18037872986902578,0.5664335664335665,0.43356643356643354,0.13831100801853843,0.9973748627439025,0.5573923224315441,0.5430216809974208,0.5487295376745972,0.0013046300512972785,0.0006373016617971308,0.0008446662718043244,-1.1546045422420683e-05,143,-0.03922577489757477,-0.0286240646357293,0.20176690579752976,0.3076923076923077,0.6923076923076923,-0.19441134185274805,-1.4019201231636826,0.4903150810321733,0.45999662481959397,0.48331215986445797,-0.0010267894790424456,-0.0027990788941195614,0.00017215161085403,-0.0003334571278043367,13,-0.13041667154659126,-0.09796121253464443,0.13178210870058008,0.0,1.0,-0.9896386757849565,-7.136385979449886,0.4655081038610087,0.40921436664000355,0.4575587727727011,-0.009451126886561833,-0.009643486777678005,-0.009103338309180992,-0.009246397139849512,4,0.06417413885086337,0.15536503549987987,0.18037872986902578,0.20176690579752976,0.13178210870058008,False
top_5_20240202,XGBRanker,rank:ndcg,top_5,2024-02-02,2021-02-05,2023-10-27,2023-11-03,2024-01-26,143,14300,13,1300,5,"[""macd_hist_atr"", ""ret_20d"", ""ema20_distance"", ""rsi14_centered"", ""body_range_ratio""]","{""colsample_bytree"": 0.85, ""gamma"": 0.0, ""learning_rate"": 0.05, ""max_depth"": 2, ""min_child_weight"": 5, ""n_estimators"": 200, ""reg_alpha"": 0.1, ""reg_lambda"": 5.0, ""subsample"": 0.85}",0.021915197322825188,0.022240636370315172,0.16976643411644454,0.5524475524475524,0.44755244755244755,0.12909028476025672,0.9308832817347064,0.5754692306730123,0.5415019119982188,0.5514137124105413,0.0019718961499823806,3.17172190643142e-05,0.0007238666704056639,-4.30515128351743e-05,143,-0.06163323114177546,-0.040437745773574306,0.18399139352247504,0.3076923076923077,0.6923076923076923,-0.33497888114123553,-2.4155670643045637,0.4241579002080766,0.42288617254885,0.4691371665877014,-0.00522587807312074,-0.004220395869718539,-0.006629731414606812,-0.003942814677744878,13,0.0066384761035847735,0.061599713409501274,0.166740740893357,0.75,0.25,0.0398131618464534,0.28709679295146856,0.591280716435892,0.5535858545360673,0.5905996372609225,0.0026161328752437613,0.000603945856716419,0.0021735597956325566,-0.0008078915572979168,4,0.08354842846460064,0.015276721219240414,0.16976643411644454,0.18399139352247504,0.166740740893357,False
top_5_20240301,XGBRanker,rank:ndcg,top_5,2024-03-01,2021-03-05,2023-11-24,2023-12-01,2024-02-23,143,14300,13,1300,5,"[""macd_hist_atr"", ""ret_20d"", ""ema20_distance"", ""rsi14_centered"", ""body_range_ratio""]","{""colsample_bytree"": 0.85, ""gamma"": 0.0, ""learning_rate"": 0.05, ""max_depth"": 2, ""min_child_weight"": 5, ""n_estimators"": 200, ""reg_alpha"": 0.1, ""reg_lambda"": 5.0, ""subsample"": 0.85}",0.019113465023442678,0.014408737718532998,0.18277866383765345,0.5384615384615384,0.46153846153846156,0.10457164212787726,0.7540768353030634,0.5654628170404229,0.5430590978724794,0.5527299548806265,0.001567059871286694,0.0005697500613868401,0.00010044127554486763,-0.0002253476782058836,143,-0.09722978866239021,-0.07960049950720383,0.17506230952032295,0.3076923076923077,0.6923076923076923,-0.5554010393716576,-4.005053851801011,0.39191222848243873,0.41749505888869376,0.4620326455608076,-0.009325431174851455,-0.005976641834587342,-0.00891234055356781,-0.006542924250395126,13,0.0297202602751722,0.00828737572242282,0.07705521122418807,0.6,0.4,0.3857008475222094,2.781328365462487,0.48399553207552987,0.4783795121326014,0.5061459204398888,0.002962895430177281,0.0016961347221392808,0.004920236824645337,0.0032441211010359344,5,0.11634325368583288,-0.010606795251729521,0.18277866383765345,0.17506230952032295,0.07705521122418807,False
top_5_20240405,XGBRanker,rank:ndcg,top_5,2024-04-05,2021-04-09,2023-12-29,2024-01-05,2024-03-28,143,14300,13,1300,5,"[""macd_hist_atr"", ""ret_20d"", ""ema20_distance"", ""rsi14_centered"", ""body_range_ratio""]","{""colsample_bytree"": 0.85, ""gamma"": 0.0, ""learning_rate"": 0.05, ""max_depth"": 2, ""min_child_weight"": 5, ""n_estimators"": 200, ""reg_alpha"": 0.1, ""reg_lambda"": 5.0, ""subsample"": 0.85}",0.023945205012361116,0.02347846841546531,0.17725334742294369,0.5874125874125874,0.4125874125874126,0.13509028382536287,0.9741498902986587,0.5594368547536014,0.5363636921224263,0.5476866491716715,0.0007673882372779278,-0.00016546522651369759,0.0007872000862425107,-0.00014238045486777572,143,-0.023129971037536667,-0.02337306972075586,0.14144141792566126,0.46153846153846156,0.5384615384615384,-0.1635303956701941,-1.1792344533715982,0.5033629990856471,0.4890927104951015,0.5131330102238117,-0.00041794384670269964,-0.0014414457358000849,-0.0011022938240591166,-0.0006379670998397419,13,0.02574958518536033,-0.012809769102349055,0.11774255631180319,0.25,0.75,0.2186939539275065,1.577024529039168,0.5460512919455516,0.5594059538562097,0.5543778682759875,-0.009120412829878188,-0.001156126553767389,-0.007609414635086898,-0.0002041259394274411,4,0.047075176049897784,-0.0018043801729992134,0.17725334742294369,0.14144141792566126,0.11774255631180319,False
top_5_20240503,XGBRanker,rank:ndcg,top_5,2024-05-03,2021-05-07,2024-01-26,2024-02-02,2024-04-26,143,14300,13,1300,5,"[""macd_hist_atr"", ""ret_20d"", ""ema20_distance"", ""rsi14_centered"", ""body_range_ratio""]","{""colsample_bytree"": 0.85, ""gamma"": 0.0, ""learning_rate"": 0.05, ""max_depth"": 2, ""min_child_weight"": 5, ""n_estimators"": 200, ""reg_alpha"": 0.1, ""reg_lambda"": 5.0, ""subsample"": 0.85}",0.01203498259855936,0.011395857543295146,0.17374368700446932,0.5384615384615384,0.46153846153846156,0.0692686036888913,0.4995030047601832,0.5537038692820769,0.5314768034893659,0.546521771700134,0.00012046358073646654,-0.0001845907073024668,0.0005696790626454717,0.00033586106285540205,143,-0.00746810797260155,0.015123327201687999,0.13821290427632166,0.5384615384615384,0.46153846153846156,-0.05403336259884216,-0.3896401188717271,0.5546846314040337,0.5531867407105355,0.5514401705961165,0.001496282631846191,0.001711134164269602,0.0026464498417024785,0.00047187807948070176,13,-0.08687387982605833,-0.10926780996961928,0.11181525276352486,0.2,0.8,-0.7769412283115401,-5.602602873398464,0.36764735352750244,0.4077285695788035,0.43576372236023264,-0.006748833116486099,-0.003596459844041465,-0.014107670390781858,-0.007825472867282211,5,0.01950309057116091,0.09890886242461769,0.17374368700446932,0.13821290427632166,0.11181525276352486,False
top_5_20240607,XGBRanker,rank:ndcg,top_5,2024-06-07,2021-06-11,2024-03-01,2024-03-08,2024-05-31,143,14300,13,1300,5,"[""macd_hist_atr"", ""ret_20d"", ""ema20_distance"", ""rsi14_centered"", ""body_range_ratio""]","{""colsample_bytree"": 0.85, ""gamma"": 0.0, ""learning_rate"": 0.05, ""max_depth"": 2, ""min_child_weight"": 5, ""n_estimators"": 200, ""reg_alpha"": 0.1, ""reg_lambda"": 5.0, ""subsample"": 0.85}",0.016357079005135288,0.01888485163716067,0.17556949857295043,0.6083916083916084,0.3916083916083916,0.09316583539901609,0.6718283933051811,0.5453811586273503,0.5322617106571229,0.5433993816152747,0.0005509281367134921,-0.0001817841027449425,0.0005860790085221414,-7.909795741760169e-06,143,-0.032178584425950306,-0.06214687585124049,0.10808583769206292,0.3076923076923077,0.6923076923076923,-0.2977132352679474,-2.146840670285717,0.4599047839566761,0.4771863255539056,0.49846754274407373,-0.004198381844888574,-0.0010899328836246108,-0.007751240013489864,-0.0035184507143243655,13,-0.10624440947238409,-0.08594357848528539,0.2332462116246537,0.5,0.5,-0.4555032586911017,-3.28468071070341,0.39577028635021494,0.39096597792420773,0.44356655208785034,-0.004919436997218682,-0.0041677008367929595,-0.002850579466258936,-0.003032876009349358,4,0.04853566343108559,0.12260148847751938,0.17556949857295043,0.10808583769206292,0.2332462116246537,False
top_5_20240705,XGBRanker,rank:ndcg,top_5,2024-07-05,2021-07-09,2024-03-28,2024-04-05,2024-06-28,143,14300,13,1300,5,"[""macd_hist_atr"", ""ret_20d"", ""ema20_distance"", ""rsi14_centered"", ""body_range_ratio""]","{""colsample_bytree"": 0.85, ""gamma"": 0.0, ""learning_rate"": 0.05, ""max_depth"": 2, ""min_child_weight"": 5, ""n_estimators"": 200, ""reg_alpha"": 0.1, ""reg_lambda"": 5.0, ""subsample"": 0.85}",0.01677976433785126,0.023812953218170133,0.17582234862501256,0.5524475524475524,0.44755244755244755,0.09543590146005002,0.6881980724686778,0.5416562030453345,0.5272500447914528,0.5457290543395789,0.0003233192364345821,-0.00017479112833191133,-0.00014602690892338388,-0.0001630341395143128,143,-0.06000323520538737,-0.05139391924871091,0.16593351167896278,0.3076923076923077,0.6923076923076923,-0.3616101087613795,-2.607607577730527,0.45145975480353673,0.4407031298365945,0.46557681355232017,-0.0022864549085787863,-0.0018490858477072593,-0.0019513412231893304,-0.0032714315191207494,13,0.020837598818627574,-0.03598364820514653,0.15977310840770145,0.5,0.5,0.13041993753701767,0.9404715442650556,0.5569123316979582,0.5227727770566738,0.5301204808492901,0.005826672357158397,0.00042386472333357655,0.004596656165505138,-0.0022273905386900788,4,0.07678299954323863,-0.004057834480776314,0.17582234862501256,0.16593351167896278,0.15977310840770145,False
top_5_20240802,XGBRanker,rank:ndcg,top_5,2024-08-02,2021-08-06,2024-04-26,2024-05-03,2024-07-26,143,14300,13,1300,5,"[""macd_hist_atr"", ""ret_20d"", ""ema20_distance"", ""rsi14_centered"", ""body_range_ratio""]","{""colsample_bytree"": 0.85, ""gamma"": 0.0, ""learning_rate"": 0.05, ""max_depth"": 2, ""min_child_weight"": 5, ""n_estimators"": 200, ""reg_alpha"": 0.1, ""reg_lambda"": 5.0, ""subsample"": 0.85}",0.02550887968890817,0.026148556215413746,0.1689065326031372,0.5594405594405595,0.4405594405594406,0.1510236418673269,1.0890469691199143,0.5547572398992614,0.5374864348545513,0.5471783448626303,0.0002954979925632068,7.213887975711974e-05,0.0011509647457690778,0.0008258108340800283,143,-0.06741989975689323,-0.07434656368999609,0.17679163582225438,0.3076923076923077,0.6923076923076923,-0.3813523159244758,-2.74997065816528,0.4591983093721923,0.46652475244812447,0.4828569900837825,-0.0015835072352485965,-0.001819206235449327,-0.001389289808157188,-0.0029798131723683782,13,-0.009361918549682557,-0.00215433823390488,0.23641847864773996,0.4,0.6,-0.03959892899755808,-0.28555193790830696,0.5499693222659228,0.5014032211261832,0.5369961919638522,1.8119737649358036e-05,-0.003564762097046851,0.0005197944096561588,-0.003487334629307721,5,0.0929287794458014,0.034870798238590725,0.1689065326031372,0.17679163582225438,0.23641847864773996,False
top_5_20240906,XGBRanker,rank:ndcg,top_5,2024-09-06,2021-09-10,2024-05-31,2024-06-07,2024-08-30,143,14300,13,1300,5,"[""macd_hist_atr"", ""ret_20d"", ""ema20_distance"", ""rsi14_centered"", ""body_range_ratio""]","{""colsample_bytree"": 0.85, ""gamma"": 0.0, ""learning_rate"": 0.05, ""max_depth"": 2, ""min_child_weight"": 5, ""n_estimators"": 200, ""reg_alpha"": 0.1, ""reg_lambda"": 5.0, ""subsample"": 0.85}",0.017944159946504844,0.012950033162258876,0.16646524481781022,0.5734265734265734,0.42657342657342656,0.10779523357049114,0.7773224837780459,0.5438519476134209,0.5310471739894189,0.5435404039965652,0.00011788346753764268,-0.0003621486312246896,0.00017103673266041116,-0.0002092435914754002,143,-0.030495431764718098,0.01463568310414979,0.2001301849305815,0.5384615384615384,0.46153846153846156,-0.15237797224489624,-1.0988131843604039,0.47149013371483584,0.46656463276740434,0.5009781329983272,-0.004577884180849676,-0.002420753865228457,-0.0038038114018221682,-0.002696426063877727,13,-0.026078822197738112,-0.0259793984514655,0.0876834358558751,0.5,0.5,-0.29742016771108015,-2.1447273300787972,0.5661659169285238,0.4903531363549353,0.5138048523697388,0.00038192293837647096,-0.00272812373373934,0.0023102181452567595,-0.004163400076877277,4,0.048439591711222946,0.04402298214424295,0.16646524481781022,0.2001301849305815,0.0876834358558751,False
top_5_20241004,XGBRanker,rank:ndcg,top_5,2024-10-04,2021-10-08,2024-06-28,2024-07-05,2024-09-27,143,14300,13,1300,5,"[""macd_hist_atr"", ""ret_20d"", ""ema20_distance"", ""rsi14_centered"", ""body_range_ratio""]","{""colsample_bytree"": 0.85, ""gamma"": 0.0, ""learning_rate"": 0.05, ""max_depth"": 2, ""min_child_weight"": 5, ""n_estimators"": 200, ""reg_alpha"": 0.1, ""reg_lambda"": 5.0, ""subsample"": 0.85}",0.013646286446947532,0.01574647222172297,0.17161032896416925,0.5594405594405595,0.4405594405594406,0.0795190273762412,0.5734198611601247,0.5431170049995167,0.5323582739929665,0.5396683759281108,0.00013216145551401005,0.00030924682316201213,-6.202145416140264e-05,0.0006218362372469567,143,0.01146606134789767,0.005856901969651516,0.1785458031069107,0.5384615384615384,0.46153846153846156,0.06421915916462038,0.4630909424704439,0.5575962295468163,0.5256745397955348,0.5403858562073917,0.00046498852997496544,-0.0012720217348350738,-0.0007050100579618872,-0.0012372854184548774,13,-0.003931518803285932,0.021959032994252663,0.07764025518550083,0.75,0.25,-0.05063763371066477,-0.3651531696239313,0.4222754202888549,0.4245762056441192,0.4924658256481389,-0.00966957078740236,-0.009011278259810851,-0.010128910314882916,-0.009646129977004442,4,0.0021802250990498612,0.017577805250233464,0.17161032896416925,0.1785458031069107,0.07764025518550083,False
top_5_20241101,XGBRanker,rank:ndcg,top_5,2024-11-01,2021-11-05,2024-07-26,2024-08-02,2024-10-25,143,14300,13,1300,5,"[""macd_hist_atr"", ""ret_20d"", ""ema20_distance"", ""rsi14_centered"", ""body_range_ratio""]","{""colsample_bytree"": 0.85, ""gamma"": 0.0, ""learning_rate"": 0.05, ""max_depth"": 2, ""min_child_weight"": 5, ""n_estimators"": 200, ""reg_alpha"": 0.1, ""reg_lambda"": 5.0, ""subsample"": 0.85}",0.01640781590596483,0.013087701401417793,0.1715129856427634,0.5314685314685315,0.46853146853146854,0.09566515237592518,0.6898512243329479,0.5437005788196791,0.5321822546158063,0.5398710332414781,0.000325071060434963,0.0003497794248858716,0.0005875682243771356,0.0005133653121516467,143,-0.021102484523514868,-0.01567097250350368,0.15499437546717104,0.46153846153846156,0.5384615384615384,-0.13615000195916485,-0.9817916264365829,0.5208087169008666,0.4987823734108664,0.5163237657201456,-0.0040515986353035546,-0.0031593197072638792,-0.003038935838786708,-0.0026043235551554012,13,-0.020403741823558818,-0.01355547754711364,0.07075590558984368,0.4,0.6,-0.28836804014402406,-2.0794515098886737,0.4733467735175322,0.48690022660678345,0.5023272654251374,-0.006747704528478149,-0.0035956533553136013,-0.0052934676619629225,-0.0015376376829819385,5,0.0375103004294797,0.036811557729523645,0.1715129856427634,0.15499437546717104,0.07075590558984368,False
top_5_20241206,XGBRanker,rank:ndcg,top_5,2024-12-06,2021-12-10,2024-08-30,2024-09-06,2024-11-29,143,14300,13,1300,5,"[""macd_hist_atr"", ""ret_20d"", ""ema20_distance"", ""rsi14_centered"", ""body_range_ratio""]","{""colsample_bytree"": 0.85, ""gamma"": 0.0, ""learning_rate"": 0.05, ""max_depth"": 2, ""min_child_weight"": 5, ""n_estimators"": 200, ""reg_alpha"": 0.1, ""reg_lambda"": 5.0, ""subsample"": 0.85}",0.02758113040160049,0.01745590269347215,0.16859432182723463,0.5664335664335665,0.43356643356643354,0.16359465789045957,1.179697854832083,0.544465356062851,0.5302879022360891,0.5417188217038541,0.0008376503022801458,0.00040190963199160785,0.0008688718895093429,0.000400474429161036,143,-0.04272789599996379,-0.012373422945030847,0.08975985965044116,0.23076923076923078,0.7692307692307693,-0.4760245411073767,-3.4326617826837245,0.5061928250234792,0.4757874248604196,0.4893703045341497,-0.003071453191831399,-0.004548015818903262,-0.0023888558232013036,-0.004402470865235505,13,-0.07275423323881004,-0.10139032411978875,0.18945123567153238,0.25,0.75,-0.38402617423382873,-2.7692521246406745,0.5083261885245776,0.46817941598338386,0.4486644551387857,0.004841772235517461,-0.0004928732263400793,0.002234028559996277,-0.0005615133879290613,4,0.07030902640156428,0.10033536364041054,0.16859432182723463,0.08975985965044116,0.18945123567153238,False
top_5_20250103,XGBRanker,rank:ndcg,top_5,2025-01-03,2022-01-07,2024-09-27,2024-10-04,2024-12-27,143,14300,13,1300,5,"[""macd_hist_atr"", ""ret_20d"", ""ema20_distance"", ""rsi14_centered"", ""body_range_ratio""]","{""colsample_bytree"": 0.85, ""gamma"": 0.0, ""learning_rate"": 0.05, ""max_depth"": 2, ""min_child_weight"": 5, ""n_estimators"": 200, ""reg_alpha"": 0.1, ""reg_lambda"": 5.0, ""subsample"": 0.85}",0.021298807176942384,0.023391708720121845,0.1666892807493171,0.6083916083916084,0.3916083916083916,0.12777550590654668,0.9214022765888117,0.5459835069615048,0.5307301722098959,0.5436585972081328,0.0003624321733699659,0.0002619904296943523,0.0003481012512036372,0.0004939065984305292,143,-0.049369322857654926,-0.012703727715202402,0.12513792276776994,0.46153846153846156,0.5384615384615384,-0.3945192773358893,-2.844918967187094,0.4481179701909098,0.45097710153526616,0.47715228854690755,-0.00397669676898053,-0.0044368733669726875,-0.003430966066824509,-0.003587433536501442,13,-0.07529503396837327,0.02508612125251396,0.1597119913456239,0.6,0.4,-0.47144258445461024,-3.399620823376719,0.47748472432692546,0.48792750137060104,0.4954304652223659,-0.003342154533084972,-0.0022009858822295675,0.0012882132185613598,-0.001992883748813746,5,0.0706681300345973,0.09659384114531565,0.1666892807493171,0.12513792276776994,0.1597119913456239,False
top_5_20250207,XGBRanker,rank:ndcg,top_5,2025-02-07,2022-02-11,2024-11-01,2024-11-08,2025-01-31,143,14300,13,1300,5,"[""macd_hist_atr"", ""ret_20d"", ""ema20_distance"", ""rsi14_centered"", ""body_range_ratio""]","{""colsample_bytree"": 0.85, ""gamma"": 0.0, ""learning_rate"": 0.05, ""max_depth"": 2, ""min_child_weight"": 5, ""n_estimators"": 200, ""reg_alpha"": 0.1, ""reg_lambda"": 5.0, ""subsample"": 0.85}",0.014632336492052726,0.01901732805714636,0.1582525511764766,0.5594405594405595,0.4405594405594406,0.0924619311554438,0.6667524676187478,0.5469109275902838,0.5269341782603376,0.5400891119242609,-0.0002607414661986671,-0.0004578350065100442,0.00019477319055730783,9.10941907026748e-05,143,-0.06485816233837051,-0.0018182636500705192,0.1286433642604575,0.38461538461538464,0.6153846153846154,-0.504170290564351,-3.6356236683906915,0.48117052032367624,0.4911487681443619,0.495635878838758,-0.002635713468852649,-0.0014878480038588758,-0.0006236184068417797,0.0019994923685287204,13,-0.05329709916437447,-0.09692727822127992,0.1874852129113776,0.25,0.75,-0.2842736146320376,-2.0499261876346035,0.43641926219177724,0.49064557628077277,0.5130615066985391,0.0016692946036202042,0.003808598821994573,-0.0022924834080099744,-0.006104057325298527,4,0.07949049883042324,0.0679294356564272,0.1582525511764766,0.1286433642604575,0.1874852129113776,False
top_5_20250307,XGBRanker,rank:ndcg,top_5,2025-03-07,2022-03-11,2024-11-29,2024-12-06,2025-02-28,143,14300,13,1300,5,"[""macd_hist_atr"", ""ret_20d"", ""ema20_distance"", ""rsi14_centered"", ""body_range_ratio""]","{""colsample_bytree"": 0.85, ""gamma"": 0.0, ""learning_rate"": 0.05, ""max_depth"": 2, ""min_child_weight"": 5, ""n_estimators"": 200, ""reg_alpha"": 0.1, ""reg_lambda"": 5.0, ""subsample"": 0.85}",0.02014863718183465,0.01913608583344197,0.15277072951789722,0.5454545454545454,0.45454545454545453,0.13188807335945998,0.9510584222393782,0.550114157477591,0.5230167560618271,0.5423386787604099,0.0008843111471674095,-0.0005762895290209399,0.001556089976783455,-1.0318785721177254e-05,143,-0.07962713012806799,-0.1081240830262116,0.1579047962899722,0.3076923076923077,0.6923076923076923,-0.5042730303254553,-3.6363645353440726,0.5132374539376727,0.5108766366799246,0.5047488571886575,0.0009163391431624002,0.0010093497791605348,0.001688975347576154,-0.001784612991948779,13,0.15639189773495327,0.08933393642063889,0.1825158793904816,1.0,0.0,0.8568673490615155,6.178958326624389,0.5201370074369008,0.4973966459614064,0.5500536582525618,-0.009645196441893038,-0.01148778839507977,0.0006835964579136409,-0.004963417571505655,4,0.09977576730990265,-0.1362432605531186,0.15277072951789722,0.1579047962899722,0.1825158793904816,False
top_5_20250404,XGBRanker,rank:ndcg,top_5,2025-04-04,2022-04-08,2024-12-27,2025-01-03,2025-03-28,143,14300,13,1300,5,"[""macd_hist_atr"", ""ret_20d"", ""ema20_distance"", ""rsi14_centered"", ""body_range_ratio""]","{""colsample_bytree"": 0.85, ""gamma"": 0.0, ""learning_rate"": 0.05, ""max_depth"": 2, ""min_child_weight"": 5, ""n_estimators"": 200, ""reg_alpha"": 0.1, ""reg_lambda"": 5.0, ""subsample"": 0.85}",0.012707027252455908,0.017307444266240996,0.15920309532272361,0.5594405594405595,0.4405594405594406,0.07981645850978747,0.5755646675659656,0.5476447178062931,0.5302457999931832,0.5420090379161837,-0.00021180940304785272,-0.0005210202829985048,0.0002861039681470165,-0.00046707470365486,143,-0.012153323246907339,0.0019504466670442866,0.17508491927742467,0.5384615384615384,0.46153846153846156,-0.06941387811733926,-0.5005505935617489,0.5132193594546213,0.5039965526908756,0.5274489353608373,-0.0052694771787956856,-0.0025488307751452394,-0.0032893303675620147,-0.002595028153394615,13,0.06167097382644373,0.049019254141601507,0.052470460897132205,1.0,0.0,1.17534652396801,8.47554431721005,0.5095733438212985,0.5421915439258375,0.5653306554458636,0.008038598175771263,0.010069683788076003,0.0068139794579767515,0.006899593226935126,4,0.02486035049936325,-0.048963946573987824,0.15920309532272361,0.17508491927742467,0.052470460897132205,False
top_5_20250502,XGBRanker,rank:ndcg,top_5,2025-05-02,2022-05-06,2025-01-24,2025-01-31,2025-04-25,143,14300,13,1300,5,"[""macd_hist_atr"", ""ret_20d"", ""ema20_distance"", ""rsi14_centered"", ""body_range_ratio""]","{""colsample_bytree"": 0.85, ""gamma"": 0.0, ""learning_rate"": 0.05, ""max_depth"": 2, ""min_child_weight"": 5, ""n_estimators"": 200, ""reg_alpha"": 0.1, ""reg_lambda"": 5.0, ""subsample"": 0.85}",0.016564707348836083,0.014018495328510884,0.15651096073457277,0.5664335664335665,0.43356643356643354,0.10583736289836085,0.7632040775798601,0.5499511722311708,0.5297452902332733,0.5432566450616328,-8.233811430340307e-05,-0.0003919463134876275,0.00041518771593214085,0.00012012027722614956,143,0.0439444173937457,0.02451414294852408,0.13650356686459642,0.6153846153846154,0.38461538461538464,0.32192871148441127,2.3214609526021954,0.5456696522402564,0.5471226407411272,0.5598081053969106,0.0018396952584229128,0.00265798272394288,0.0007431180821938644,0.00046352905642407593,13,0.05966106733403078,0.050910465647696475,0.02798499042958632,1.0,0.0,2.1318952201947456,15.373315060657495,0.5388966094026282,0.5126492653488757,0.5485675944607814,0.007334096888311427,0.0030612732972443257,0.006241169942212929,0.002147491240567084,5,-0.02737971004490962,-0.0430963599851947,0.15651096073457277,0.13650356686459642,0.02798499042958632,False
top_5_20250606,XGBRanker,rank:ndcg,top_5,2025-06-06,2022-06-10,2025-02-28,2025-03-07,2025-05-30,143,14300,13,1300,5,"[""macd_hist_atr"", ""ret_20d"", ""ema20_distance"", ""rsi14_centered"", ""body_range_ratio""]","{""colsample_bytree"": 0.85, ""gamma"": 0.0, ""learning_rate"": 0.05, ""max_depth"": 2, ""min_child_weight"": 5, ""n_estimators"": 200, ""reg_alpha"": 0.1, ""reg_lambda"": 5.0, ""subsample"": 0.85}",0.009178146145716992,0.018232503566334733,0.1633207079604871,0.5594405594405595,0.4405594405594406,0.05619707543722809,0.4052428740400875,0.5419175171660919,0.5272129388135715,0.5380505288622344,0.00013084460254096235,-0.00030204384287219586,0.0006218410765511556,-0.0003042703002051531,143,0.07351092115397949,0.04173674103961602,0.1142139509995946,0.7692307692307693,0.23076923076923078,0.6436247105595745,4.64124379215643,0.5056679180053482,0.5226435143557141,0.5618363087360053,0.0007473170337804162,0.0029530335935925188,0.0009782443571359103,0.0033395811293148794,13,-0.09977538088711049,-0.11008587717045881,0.10920151159243788,0.25,0.75,-0.9136813166056931,-6.588649672910547,0.2671635274266711,0.31340732200859145,0.40191270337840557,-0.015935097668978857,-0.011112980203349328,-0.012859127088419367,-0.007206005344081954,4,-0.0643327750082625,0.10895352703282749,0.1633207079604871,0.1142139509995946,0.10920151159243788,False
top_5_20250703,XGBRanker,rank:ndcg,top_5,2025-07-03,2022-07-08,2025-03-28,2025-04-04,2025-06-27,143,14300,13,1300,5,"[""macd_hist_atr"", ""ret_20d"", ""ema20_distance"", ""rsi14_centered"", ""body_range_ratio""]","{""colsample_bytree"": 0.85, ""gamma"": 0.0, ""learning_rate"": 0.05, ""max_depth"": 2, ""min_child_weight"": 5, ""n_estimators"": 200, ""reg_alpha"": 0.1, ""reg_lambda"": 5.0, ""subsample"": 0.85}",0.012395619926075206,0.019082079947487184,0.16704453250013085,0.5454545454545454,0.45454545454545453,0.07420548126030702,0.5351033352090382,0.5458401224424353,0.5276014704961994,0.5414756404640533,-9.434675275951693e-05,-0.0006522350624344754,0.0007822098821895594,0.0002819536271735885,143,-0.007967653743864822,0.024701063854282657,0.10116607978263147,0.5384615384615384,0.46153846153846156,-0.07875815452159822,-0.5679331289770768,0.4166844921242647,0.44442470059700795,0.5099821331418968,-0.0016659597608014753,0.000787391593473455,-0.0032524709298991294,-0.0012842388995855986,13,-0.08498635959802743,-0.08420634175015973,0.0383239869602847,0.0,1.0,-2.2175761537049663,-15.991169058858937,0.4841390509267836,0.45711231345247505,0.4729462731732105,-0.00838910446979805,-0.010302649849655014,-0.005431956411583526,-0.00833596486377139,4,0.020363273669940028,0.09738197952410263,0.16704453250013085,0.10116607978263147,0.0383239869602847,False
top_5_20250801,XGBRanker,rank:ndcg,top_5,2025-08-01,2022-08-05,2025-04-25,2025-05-02,2025-07-25,143,14300,13,1300,5,"[""macd_hist_atr"", ""ret_20d"", ""ema20_distance"", ""rsi14_centered"", ""body_range_ratio""]","{""colsample_bytree"": 0.85, ""gamma"": 0.0, ""learning_rate"": 0.05, ""max_depth"": 2, ""min_child_weight"": 5, ""n_estimators"": 200, ""reg_alpha"": 0.1, ""reg_lambda"": 5.0, ""subsample"": 0.85}",0.020057022698527414,0.03044932867212391,0.15471320395936344,0.5874125874125874,0.4125874125874126,0.12964001898503463,0.9348474716053348,0.5387778436688277,0.5320085795583726,0.5403291352890539,-0.0007350407156990955,-5.368037928994966e-05,0.00016480177518901686,0.0005429571739874362,143,-0.04050065896383011,-0.04373604758708519,0.10086435055502892,0.3076923076923077,0.6923076923076923,-0.40153591175639425,-2.895516637555726,0.42473636102935164,0.4261060062372262,0.4638564248600232,-0.0021748268272275394,-0.003320869457420696,-1.932150983391283e-05,-0.0017889017630811645,13,-0.08626994761837367,-0.08027843621983177,0.20248746588357885,0.2,0.8,-0.4260508038950667,-3.0722960387926315,0.4029292860580278,0.39295190268082747,0.42426419694647405,0.00021747679815347157,0.00012214001904916477,-0.001953045000219483,-0.0021446589520051633,5,0.06055768166235752,0.10632697031690108,0.15471320395936344,0.10086435055502892,0.20248746588357885,False
top_5_20250905,XGBRanker,rank:ndcg,top_5,2025-09-05,2022-09-09,2025-05-30,2025-06-06,2025-08-29,143,14300,13,1300,5,"[""macd_hist_atr"", ""ret_20d"", ""ema20_distance"", ""rsi14_centered"", ""body_range_ratio""]","{""colsample_bytree"": 0.85, ""gamma"": 0.0, ""learning_rate"": 0.05, ""max_depth"": 2, ""min_child_weight"": 5, ""n_estimators"": 200, ""reg_alpha"": 0.1, ""reg_lambda"": 5.0, ""subsample"": 0.85}",0.02333107460737537,0.03279210213984125,0.1493325041287455,0.6153846153846154,0.38461538461538464,0.1562357421346174,1.1266319586530655,0.5489658924345928,0.533857790101285,0.5425616018438106,0.0008445527676269671,0.0005235463024302951,0.0013919123120083366,0.001143761865420605,143,-0.056053430600162844,-0.07644822302102272,0.12623301770901918,0.23076923076923078,0.7692307692307693,-0.4440472993315591,-3.2020706129424856,0.35770414527756267,0.39011344386856417,0.410001671248429,-0.00806456691341982,-0.0044986799830534835,-0.0050973948483968076,-0.002220087512822114,13,-0.1338191676883651,-0.12166980656602722,0.12886742345842292,0.25,0.75,-1.0384251046311932,-7.4881899209536495,0.33749555929897435,0.376769609604763,0.39410009025025816,-0.006251168368401656,-0.0055994748813314845,-0.00459469165103253,-0.006561778862095373,4,0.07938450520753822,0.15715024229574048,0.1493325041287455,0.12623301770901918,0.12886742345842292,False
top_5_20251003,XGBRanker,rank:ndcg,top_5,2025-10-03,2022-10-07,2025-06-27,2025-07-03,2025-09-26,143,14300,13,1300,5,"[""macd_hist_atr"", ""ret_20d"", ""ema20_distance"", ""rsi14_centered"", ""body_range_ratio""]","{""colsample_bytree"": 0.85, ""gamma"": 0.0, ""learning_rate"": 0.05, ""max_depth"": 2, ""min_child_weight"": 5, ""n_estimators"": 200, ""reg_alpha"": 0.1, ""reg_lambda"": 5.0, ""subsample"": 0.85}",0.022605868274265774,0.022515602510994208,0.14666648757251952,0.5804195804195804,0.4195804195804196,0.15413110826076243,1.1114552279565404,0.5385085163412116,0.5234429810926091,0.5373596499399663,0.0005905144158382252,0.00014737310456958553,0.0010268293611203452,0.00038380630210080026,143,-0.08530315043307997,-0.11700991335664238,0.12508836417357574,0.15384615384615385,0.8461538461538461,-0.681943128736668,-4.917561835220793,0.3415856485349862,0.3823345714579765,0.4269648320076981,-0.006905874697829003,-0.004069869219438579,-0.003922178668196503,-0.0021229705174994496,13,-0.06064755592875516,-0.08102083127389055,0.09545005173129371,0.4,0.6,-0.6353852599209393,-4.581828268637922,0.4723637812813819,0.4810638750834929,0.47922291534121586,0.022014948500517488,0.011485002390051053,0.016036274659267356,0.01138337211322261,5,0.10790901870734575,0.08325342420302094,0.14666648757251952,0.12508836417357574,0.09545005173129371,False
top_5_20251107,XGBRanker,rank:ndcg,top_5,2025-11-07,2022-11-11,2025-08-01,2025-08-08,2025-10-31,143,14300,13,1300,5,"[""macd_hist_atr"", ""ret_20d"", ""ema20_distance"", ""rsi14_centered"", ""body_range_ratio""]","{""colsample_bytree"": 0.85, ""gamma"": 0.0, ""learning_rate"": 0.05, ""max_depth"": 2, ""min_child_weight"": 5, ""n_estimators"": 200, ""reg_alpha"": 0.1, ""reg_lambda"": 5.0, ""subsample"": 0.85}",0.014153724281020057,0.013814541924460775,0.15148906553892347,0.5454545454545454,0.45454545454545453,0.09343066597360067,0.6737381137371317,0.5398631040231745,0.524564698801673,0.5364272674486145,0.00044083069490339217,-0.0001464083029775785,0.0007447726773340772,0.0005602506543601259,143,-0.055106391608832864,-0.09084826322680127,0.15163390164345436,0.38461538461538464,0.6153846153846154,-0.3634173559578236,-2.620639822598963,0.36896238335770415,0.39989805003819207,0.44229809988863084,0.005139078524526192,0.0022967101626280725,0.0031144799026333347,0.0011218876551475148,13,0.02967550560274763,0.07388610006165432,0.18786604491040904,0.5,0.5,0.15796098553572843,1.1390728657437887,0.45744937604058095,0.467912760361492,0.5421990594274797,-0.0009458265028513364,0.0006526289833279006,-0.0028223612115527786,-0.0004871648614482606,4,0.06926011588985292,-0.015521781321727574,0.15148906553892347,0.15163390164345436,0.18786604491040904,False
top_5_20251205,XGBRanker,rank:ndcg,top_5,2025-12-05,2022-12-09,2025-08-29,2025-09-05,2025-11-28,143,14300,13,1300,5,"[""macd_hist_atr"", ""ret_20d"", ""ema20_distance"", ""rsi14_centered"", ""body_range_ratio""]","{""colsample_bytree"": 0.85, ""gamma"": 0.0, ""learning_rate"": 0.05, ""max_depth"": 2, ""min_child_weight"": 5, ""n_estimators"": 200, ""reg_alpha"": 0.1, ""reg_lambda"": 5.0, ""subsample"": 0.85}",0.015949813157055532,0.027372514919253917,0.14538456169638447,0.5524475524475524,0.44755244755244755,0.10970775005921542,0.7911138363085773,0.5349400488001395,0.5198609842611193,0.5322970076634758,0.0008628116166242983,2.1493017265613233e-06,0.0011099398059214271,0.000438161777374411,143,-0.04583564169103818,-0.06012014458201375,0.15229474990848302,0.3076923076923077,0.6923076923076923,-0.30096665655632737,-2.170301424837597,0.4163511871617637,0.42351783824565015,0.47165287668391137,0.004382262730179867,0.001736663057870824,0.002807561612232484,0.0008655458310478371,13,0.06823748628291852,0.10067916783279027,0.12487935160412483,0.75,0.25,0.5464272948760618,3.940343259977444,0.47779058579798395,0.5252274025793384,0.5176477262749477,0.0023760208939104504,0.00419560228163012,0.001725863332261933,0.006802250601787765,4,0.06178545484809371,-0.05228767312586299,0.14538456169638447,0.15229474990848302,0.12487935160412483,False
top_5_20260102,XGBRanker,rank:ndcg,top_5,2026-01-02,2023-01-06,2025-09-26,2025-10-03,2025-12-26,143,14300,13,1300,5,"[""macd_hist_atr"", ""ret_20d"", ""ema20_distance"", ""rsi14_centered"", ""body_range_ratio""]","{""colsample_bytree"": 0.85, ""gamma"": 0.0, ""learning_rate"": 0.05, ""max_depth"": 2, ""min_child_weight"": 5, ""n_estimators"": 200, ""reg_alpha"": 0.1, ""reg_lambda"": 5.0, ""subsample"": 0.85}",0.018942492658623796,0.018759902169081678,0.1402838084693759,0.5664335664335665,0.43356643356643354,0.13502978615496428,0.9737136353933223,0.5410168961029148,0.5220162553738776,0.5354456763426393,-7.881163449254787e-05,-0.0003976593000293375,0.0005496001001969291,0.0003160225054416782,143,0.008010391780846383,0.016441021195436948,0.1405059851117534,0.5384615384615384,0.46153846153846156,0.05701103603860864,0.4111124274090576,0.43414203509477683,0.4679571907368427,0.49046481094946864,0.005591706780834704,0.00417344531818506,0.004042658540148292,0.0040262373869482705,13,-0.03218057625298611,-0.031840081853940425,0.1819066957126781,0.4,0.6,-0.1769070463674156,-1.2756948533372048,0.43439824160880824,0.457836491215335,0.4728594558824832,0.008249395847188729,0.006295675772386463,0.0022664512142624134,0.0006341972348646071,5,0.010932100877777413,0.051123068911609906,0.1402838084693759,0.1405059851117534,0.1819066957126781,False
top_5_20260206,XGBRanker,rank:ndcg,top_5,2026-02-06,2023-02-10,2025-10-31,2025-11-07,2026-01-30,143,14300,13,1300,5,"[""macd_hist_atr"", ""ret_20d"", ""ema20_distance"", ""rsi14_centered"", ""body_range_ratio""]","{""colsample_bytree"": 0.85, ""gamma"": 0.0, ""learning_rate"": 0.05, ""max_depth"": 2, ""min_child_weight"": 5, ""n_estimators"": 200, ""reg_alpha"": 0.1, ""reg_lambda"": 5.0, ""subsample"": 0.85}",0.015023162893308807,0.009037581602203032,0.14585258341142918,0.5454545454545454,0.45454545454545453,0.10300237775652299,0.7427607089917102,0.5410982939906335,0.5267323464274952,0.5336794041140064,0.002110947629768898,0.000545765909921062,0.0030071094470054955,0.0014648537444702315,143,0.020065708595118303,0.04058364115698897,0.1570468298637427,0.6153846153846154,0.38461538461538464,0.12776895027125193,0.9213550032304147,0.41687930424081254,0.4588157787292569,0.4907183579938489,0.0005605435651553612,0.002728280107717023,-0.0010549238013935697,0.0002623251923099636,13,-0.09409554849115054,-0.07010367260125486,0.08052808593533531,0.0,1.0,-1.1684811255381136,-8.426037225079085,0.35186435127754867,0.4027857351449601,0.4228971586907066,-0.0002863894880011882,0.003467245550407211,-0.00692894263618114,-0.0029211018447884056,4,-0.005042545701809497,0.10911871138445935,0.14585258341142918,0.1570468298637427,0.08052808593533531,False
top_5_20260306,XGBRanker,rank:ndcg,top_5,2026-03-06,2023-03-10,2025-11-28,2025-12-05,2026-02-27,143,14300,13,1300,5,"[""macd_hist_atr"", ""ret_20d"", ""ema20_distance"", ""rsi14_centered"", ""body_range_ratio""]","{""colsample_bytree"": 0.85, ""gamma"": 0.0, ""learning_rate"": 0.05, ""max_depth"": 2, ""min_child_weight"": 5, ""n_estimators"": 200, ""reg_alpha"": 0.1, ""reg_lambda"": 5.0, ""subsample"": 0.85}",0.018665025199389163,0.01623313306489526,0.14540550025349902,0.5594405594405595,0.4405594405594406,0.1283653312072011,0.9256555673189626,0.5390813698953638,0.5191342492237264,0.534424439326216,0.0018198042758404043,-7.582341325254244e-06,0.0027441961849264873,0.000831198225607985,143,-0.008405239459865611,-0.004452618917416208,0.13168454484374056,0.46153846153846156,0.5384615384615384,-0.06382859484261749,-0.46027454309174737,0.41432928757831733,0.44226513774400805,0.4763600664642258,0.0019800634277030017,0.003993281780393063,-0.002684748593238472,-0.00051610670473018,13,-0.11358113309331447,-0.13950450148215765,0.16041889950944255,0.25,0.75,-0.708028377208939,-5.1056652370207765,0.5180503070459718,0.46616696161808935,0.5060914902667726,-0.0016519955964658757,-0.0026843376870614903,-0.006596009343473622,-0.006231998730402554,4,0.027070264659254772,0.13224615829270364,0.14540550025349902,0.13168454484374056,0.16041889950944255,False
top_5_20260402,XGBRanker,rank:ndcg,top_5,2026-04-02,2023-04-06,2025-12-26,2026-01-02,2026-03-27,143,14300,13,1300,5,"[""macd_hist_atr"", ""ret_20d"", ""ema20_distance"", ""rsi14_centered"", ""body_range_ratio""]","{""colsample_bytree"": 0.85, ""gamma"": 0.0, ""learning_rate"": 0.05, ""max_depth"": 2, ""min_child_weight"": 5, ""n_estimators"": 200, ""reg_alpha"": 0.1, ""reg_lambda"": 5.0, ""subsample"": 0.85}",0.014863916405632232,0.02317759589115705,0.14935646973723904,0.5594405594405595,0.4405594405594406,0.09951973578233426,0.717647020567669,0.5447416194048623,0.5268142973114676,0.5360921766987251,0.002243053924438859,0.00031535561790739313,0.00320825747211356,0.0012130758054611402,143,-0.04518445660820624,-0.06750135765071802,0.15043159944607049,0.38461538461538464,0.6153846153846154,-0.30036546027953925,-2.165966136832442,0.43634065035462616,0.45235244112835854,0.47500015972424176,0.00040983188071913135,0.0036053187929231682,-0.0031845695282433917,0.000754681751771478,13,0.08572462092956404,0.09290421109700846,0.11841434224238187,0.75,0.25,0.7239378212657267,5.220389869642524,0.6515872013627894,0.6160210163567358,0.5938651557744469,0.012057438396062629,0.006517088244700967,0.013351105288576817,0.007421164726140026,4,0.060048373013838474,-0.07086070452393181,0.14935646973723904,0.15043159944607049,0.11841434224238187,False
top_5_20260501,XGBRanker,rank:ndcg,top_5,2026-05-01,2023-05-05,2026-01-23,2026-01-30,2026-04-24,143,14300,13,1300,5,"[""macd_hist_atr"", ""ret_20d"", ""ema20_distance"", ""rsi14_centered"", ""body_range_ratio""]","{""colsample_bytree"": 0.85, ""gamma"": 0.0, ""learning_rate"": 0.05, ""max_depth"": 2, ""min_child_weight"": 5, ""n_estimators"": 200, ""reg_alpha"": 0.1, ""reg_lambda"": 5.0, ""subsample"": 0.85}",0.01787793031585454,0.023360966847941433,0.1474100906087642,0.5524475524475524,0.44755244755244755,0.12128023422293194,0.8745642063821272,0.5391586790516723,0.5217031210846964,0.5360631101667995,0.0019535044234336566,0.0005803578800040259,0.002720754202370106,0.0010444139003788042,143,-0.020641005294866906,-0.020621618950154314,0.14746293456377146,0.38461538461538464,0.6153846153846154,-0.13997419321626578,-1.0093682617658999,0.516595565225552,0.5031620171732005,0.5266727733079529,0.0048489376268535805,0.00365863237049498,0.004157631411954776,0.0008798878780455518,13,-0.019463879433879866,-0.039592315564000134,0.11263011942914751,0.4,0.6,-0.17281238386792314,-1.2461678221419255,0.4767226130257403,0.4746926241178704,0.498769483659813,-0.01273545809131682,-0.009596996632788846,-0.011231765469100726,-0.008266091913101608,5,0.03851893561072145,0.0373418097497344,0.1474100906087642,0.14746293456377146,0.11263011942914751,False
top_5_20260605,XGBRanker,rank:ndcg,top_5,2026-06-05,2023-06-09,2026-02-27,2026-03-06,2026-05-29,143,14300,13,1300,5,"[""macd_hist_atr"", ""ret_20d"", ""ema20_distance"", ""rsi14_centered"", ""body_range_ratio""]","{""colsample_bytree"": 0.85, ""gamma"": 0.0, ""learning_rate"": 0.05, ""max_depth"": 2, ""min_child_weight"": 5, ""n_estimators"": 200, ""reg_alpha"": 0.1, ""reg_lambda"": 5.0, ""subsample"": 0.85}",0.01967224241808069,0.009475203354280143,0.14895336008555468,0.5314685314685315,0.46853146853146854,0.13206981303933996,0.9523689657085656,0.538302933483205,0.5199561084398272,0.5353585744028317,0.0026015007369918934,0.0007951013596125442,0.0027616500457705484,0.0015160659206785248,143,-0.026705221998269465,-0.05025308062841019,0.14588313935642247,0.38461538461538464,0.6153846153846154,-0.18305900267900818,-1.3200572411889275,0.5469252140866318,0.513599307653372,0.5443936043872547,0.0019156571254296427,-0.002409780465937957,0.0020368181641650988,-0.0015703298187050721,13,-0.041064007275701114,-0.02599471547541265,0.061350404366574185,0.5,0.5,-0.6693355602082095,-4.826647365644227,0.45927321864777493,0.41683890755936354,0.45997007577129684,0.003952141071983814,0.0021083421939282134,-0.003779271279336352,-0.002536655700903518,4,0.046377464416350156,0.0607362496937818,0.14895336008555468,0.14588313935642247,0.061350404366574185,False
top_5_20260702,XGBRanker,rank:ndcg,top_5,2026-07-02,2023-07-07,2026-03-27,2026-04-02,2026-06-26,143,14300,13,1300,5,"[""macd_hist_atr"", ""ret_20d"", ""ema20_distance"", ""rsi14_centered"", ""body_range_ratio""]","{""colsample_bytree"": 0.85, ""gamma"": 0.0, ""learning_rate"": 0.05, ""max_depth"": 2, ""min_child_weight"": 5, ""n_estimators"": 200, ""reg_alpha"": 0.1, ""reg_lambda"": 5.0, ""subsample"": 0.85}",0.009930043796984896,0.003990422984908235,0.15196632984711955,0.5104895104895105,0.48951048951048953,0.06534371006376657,0.47120019432792537,0.5346072013776,0.5191850386368463,0.5312464744128891,0.002958325571515998,0.0009203752141004849,0.0030065990819038765,0.0013164930771318356,143,-0.010117020784853313,-0.0059286995869781796,0.11071156830948427,0.46153846153846156,0.5384615384615384,-0.09138178547495676,-0.6589634263468139,0.5117115256940094,0.4877574371535457,0.5235479107390819,0.00011586797812344789,-0.003964263420803109,-0.00012674041102757246,-0.0035075247198706064,13,0.03435480170749601,-0.003912590802637553,0.08923341492015162,0.4,0.6,0.3849992935744707,2.7762693880003355,0.5158445813299747,0.5603941400642422,0.5585487583835944,0.0008086631479118408,0.0024824623116377316,0.00023172608498981604,-0.0009742199385137845,5,0.02004706458183821,-0.024424757910511116,0.15196632984711955,0.11071156830948427,0.08923341492015162,False
top_5_20260807,XGBRanker,rank:ndcg,top_5,2026-08-07,2023-08-11,2026-05-01,2026-05-08,2026-07-31,143,14300,13,1300,5,"[""macd_hist_atr"", ""ret_20d"", ""ema20_distance"", ""rsi14_centered"", ""body_range_ratio""]","{""colsample_bytree"": 0.85, ""gamma"": 0.0, ""learning_rate"": 0.05, ""max_depth"": 2, ""min_child_weight"": 5, ""n_estimators"": 200, ""reg_alpha"": 0.1, ""reg_lambda"": 5.0, ""subsample"": 0.85}",0.014594448093680542,0.02117059610414545,0.14437425243566204,0.5664335664335665,0.43356643356643354,0.10108760978820869,0.7289531208109638,0.5348852813332887,0.521848348690349,0.5395295001987662,0.0033534374419494756,0.0009611782457640241,0.0038590443863043204,0.0012495168413970488,143,-0.007017322494597803,0.007059960157758869,0.10459704972683774,0.6153846153846154,0.38461538461538464,-0.06708910540903415,-0.48378641915456216,0.49059011019453436,0.4825408379626494,0.5154539872081868,-0.004328283120351942,-0.0029372321429370946,-0.006244578821247928,-0.0030550952090407976,13,-0.005778109087907774,-0.008797565985910003,0.07782964299304049,0.3333333333333333,0.6666666666666666,-0.07424046758668097,-0.535355625196401,0.43798376331622846,0.4120238910493655,0.5046855047317222,-0.017543462486636033,-0.012623215572651588,-0.014946397852545359,-0.010837993475980225,3,0.021611770588278345,0.020372557181588317,0.14437425243566204,0.10459704972683774,0.07782964299304049,False
top_8_20240105,XGBRanker,rank:ndcg,top_8,2024-01-05,2021-01-08,2023-09-29,2023-10-06,2023-12-29,143,14300,13,1300,8,"[""macd_hist_atr"", ""ret_20d"", ""ema20_distance"", ""rsi14_centered"", ""body_range_ratio"", ""breakout_position_60"", ""signed_volume_pressure_20"", ""ret_1d""]","{""colsample_bytree"": 0.85, ""gamma"": 0.0, ""learning_rate"": 0.05, ""max_depth"": 2, ""min_child_weight"": 5, ""n_estimators"": 200, ""reg_alpha"": 0.1, ""reg_lambda"": 5.0, ""subsample"": 0.85}",0.02566116625156174,0.018145977912327433,0.18882170668944903,0.5524475524475524,0.44755244755244755,0.13590156927119668,0.9800001528466417,0.5693019705280371,0.5481521550270229,0.5523376902820174,0.0015164526750615782,0.0008240049573943434,0.001043967171857431,0.00038444987746552925,143,-0.050295248489977115,-0.028739201876383264,0.20012209629321256,0.3076923076923077,0.6923076923076923,-0.2513228145296165,-1.812314588960917,0.45529936767977025,0.4541193352194804,0.4922105503923948,-0.00420841347380322,-0.004630345649767142,-0.0022377520074587797,-0.0024911354884300696,13,-0.15947697893303409,-0.11251011637971649,0.13866923588106025,0.0,1.0,-1.1500530591357776,-8.29315054843653,0.40035905086736856,0.4017712301500481,0.45951469541397094,-0.012477944413678858,-0.008197340893639441,-0.01165534125844819,-0.006482699132543618,4,0.07595641474153886,0.18513814518459581,0.18882170668944903,0.20012209629321256,0.13866923588106025,False
top_8_20240202,XGBRanker,rank:ndcg,top_8,2024-02-02,2021-02-05,2023-10-27,2023-11-03,2024-01-26,143,14300,13,1300,8,"[""macd_hist_atr"", ""ret_20d"", ""ema20_distance"", ""rsi14_centered"", ""body_range_ratio"", ""breakout_position_60"", ""signed_volume_pressure_20"", ""ret_1d""]","{""colsample_bytree"": 0.85, ""gamma"": 0.0, ""learning_rate"": 0.05, ""max_depth"": 2, ""min_child_weight"": 5, ""n_estimators"": 200, ""reg_alpha"": 0.1, ""reg_lambda"": 5.0, ""subsample"": 0.85}",0.025659011617536226,0.031155302462060976,0.18676237782460425,0.5454545454545454,0.45454545454545453,0.13738854643215986,0.990722897645235,0.5874253697160033,0.5517387391735504,0.554944668062259,0.002830737807066317,0.00039333427185376493,0.0022899626602603134,0.00011394113664636009,143,-0.09757282297532963,-0.1004956674397185,0.17813693847796808,0.23076923076923078,0.7692307692307693,-0.547740540558338,-3.949813209266901,0.40134444189719815,0.42309122975956537,0.4594625381072407,-0.007239262862826856,-0.004367898052508541,-0.007713401650160477,-0.003930681649924549,13,-0.02547118082660339,0.01748324228389604,0.14666539911964227,0.5,0.5,-0.1736686429075564,-1.25234239388688,0.546877275419162,0.5271282731645165,0.5390676041581557,-0.002590962582803443,-0.0030198121106653477,-0.007427631785961748,-0.004620015982704938,4,0.12323183459286585,0.05113019244413962,0.18676237782460425,0.17813693847796808,0.14666539911964227,False
top_8_20240301,XGBRanker,rank:ndcg,top_8,2024-03-01,2021-03-05,2023-11-24,2023-12-01,2024-02-23,143,14300,13,1300,8,"[""macd_hist_atr"", ""ret_20d"", ""ema20_distance"", ""rsi14_centered"", ""body_range_ratio"", ""breakout_position_60"", ""signed_volume_pressure_20"", ""ret_1d""]","{""colsample_bytree"": 0.85, ""gamma"": 0.0, ""learning_rate"": 0.05, ""max_depth"": 2, ""min_child_weight"": 5, ""n_estimators"": 200, ""reg_alpha"": 0.1, ""reg_lambda"": 5.0, ""subsample"": 0.85}",0.022696775178670536,0.017739530243248272,0.1894444411731902,0.5314685314685315,0.46853146853146854,0.11980702647232142,0.8639407542136528,0.5782404073113161,0.5479659542213484,0.5515424158533112,0.002767825924224983,0.0007716288063677148,0.0022917648423966463,0.0006394496030677871,143,-0.1498043566933715,-0.14750763580939577,0.1460031714715876,0.23076923076923078,0.7692307692307693,-1.0260349496758954,-7.398843242949109,0.4288798759136372,0.4081785109898167,0.456763422739094,-0.007023864206445263,-0.007384548148339545,-0.008017992356224534,-0.008155554188302463,13,-0.009187748853927282,-0.008568959724106134,0.10344462363950849,0.4,0.6,-0.0888180412927542,-0.6404760041346063,0.5199287200243751,0.489319008495802,0.5131963477554408,0.006375576802954658,0.0003353608416600585,0.008091401652881006,0.0021316221290831336,5,0.17250113187204202,0.03188452403259782,0.1894444411731902,0.1460031714715876,0.10344462363950849,False
top_8_20240405,XGBRanker,rank:ndcg,top_8,2024-04-05,2021-04-09,2023-12-29,2024-01-05,2024-03-28,143,14300,13,1300,8,"[""macd_hist_atr"", ""ret_20d"", ""ema20_distance"", ""rsi14_centered"", ""body_range_ratio"", ""breakout_position_60"", ""signed_volume_pressure_20"", ""ret_1d""]","{""colsample_bytree"": 0.85, ""gamma"": 0.0, ""learning_rate"": 0.05, ""max_depth"": 2, ""min_child_weight"": 5, ""n_estimators"": 200, ""reg_alpha"": 0.1, ""reg_lambda"": 5.0, ""subsample"": 0.85}",0.013994317389340002,0.010717182217775255,0.19208123157838133,0.5384615384615384,0.46153846153846156,0.07285624563287658,0.5253738587342717,0.581059841511199,0.5478853624681951,0.5517875023264458,0.0023045122855446802,0.0006301024309996755,0.0022574197510527045,0.0008335445943258702,143,-0.06717245399094199,-0.04606143525682313,0.1318600248799638,0.23076923076923078,0.7692307692307693,-0.509422427700064,-3.6734973678878546,0.49451709303478586,0.4621168368439142,0.4865087155517877,-0.0018119748197790843,-0.004251641603591484,-0.0020461096453244306,-0.003996193692326335,13,-0.00315721867783556,0.01388175855663156,0.11035497390369797,0.5,0.5,-0.02860966358064412,-0.2063072180275741,0.47142371000624794,0.46688804030658454,0.4983733121783115,-0.008451307647421944,-0.003002444162214365,-0.003861338317771108,-0.0008621629495974997,4,0.08116677138028199,0.017151536067175562,0.19208123157838133,0.1318600248799638,0.11035497390369797,False
top_8_20240503,XGBRanker,rank:ndcg,top_8,2024-05-03,2021-05-07,2024-01-26,2024-02-02,2024-04-26,143,14300,13,1300,8,"[""macd_hist_atr"", ""ret_20d"", ""ema20_distance"", ""rsi14_centered"", ""body_range_ratio"", ""breakout_position_60"", ""signed_volume_pressure_20"", ""ret_1d""]","{""colsample_bytree"": 0.85, ""gamma"": 0.0, ""learning_rate"": 0.05, ""max_depth"": 2, ""min_child_weight"": 5, ""n_estimators"": 200, ""reg_alpha"": 0.1, ""reg_lambda"": 5.0, ""subsample"": 0.85}",0.009318052662991632,0.0063786952780436725,0.19459663442502875,0.5174825174825175,0.4825174825174825,0.04788393535439869,0.3452959683825748,0.571601919682287,0.5393734431025193,0.5488421945311621,0.0015784512697960685,5.152633377867804e-05,0.001902118356752105,0.0002913595392489039,143,-0.01778352434628506,0.00032403726432185537,0.11815314412457736,0.5384615384615384,0.46153846153846156,-0.15051249357811936,-1.0853610263877074,0.5164788484659713,0.4962733030707071,0.5100889621396899,-0.0020770835562961536,-0.0005943705792725417,-0.001949104087268075,-0.0001635061924889066,13,-0.07977055329046139,-0.03733096503867955,0.17128776507533938,0.4,0.6,-0.4657107485486487,-3.3582879668537386,0.39878172584332977,0.39522767982329776,0.44415469439554023,-0.004195710513257704,-0.0033435564819008314,-0.004437382327814041,-0.0016332637836052061,5,0.027101577009276692,0.08908860595345301,0.19459663442502875,0.11815314412457736,0.17128776507533938,False
top_8_20240607,XGBRanker,rank:ndcg,top_8,2024-06-07,2021-06-11,2024-03-01,2024-03-08,2024-05-31,143,14300,13,1300,8,"[""macd_hist_atr"", ""ret_20d"", ""ema20_distance"", ""rsi14_centered"", ""body_range_ratio"", ""breakout_position_60"", ""signed_volume_pressure_20"", ""ret_1d""]","{""colsample_bytree"": 0.85, ""gamma"": 0.0, ""learning_rate"": 0.05, ""max_depth"": 2, ""min_child_weight"": 5, ""n_estimators"": 200, ""reg_alpha"": 0.1, ""reg_lambda"": 5.0, ""subsample"": 0.85}",0.012475889540008767,-0.003240372643218554,0.190527508675147,0.4965034965034965,0.5034965034965035,0.06548077821812279,0.47218860684545444,0.5656975954459535,0.5356394784768076,0.5481610460691303,0.001484488803297331,-0.00033548384688118207,0.001568914732471121,-0.0001772121591195272,143,-0.03899510417173434,-0.04008053320646543,0.12194924281326046,0.3076923076923077,0.6923076923076923,-0.3197650372577312,-2.3058584758668053,0.4522189898713472,0.48387531898945996,0.4898316763682108,-0.005005377564123068,-0.0006431260989174561,-0.005682804862847335,-0.0003821237231407828,13,-0.12992202044405443,-0.10192404643699908,0.2653715326099331,0.5,0.5,-0.48958537174756217,-3.530450323105868,0.37982324134017736,0.3791782539757185,0.4401006598812742,-0.008761822565696872,-0.006079999841571837,-0.010913021532504858,-0.008146575380897256,4,0.0514709937117431,0.1423979099840632,0.190527508675147,0.12194924281326046,0.2653715326099331,False
top_8_20240705,XGBRanker,rank:ndcg,top_8,2024-07-05,2021-07-09,2024-03-28,2024-04-05,2024-06-28,143,14300,13,1300,8,"[""macd_hist_atr"", ""ret_20d"", ""ema20_distance"", ""rsi14_centered"", ""body_range_ratio"", ""breakout_position_60"", ""signed_volume_pressure_20"", ""ret_1d""]","{""colsample_bytree"": 0.85, ""gamma"": 0.0, ""learning_rate"": 0.05, ""max_depth"": 2, ""min_child_weight"": 5, ""n_estimators"": 200, ""reg_alpha"": 0.1, ""reg_lambda"": 5.0, ""subsample"": 0.85}",0.00565823009381662,0.01180967698454942,0.19116167396574,0.5244755244755245,0.4755244755244755,0.02959918678485044,0.21344277132962872,0.5605248935940027,0.5365651092237004,0.5465620788735897,0.0012468374734775096,-0.00027570987624015494,0.0011520364759562826,-0.0008004594618515134,143,-0.0643068499912758,-0.011503426428190494,0.16717155315567986,0.46153846153846156,0.5384615384615384,-0.38467579428055876,-2.7739366014167834,0.42873772894099604,0.4474847344458013,0.4700677704199292,-0.004963621479469022,-0.002575775014051231,-0.003481234164573443,-0.0023041830013395192,13,0.010221971215886281,-0.02323771761561869,0.14037571640748375,0.25,0.75,0.07281865751063284,0.5251028069300753,0.5328282420313204,0.5458642516956637,0.5403963481019829,0.00489898759064781,0.0023688507189351914,0.002780931716812686,-0.0003942192554064342,4,0.06996508008509242,-0.004563741122069661,0.19116167396574,0.16717155315567986,0.14037571640748375,False
top_8_20240802,XGBRanker,rank:ndcg,top_8,2024-08-02,2021-08-06,2024-04-26,2024-05-03,2024-07-26,143,14300,13,1300,8,"[""macd_hist_atr"", ""ret_20d"", ""ema20_distance"", ""rsi14_centered"", ""body_range_ratio"", ""breakout_position_60"", ""signed_volume_pressure_20"", ""ret_1d""]","{""colsample_bytree"": 0.85, ""gamma"": 0.0, ""learning_rate"": 0.05, ""max_depth"": 2, ""min_child_weight"": 5, ""n_estimators"": 200, ""reg_alpha"": 0.1, ""reg_lambda"": 5.0, ""subsample"": 0.85}",0.020457846375640167,0.02215434836132512,0.18172337365701682,0.5454545454545454,0.45454545454545453,0.11257685769279265,0.811803265683953,0.5667560775395365,0.5448824173930669,0.5488780307895712,0.0008750123680072496,0.0005030678662399356,0.0011846781109298651,0.0007229339560161037,143,-0.062103979955700654,-0.04633774589383775,0.19997865458449188,0.38461538461538464,0.6153846153846154,-0.3105530441973318,-2.2394298492098286,0.4572945487028121,0.45651914973651614,0.4892442506307192,-0.002280111122248955,-0.0021168053151562746,-0.003699640180421911,-0.002463696722787167,13,-0.04074915879302009,-0.055290524290824435,0.2522613184748729,0.2,0.8,-0.1615355023092017,-1.1648490727673166,0.5556625474698806,0.5333560782955803,0.5516477832265925,-7.79129445590776e-05,-0.0009956100921443291,-0.0030874727345247058,-0.00264822192127563,5,0.08256182633134082,0.061207005168660254,0.18172337365701682,0.19997865458449188,0.2522613184748729,False
top_8_20240906,XGBRanker,rank:ndcg,top_8,2024-09-06,2021-09-10,2024-05-31,2024-06-07,2024-08-30,143,14300,13,1300,8,"[""macd_hist_atr"", ""ret_20d"", ""ema20_distance"", ""rsi14_centered"", ""body_range_ratio"", ""breakout_position_60"", ""signed_volume_pressure_20"", ""ret_1d""]","{""colsample_bytree"": 0.85, ""gamma"": 0.0, ""learning_rate"": 0.05, ""max_depth"": 2, ""min_child_weight"": 5, ""n_estimators"": 200, ""reg_alpha"": 0.1, ""reg_lambda"": 5.0, ""subsample"": 0.85}",0.019512006763106316,0.01678967896789679,0.17773480835677033,0.5734265734265734,0.42657342657342656,0.1097815725771595,0.7916461780560398,0.5679280575302357,0.5377485661341982,0.5504561360456517,0.0016280192850118193,0.00029499866899392356,0.0018188598498629289,0.0005644093288823761,143,-0.05067642990657095,-0.0678798061804602,0.21822031459048297,0.46153846153846156,0.5384615384615384,-0.23222599601540972,-1.6746054722585115,0.4857347936926779,0.4775547436128207,0.5115144733795622,-0.0022400817426563137,-0.003070016075982136,-0.005070927799627931,-0.005178933509994076,13,-0.025524780726658928,-0.010950248356967694,0.16028811847671368,0.5,0.5,-0.15924312400215188,-1.1483184977096577,0.5295761254820004,0.5011754369253066,0.5185189666426528,-0.00012671381572286412,-0.002458915789165849,-0.0025326250418658894,-0.003093628518276905,4,0.07018843666967726,0.045036787489765244,0.17773480835677033,0.21822031459048297,0.16028811847671368,False
top_8_20241004,XGBRanker,rank:ndcg,top_8,2024-10-04,2021-10-08,2024-06-28,2024-07-05,2024-09-27,143,14300,13,1300,8,"[""macd_hist_atr"", ""ret_20d"", ""ema20_distance"", ""rsi14_centered"", ""body_range_ratio"", ""breakout_position_60"", ""signed_volume_pressure_20"", ""ret_1d""]","{""colsample_bytree"": 0.85, ""gamma"": 0.0, ""learning_rate"": 0.05, ""max_depth"": 2, ""min_child_weight"": 5, ""n_estimators"": 200, ""reg_alpha"": 0.1, ""reg_lambda"": 5.0, ""subsample"": 0.85}",0.01548750239979262,0.01213339534095567,0.185622271981003,0.5524475524475524,0.44755244755244755,0.08343558256510104,0.6016625422733621,0.5531959814652704,0.531265103847465,0.5469617424891509,0.0010290283374186225,-7.183666072992885e-05,0.001833644754493773,0.0002434771032897596,143,-0.024972197705771852,-0.05237370873448777,0.18578235954794348,0.3076923076923077,0.6923076923076923,-0.13441640942948332,-0.9692905129235267,0.5196840830238739,0.5101629161625691,0.5266694438138736,-0.0009089435179675813,-0.0006812424814733293,-0.0020116801873289545,-0.0020042944520368444,13,-0.031913349849188206,-0.05678587579911932,0.11064343110286931,0.25,0.75,-0.2884342028359296,-2.07992861584505,0.4371149025067727,0.4223170389023456,0.5103861882839722,-0.00810276476160527,-0.008455640084996604,-0.006919558873042539,-0.00616800312057446,4,0.040459700105564475,0.04740085224898083,0.185622271981003,0.18578235954794348,0.11064343110286931,False
top_8_20241101,XGBRanker,rank:ndcg,top_8,2024-11-01,2021-11-05,2024-07-26,2024-08-02,2024-10-25,143,14300,13,1300,8,"[""macd_hist_atr"", ""ret_20d"", ""ema20_distance"", ""rsi14_centered"", ""body_range_ratio"", ""breakout_position_60"", ""signed_volume_pressure_20"", ""ret_1d""]","{""colsample_bytree"": 0.85, ""gamma"": 0.0, ""learning_rate"": 0.05, ""max_depth"": 2, ""min_child_weight"": 5, ""n_estimators"": 200, ""reg_alpha"": 0.1, ""reg_lambda"": 5.0, ""subsample"": 0.85}",0.019311346950567982,0.01555364868704082,0.18364159935634858,0.5454545454545454,0.45454545454545453,0.10515780203533923,0.7583036945070141,0.5569219387689507,0.5305162140434517,0.5452333135913783,0.0015894934219940929,0.00013900460321316887,0.0013780983061439992,0.00033711006925529643,143,-0.047805408666345264,-0.08819708430007983,0.1766060723742638,0.38461538461538464,0.6153846153846154,-0.27068949568753214,-1.951969712861771,0.4732919946343569,0.466109830166233,0.5017187417356982,-0.005404668009734382,-0.003971144304015817,-0.005183412392503855,-0.005431894177837757,13,-0.0016464233902790115,0.005112526590261806,0.06469507540607265,0.6,0.4,-0.025448975520082146,-0.18351517229136804,0.49056740203245336,0.4649113353948783,0.5038493703883857,0.0004572382497676254,-0.002638414363813085,0.0035797320169910344,-0.0005260278588242667,5,0.06711675561691324,0.020957770340846994,0.18364159935634858,0.1766060723742638,0.06469507540607265,False
top_8_20241206,XGBRanker,rank:ndcg,top_8,2024-12-06,2021-12-10,2024-08-30,2024-09-06,2024-11-29,143,14300,13,1300,8,"[""macd_hist_atr"", ""ret_20d"", ""ema20_distance"", ""rsi14_centered"", ""body_range_ratio"", ""breakout_position_60"", ""signed_volume_pressure_20"", ""ret_1d""]","{""colsample_bytree"": 0.85, ""gamma"": 0.0, ""learning_rate"": 0.05, ""max_depth"": 2, ""min_child_weight"": 5, ""n_estimators"": 200, ""reg_alpha"": 0.1, ""reg_lambda"": 5.0, ""subsample"": 0.85}",0.01844833191696626,0.015073507350735073,0.18265356175621128,0.5314685314685315,0.46853146853146854,0.10100176388341855,0.7283340771879449,0.5545083425287153,0.5373782582018312,0.551373523189216,0.0005549066581309853,0.00048817398742707045,0.0005559425501187424,0.0005495774244425194,143,-0.03434014434269339,-0.0049925591669862076,0.11592512394754864,0.46153846153846156,0.5384615384615384,-0.29622693660634686,-2.1361228182156085,0.4913044450599579,0.4611912367414934,0.5017680966278111,-0.0018249048665329207,-0.005781626072460453,-0.0005644917367594478,-0.005397345176977667,13,-0.11336002890947863,-0.1070179329824575,0.1993499574920291,0.25,0.75,-0.5686483726188468,-4.100581730372809,0.5911520844283558,0.49670792177973944,0.4889146836992597,0.007984289264486029,-0.0010408832790543185,0.0069767116828811345,-0.0006999492905335374,4,0.052788476259659656,0.1318083608264449,0.18265356175621128,0.11592512394754864,0.1993499574920291,False
top_8_20250103,XGBRanker,rank:ndcg,top_8,2025-01-03,2022-01-07,2024-09-27,2024-10-04,2024-12-27,143,14300,13,1300,8,"[""macd_hist_atr"", ""ret_20d"", ""ema20_distance"", ""rsi14_centered"", ""body_range_ratio"", ""breakout_position_60"", ""signed_volume_pressure_20"", ""ret_1d""]","{""colsample_bytree"": 0.85, ""gamma"": 0.0, ""learning_rate"": 0.05, ""max_depth"": 2, ""min_child_weight"": 5, ""n_estimators"": 200, ""reg_alpha"": 0.1, ""reg_lambda"": 5.0, ""subsample"": 0.85}",0.017981293487168606,0.024105422985686496,0.17432537001848164,0.5314685314685315,0.46853146853146854,0.10314788653689515,0.7438099877290343,0.5582747992678879,0.5389928307377271,0.5549548480811596,0.00040044759942012113,0.0005518298293755596,0.0005315227876205136,0.0007459207846350243,143,-0.04287996558535848,-0.03303930393039303,0.11438523118070335,0.46153846153846156,0.5384615384615384,-0.37487326941375526,-2.703249589344242,0.4701403091242605,0.443472617645151,0.4802191128622245,-7.25071304464322e-05,-0.004649479272012203,0.0008635833835103116,-0.004000505984335551,13,-0.08058360216721251,0.007843160788361468,0.1577864370529157,0.6,0.4,-0.5107131111667587,-3.6828046187269776,0.5404640748542319,0.520831014115241,0.5069665577621478,-0.003817619495667773,-0.0021077023377410998,-7.806290050228758e-06,0.0037445067091720144,5,0.06086125907252709,0.09856489565438112,0.17432537001848164,0.11438523118070335,0.1577864370529157,False
top_8_20250207,XGBRanker,rank:ndcg,top_8,2025-02-07,2022-02-11,2024-11-01,2024-11-08,2025-01-31,143,14300,13,1300,8,"[""macd_hist_atr"", ""ret_20d"", ""ema20_distance"", ""rsi14_centered"", ""body_range_ratio"", ""breakout_position_60"", ""signed_volume_pressure_20"", ""ret_1d""]","{""colsample_bytree"": 0.85, ""gamma"": 0.0, ""learning_rate"": 0.05, ""max_depth"": 2, ""min_child_weight"": 5, ""n_estimators"": 200, ""reg_alpha"": 0.1, ""reg_lambda"": 5.0, ""subsample"": 0.85}",0.01216545790489093,0.009284711296352383,0.17215201501488045,0.5384615384615384,0.46153846153846156,0.07066695039171847,0.5095866262360219,0.5466796110332964,0.538388085384423,0.5511006997035417,-0.0005503398659315581,1.5700523671072802e-05,-0.00025107997922743576,0.000193637359903023,143,-0.04314238253916382,-0.024010562017590154,0.13711990378803882,0.3076923076923077,0.6923076923076923,-0.3146325321658167,-2.26884745530585,0.5006462153686205,0.4811731189777275,0.48741923414095834,-0.0009749885635779564,-0.002950563165786851,0.0010510605053980792,0.0003287315012504899,13,-0.018363203829816748,-0.06278799968014782,0.14519449402788367,0.25,0.75,-0.1264731417865626,-0.9120107953609575,0.5721423128588992,0.5332667171839077,0.5516162220358604,0.007945206663305998,0.0016985586504583913,0.009252163610841073,0.00047008544795266397,4,0.05530784044405475,0.03052866173470768,0.17215201501488045,0.13711990378803882,0.14519449402788367,False
top_8_20250307,XGBRanker,rank:ndcg,top_8,2025-03-07,2022-03-11,2024-11-29,2024-12-06,2025-02-28,143,14300,13,1300,8,"[""macd_hist_atr"", ""ret_20d"", ""ema20_distance"", ""rsi14_centered"", ""body_range_ratio"", ""breakout_position_60"", ""signed_volume_pressure_20"", ""ret_1d""]","{""colsample_bytree"": 0.85, ""gamma"": 0.0, ""learning_rate"": 0.05, ""max_depth"": 2, ""min_child_weight"": 5, ""n_estimators"": 200, ""reg_alpha"": 0.1, ""reg_lambda"": 5.0, ""subsample"": 0.85}",0.013820223870927396,0.014101579377905753,0.16985139071016242,0.5384615384615384,0.46153846153846156,0.08136656292977008,0.586742629503107,0.5568162512006248,0.5435318053688278,0.5498661451797485,0.00022019704121910172,0.0004164744883647879,0.00046374778173077807,0.0009906098061893153,143,-0.04892228568799298,-0.06460865469172401,0.1568066313276481,0.38461538461538464,0.6153846153846154,-0.3119911783945518,-2.2498003823879786,0.5660549548308419,0.5028576462852641,0.5073653770844773,0.003271786634988431,-0.0020523624602457576,0.006291869609959388,0.0006035325438765363,13,0.11928612833362798,0.10246475849703104,0.19418295749769218,0.75,0.25,0.6142976184459734,4.429763123404741,0.5531444682112616,0.5152085048645008,0.5610640058983175,-0.008437801456990121,-0.011479126810914498,0.007114435478523943,-0.0019663809789616455,4,0.06274250955892037,-0.10546590446270059,0.16985139071016242,0.1568066313276481,0.19418295749769218,False
top_8_20250404,XGBRanker,rank:ndcg,top_8,2025-04-04,2022-04-08,2024-12-27,2025-01-03,2025-03-28,143,14300,13,1300,8,"[""macd_hist_atr"", ""ret_20d"", ""ema20_distance"", ""rsi14_centered"", ""body_range_ratio"", ""breakout_position_60"", ""signed_volume_pressure_20"", ""ret_1d""]","{""colsample_bytree"": 0.85, ""gamma"": 0.0, ""learning_rate"": 0.05, ""max_depth"": 2, ""min_child_weight"": 5, ""n_estimators"": 200, ""reg_alpha"": 0.1, ""reg_lambda"": 5.0, ""subsample"": 0.85}",0.008670284091498217,0.0017283128302930395,0.16957322516415904,0.5244755244755245,0.4755244755244755,0.05113003000977755,0.36870388983253094,0.553321792638592,0.5366389503233197,0.5489265123681057,0.0013127580574555844,-1.2981567406777062e-05,0.0019398606486782921,0.0009302167889519585,143,0.0009014809983947616,-0.002124352646363766,0.14783466950674432,0.46153846153846156,0.5384615384615384,0.006097899778195367,0.04397258064584776,0.5629260148263082,0.5143751829446305,0.5385590661794902,-0.003127784620212873,-0.004109804000648116,0.0038068102270523976,0.0017794681922139006,13,0.07099365931928157,0.04967159786467332,0.07577089346632394,1.0,0.0,0.9369515927753236,6.756454020758168,0.544376209520463,0.5593883468930998,0.583075500359898,0.009099430686762722,0.01381033326715401,0.002496500863043013,0.010533349181300972,4,0.007768803093103456,-0.062323375227783355,0.16957322516415904,0.14783466950674432,0.07577089346632394,False
top_8_20250502,XGBRanker,rank:ndcg,top_8,2025-05-02,2022-05-06,2025-01-24,2025-01-31,2025-04-25,143,14300,13,1300,8,"[""macd_hist_atr"", ""ret_20d"", ""ema20_distance"", ""rsi14_centered"", ""body_range_ratio"", ""breakout_position_60"", ""signed_volume_pressure_20"", ""ret_1d""]","{""colsample_bytree"": 0.85, ""gamma"": 0.0, ""learning_rate"": 0.05, ""max_depth"": 2, ""min_child_weight"": 5, ""n_estimators"": 200, ""reg_alpha"": 0.1, ""reg_lambda"": 5.0, ""subsample"": 0.85}",0.009902208617902973,0.0015421958588810187,0.16641307187553134,0.5034965034965035,0.4965034965034965,0.059503790815840056,0.42908793774198906,0.5548034827993719,0.538140071471413,0.5465518246862222,0.0013140901219354498,0.0003994140130323726,0.0018802430868726876,0.0007403946569384148,143,0.06667984946805791,0.057463470276997934,0.12097874019966791,0.7692307692307693,0.23076923076923078,0.5511699771216575,3.9745432280168997,0.5502291192129143,0.5617746848942955,0.5668153720921525,0.0017135150379895129,0.0041938095934432006,0.006678439897817028,0.006817371470939474,13,0.04087504355090708,0.02817332445431433,0.08957612020789689,0.8,0.2,0.45631629787090955,3.290543619606927,0.41723141503199346,0.5144602260737839,0.5257978795242797,-0.0033694587430927445,0.00399409912059559,-0.005752898390479494,0.0011177589585106777,5,-0.05677764085015494,-0.030972834933004102,0.16641307187553134,0.12097874019966791,0.08957612020789689,False
top_8_20250606,XGBRanker,rank:ndcg,top_8,2025-06-06,2022-06-10,2025-02-28,2025-03-07,2025-05-30,143,14300,13,1300,8,"[""macd_hist_atr"", ""ret_20d"", ""ema20_distance"", ""rsi14_centered"", ""body_range_ratio"", ""breakout_position_60"", ""signed_volume_pressure_20"", ""ret_1d""]","{""colsample_bytree"": 0.85, ""gamma"": 0.0, ""learning_rate"": 0.05, ""max_depth"": 2, ""min_child_weight"": 5, ""n_estimators"": 200, ""reg_alpha"": 0.1, ""reg_lambda"": 5.0, ""subsample"": 0.85}",0.0036023488917881668,0.009325436127908255,0.16973311644539157,0.5174825174825175,0.4825174825174825,0.021223606608007782,0.15304560375089682,0.5694452575676944,0.5375751549302221,0.5465905010720394,0.001545994122835542,-9.714373507901407e-05,0.0020302198998180887,0.0005891850383102596,143,0.07275090838862856,0.06353702231321609,0.11051766345287438,0.7692307692307693,0.23076923076923078,0.6582740361648175,4.746881581397772,0.5260870415121455,0.5389505887325131,0.5668109198007449,0.0015142724091708163,0.00392560116063849,0.0016054390457214485,0.004249633421517967,13,-0.1160343039787745,-0.12719093332261347,0.09242010960983374,0.25,0.75,-1.2555092659880176,-9.053606070679907,0.2790705879548102,0.30585455213349577,0.396505093203561,-0.015696528478429218,-0.011840954836647336,-0.014334513491620932,-0.010256851579969119,4,-0.0691485594968404,0.11963665287056266,0.16973311644539157,0.11051766345287438,0.09242010960983374,False
top_8_20250703,XGBRanker,rank:ndcg,top_8,2025-07-03,2022-07-08,2025-03-28,2025-04-04,2025-06-27,143,14300,13,1300,8,"[""macd_hist_atr"", ""ret_20d"", ""ema20_distance"", ""rsi14_centered"", ""body_range_ratio"", ""breakout_position_60"", ""signed_volume_pressure_20"", ""ret_1d""]","{""colsample_bytree"": 0.85, ""gamma"": 0.0, ""learning_rate"": 0.05, ""max_depth"": 2, ""min_child_weight"": 5, ""n_estimators"": 200, ""reg_alpha"": 0.1, ""reg_lambda"": 5.0, ""subsample"": 0.85}",0.011342999027951741,0.01670357235044268,0.16831080728175188,0.5454545454545454,0.45454545454545453,0.06739317106930388,0.48597906781298283,0.5537173744639244,0.5386777536124823,0.5510036400002657,0.0005992678152680087,7.823594980383919e-05,0.0021069762603570207,0.0014671467191962077,143,0.009923515196882109,0.0228282004583405,0.11908954876969771,0.6153846153846154,0.38461538461538464,0.08332817866387905,0.6008880417272806,0.43630600200685465,0.48472877755615706,0.5072766385108467,-0.0015685991775375512,0.002453177720254953,-0.003970518712111264,0.000374538500817054,13,-0.028753730901458257,-0.02557476893738924,0.07360534652787794,0.5,0.5,-0.390647313786748,-2.8169978409607808,0.37906510008896704,0.4000063179002159,0.4428398763389629,-0.006726804720985566,-0.006169495197585655,-0.004127969486005423,-0.001458614208426634,4,0.0014194838310696324,0.04009672992941,0.16831080728175188,0.11908954876969771,0.07360534652787794,False
top_8_20250801,XGBRanker,rank:ndcg,top_8,2025-08-01,2022-08-05,2025-04-25,2025-05-02,2025-07-25,143,14300,13,1300,8,"[""macd_hist_atr"", ""ret_20d"", ""ema20_distance"", ""rsi14_centered"", ""body_range_ratio"", ""breakout_position_60"", ""signed_volume_pressure_20"", ""ret_1d""]","{""colsample_bytree"": 0.85, ""gamma"": 0.0, ""learning_rate"": 0.05, ""max_depth"": 2, ""min_child_weight"": 5, ""n_estimators"": 200, ""reg_alpha"": 0.1, ""reg_lambda"": 5.0, ""subsample"": 0.85}",0.014799742570854056,0.023175638605405696,0.16348766828300348,0.5384615384615384,0.46153846153846156,0.09052513089387959,0.6527860023119443,0.5479720551743991,0.5400349442078461,0.5494966767985978,0.00019086422487520912,0.00044805327666215533,0.0007932108822872243,0.0012803728763683528,143,-0.05279661797700931,-0.06623597587706813,0.09814240319679918,0.3076923076923077,0.6923076923076923,-0.5379592944258698,-3.8792796403298047,0.4056900367652539,0.4315180082140643,0.46275545833553444,-0.0058764315079404255,-0.002661989016080761,-0.006771503883227412,-0.0033750810659334968,13,-0.044412828088585266,-0.0697806304074829,0.255748844481009,0.2,0.8,-0.17365798144156702,-1.2522655129622875,0.43142828926483834,0.4490912246154128,0.4617859546564274,0.0014780394694616896,0.0015668852530358087,0.002775183442485299,0.00019075409463745197,5,0.06759636054786336,0.05921257065943932,0.16348766828300348,0.09814240319679918,0.255748844481009,False
top_8_20250905,XGBRanker,rank:ndcg,top_8,2025-09-05,2022-09-09,2025-05-30,2025-06-06,2025-08-29,143,14300,13,1300,8,"[""macd_hist_atr"", ""ret_20d"", ""ema20_distance"", ""rsi14_centered"", ""body_range_ratio"", ""breakout_position_60"", ""signed_volume_pressure_20"", ""ret_1d""]","{""colsample_bytree"": 0.85, ""gamma"": 0.0, ""learning_rate"": 0.05, ""max_depth"": 2, ""min_child_weight"": 5, ""n_estimators"": 200, ""reg_alpha"": 0.1, ""reg_lambda"": 5.0, ""subsample"": 0.85}",0.012904751711922126,0.029428178820464668,0.1608213423817405,0.5384615384615384,0.46153846153846156,0.08024278072054769,0.5786389207474959,0.5675040044211362,0.5404300625892807,0.550507992831582,0.0026721827716776605,0.0008217009268407241,0.003266861757728603,0.0012176525565415928,143,-0.05543219847562664,-0.07852397738248242,0.15566486669111174,0.23076923076923078,0.7692307692307693,-0.35609961100356463,-2.5678708132922656,0.3603582179322972,0.38495206215315625,0.4289304531803349,-0.005962030152998962,-0.005410030251695952,-0.004349977109898506,-0.0059966179109049176,13,-0.10074283972695192,-0.05502729064212794,0.13427926235390064,0.25,0.75,-0.7502486829383858,-5.41012019136735,0.5082043882745989,0.4139503108236259,0.4582138091492609,-0.0021734982030165275,-0.007070394475381915,-0.004311765883877532,-0.004666677203319127,4,0.06833695018754876,0.11364759143887404,0.1608213423817405,0.15566486669111174,0.13427926235390064,False
top_8_20251003,XGBRanker,rank:ndcg,top_8,2025-10-03,2022-10-07,2025-06-27,2025-07-03,2025-09-26,143,14300,13,1300,8,"[""macd_hist_atr"", ""ret_20d"", ""ema20_distance"", ""rsi14_centered"", ""body_range_ratio"", ""breakout_position_60"", ""signed_volume_pressure_20"", ""ret_1d""]","{""colsample_bytree"": 0.85, ""gamma"": 0.0, ""learning_rate"": 0.05, ""max_depth"": 2, ""min_child_weight"": 5, ""n_estimators"": 200, ""reg_alpha"": 0.1, ""reg_lambda"": 5.0, ""subsample"": 0.85}",0.011470322046787712,0.006690789513283016,0.16154570955960065,0.5314685314685315,0.46853146853146854,0.07100356968970355,0.5120140225144137,0.5638806576594856,0.5420582805080412,0.5481670656568486,0.001952053785448111,0.000813948345396498,0.0024899285358776025,0.0012544902154816974,143,-0.07018702781577843,-0.05241917336123641,0.1522404336869565,0.15384615384615385,0.8461538461538461,-0.4610275083694263,-3.3245166416507397,0.40572954207176676,0.4291517276566011,0.45744700686830453,-0.0033120294638793275,-0.002455087128435107,-0.003715040748719371,-0.0020447369008150178,13,-0.0926665925261793,-0.03560884282570196,0.14324112725947138,0.2,0.8,-0.6469272777944576,-4.665058943168506,0.544724082212414,0.5070656686357038,0.5079744338080212,0.024763240121637976,0.0099627164241126,0.021318063818996653,0.010999290946065408,5,0.08165734986256615,0.10413691457296702,0.16154570955960065,0.1522404336869565,0.14324112725947138,False
top_8_20251107,XGBRanker,rank:ndcg,top_8,2025-11-07,2022-11-11,2025-08-01,2025-08-08,2025-10-31,143,14300,13,1300,8,"[""macd_hist_atr"", ""ret_20d"", ""ema20_distance"", ""rsi14_centered"", ""body_range_ratio"", ""breakout_position_60"", ""signed_volume_pressure_20"", ""ret_1d""]","{""colsample_bytree"": 0.85, ""gamma"": 0.0, ""learning_rate"": 0.05, ""max_depth"": 2, ""min_child_weight"": 5, ""n_estimators"": 200, ""reg_alpha"": 0.1, ""reg_lambda"": 5.0, ""subsample"": 0.85}",0.010003991112477635,0.008172817281728173,0.15569892177961256,0.5314685314685315,0.46853146853146854,0.06425215408131087,0.4633288721983583,0.5649565211076,0.5359198390346586,0.5466632110719042,0.0019893165694657064,-0.00012155816942481111,0.002827793718443762,0.0007103697372121815,143,-0.04999859418687198,-0.0268830108991565,0.18230014802454303,0.3076923076923077,0.6923076923076923,-0.27426524184796974,-1.9777547851207735,0.49294597701274095,0.4832856712520319,0.4816743164207189,0.010805781286447833,0.0039357701975812915,0.008299295863355458,0.001814783573811733,13,0.018579920294588555,0.04081366969557508,0.15818731077026466,0.5,0.5,0.11745518780309859,0.846981404386649,0.4995022542945671,0.4756999335706595,0.526529995733448,-0.0029286318526659427,-0.0007477885864586836,-0.006061801456729804,-0.00509899368139862,4,0.06000258529934961,-0.00857592918211092,0.15569892177961256,0.18230014802454303,0.15818731077026466,False
top_8_20251205,XGBRanker,rank:ndcg,top_8,2025-12-05,2022-12-09,2025-08-29,2025-09-05,2025-11-28,143,14300,13,1300,8,"[""macd_hist_atr"", ""ret_20d"", ""ema20_distance"", ""rsi14_centered"", ""body_range_ratio"", ""breakout_position_60"", ""signed_volume_pressure_20"", ""ret_1d""]","{""colsample_bytree"": 0.85, ""gamma"": 0.0, ""learning_rate"": 0.05, ""max_depth"": 2, ""min_child_weight"": 5, ""n_estimators"": 200, ""reg_alpha"": 0.1, ""reg_lambda"": 5.0, ""subsample"": 0.85}",0.008543741572159312,0.01725177693310175,0.14863618800898953,0.5524475524475524,0.44755244755244755,0.057480898067989915,0.4145006506877132,0.5655644067379993,0.5358356720180861,0.5463231086737085,0.0021009567893086173,-2.7221969025461864e-05,0.0028951000441955616,0.0005552164488582487,143,-0.042135938862041936,-0.015715760165421443,0.15639295034595208,0.3076923076923077,0.6923076923076923,-0.26942351793245356,-1.9428406174427058,0.5119047661535203,0.48876216499683783,0.5065640817206181,0.009313536381145479,0.0038930389689888264,0.0077190187267023305,0.0034043733083825153,13,0.03439114856614107,0.03554183492596429,0.07289097303863099,0.75,0.25,0.47181629126989894,3.4023156615457464,0.44316496248719484,0.5286175172157062,0.5365272000879147,-0.0019305623459786874,0.0025774549654287676,-0.004311306296889991,0.003772609757719016,4,0.05067968043420125,-0.025847406993981754,0.14863618800898953,0.15639295034595208,0.07289097303863099,False
top_8_20260102,XGBRanker,rank:ndcg,top_8,2026-01-02,2023-01-06,2025-09-26,2025-10-03,2025-12-26,143,14300,13,1300,8,"[""macd_hist_atr"", ""ret_20d"", ""ema20_distance"", ""rsi14_centered"", ""body_range_ratio"", ""breakout_position_60"", ""signed_volume_pressure_20"", ""ret_1d""]","{""colsample_bytree"": 0.85, ""gamma"": 0.0, ""learning_rate"": 0.05, ""max_depth"": 2, ""min_child_weight"": 5, ""n_estimators"": 200, ""reg_alpha"": 0.1, ""reg_lambda"": 5.0, ""subsample"": 0.85}",0.010075423569979447,0.015243582368720686,0.15248796173209486,0.5454545454545454,0.45454545454545453,0.06607356709037068,0.4764632681942829,0.5619965749762177,0.5293798132803843,0.5433611911001731,0.0015760804019578376,-0.00038737187150736174,0.0023652804534941975,0.0003587659206259052,143,-0.003714518003493465,0.029505304596239398,0.13615736116724741,0.6153846153846154,0.38461538461538464,-0.027281066345952294,-0.196726567119332,0.4887491190168793,0.47529416802313135,0.5025006299540592,0.008283243696778637,0.0033761527497967337,0.005672053131104966,0.0019645211510682654,13,-0.014442771385137393,-0.03333343334378442,0.12392123088495094,0.4,0.6,-0.11654799812750513,-0.8404395666028015,0.4986308550098119,0.4460624208209728,0.4872507171083262,0.011855653524736304,0.005053039729295083,0.00924405441542013,0.0031548972220748995,5,0.013789941573472912,0.02451819495511684,0.15248796173209486,0.13615736116724741,0.12392123088495094,False
top_8_20260206,XGBRanker,rank:ndcg,top_8,2026-02-06,2023-02-10,2025-10-31,2025-11-07,2026-01-30,143,14300,13,1300,8,"[""macd_hist_atr"", ""ret_20d"", ""ema20_distance"", ""rsi14_centered"", ""body_range_ratio"", ""breakout_position_60"", ""signed_volume_pressure_20"", ""ret_1d""]","{""colsample_bytree"": 0.85, ""gamma"": 0.0, ""learning_rate"": 0.05, ""max_depth"": 2, ""min_child_weight"": 5, ""n_estimators"": 200, ""reg_alpha"": 0.1, ""reg_lambda"": 5.0, ""subsample"": 0.85}",0.006754489745602995,0.013585480817470246,0.15315448702181153,0.5454545454545454,0.45454545454545453,0.044102460704537196,0.3180273668886891,0.5595651112695481,0.5289110677409441,0.5385925235250912,0.0028568041761920936,0.0003172787214180274,0.004105201978080534,0.0011176725159491923,143,-0.0019012928748210712,0.026757639056252957,0.13996587738883887,0.6153846153846154,0.38461538461538464,-0.013583974253518191,-0.09795543139128501,0.42921214159840626,0.46954652768457816,0.4955318343454738,0.0010020723920882246,0.00316738194720278,-0.0023663769517019385,0.00013773089936604,13,-0.08349242882919967,-0.057125871759809516,0.126243466602711,0.25,0.75,-0.661360394133907,-4.76913762522175,0.4065532935516981,0.4094667453033808,0.43431790452287466,0.002043547050585236,0.0009597229060875268,-0.006258466082959238,-0.008566553832215548,4,0.008655782620424067,0.09024691857480267,0.15315448702181153,0.13996587738883887,0.126243466602711,False
top_8_20260306,XGBRanker,rank:ndcg,top_8,2026-03-06,2023-03-10,2025-11-28,2025-12-05,2026-02-27,143,14300,13,1300,8,"[""macd_hist_atr"", ""ret_20d"", ""ema20_distance"", ""rsi14_centered"", ""body_range_ratio"", ""breakout_position_60"", ""signed_volume_pressure_20"", ""ret_1d""]","{""colsample_bytree"": 0.85, ""gamma"": 0.0, ""learning_rate"": 0.05, ""max_depth"": 2, ""min_child_weight"": 5, ""n_estimators"": 200, ""reg_alpha"": 0.1, ""reg_lambda"": 5.0, ""subsample"": 0.85}",0.0038475964956108683,0.012619829888113207,0.15409234225904445,0.5384615384615384,0.46153846153846156,0.024969420538385214,0.18005705213954307,0.5538679182907075,0.5269228083775389,0.5385218089555144,0.0027413447909529344,8.902128355784477e-05,0.003457851223592225,0.0007953285268796195,143,-0.02460463488683117,-0.00474047404740474,0.12111807975836104,0.46153846153846156,0.5384615384615384,-0.20314584689518791,-1.464905534756314,0.43240930211076445,0.45666423170623216,0.4871100347992036,0.0029914470382500363,0.0032961199647799275,-0.0006693480864195579,-0.0011181483341291176,13,-0.07994517295552758,-0.08077932557433251,0.1859961606533559,0.25,0.75,-0.42982163005247576,-3.0994878529154297,0.5263276517888953,0.5026032609437125,0.5125550966941503,-0.00018453285980539426,-5.179870826523599e-05,0.006712451462904466,-0.0011609378561349805,4,0.028452231382442038,0.08379276945113845,0.15409234225904445,0.12111807975836104,0.1859961606533559,False
top_8_20260402,XGBRanker,rank:ndcg,top_8,2026-04-02,2023-04-06,2025-12-26,2026-01-02,2026-03-27,143,14300,13,1300,8,"[""macd_hist_atr"", ""ret_20d"", ""ema20_distance"", ""rsi14_centered"", ""body_range_ratio"", ""breakout_position_60"", ""signed_volume_pressure_20"", ""ret_1d""]","{""colsample_bytree"": 0.85, ""gamma"": 0.0, ""learning_rate"": 0.05, ""max_depth"": 2, ""min_child_weight"": 5, ""n_estimators"": 200, ""reg_alpha"": 0.1, ""reg_lambda"": 5.0, ""subsample"": 0.85}",0.00038334853044758575,0.002178250498895602,0.1537167165798265,0.5034965034965035,0.4965034965034965,0.0024938636407089098,0.017983506461182554,0.5569366473340365,0.5245585082669739,0.5367426779864813,0.0030245834437296086,6.428513626666857e-05,0.0037870281063160636,0.0006904754954770801,143,-0.05718375138804269,-0.05851820292951053,0.14338819522370047,0.23076923076923078,0.7692307692307693,-0.3988037599526942,-2.8758148107145423,0.45974955287646385,0.4747222623042007,0.5055246449900946,0.004227508700212071,0.0040295765993838255,3.620556651736176e-05,0.0002148067755649805,13,0.10203459986503591,0.1310660476423528,0.16791830690003423,0.75,0.25,0.6076442869673497,4.381785267807068,0.4963879936565524,0.5347987254673503,0.5583847120752997,-0.0006921961511722431,0.0049835052149818405,0.0035648026522277702,0.00914112557232737,4,0.05756709991849028,-0.10165125133458833,0.1537167165798265,0.14338819522370047,0.16791830690003423,False
top_8_20260501,XGBRanker,rank:ndcg,top_8,2026-05-01,2023-05-05,2026-01-23,2026-01-30,2026-04-24,143,14300,13,1300,8,"[""macd_hist_atr"", ""ret_20d"", ""ema20_distance"", ""rsi14_centered"", ""body_range_ratio"", ""breakout_position_60"", ""signed_volume_pressure_20"", ""ret_1d""]","{""colsample_bytree"": 0.85, ""gamma"": 0.0, ""learning_rate"": 0.05, ""max_depth"": 2, ""min_child_weight"": 5, ""n_estimators"": 200, ""reg_alpha"": 0.1, ""reg_lambda"": 5.0, ""subsample"": 0.85}",-0.005691963050913168,0.0024362728627360573,0.15900302244220993,0.5174825174825175,0.4825174825174825,-0.035797829270710416,-0.2581418179717041,0.5539127400652315,0.5304715592862896,0.5360880273094631,0.002491218450719425,0.0003580023330413694,0.0030062567249200356,0.0011123516243138408,143,-0.015193836726435704,-0.020942094209420937,0.15594202023639606,0.38461538461538464,0.6153846153846154,-0.09743260157463024,-0.7025964817583654,0.4939969837434734,0.5072116298227815,0.5189497885799359,0.0019614339703498762,0.0048518166741356675,-1.0815531903221811e-05,0.003968839437385911,13,-0.009840957874688028,-0.05623829869350328,0.13506634908452886,0.4,0.6,-0.07286017532412341,-0.525402196140846,0.4398909241092156,0.4682050295627146,0.4939680810926366,-0.014573265446471523,-0.008435153185964944,-0.00858473294022147,-0.003872984357534813,5,0.009501873675522535,0.0041489948237748596,0.15900302244220993,0.15594202023639606,0.13506634908452886,False
top_8_20260605,XGBRanker,rank:ndcg,top_8,2026-06-05,2023-06-09,2026-02-27,2026-03-06,2026-05-29,143,14300,13,1300,8,"[""macd_hist_atr"", ""ret_20d"", ""ema20_distance"", ""rsi14_centered"", ""body_range_ratio"", ""breakout_position_60"", ""signed_volume_pressure_20"", ""ret_1d""]","{""colsample_bytree"": 0.85, ""gamma"": 0.0, ""learning_rate"": 0.05, ""max_depth"": 2, ""min_child_weight"": 5, ""n_estimators"": 200, ""reg_alpha"": 0.1, ""reg_lambda"": 5.0, ""subsample"": 0.85}",0.00414838717964382,0.012319564584757709,0.15269657486830657,0.5174825174825175,0.4825174825174825,0.02716751952832998,0.19590776937312598,0.5545552236234754,0.5215855346723401,0.5333466620402291,0.003205398064897345,-1.0381189911202306e-05,0.0039431990742762575,0.0005466551076373065,143,-0.001069816994453337,-0.027363064663734928,0.16284941602782516,0.46153846153846156,0.5384615384615384,-0.0065693634066857414,-0.047372353219924467,0.5001491525450674,0.5066508306677057,0.53069255633502,-0.002647200781149665,-0.0009087408261846389,0.0008210116278664919,0.0019306136212120175,13,-0.049544073633822544,-0.022409249340813536,0.0854050437008413,0.25,0.75,-0.5801071164762427,-4.183211907433307,0.4975040483472254,0.5080053611889194,0.5141527675469095,0.007112532611300528,-0.000967230397010158,0.0030316416383951465,-0.007581949692094813,4,0.0052182041740971566,0.05369246081346636,0.15269657486830657,0.16284941602782516,0.0854050437008413,False
top_8_20260702,XGBRanker,rank:ndcg,top_8,2026-07-02,2023-07-07,2026-03-27,2026-04-02,2026-06-26,143,14300,13,1300,8,"[""macd_hist_atr"", ""ret_20d"", ""ema20_distance"", ""rsi14_centered"", ""body_range_ratio"", ""breakout_position_60"", ""signed_volume_pressure_20"", ""ret_1d""]","{""colsample_bytree"": 0.85, ""gamma"": 0.0, ""learning_rate"": 0.05, ""max_depth"": 2, ""min_child_weight"": 5, ""n_estimators"": 200, ""reg_alpha"": 0.1, ""reg_lambda"": 5.0, ""subsample"": 0.85}",-0.0021496964758930238,0.005484597821384681,0.14980404116842772,0.5174825174825175,0.4825174825174825,-0.014350056641503258,-0.10347973005350512,0.5481859055677658,0.5158104723573159,0.5330186377491993,0.002414681773258181,3.669797149130879e-05,0.003044383500209072,0.0004070841977488164,143,0.002972892902186766,0.0021603132470639805,0.13980333027618141,0.5384615384615384,0.46153846153846156,0.0212648217772339,0.1533428105628402,0.46470705243787225,0.4531001793602784,0.5010152696459422,-0.0015254906665012058,-0.004684748559010558,-6.181057080949637e-05,-0.005295168891748799,13,0.03004719061430643,0.03924392439243924,0.07173255511377062,0.8,0.2,0.41887801942438013,3.020572354398807,0.5007305270265039,0.5326105656346075,0.5293354583008483,0.0009147999920257318,0.0007921161569714958,0.000998270743878139,-0.0009183898091073003,5,-0.00512258937807979,-0.03219688709019945,0.14980404116842772,0.13980333027618141,0.07173255511377062,False
top_8_20260807,XGBRanker,rank:ndcg,top_8,2026-08-07,2023-08-11,2026-05-01,2026-05-08,2026-07-31,143,14300,13,1300,8,"[""macd_hist_atr"", ""ret_20d"", ""ema20_distance"", ""rsi14_centered"", ""body_range_ratio"", ""breakout_position_60"", ""signed_volume_pressure_20"", ""ret_1d""]","{""colsample_bytree"": 0.85, ""gamma"": 0.0, ""learning_rate"": 0.05, ""max_depth"": 2, ""min_child_weight"": 5, ""n_estimators"": 200, ""reg_alpha"": 0.1, ""reg_lambda"": 5.0, ""subsample"": 0.85}",-0.0031765943192981726,0.010633190918148508,0.15255693147007343,0.5104895104895105,0.48951048951048953,-0.02082235325978167,-0.1501521247079351,0.5387164534512707,0.5256020624311555,0.5336715316983937,0.0026145696655499916,0.0010184819870346503,0.0031809601141544776,0.0014192899431166174,143,0.007689728241801271,0.040601278166892615,0.10612898156205423,0.6153846153846154,0.38461538461538464,0.07245644053698039,0.5224908231873806,0.466234123127062,0.48158328041642423,0.5118966481381639,-0.0003485996068948294,-0.002271160861971518,-0.0002871074785917206,-0.0033159558120936924,13,-0.029737355050279125,-0.038410301956584986,0.018240182622011356,0.0,1.0,-1.6303211248769816,-11.756412822432173,0.4466642751309811,0.46220344985976586,0.4788970347691693,-0.008336599015245149,-0.005006079595634959,-0.008798005522871665,-0.0019420076490067044,3,-0.010866322561099442,0.026560760730980952,0.15255693147007343,0.10612898156205423,0.018240182622011356,False
top_10_20240105,XGBRanker,rank:ndcg,top_10,2024-01-05,2021-01-08,2023-09-29,2023-10-06,2023-12-29,143,14300,13,1300,10,"[""macd_hist_atr"", ""ret_20d"", ""ema20_distance"", ""rsi14_centered"", ""body_range_ratio"", ""breakout_position_60"", ""signed_volume_pressure_20"", ""ret_1d"", ""close_location_value"", ""intraday_return""]","{""colsample_bytree"": 0.85, ""gamma"": 0.0, ""learning_rate"": 0.05, ""max_depth"": 2, ""min_child_weight"": 5, ""n_estimators"": 200, ""reg_alpha"": 0.1, ""reg_lambda"": 5.0, ""subsample"": 0.85}",0.01685589749054752,0.008617404643511498,0.18089499664208114,0.5524475524475524,0.44755244755244755,0.09318056222361197,0.6719345899475915,0.5584458686271032,0.5438262040237664,0.5521031852333824,0.0007739984703278,0.001123157790973858,0.00035078019520882087,0.0010123340202673938,143,-0.04123505720464812,-0.018087056730903765,0.19775620212754727,0.38461538461538464,0.6153846153846154,-0.208514609205797,-1.5036202303496733,0.4432376742541946,0.4418181197491676,0.47617071416156487,-0.0055886906800207865,-0.006046040474232554,-0.003700059756084886,-0.004453433386623521,13,-0.16186850674125178,-0.13549630465250792,0.13344394410164748,0.0,1.0,-1.2130075128621245,-8.747121570294869,0.4625557746763674,0.43474359876843616,0.4500677883246028,-0.003833573140309049,-0.006822901910879323,-0.0027076046324772908,-0.005977689308766821,4,0.058090954695195644,0.1787244042317993,0.18089499664208114,0.19775620212754727,0.13344394410164748,False
top_10_20240202,XGBRanker,rank:ndcg,top_10,2024-02-02,2021-02-05,2023-10-27,2023-11-03,2024-01-26,143,14300,13,1300,10,"[""macd_hist_atr"", ""ret_20d"", ""ema20_distance"", ""rsi14_centered"", ""body_range_ratio"", ""breakout_position_60"", ""signed_volume_pressure_20"", ""ret_1d"", ""close_location_value"", ""intraday_return""]","{""colsample_bytree"": 0.85, ""gamma"": 0.0, ""learning_rate"": 0.05, ""max_depth"": 2, ""min_child_weight"": 5, ""n_estimators"": 200, ""reg_alpha"": 0.1, ""reg_lambda"": 5.0, ""subsample"": 0.85}",0.02405896362951186,0.023054443771454797,0.18426314254990167,0.5664335664335665,0.43356643356643354,0.1305685081485912,0.9415429021811664,0.5694234403170265,0.5494098572133957,0.5573957926869644,0.0012335474939118912,0.0006923946451681972,0.0006862543409263816,0.0004500206218021654,143,-0.08081260699566353,-0.07324793941445423,0.1874769817644875,0.23076923076923078,0.7692307692307693,-0.4310534884606902,-3.108370910225287,0.3744004366163066,0.3954502025328256,0.4514902008813212,-0.009602639347521359,-0.006439082951038979,-0.009513042778207005,-0.006014877698910627,13,-0.028873835977021037,0.01339896154069986,0.1673811560927432,0.5,0.5,-0.17250350428349598,-1.2439404597827333,0.35520085261261114,0.3955649217756174,0.49899423522536757,-0.010161248897416665,-0.004893452094958983,-0.014587086813493888,-0.007115992293107696,4,0.1048715706251754,0.052932799606532896,0.18426314254990167,0.1874769817644875,0.1673811560927432,False
top_10_20240301,XGBRanker,rank:ndcg,top_10,2024-03-01,2021-03-05,2023-11-24,2023-12-01,2024-02-23,143,14300,13,1300,10,"[""macd_hist_atr"", ""ret_20d"", ""ema20_distance"", ""rsi14_centered"", ""body_range_ratio"", ""breakout_position_60"", ""signed_volume_pressure_20"", ""ret_1d"", ""close_location_value"", ""intraday_return""]","{""colsample_bytree"": 0.85, ""gamma"": 0.0, ""learning_rate"": 0.05, ""max_depth"": 2, ""min_child_weight"": 5, ""n_estimators"": 200, ""reg_alpha"": 0.1, ""reg_lambda"": 5.0, ""subsample"": 0.85}",0.021944409614103388,0.014485622390750847,0.18411392299110788,0.5524475524475524,0.44755244755244755,0.11918930006810638,0.8594862657644422,0.5674116723564897,0.5481257502016744,0.5542346505213301,0.0015811788876279103,0.0008650688110069012,0.0008204719818796925,0.00045578169390147533,143,-0.1466661072794457,-0.14742539620736833,0.13755041905576323,0.15384615384615385,0.8461538461538461,-1.0662716136109114,-7.688993952891734,0.4358422218102663,0.4276068049264547,0.4671625202186762,-0.005873434847596686,-0.0063357310295290336,-0.00706469317660656,-0.007058869534146686,13,-0.016374578160072466,0.0359977077640617,0.12316051155468309,0.6,0.4,-0.1329531515692201,-0.9587388104347172,0.5134986388897084,0.4801144580792416,0.4945534040163941,0.002414305924803938,-0.00034998063604205557,0.0020356245585024337,0.0006957504773234966,5,0.16861051689354908,0.038318987774175854,0.18411392299110788,0.13755041905576323,0.12316051155468309,False
top_10_20240405,XGBRanker,rank:ndcg,top_10,2024-04-05,2021-04-09,2023-12-29,2024-01-05,2024-03-28,143,14300,13,1300,10,"[""macd_hist_atr"", ""ret_20d"", ""ema20_distance"", ""rsi14_centered"", ""body_range_ratio"", ""breakout_position_60"", ""signed_volume_pressure_20"", ""ret_1d"", ""close_location_value"", ""intraday_return""]","{""colsample_bytree"": 0.85, ""gamma"": 0.0, ""learning_rate"": 0.05, ""max_depth"": 2, ""min_child_weight"": 5, ""n_estimators"": 200, ""reg_alpha"": 0.1, ""reg_lambda"": 5.0, ""subsample"": 0.85}",0.015244959517852,0.01147935456404521,0.19228204101252533,0.5454545454545454,0.45454545454545453,0.07928436497540058,0.5717276865228159,0.5697160948593939,0.5411485794708816,0.5500047714819916,0.0014056066489751512,0.00043799395331338935,0.0012979885534060787,0.00045123706431645115,143,-0.06711917683961817,-0.04557496767332237,0.1513502064637323,0.3076923076923077,0.6923076923076923,-0.44346934442868957,-3.1979029208680814,0.4902939032694605,0.4522581360845758,0.4913982038521343,-0.0005319369318589206,-0.004037785704864677,-0.002170468026010684,-0.003927486309733889,13,-0.002610515175861015,0.015250267647113054,0.07749588617908891,0.5,0.5,-0.03368585488303536,-0.24291215407724598,0.4416761703240731,0.522425304877752,0.49853677436425126,-0.003800176811795719,0.000982351467937564,-0.0014363448383421192,0.002514579589289781,4,0.08236413635747017,0.017855474693713014,0.19228204101252533,0.1513502064637323,0.07749588617908891,False
top_10_20240503,XGBRanker,rank:ndcg,top_10,2024-05-03,2021-05-07,2024-01-26,2024-02-02,2024-04-26,143,14300,13,1300,10,"[""macd_hist_atr"", ""ret_20d"", ""ema20_distance"", ""rsi14_centered"", ""body_range_ratio"", ""breakout_position_60"", ""signed_volume_pressure_20"", ""ret_1d"", ""close_location_value"", ""intraday_return""]","{""colsample_bytree"": 0.85, ""gamma"": 0.0, ""learning_rate"": 0.05, ""max_depth"": 2, ""min_child_weight"": 5, ""n_estimators"": 200, ""reg_alpha"": 0.1, ""reg_lambda"": 5.0, ""subsample"": 0.85}",0.01141869842079186,0.019189918991899188,0.19568528098765478,0.5314685314685315,0.46853146853146854,0.05835236233997708,0.4207848689224824,0.5680797108222788,0.5391637920216208,0.54777417313014,0.0011191907897300226,-5.019212372340193e-05,0.0016498903430971039,-0.00015562570589258598,143,-0.020829399001183545,0.003222341568264244,0.11559772246961428,0.5384615384615384,0.46153846153846156,-0.18018866251157073,-1.2993589238854883,0.49664485332825703,0.48494582490842436,0.5004964916639907,-0.0033479411969293974,-0.0023591559575230105,-0.0028116430952052377,-0.001997980513620027,13,-0.04595489006106211,-0.005754834456823854,0.15039739995891008,0.4,0.6,-0.30555641303385167,-2.2033986294808106,0.49255581419431554,0.44944831048364164,0.4918129624281248,0.0028995024489457204,-0.0026268672158542366,0.0014203636400812723,-0.0020487519986089357,5,0.0322480974219754,0.05737358848185397,0.19568528098765478,0.11559772246961428,0.15039739995891008,False
top_10_20240607,XGBRanker,rank:ndcg,top_10,2024-06-07,2021-06-11,2024-03-01,2024-03-08,2024-05-31,143,14300,13,1300,10,"[""macd_hist_atr"", ""ret_20d"", ""ema20_distance"", ""rsi14_centered"", ""body_range_ratio"", ""breakout_position_60"", ""signed_volume_pressure_20"", ""ret_1d"", ""close_location_value"", ""intraday_return""]","{""colsample_bytree"": 0.85, ""gamma"": 0.0, ""learning_rate"": 0.05, ""max_depth"": 2, ""min_child_weight"": 5, ""n_estimators"": 200, ""reg_alpha"": 0.1, ""reg_lambda"": 5.0, ""subsample"": 0.85}",0.01064885189838475,0.016225914658221773,0.18610722847963881,0.5174825174825175,0.4825174825174825,0.057218905387921536,0.41261139460414764,0.5686171556143272,0.5390970467302035,0.5476593558076928,0.0017215496301070667,-0.00013291454770852017,0.0020990443906068463,7.95502022039626e-05,143,-0.038464639755223545,-0.03931146429796058,0.13809113930916425,0.46153846153846156,0.5384615384615384,-0.27854531396911203,-2.0086188241116982,0.47082202590552574,0.4804391111342126,0.4966437086300849,-0.004299764132671388,-0.0022803737591086527,-0.003800244313436297,-0.0013380331759478314,13,-0.11881639662623779,-0.10272518441805525,0.28762546593663385,0.5,0.5,-0.41309414741604966,-2.978864260205294,0.41063822533218597,0.43439101777773137,0.46413326815087086,-0.007720650757647894,-0.007335358926938913,-0.00931656122199109,-0.009014510630905678,4,0.049113491653608295,0.12946524852462254,0.18610722847963881,0.13809113930916425,0.28762546593663385,False
top_10_20240705,XGBRanker,rank:ndcg,top_10,2024-07-05,2021-07-09,2024-03-28,2024-04-05,2024-06-28,143,14300,13,1300,10,"[""macd_hist_atr"", ""ret_20d"", ""ema20_distance"", ""rsi14_centered"", ""body_range_ratio"", ""breakout_position_60"", ""signed_volume_pressure_20"", ""ret_1d"", ""close_location_value"", ""intraday_return""]","{""colsample_bytree"": 0.85, ""gamma"": 0.0, ""learning_rate"": 0.05, ""max_depth"": 2, ""min_child_weight"": 5, ""n_estimators"": 200, ""reg_alpha"": 0.1, ""reg_lambda"": 5.0, ""subsample"": 0.85}",0.011834977481247155,0.028359346403386134,0.18891003713992008,0.5524475524475524,0.44755244755244755,0.06264874889882815,0.4517665529967861,0.5772247318578896,0.5415117517936452,0.549745802928901,0.0019076339130450865,0.00012583480402969142,0.0017821364256895835,0.00013908411128571625,143,-0.059808358920710056,0.01597373246479464,0.19659846227425684,0.5384615384615384,0.46153846153846156,-0.3042158022440521,-2.1937313475946856,0.4382251819238032,0.4441704163576293,0.4663734114720367,-0.004722494802334715,-0.002454659434446875,-0.004137234650607651,-0.0022792183080301244,13,-0.012771753983565212,-0.04428285391298686,0.1805352926033459,0.5,0.5,-0.07074380748159882,-0.510140850592915,0.5142770831914276,0.5108945815964028,0.5349353479201071,-0.00021772340977408745,0.000377995815214624,-0.004238228764549441,-0.002254615685149188,4,0.0716433364019572,0.02460673146481237,0.18891003713992008,0.19659846227425684,0.1805352926033459,False
top_10_20240802,XGBRanker,rank:ndcg,top_10,2024-08-02,2021-08-06,2024-04-26,2024-05-03,2024-07-26,143,14300,13,1300,10,"[""macd_hist_atr"", ""ret_20d"", ""ema20_distance"", ""rsi14_centered"", ""body_range_ratio"", ""breakout_position_60"", ""signed_volume_pressure_20"", ""ret_1d"", ""close_location_value"", ""intraday_return""]","{""colsample_bytree"": 0.85, ""gamma"": 0.0, ""learning_rate"": 0.05, ""max_depth"": 2, ""min_child_weight"": 5, ""n_estimators"": 200, ""reg_alpha"": 0.1, ""reg_lambda"": 5.0, ""subsample"": 0.85}",0.0231837780748632,0.03781182303776576,0.1799864142860298,0.5804195804195804,0.4195804195804196,0.12880848905640252,0.9288512240158028,0.5804523824973704,0.5480729671212643,0.5542534788050473,0.0014190915427024883,0.0004642401192049535,0.002025804290003315,0.0010017195558083996,143,-0.057377019051513725,0.01968220440831101,0.20874372933737145,0.5384615384615384,0.46153846153846156,-0.2748682282991171,-1.9821029822568172,0.46016327690682074,0.4741623614222525,0.4906975290304193,-0.003255946582512045,-0.001785535992917392,-0.0031371430622977167,-0.0022596667007443567,13,-0.08259568915503851,-0.07133598963597601,0.2692702506298774,0.2,0.8,-0.30673900648820485,-2.2119264321562078,0.4968899158255088,0.4921842657917607,0.526105451985486,-0.00790894278617597,-0.0024604545421039,-0.01033794614502894,-0.005731510440002298,5,0.08056079712637693,0.10577946722990171,0.1799864142860298,0.20874372933737145,0.2692702506298774,False
top_10_20240906,XGBRanker,rank:ndcg,top_10,2024-09-06,2021-09-10,2024-05-31,2024-06-07,2024-08-30,143,14300,13,1300,10,"[""macd_hist_atr"", ""ret_20d"", ""ema20_distance"", ""rsi14_centered"", ""body_range_ratio"", ""breakout_position_60"", ""signed_volume_pressure_20"", ""ret_1d"", ""close_location_value"", ""intraday_return""]","{""colsample_bytree"": 0.85, ""gamma"": 0.0, ""learning_rate"": 0.05, ""max_depth"": 2, ""min_child_weight"": 5, ""n_estimators"": 200, ""reg_alpha"": 0.1, ""reg_lambda"": 5.0, ""subsample"": 0.85}",0.020087911585362182,0.02700561732593332,0.17475703208434681,0.5874125874125874,0.4125874125874126,0.11494765816157093,0.8288993509921014,0.5807596986029605,0.5488045759001927,0.55398254128698,0.0021117473935992706,0.00041940389043904145,0.0025528599684629238,0.0007145881090749943,143,-0.06553281690773732,-0.02471069346569897,0.23332625604336604,0.46153846153846156,0.5384615384615384,-0.28086344854201656,-2.0253351302437648,0.46036744914571,0.4835073857240811,0.4987473653790279,-0.008090013733786447,-0.0019639606583566685,-0.009398335757506706,-0.003929340888897249,13,-0.04648567293832462,-0.030709183267660676,0.1338996744936607,0.5,0.5,-0.34716793087144826,-2.5034635519074886,0.5280838919350584,0.4837991713417388,0.5000670815429773,0.00037245676938480387,-0.0025023327705207495,8.6706476727205e-05,-0.003361074199517392,4,0.08562072849309951,0.06657358452368681,0.17475703208434681,0.23332625604336604,0.1338996744936607,False
top_10_20241004,XGBRanker,rank:ndcg,top_10,2024-10-04,2021-10-08,2024-06-28,2024-07-05,2024-09-27,143,14300,13,1300,10,"[""macd_hist_atr"", ""ret_20d"", ""ema20_distance"", ""rsi14_centered"", ""body_range_ratio"", ""breakout_position_60"", ""signed_volume_pressure_20"", ""ret_1d"", ""close_location_value"", ""intraday_return""]","{""colsample_bytree"": 0.85, ""gamma"": 0.0, ""learning_rate"": 0.05, ""max_depth"": 2, ""min_child_weight"": 5, ""n_estimators"": 200, ""reg_alpha"": 0.1, ""reg_lambda"": 5.0, ""subsample"": 0.85}",0.01886538639041153,0.03897810767376376,0.18190020826675418,0.5804195804195804,0.4195804195804196,0.10371283557161022,0.7478838931544124,0.5598670255993768,0.5398864433817993,0.549002727180455,0.0007191849931807632,0.0004918060985186976,6.919431987015725e-05,0.0005405609308110997,143,-0.041315389447911584,-0.04812011126474245,0.19527001592980878,0.3076923076923077,0.6923076923076923,-0.21158081670235895,-1.5257309670498056,0.490574008751656,0.4710675562016193,0.5061526672929026,0.0003035580694128267,-0.002021048138174623,-0.0019345444154964873,-0.0031123102105334063,13,-0.045353377957276925,-0.04469965755205059,0.08882062479565303,0.5,0.5,-0.5106176415851621,-3.6821161777835907,0.507747770981363,0.51719762941264,0.52669910719825,-0.0013055276794338173,-0.0015969639520563572,0.001343684204156404,0.0009963640103687501,4,0.06018077583832311,0.06421876434768846,0.18190020826675418,0.19527001592980878,0.08882062479565303,False
top_10_20241101,XGBRanker,rank:ndcg,top_10,2024-11-01,2021-11-05,2024-07-26,2024-08-02,2024-10-25,143,14300,13,1300,10,"[""macd_hist_atr"", ""ret_20d"", ""ema20_distance"", ""rsi14_centered"", ""body_range_ratio"", ""breakout_position_60"", ""signed_volume_pressure_20"", ""ret_1d"", ""close_location_value"", ""intraday_return""]","{""colsample_bytree"": 0.85, ""gamma"": 0.0, ""learning_rate"": 0.05, ""max_depth"": 2, ""min_child_weight"": 5, ""n_estimators"": 200, ""reg_alpha"": 0.1, ""reg_lambda"": 5.0, ""subsample"": 0.85}",0.015129708327460563,0.02477855934235384,0.18377899294507877,0.5524475524475524,0.44755244755244755,0.0823255590043525,0.5936580485428581,0.5527503488648695,0.5351481640457509,0.5475795189178214,0.00094019240936167,0.00038051419840658807,0.0008742567071075448,0.000620301431844329,143,-0.06127545781076736,-0.07525303964533164,0.1800422886980339,0.23076923076923078,0.7692307692307693,-0.3403392517051273,-2.454221246151763,0.4825917544487665,0.4805550420807884,0.501815664779543,-0.0009469391298561109,-0.002113333314051823,-0.0004031095999841037,-0.00314052014724867,13,-0.028838055657881022,-0.016915945335616855,0.05371543253052554,0.4,0.6,-0.5368672334806736,-3.8714046768621317,0.3683608380890222,0.42438523253911375,0.47476599054101454,-0.007940886652286686,-0.002150050206482115,-0.0072529010570368275,-0.001494421897177803,5,0.07640516613822793,0.043967763985341586,0.18377899294507877,0.1800422886980339,0.05371543253052554,False
top_10_20241206,XGBRanker,rank:ndcg,top_10,2024-12-06,2021-12-10,2024-08-30,2024-09-06,2024-11-29,143,14300,13,1300,10,"[""macd_hist_atr"", ""ret_20d"", ""ema20_distance"", ""rsi14_centered"", ""body_range_ratio"", ""breakout_position_60"", ""signed_volume_pressure_20"", ""ret_1d"", ""close_location_value"", ""intraday_return""]","{""colsample_bytree"": 0.85, ""gamma"": 0.0, ""learning_rate"": 0.05, ""max_depth"": 2, ""min_child_weight"": 5, ""n_estimators"": 200, ""reg_alpha"": 0.1, ""reg_lambda"": 5.0, ""subsample"": 0.85}",0.02077133684388794,0.025862586258625857,0.18255185478456218,0.5594405594405595,0.4405594405594406,0.11378321446474016,0.8205024280794729,0.5611297250385352,0.5332596923593856,0.5483311280728589,0.0014019773206099193,0.00011390844939515606,0.0011814303410850682,3.768412339883675e-05,143,-0.051505505319075384,-0.051876121383257104,0.09616254229945358,0.23076923076923078,0.7692307692307693,-0.5356088149030567,-3.8623300914469434,0.4690005008030099,0.48245512704140775,0.5018608133215051,-0.002945359588345616,-0.0020804378304412085,-0.0016842792705469786,-0.0020517734773305937,13,-0.074946401758068,-0.0701675033761765,0.17617942117998023,0.25,0.75,-0.42539816089817173,-3.067589763212877,0.5796328261857443,0.47679572746756266,0.4854455336644801,0.006688593543685854,-0.0016689420330049383,0.008153993854623957,-0.0014068006407230503,4,0.07227684216296332,0.09571773860195593,0.18255185478456218,0.09616254229945358,0.17617942117998023,False
top_10_20250103,XGBRanker,rank:ndcg,top_10,2025-01-03,2022-01-07,2024-09-27,2024-10-04,2024-12-27,143,14300,13,1300,10,"[""macd_hist_atr"", ""ret_20d"", ""ema20_distance"", ""rsi14_centered"", ""body_range_ratio"", ""breakout_position_60"", ""signed_volume_pressure_20"", ""ret_1d"", ""close_location_value"", ""intraday_return""]","{""colsample_bytree"": 0.85, ""gamma"": 0.0, ""learning_rate"": 0.05, ""max_depth"": 2, ""min_child_weight"": 5, ""n_estimators"": 200, ""reg_alpha"": 0.1, ""reg_lambda"": 5.0, ""subsample"": 0.85}",0.014654096472993643,0.014432049363740524,0.17242961687468683,0.5454545454545454,0.45454545454545453,0.08498595971273022,0.6128424708775313,0.5607702181731636,0.5466294032677285,0.5524832941537025,0.0013527711687915216,0.0006256863996499005,0.0007987990040071126,0.0005793511883149079,143,-0.03138459580740062,-0.055678913211337465,0.10333270801581625,0.38461538461538464,0.6153846153846154,-0.3037237328823014,-2.1901829849649315,0.45439310907097974,0.46136819163093595,0.484841283488245,-0.00257630444672136,-0.002664316713064564,-0.00199821325755707,-0.002368056507009216,13,-0.054698617860421704,0.014258837570351117,0.1330949980140445,0.6,0.4,-0.4109742565580847,-2.963577509831734,0.48642392303760806,0.46901994573823946,0.4709053194540246,-0.005291854058824557,-0.00530163460233898,-0.0009472342186014956,-0.0004376382231172333,5,0.04603869228039426,0.06935271433341535,0.17242961687468683,0.10333270801581625,0.1330949980140445,False
top_10_20250207,XGBRanker,rank:ndcg,top_10,2025-02-07,2022-02-11,2024-11-01,2024-11-08,2025-01-31,143,14300,13,1300,10,"[""macd_hist_atr"", ""ret_20d"", ""ema20_distance"", ""rsi14_centered"", ""body_range_ratio"", ""breakout_position_60"", ""signed_volume_pressure_20"", ""ret_1d"", ""close_location_value"", ""intraday_return""]","{""colsample_bytree"": 0.85, ""gamma"": 0.0, ""learning_rate"": 0.05, ""max_depth"": 2, ""min_child_weight"": 5, ""n_estimators"": 200, ""reg_alpha"": 0.1, ""reg_lambda"": 5.0, ""subsample"": 0.85}",0.009043205652031754,0.0035704962993873515,0.16669313905554928,0.5174825174825175,0.4825174825174825,0.05425061705160025,0.39120676301021146,0.5631025569981907,0.5433844295962709,0.5487610540507274,0.001279509109454848,0.00042254054128001197,0.0016453876157178945,0.000601904365450244,143,-0.05003058262790378,-0.02712718904808987,0.12264021923134011,0.38461538461538464,0.6153846153846154,-0.40794596537314987,-2.9417401915430976,0.4625712223264974,0.4394229520713716,0.4786290614658237,-0.002896452874682977,-0.0054314906623539735,-0.00033819217811753674,-0.0022676177614790608,13,-0.011733608323357025,-0.06758924105042262,0.17282230824731146,0.25,0.75,-0.06789406091351381,-0.489591035846299,0.5313953906109965,0.5588227480793855,0.5607678848372645,0.002795559120502779,0.00804320099850886,0.0006759452146791059,0.0022475836508602733,4,0.059073788279935535,0.02077681397538878,0.16669313905554928,0.12264021923134011,0.17282230824731146,False
top_10_20250307,XGBRanker,rank:ndcg,top_10,2025-03-07,2022-03-11,2024-11-29,2024-12-06,2025-02-28,143,14300,13,1300,10,"[""macd_hist_atr"", ""ret_20d"", ""ema20_distance"", ""rsi14_centered"", ""body_range_ratio"", ""breakout_position_60"", ""signed_volume_pressure_20"", ""ret_1d"", ""close_location_value"", ""intraday_return""]","{""colsample_bytree"": 0.85, ""gamma"": 0.0, ""learning_rate"": 0.05, ""max_depth"": 2, ""min_child_weight"": 5, ""n_estimators"": 200, ""reg_alpha"": 0.1, ""reg_lambda"": 5.0, ""subsample"": 0.85}",0.012017013679451358,0.019448003144411394,0.16785654953377302,0.5524475524475524,0.44755244755244755,0.07159097284454495,0.5162498469027137,0.5557725394471645,0.5404283104553942,0.5514409698362531,6.592506312318295e-05,0.00014339494455722367,0.00015077977226314287,0.00044745934371754557,143,-0.04850249548564796,-0.048623299941663096,0.14924654951084276,0.38461538461538464,0.6153846153846154,-0.32498235734504705,-2.3434811060574567,0.5667947277377005,0.49032391978191825,0.5117503788401289,0.006388139723417478,-0.002713796216656411,0.009502744313558908,-0.0023494410263180505,13,0.1135153380046485,0.08909361078943275,0.2070788625304017,0.5,0.5,0.5481744327622191,3.952942050445136,0.5462224409421399,0.5288678312277826,0.5508302824594302,-0.011365837506692131,-0.01103442314842432,-0.002726579761722297,-0.0024741078478175693,4,0.060519509165099315,-0.10149832432519713,0.16785654953377302,0.14924654951084276,0.2070788625304017,False
top_10_20250404,XGBRanker,rank:ndcg,top_10,2025-04-04,2022-04-08,2024-12-27,2025-01-03,2025-03-28,143,14300,13,1300,10,"[""macd_hist_atr"", ""ret_20d"", ""ema20_distance"", ""rsi14_centered"", ""body_range_ratio"", ""breakout_position_60"", ""signed_volume_pressure_20"", ""ret_1d"", ""close_location_value"", ""intraday_return""]","{""colsample_bytree"": 0.85, ""gamma"": 0.0, ""learning_rate"": 0.05, ""max_depth"": 2, ""min_child_weight"": 5, ""n_estimators"": 200, ""reg_alpha"": 0.1, ""reg_lambda"": 5.0, ""subsample"": 0.85}",0.01139445189280324,0.008008886438541089,0.16408362896099352,0.5174825174825175,0.4825174825174825,0.06944295396777192,0.5007602625009743,0.5531851597364112,0.5360522006286355,0.5500316212801925,0.001263672164190571,-0.0001878499989065426,0.0012733894816591295,0.00019708658461359342,143,-0.016524560554956776,-0.02377687439034691,0.17616828652341568,0.3076923076923077,0.6923076923076923,-0.09379985967429154,-0.6764004073739701,0.5731300290889142,0.5104329192794789,0.5340929239824821,0.0015627412824896808,-0.005295302864737481,0.004898197356253778,-0.0036988940770062385,13,0.0674273271925182,0.08812277072497048,0.060957685946432,0.75,0.25,1.1061333143743606,7.976440764951371,0.47712729122517983,0.5284751925010182,0.5712968394909599,0.004199003289233231,0.008133005848904093,0.0006705139186570512,0.0015926095354048492,4,0.027919012447760017,-0.056032875299714964,0.16408362896099352,0.17616828652341568,0.060957685946432,False
top_10_20250502,XGBRanker,rank:ndcg,top_10,2025-05-02,2022-05-06,2025-01-24,2025-01-31,2025-04-25,143,14300,13,1300,10,"[""macd_hist_atr"", ""ret_20d"", ""ema20_distance"", ""rsi14_centered"", ""body_range_ratio"", ""breakout_position_60"", ""signed_volume_pressure_20"", ""ret_1d"", ""close_location_value"", ""intraday_return""]","{""colsample_bytree"": 0.85, ""gamma"": 0.0, ""learning_rate"": 0.05, ""max_depth"": 2, ""min_child_weight"": 5, ""n_estimators"": 200, ""reg_alpha"": 0.1, ""reg_lambda"": 5.0, ""subsample"": 0.85}",0.006266220253513664,0.014953495349534952,0.17410354465850847,0.5244755244755245,0.4755244755244755,0.03599134219699204,0.2595372595280511,0.5657689890982982,0.5368715437940077,0.5508744606570906,0.0016343423107326495,0.00010311610952109036,0.001893091447545381,0.0005939490509751759,143,0.06326867181867465,0.08196800104230596,0.14154946043669064,0.6923076923076923,0.3076923076923077,0.44697218642505654,3.223162273723581,0.5663952886898744,0.5563604226344586,0.5804485892254634,0.005197087344881159,0.002880614914855762,0.007957653381265941,0.0034428879658390597,13,0.017494805096308536,-0.03177508407065561,0.09323708617334017,0.4,0.6,0.1876378361265319,1.3530756787426401,0.4204802722930297,0.4861030485939919,0.5129543635477196,-0.00034025612189102217,0.0032454670711475862,-0.0044710146273428866,-0.0010774917863915893,5,-0.05700245156516099,-0.011228584842794872,0.17410354465850847,0.14154946043669064,0.09323708617334017,False
top_10_20250606,XGBRanker,rank:ndcg,top_10,2025-06-06,2022-06-10,2025-02-28,2025-03-07,2025-05-30,143,14300,13,1300,10,"[""macd_hist_atr"", ""ret_20d"", ""ema20_distance"", ""rsi14_centered"", ""body_range_ratio"", ""breakout_position_60"", ""signed_volume_pressure_20"", ""ret_1d"", ""close_location_value"", ""intraday_return""]","{""colsample_bytree"": 0.85, ""gamma"": 0.0, ""learning_rate"": 0.05, ""max_depth"": 2, ""min_child_weight"": 5, ""n_estimators"": 200, ""reg_alpha"": 0.1, ""reg_lambda"": 5.0, ""subsample"": 0.85}",0.0028640056036116487,0.025203049574556467,0.17432287897925036,0.5244755244755245,0.4755244755244755,0.01642931564910967,0.11847347998729568,0.5553223649352644,0.5368072922673651,0.5462140657837892,0.0008740902054790817,-8.206125061685634e-05,0.0012475784270590715,0.00020862788972319583,143,0.06458009027579893,0.07423532644671164,0.13389698817721474,0.6923076923076923,0.3076923076923077,0.48231174692537654,3.477999468596112,0.5101169666277963,0.5172059166928688,0.544323169880442,0.002345026679549713,0.0024606583979811377,0.002735747121078907,0.002519421616038067,13,-0.18046624419548937,-0.18742306649757795,0.0948450105781865,0.0,1.0,-1.9027489489994847,-13.720917799905713,0.3050143137152079,0.33896058001557977,0.3903921844901907,-0.018296689933984537,-0.01074994023160817,-0.0187434983918304,-0.01054692459474656,4,-0.06171608467218728,0.183330249799101,0.17432287897925036,0.13389698817721474,0.0948450105781865,False
top_10_20250703,XGBRanker,rank:ndcg,top_10,2025-07-03,2022-07-08,2025-03-28,2025-04-04,2025-06-27,143,14300,13,1300,10,"[""macd_hist_atr"", ""ret_20d"", ""ema20_distance"", ""rsi14_centered"", ""body_range_ratio"", ""breakout_position_60"", ""signed_volume_pressure_20"", ""ret_1d"", ""close_location_value"", ""intraday_return""]","{""colsample_bytree"": 0.85, ""gamma"": 0.0, ""learning_rate"": 0.05, ""max_depth"": 2, ""min_child_weight"": 5, ""n_estimators"": 200, ""reg_alpha"": 0.1, ""reg_lambda"": 5.0, ""subsample"": 0.85}",0.004059138303072085,0.007404873775238782,0.1775715172847286,0.5314685314685315,0.46853146853146854,0.022859174518193838,0.16483985168025542,0.560022274851007,0.5401266131395324,0.550840080572595,5.5780675096466906e-05,9.942743173356278e-05,0.0008531445940555925,0.0007546574472500896,143,-0.008058540233834045,0.01059134510316379,0.14500443695875748,0.5384615384615384,0.46153846153846156,-0.055574438981657336,-0.4007529787070205,0.42627330656768403,0.4706867425515831,0.5126999833892781,-0.0017930202856826086,0.0006936573022958014,-0.004931841974705881,-0.0015400385938268081,13,-0.08130880321411502,-0.06541119645773126,0.06622814110179386,0.0,1.0,-1.2277077668410157,-8.85312660926134,0.4067040428095768,0.42169596419964006,0.4619192280843807,-0.0054814787884302175,-0.006879162483934534,-0.0013921179931765707,-0.0016519737138428157,4,0.01211767853690613,0.0853679415171871,0.1775715172847286,0.14500443695875748,0.06622814110179386,False
top_10_20250801,XGBRanker,rank:ndcg,top_10,2025-08-01,2022-08-05,2025-04-25,2025-05-02,2025-07-25,143,14300,13,1300,10,"[""macd_hist_atr"", ""ret_20d"", ""ema20_distance"", ""rsi14_centered"", ""body_range_ratio"", ""breakout_position_60"", ""signed_volume_pressure_20"", ""ret_1d"", ""close_location_value"", ""intraday_return""]","{""colsample_bytree"": 0.85, ""gamma"": 0.0, ""learning_rate"": 0.05, ""max_depth"": 2, ""min_child_weight"": 5, ""n_estimators"": 200, ""reg_alpha"": 0.1, ""reg_lambda"": 5.0, ""subsample"": 0.85}",0.014662005115468632,0.02887148569923459,0.1704342078861953,0.5524475524475524,0.44755244755244755,0.08602736092310148,0.6203521218021789,0.5598668993692151,0.5444462675623454,0.5496124233888056,0.0005151888386037526,0.00046078196453659106,0.0013815653240723405,0.001113154405263974,143,-0.06801654854289516,-0.0862574007008476,0.11511059262685357,0.15384615384615385,0.8461538461538461,-0.5908800136524354,-4.260896373741435,0.41936984458032267,0.42318172573179524,0.4598578775856591,-0.003031608730466722,-0.003753228925803573,-0.003516869650628539,-0.005249076703065991,13,-0.054877132784213044,-0.11415626507639733,0.22314086458878932,0.2,0.8,-0.24593044794973914,-1.7734296805612244,0.43697504864562686,0.4301238974024596,0.45200527754801784,0.004283303901341318,0.000918018103769678,0.0035565790407402114,-0.0003162100748303325,5,0.08267855365836378,0.06953913789968168,0.1704342078861953,0.11511059262685357,0.22314086458878932,False
top_10_20250905,XGBRanker,rank:ndcg,top_10,2025-09-05,2022-09-09,2025-05-30,2025-06-06,2025-08-29,143,14300,13,1300,10,"[""macd_hist_atr"", ""ret_20d"", ""ema20_distance"", ""rsi14_centered"", ""body_range_ratio"", ""breakout_position_60"", ""signed_volume_pressure_20"", ""ret_1d"", ""close_location_value"", ""intraday_return""]","{""colsample_bytree"": 0.85, ""gamma"": 0.0, ""learning_rate"": 0.05, ""max_depth"": 2, ""min_child_weight"": 5, ""n_estimators"": 200, ""reg_alpha"": 0.1, ""reg_lambda"": 5.0, ""subsample"": 0.85}",0.013763353693161255,0.028165210539336218,0.16181954201098067,0.5734265734265734,0.42657342657342656,0.08505371800043351,0.613331082838835,0.5620479192945234,0.5402794905093005,0.5468637195180639,0.0016284355968879509,0.0008171715242240721,0.0022493355814833748,0.0010901291615669922,143,-0.07391386415379628,-0.11927228180335356,0.1629202694040598,0.15384615384615385,0.8461538461538461,-0.4536812050714325,-3.271541695198686,0.38933123885209775,0.4004294391750546,0.4419998182380684,-0.0034653929429859973,-0.005062565113944277,-0.0025707052471947295,-0.004531121999751528,13,-0.07709406069231264,-0.030580548510616236,0.14163006567986103,0.5,0.5,-0.5443340036752872,-3.925248322459703,0.4613934964092358,0.4579256559082062,0.4927411617686555,-0.003880423531622865,-0.003370614632575498,-0.004617993648803243,-0.003857522116948773,4,0.08767721784695753,0.0908574143854739,0.16181954201098067,0.1629202694040598,0.14163006567986103,False
top_10_20251003,XGBRanker,rank:ndcg,top_10,2025-10-03,2022-10-07,2025-06-27,2025-07-03,2025-09-26,143,14300,13,1300,10,"[""macd_hist_atr"", ""ret_20d"", ""ema20_distance"", ""rsi14_centered"", ""body_range_ratio"", ""breakout_position_60"", ""signed_volume_pressure_20"", ""ret_1d"", ""close_location_value"", ""intraday_return""]","{""colsample_bytree"": 0.85, ""gamma"": 0.0, ""learning_rate"": 0.05, ""max_depth"": 2, ""min_child_weight"": 5, ""n_estimators"": 200, ""reg_alpha"": 0.1, ""reg_lambda"": 5.0, ""subsample"": 0.85}",0.01199665996156009,0.020318031803180314,0.16241169882673942,0.5734265734265734,0.42657342657342656,0.07386573780228795,0.5326534102922558,0.5668981466836494,0.538733624762582,0.5516056135294265,0.002473260916658363,0.0006296018895797206,0.0027849161180406572,0.0007819982928076814,143,-0.06901057764190964,-0.06978411871260297,0.1554554510774466,0.15384615384615385,0.8461538461538461,-0.4439251062835304,-3.20118946634214,0.4263640529065246,0.4384202795119962,0.4587743075272556,-0.0014487594595755384,-0.0026689214681255707,0.001704595333057226,-0.0014957808445977916,13,-0.08502572755606161,-0.04914038827259149,0.14171863473425717,0.4,0.6,-0.5999615203427346,-4.3263840498021215,0.5558994783419818,0.4983750661013375,0.4984187090118134,0.026281864623696933,0.007026195768733907,0.023820942236777897,0.006200585671331177,5,0.08100723760346973,0.0970223875176217,0.16241169882673942,0.1554554510774466,0.14171863473425717,False
top_10_20251107,XGBRanker,rank:ndcg,top_10,2025-11-07,2022-11-11,2025-08-01,2025-08-08,2025-10-31,143,14300,13,1300,10,"[""macd_hist_atr"", ""ret_20d"", ""ema20_distance"", ""rsi14_centered"", ""body_range_ratio"", ""breakout_position_60"", ""signed_volume_pressure_20"", ""ret_1d"", ""close_location_value"", ""intraday_return""]","{""colsample_bytree"": 0.85, ""gamma"": 0.0, ""learning_rate"": 0.05, ""max_depth"": 2, ""min_child_weight"": 5, ""n_estimators"": 200, ""reg_alpha"": 0.1, ""reg_lambda"": 5.0, ""subsample"": 0.85}",0.007614315779718618,0.012560085001470649,0.16261771665633112,0.5664335664335665,0.43356643356643354,0.04682340852079707,0.3376484006274626,0.5612724328217015,0.5335611130393455,0.5477697839956863,0.0013968610546248397,-0.00015778172111440735,0.00198298058187495,0.00024116917681292686,143,-0.06791283331770688,-0.07481150106097144,0.16126656909429232,0.15384615384615385,0.8461538461538461,-0.42112158582600184,-3.0367509418007175,0.4814591679300072,0.44483025205001187,0.46586316261437377,0.0114939868538067,0.001910783751613385,0.010123191389729906,0.0005500772481893527,13,0.02176285814309001,0.06695852918101128,0.17063178231943696,0.5,0.5,0.127542816744117,0.9197243311760417,0.4858853532269011,0.49196559986068583,0.5345360083194945,-0.0021259724897432298,0.001567554163384831,-0.008510008408774089,-0.0024227600784559604,4,0.0755271490974255,-0.014148542363371394,0.16261771665633112,0.16126656909429232,0.17063178231943696,False
top_10_20251205,XGBRanker,rank:ndcg,top_10,2025-12-05,2022-12-09,2025-08-29,2025-09-05,2025-11-28,143,14300,13,1300,10,"[""macd_hist_atr"", ""ret_20d"", ""ema20_distance"", ""rsi14_centered"", ""body_range_ratio"", ""breakout_position_60"", ""signed_volume_pressure_20"", ""ret_1d"", ""close_location_value"", ""intraday_return""]","{""colsample_bytree"": 0.85, ""gamma"": 0.0, ""learning_rate"": 0.05, ""max_depth"": 2, ""min_child_weight"": 5, ""n_estimators"": 200, ""reg_alpha"": 0.1, ""reg_lambda"": 5.0, ""subsample"": 0.85}",0.009891066766931163,0.026595058434712274,0.15504077067617894,0.5874125874125874,0.4125874125874126,0.06379655315046022,0.46004348716369603,0.5698100839826681,0.5345984045420961,0.5424523959711927,0.0020420473869886455,-0.00015534823279979689,0.002524402954723854,0.00035312200722196205,143,-0.0430936126458958,-0.018128084730478278,0.15985547272320996,0.46153846153846156,0.5384615384615384,-0.26957858815701896,-1.9439588447346423,0.4528211675744687,0.45096253237869427,0.49187719659128876,0.008025908948760716,0.0021677494114802445,0.005635526569057108,0.0006245785591388868,13,0.031898388020921736,0.06279134737721172,0.1005621505020219,0.75,0.25,0.3172007346867586,2.2873670270559137,0.5197727427813424,0.5594076076979476,0.5432317021548323,0.003285244262789938,0.0037383887254903688,0.0016620239232896074,0.004340033986100298,4,0.05298467941282696,-0.022007321253990575,0.15504077067617894,0.15985547272320996,0.1005621505020219,False
top_10_20260102,XGBRanker,rank:ndcg,top_10,2026-01-02,2023-01-06,2025-09-26,2025-10-03,2025-12-26,143,14300,13,1300,10,"[""macd_hist_atr"", ""ret_20d"", ""ema20_distance"", ""rsi14_centered"", ""body_range_ratio"", ""breakout_position_60"", ""signed_volume_pressure_20"", ""ret_1d"", ""close_location_value"", ""intraday_return""]","{""colsample_bytree"": 0.85, ""gamma"": 0.0, ""learning_rate"": 0.05, ""max_depth"": 2, ""min_child_weight"": 5, ""n_estimators"": 200, ""reg_alpha"": 0.1, ""reg_lambda"": 5.0, ""subsample"": 0.85}",0.004358859345173459,0.01485179706751201,0.15203894484693445,0.5664335664335665,0.43356643356643354,0.028669360666517058,0.2067376998357954,0.5639209475699378,0.5388798316622291,0.5415423941170203,0.0025587845404919933,0.0005141522258905919,0.0029634033536564807,0.0011218160378070022,143,-0.01305395409525809,0.01719777137052856,0.1526651695302387,0.5384615384615384,0.46153846153846156,-0.08550708806354462,-0.61660038085745,0.4771230751719234,0.4945980971198172,0.5138622383758112,0.008640971289750131,0.004840460312168042,0.005492060979288,0.0034754097921788117,13,-0.044860001633927116,-0.0485811496018578,0.15564209543507806,0.4,0.6,-0.2882253770005253,-2.0784227513306663,0.5142010670803243,0.48082841467054205,0.4903190131593099,0.01012099373820077,0.0062549149671410325,0.0073884991782815655,0.0039009545360329037,5,0.017412813440431548,0.049218860979100575,0.15203894484693445,0.1526651695302387,0.15564209543507806,False
top_10_20260206,XGBRanker,rank:ndcg,top_10,2026-02-06,2023-02-10,2025-10-31,2025-11-07,2026-01-30,143,14300,13,1300,10,"[""macd_hist_atr"", ""ret_20d"", ""ema20_distance"", ""rsi14_centered"", ""body_range_ratio"", ""breakout_position_60"", ""signed_volume_pressure_20"", ""ret_1d"", ""close_location_value"", ""intraday_return""]","{""colsample_bytree"": 0.85, ""gamma"": 0.0, ""learning_rate"": 0.05, ""max_depth"": 2, ""min_child_weight"": 5, ""n_estimators"": 200, ""reg_alpha"": 0.1, ""reg_lambda"": 5.0, ""subsample"": 0.85}",-0.0010736658453169875,-0.0006120814068519039,0.1563964037527338,0.4965034965034965,0.5034965034965035,-0.006865028987587701,-0.04950442804458819,0.5600849437364409,0.5371783766386977,0.543106847618338,0.0025576898776556605,0.0006697930807572747,0.0029614288224945997,0.0013481640253165932,143,-0.015904242135010425,0.0016021698300308254,0.13834962269450182,0.5384615384615384,0.46153846153846156,-0.11495688839086714,-0.8289659111221249,0.4989345919324195,0.4989230669824024,0.5046590491355569,0.005421172382568849,0.003914698081302453,0.0008008636965081262,0.0010336988302487957,13,-0.12073216252358496,-0.06345048875789337,0.14503972539550522,0.0,1.0,-0.8324075503753432,-6.002576209923347,0.38739449023599576,0.40602046897170974,0.4390777317412376,0.002268568705257111,0.0027777996652332284,-0.004264311622296447,-0.004800107537567712,4,0.014830576289693437,0.11965849667826797,0.1563964037527338,0.13834962269450182,0.14503972539550522,False
top_10_20260306,XGBRanker,rank:ndcg,top_10,2026-03-06,2023-03-10,2025-11-28,2025-12-05,2026-02-27,143,14300,13,1300,10,"[""macd_hist_atr"", ""ret_20d"", ""ema20_distance"", ""rsi14_centered"", ""body_range_ratio"", ""breakout_position_60"", ""signed_volume_pressure_20"", ""ret_1d"", ""close_location_value"", ""intraday_return""]","{""colsample_bytree"": 0.85, ""gamma"": 0.0, ""learning_rate"": 0.05, ""max_depth"": 2, ""min_child_weight"": 5, ""n_estimators"": 200, ""reg_alpha"": 0.1, ""reg_lambda"": 5.0, ""subsample"": 0.85}",-0.0031694368537626126,0.00921711527098927,0.15842659397915942,0.5524475524475524,0.44755244755244755,-0.02000571226179074,-0.14426324272413035,0.5623113714571478,0.5361304257191064,0.5405637874330325,0.0026002689906619264,0.0005270985490362808,0.0031236260125322994,0.0011300241015437939,143,-0.04134627458995518,-0.026618661866186614,0.1394606420744588,0.38461538461538464,0.6153846153846154,-0.2964727106869347,-2.137895120315087,0.4596479465738802,0.4917260499708411,0.4919796849894572,0.003999540982911338,0.0052269872145148406,0.0007354279597646279,0.0018765687918170658,13,-0.05201214580583137,-0.056973445374288514,0.20964251914343954,0.25,0.75,-0.2480992215622258,-1.7890689294906121,0.4897261795424762,0.5074964832634044,0.5114979302106405,-0.001856974229642942,0.0012569691167184267,0.0020524248307590615,0.005478597588053247,4,0.03817683773619256,0.048842708952068756,0.15842659397915942,0.1394606420744588,0.20964251914343954,False
top_10_20260402,XGBRanker,rank:ndcg,top_10,2026-04-02,2023-04-06,2025-12-26,2026-01-02,2026-03-27,143,14300,13,1300,10,"[""macd_hist_atr"", ""ret_20d"", ""ema20_distance"", ""rsi14_centered"", ""body_range_ratio"", ""breakout_position_60"", ""signed_volume_pressure_20"", ""ret_1d"", ""close_location_value"", ""intraday_return""]","{""colsample_bytree"": 0.85, ""gamma"": 0.0, ""learning_rate"": 0.05, ""max_depth"": 2, ""min_child_weight"": 5, ""n_estimators"": 200, ""reg_alpha"": 0.1, ""reg_lambda"": 5.0, ""subsample"": 0.85}",-0.0029839842587424366,0.002700302434067059,0.15519669141633768,0.5104895104895105,0.48951048951048953,-0.019227112585393107,-0.13864868061150767,0.559051309243974,0.5323061454186212,0.5376135624432502,0.0026519040184573095,0.000462148261790647,0.003017682607971911,0.0010959041237012706,143,-0.04378826507292158,-0.03174317431743174,0.17301347667989725,0.3076923076923077,0.6923076923076923,-0.2530916429934352,-1.8250697924085135,0.47291134173690696,0.4839823480902713,0.4989962975306329,0.004448291828614703,0.004935170542415397,0.0019535977980707333,0.002997235583384872,13,0.09860425276846838,0.12575850946897987,0.06492640691561348,1.0,0.0,1.5187079872851559,10.951559041226684,0.5066650157365272,0.5185273744201739,0.5639173296314317,0.005325356483820359,0.0023640418202245652,0.013048744687520389,0.007022618842746724,4,0.04080428081417914,-0.10158823702721081,0.15519669141633768,0.17301347667989725,0.06492640691561348,False
top_10_20260501,XGBRanker,rank:ndcg,top_10,2026-05-01,2023-05-05,2026-01-23,2026-01-30,2026-04-24,143,14300,13,1300,10,"[""macd_hist_atr"", ""ret_20d"", ""ema20_distance"", ""rsi14_centered"", ""body_range_ratio"", ""breakout_position_60"", ""signed_volume_pressure_20"", ""ret_1d"", ""close_location_value"", ""intraday_return""]","{""colsample_bytree"": 0.85, ""gamma"": 0.0, ""learning_rate"": 0.05, ""max_depth"": 2, ""min_child_weight"": 5, ""n_estimators"": 200, ""reg_alpha"": 0.1, ""reg_lambda"": 5.0, ""subsample"": 0.85}",-0.010448439254238658,-0.004350448096173484,0.15692779749032135,0.46853146853146854,0.5314685314685315,-0.06658118842764664,-0.48012377771441905,0.5534666818126018,0.5285497996317134,0.5347635840741451,0.002532126032142063,0.0002806457745954803,0.003505888207170917,0.0008460961035576182,143,-0.008748404172041629,-0.025280603902315707,0.15617179781089927,0.38461538461538464,0.6153846153846154,-0.05601782328608806,-0.4039502683957423,0.46118533897622693,0.5012071147146483,0.5148659169639528,0.002561717764534196,0.004513392589656538,0.0011963035626764641,0.003337082061498711,13,-0.019995031602459058,-0.059753975397539745,0.12136796051964356,0.4,0.6,-0.1647471994820481,-1.1880089504432376,0.4486867580023525,0.46656529230320765,0.48718592774196623,-0.015651008879470716,-0.010199349623694124,-0.007508268103307646,-0.004714084592210164,5,-0.0017000350821970295,0.0095465923482204,0.15692779749032135,0.15617179781089927,0.12136796051964356,False
top_10_20260605,XGBRanker,rank:ndcg,top_10,2026-06-05,2023-06-09,2026-02-27,2026-03-06,2026-05-29,143,14300,13,1300,10,"[""macd_hist_atr"", ""ret_20d"", ""ema20_distance"", ""rsi14_centered"", ""body_range_ratio"", ""breakout_position_60"", ""signed_volume_pressure_20"", ""ret_1d"", ""close_location_value"", ""intraday_return""]","{""colsample_bytree"": 0.85, ""gamma"": 0.0, ""learning_rate"": 0.05, ""max_depth"": 2, ""min_child_weight"": 5, ""n_estimators"": 200, ""reg_alpha"": 0.1, ""reg_lambda"": 5.0, ""subsample"": 0.85}",-0.001798392507987242,0.003366407335302722,0.154595523627496,0.5104895104895105,0.48951048951048953,-0.011632888623091956,-0.08388595282463945,0.5479623978514272,0.5287820876851677,0.5355393623617729,0.0015555271033635633,0.0005361555390554309,0.002080204045352781,0.0012305071919725323,143,-0.008074941547714003,-0.013927518100037029,0.14530807395440815,0.46153846153846156,0.5384615384615384,-0.05557118285283718,-0.4007294984281793,0.48469980484662656,0.49656840146926845,0.5324469567966155,-0.0032018594432806965,-0.0025028596698931796,-0.0032252788255891225,0.00011712084952089401,13,-0.05887206120778042,-0.041542278854909014,0.06963123787701467,0.25,0.75,-0.8454834784319429,-6.096868068088044,0.4492282054412703,0.47903858124612897,0.5002563752577653,0.002498812928350658,0.00011199959726193977,0.0017216987515445855,-0.003450134427871612,4,0.006276549039726761,0.057073668699793176,0.154595523627496,0.14530807395440815,0.06963123787701467,False
top_10_20260702,XGBRanker,rank:ndcg,top_10,2026-07-02,2023-07-07,2026-03-27,2026-04-02,2026-06-26,143,14300,13,1300,10,"[""macd_hist_atr"", ""ret_20d"", ""ema20_distance"", ""rsi14_centered"", ""body_range_ratio"", ""breakout_position_60"", ""signed_volume_pressure_20"", ""ret_1d"", ""close_location_value"", ""intraday_return""]","{""colsample_bytree"": 0.85, ""gamma"": 0.0, ""learning_rate"": 0.05, ""max_depth"": 2, ""min_child_weight"": 5, ""n_estimators"": 200, ""reg_alpha"": 0.1, ""reg_lambda"": 5.0, ""subsample"": 0.85}",0.00014851845014681917,-0.006480706397259798,0.15016214887983817,0.4965034965034965,0.5034965034965035,0.0009890538411625003,0.0071321686770120215,0.544271331172937,0.5246229041146815,0.5353471564352823,0.001921171672834873,0.0006550361210065836,0.0024091238371367328,0.0009770895777588512,143,-0.0067405406746556,-0.026678827955763307,0.11077576391986836,0.46153846153846156,0.5384615384615384,-0.06084851447769289,-0.4387848779702692,0.4806160656038827,0.48274259510515005,0.5143639473338896,-0.001142927627492337,-0.004016401160269905,-0.002729480465751323,-0.004619286786173675,13,0.009637022254878549,-0.011143482087179933,0.06228694528348872,0.4,0.6,0.15471977652808686,1.1157001752006939,0.5569310243615047,0.550403666881957,0.5384321331204565,-0.0021124119730349467,-0.00016570613916600807,-0.0030207079833503977,-0.0022899268506528926,5,0.00688905912480242,-0.00948850380473173,0.15016214887983817,0.11077576391986836,0.06228694528348872,False
top_10_20260807,XGBRanker,rank:ndcg,top_10,2026-08-07,2023-08-11,2026-05-01,2026-05-08,2026-07-31,143,14300,13,1300,10,"[""macd_hist_atr"", ""ret_20d"", ""ema20_distance"", ""rsi14_centered"", ""body_range_ratio"", ""breakout_position_60"", ""signed_volume_pressure_20"", ""ret_1d"", ""close_location_value"", ""intraday_return""]","{""colsample_bytree"": 0.85, ""gamma"": 0.0, ""learning_rate"": 0.05, ""max_depth"": 2, ""min_child_weight"": 5, ""n_estimators"": 200, ""reg_alpha"": 0.1, ""reg_lambda"": 5.0, ""subsample"": 0.85}",-0.0005092414497290934,-0.0013321372101386393,0.1484651905595494,0.4965034965034965,0.5034965034965035,-0.0034300393769732614,-0.0247343657010753,0.5424004218897945,0.5247290962299342,0.5335215576512792,0.0026874691015197766,0.0009663001883515798,0.0031772959302239904,0.001233046277322245,143,0.00014188563430528783,-0.004008400840084008,0.08595235713373837,0.46153846153846156,0.5384615384615384,0.0016507474493633672,0.011903709143042032,0.49764446333937606,0.49077717457027903,0.514986340683223,0.0015525108930177442,-0.002561139611452318,-0.001101034347585533,-0.0025624368573761097,13,-0.0340519585828397,-0.041236865950924566,0.032430186440735274,0.3333333333333333,0.6666666666666666,-1.050008104179979,-7.571716118547297,0.58006937402302,0.529316999306535,0.5041418943600943,-0.004170965033482826,-0.0036787299118132854,-0.003573203197418068,-0.0033086937828773755,3,-0.0006511270840343813,0.033542717133110606,0.1484651905595494,0.08595235713373837,0.032430186440735274,False
top_15_20240105,XGBRanker,rank:ndcg,top_15,2024-01-05,2021-01-08,2023-09-29,2023-10-06,2023-12-29,143,14300,13,1300,15,"[""macd_hist_atr"", ""ret_20d"", ""ema20_distance"", ""rsi14_centered"", ""body_range_ratio"", ""breakout_position_60"", ""signed_volume_pressure_20"", ""ret_1d"", ""close_location_value"", ""intraday_return"", ""momentum_20_5"", ""gross_margin_change_yoy"", ""vol_ratio_5_20"", ""ret_5d"", ""downside_vol_20""]","{""colsample_bytree"": 0.85, ""gamma"": 0.0, ""learning_rate"": 0.05, ""max_depth"": 2, ""min_child_weight"": 5, ""n_estimators"": 200, ""reg_alpha"": 0.1, ""reg_lambda"": 5.0, ""subsample"": 0.85}",0.008925633791579955,0.012967335635628827,0.1984645855730771,0.5244755244755245,0.4755244755244755,0.044973433249094336,0.32430803922653334,0.5888705505842532,0.5537961734178563,0.555807993936775,0.0021217201689576054,0.0010629817907810515,0.0014838843232177334,0.0006464123252969225,143,-0.018010616939487807,-0.04481875078758348,0.20810403444815267,0.38461538461538464,0.6153846153846154,-0.08654621707478236,-0.6240936467211295,0.46704578636384336,0.46497326306486897,0.4817862196345487,-0.003984296330805445,-0.0035188375993170217,-0.0025888255792197233,-0.0016935293803660109,13,-0.11172835570415895,-0.11854857918920242,0.21535116003592839,0.25,0.75,-0.5188193817275868,-3.7412597670466776,0.447319226961455,0.41558866579125886,0.454114040620455,-0.003826017835362545,-0.006315803668859416,-0.0023424274829028343,-0.005418894850501483,4,0.026936250731067764,0.12065398949573891,0.1984645855730771,0.20810403444815267,0.21535116003592839,False
top_15_20240202,XGBRanker,rank:ndcg,top_15,2024-02-02,2021-02-05,2023-10-27,2023-11-03,2024-01-26,143,14300,13,1300,15,"[""macd_hist_atr"", ""ret_20d"", ""ema20_distance"", ""rsi14_centered"", ""body_range_ratio"", ""breakout_position_60"", ""signed_volume_pressure_20"", ""ret_1d"", ""close_location_value"", ""intraday_return"", ""momentum_20_5"", ""gross_margin_change_yoy"", ""vol_ratio_5_20"", ""ret_5d"", ""downside_vol_20""]","{""colsample_bytree"": 0.85, ""gamma"": 0.0, ""learning_rate"": 0.05, ""max_depth"": 2, ""min_child_weight"": 5, ""n_estimators"": 200, ""reg_alpha"": 0.1, ""reg_lambda"": 5.0, ""subsample"": 0.85}",0.009574794971505813,0.005556555655565556,0.19632267271934178,0.5314685314685315,0.46853146853146854,0.04877070406021678,0.35169054845918274,0.6014338519624377,0.5578650779197677,0.5582250128591068,0.0031664637179212463,0.000808147223145166,0.0024832241990335588,0.00028928050753209366,143,-0.044290638222059295,-0.029193795206515764,0.21900869026923878,0.38461538461538464,0.6153846153846154,-0.2022323322769088,-1.4583180871621315,0.41617004569522364,0.4135247995074867,0.45222559395138817,-0.004333154720415847,-0.00365302102104384,-0.0030613506998253717,-0.00227129008329369,13,-0.008972565290588604,0.05282928292829283,0.14492335934989312,0.75,0.25,-0.06191248485294804,-0.44645727745738345,0.5118375454436348,0.43770545259601557,0.5151619170737416,0.0007598967074785134,-0.010440729417801399,0.002563607467882838,-0.010403401064532572,4,0.053865433193565106,0.018547360262094414,0.19632267271934178,0.21900869026923878,0.14492335934989312,False
top_15_20240301,XGBRanker,rank:ndcg,top_15,2024-03-01,2021-03-05,2023-11-24,2023-12-01,2024-02-23,143,14300,13,1300,15,"[""macd_hist_atr"", ""ret_20d"", ""ema20_distance"", ""rsi14_centered"", ""body_range_ratio"", ""breakout_position_60"", ""signed_volume_pressure_20"", ""ret_1d"", ""close_location_value"", ""intraday_return"", ""momentum_20_5"", ""gross_margin_change_yoy"", ""vol_ratio_5_20"", ""ret_5d"", ""downside_vol_20""]","{""colsample_bytree"": 0.85, ""gamma"": 0.0, ""learning_rate"": 0.05, ""max_depth"": 2, ""min_child_weight"": 5, ""n_estimators"": 200, ""reg_alpha"": 0.1, ""reg_lambda"": 5.0, ""subsample"": 0.85}",0.011865905825397025,0.012241224122412242,0.20106658648778042,0.5174825174825175,0.4825174825174825,0.05901480714757228,0.42556182636438117,0.6089690736879714,0.5617886673405316,0.5599929477042257,0.003367182365232387,0.000755744310265057,0.002339863182221709,0.00012047653745514934,143,-0.09957611741815792,-0.045310802945927944,0.1742848355935718,0.38461538461538464,0.6153846153846154,-0.5713412591464189,-4.120000411281144,0.40687713885832183,0.39765559743489187,0.4312096702838674,-0.005969681697345132,-0.008466189699034201,-0.0035677586615420137,-0.007283634320013758,13,-0.04122668395805056,0.0050765076507650764,0.1543056623402278,0.6,0.4,-0.2671754447166692,-1.9266295309416903,0.5316505420723774,0.49449997039941235,0.5049457635314523,0.005759921889263068,0.0006389032064566379,0.0052006138321269105,-0.0007403910308953264,5,0.11144202324355494,0.05309258978344759,0.20106658648778042,0.1742848355935718,0.1543056623402278,False
top_15_20240405,XGBRanker,rank:ndcg,top_15,2024-04-05,2021-04-09,2023-12-29,2024-01-05,2024-03-28,143,14300,13,1300,15,"[""macd_hist_atr"", ""ret_20d"", ""ema20_distance"", ""rsi14_centered"", ""body_range_ratio"", ""breakout_position_60"", ""signed_volume_pressure_20"", ""ret_1d"", ""close_location_value"", ""intraday_return"", ""momentum_20_5"", ""gross_margin_change_yoy"", ""vol_ratio_5_20"", ""ret_5d"", ""downside_vol_20""]","{""colsample_bytree"": 0.85, ""gamma"": 0.0, ""learning_rate"": 0.05, ""max_depth"": 2, ""min_child_weight"": 5, ""n_estimators"": 200, ""reg_alpha"": 0.1, ""reg_lambda"": 5.0, ""subsample"": 0.85}",0.004419686204065591,0.0006960737838336169,0.20077205400655337,0.5034965034965035,0.4965034965034965,0.02201345314682754,0.1587412681418216,0.5943527095189116,0.5506584094678217,0.5548051251702741,0.0026371132493802634,0.00031835188644234897,0.00218451535033677,-7.743876244734991e-05,143,-0.05288694823629174,0.024728547040456454,0.15833611640205375,0.5384615384615384,0.46153846153846156,-0.3340169598577179,-2.408630551283198,0.43211519922203273,0.43981177302196384,0.4793617817450761,-0.0021962502278928503,-0.004972444129367592,-0.0014636998442437257,-0.00445631909605133,13,-0.02144341039439072,-0.04076260199423606,0.13163600747908483,0.5,0.5,-0.1628992766116656,-1.174683389118704,0.4986716679005419,0.5334958575804425,0.5168581854792241,-0.006355233966519445,-0.0005596863939507496,-0.007598959896064347,0.0007745366800321776,4,0.05730663444035733,0.02586309659845631,0.20077205400655337,0.15833611640205375,0.13163600747908483,False
top_15_20240503,XGBRanker,rank:ndcg,top_15,2024-05-03,2021-05-07,2024-01-26,2024-02-02,2024-04-26,143,14300,13,1300,15,"[""macd_hist_atr"", ""ret_20d"", ""ema20_distance"", ""rsi14_centered"", ""body_range_ratio"", ""breakout_position_60"", ""signed_volume_pressure_20"", ""ret_1d"", ""close_location_value"", ""intraday_return"", ""momentum_20_5"", ""gross_margin_change_yoy"", ""vol_ratio_5_20"", ""ret_5d"", ""downside_vol_20""]","{""colsample_bytree"": 0.85, ""gamma"": 0.0, ""learning_rate"": 0.05, ""max_depth"": 2, ""min_child_weight"": 5, ""n_estimators"": 200, ""reg_alpha"": 0.1, ""reg_lambda"": 5.0, ""subsample"": 0.85}",-0.00022128821669841926,-0.012235407072308907,0.2014772957393329,0.4755244755244755,0.5244755244755245,-0.001098328304866258,-0.007920158040977477,0.5855725676545508,0.551289523554576,0.5485908803658057,0.0018777441057365905,0.0005947407512748764,0.001373277741738175,0.0003372790604405027,143,-0.021692762751218973,0.032733371537415665,0.13632893139894842,0.6153846153846154,0.38461538461538464,-0.1591207568974336,-1.1474360959686742,0.518023560902917,0.5021131098885461,0.5183196872344908,0.0011578618102177406,-0.0010292079487455447,0.0016714189133109705,-0.0008824248003223311,13,-0.12042014234951999,-0.10417041704170416,0.1446637794605676,0.2,0.8,-0.8324139103689329,-6.002622072489345,0.4317813445283122,0.40004222863417327,0.45047749745787946,-0.0021862608231064487,-0.005486125460531802,-0.006015628431194134,-0.00792205582159091,5,0.021471474534520554,0.12019885413282157,0.2014772957393329,0.13632893139894842,0.1446637794605676,False
top_15_20240607,XGBRanker,rank:ndcg,top_15,2024-06-07,2021-06-11,2024-03-01,2024-03-08,2024-05-31,143,14300,13,1300,15,"[""macd_hist_atr"", ""ret_20d"", ""ema20_distance"", ""rsi14_centered"", ""body_range_ratio"", ""breakout_position_60"", ""signed_volume_pressure_20"", ""ret_1d"", ""close_location_value"", ""intraday_return"", ""momentum_20_5"", ""gross_margin_change_yoy"", ""vol_ratio_5_20"", ""ret_5d"", ""downside_vol_20""]","{""colsample_bytree"": 0.85, ""gamma"": 0.0, ""learning_rate"": 0.05, ""max_depth"": 2, ""min_child_weight"": 5, ""n_estimators"": 200, ""reg_alpha"": 0.1, ""reg_lambda"": 5.0, ""subsample"": 0.85}",-0.0022844902829371743,-0.004416574156628078,0.2012537729656811,0.48951048951048953,0.5104895104895105,-0.011351291701382106,-0.0818553285441641,0.570883420312454,0.5385186734335575,0.5458682448677464,9.552837966524866e-05,-0.0004667870755959894,-0.00019230242189723692,-0.00043931395039420744,143,-0.06010680262698969,-0.07173117311731173,0.15294154352402387,0.38461538461538464,0.6153846153846154,-0.3930050739781385,-2.8339998914913935,0.4487669869734599,0.46117354096420615,0.48379829281677394,-0.0032346151254569657,-0.0007522942461326635,-0.0031340458856254677,-0.0018176247117982903,13,-0.1015801052177549,-0.12069050431791721,0.23016775155739472,0.5,0.5,-0.44133074477388223,-3.1824812594418868,0.2888997180409172,0.3244067937593558,0.42955319061717506,-0.013654675446223584,-0.00900420310632179,-0.015237618108287034,-0.010577928325852004,4,0.057822312344052516,0.09929561493481773,0.2012537729656811,0.15294154352402387,0.23016775155739472,False
top_15_20240705,XGBRanker,rank:ndcg,top_15,2024-07-05,2021-07-09,2024-03-28,2024-04-05,2024-06-28,143,14300,13,1300,15,"[""macd_hist_atr"", ""ret_20d"", ""ema20_distance"", ""rsi14_centered"", ""body_range_ratio"", ""breakout_position_60"", ""signed_volume_pressure_20"", ""ret_1d"", ""close_location_value"", ""intraday_return"", ""momentum_20_5"", ""gross_margin_change_yoy"", ""vol_ratio_5_20"", ""ret_5d"", ""downside_vol_20""]","{""colsample_bytree"": 0.85, ""gamma"": 0.0, ""learning_rate"": 0.05, ""max_depth"": 2, ""min_child_weight"": 5, ""n_estimators"": 200, ""reg_alpha"": 0.1, ""reg_lambda"": 5.0, ""subsample"": 0.85}",-0.0017709317646091112,0.005268526852685268,0.19517519796223248,0.5034965034965035,0.4965034965034965,-0.009073549216800572,-0.06543029390324116,0.5620548781615385,0.533526868910931,0.5411192095529688,0.0003520359571518405,-0.0001156634722541413,0.00014166891192476502,-4.386479399514634e-05,143,-0.08045902739465498,-0.060978829633309896,0.16644153239384685,0.38461538461538464,0.6153846153846154,-0.48340715347577184,-3.485898557565971,0.38275000054530744,0.4062566067958464,0.44768710170292114,-0.005715758393954491,-0.004432834569104049,-0.006474447107434268,-0.00579900281300023,13,-0.04677350178503119,-0.01919896977118897,0.10777293464824661,0.25,0.75,-0.43400044675123967,-3.1296217286717467,0.5707634067450454,0.5462304140162016,0.5557359042980425,-0.0007643568537631928,-0.0008053917425749277,-0.0025394354413991356,-0.0034139765607111845,4,0.07868809563004586,0.04500257002042208,0.19517519796223248,0.16644153239384685,0.10777293464824661,False
top_15_20240802,XGBRanker,rank:ndcg,top_15,2024-08-02,2021-08-06,2024-04-26,2024-05-03,2024-07-26,143,14300,13,1300,15,"[""macd_hist_atr"", ""ret_20d"", ""ema20_distance"", ""rsi14_centered"", ""body_range_ratio"", ""breakout_position_60"", ""signed_volume_pressure_20"", ""ret_1d"", ""close_location_value"", ""intraday_return"", ""momentum_20_5"", ""gross_margin_change_yoy"", ""vol_ratio_5_20"", ""ret_5d"", ""downside_vol_20""]","{""colsample_bytree"": 0.85, ""gamma"": 0.0, ""learning_rate"": 0.05, ""max_depth"": 2, ""min_child_weight"": 5, ""n_estimators"": 200, ""reg_alpha"": 0.1, ""reg_lambda"": 5.0, ""subsample"": 0.85}",0.0040857758274052,0.006276627662766275,0.19549691186009094,0.5034965034965035,0.4965034965034965,0.020899439221470775,0.15070799948291214,0.5771604251424042,0.5451373684194406,0.5478291142372534,0.0011202392209824577,0.00014644012185765882,0.0013646728004067827,0.00041179247699787194,143,-0.0718675722817219,-0.034107615407233165,0.16589387419576912,0.38461538461538464,0.6153846153846154,-0.4332141414511301,-3.123951600516318,0.4103874139556155,0.44825103558787,0.4712997446236399,-0.00646187831975238,-0.0019817193719543127,-0.009248447221542212,-0.00455124658977815,13,-0.09296721684733786,-0.23857857359415388,0.27782423016959196,0.2,0.8,-0.33462602160577565,-2.4130225580082896,0.44490876465119145,0.46468351291917454,0.4706210709681768,-0.008347696414599272,-0.00361700214054896,-0.011506600571719702,-0.005946073625797145,5,0.0759533481091271,0.09705299267474306,0.19549691186009094,0.16589387419576912,0.27782423016959196,False
top_15_20240906,XGBRanker,rank:ndcg,top_15,2024-09-06,2021-09-10,2024-05-31,2024-06-07,2024-08-30,143,14300,13,1300,15,"[""macd_hist_atr"", ""ret_20d"", ""ema20_distance"", ""rsi14_centered"", ""body_range_ratio"", ""breakout_position_60"", ""signed_volume_pressure_20"", ""ret_1d"", ""close_location_value"", ""intraday_return"", ""momentum_20_5"", ""gross_margin_change_yoy"", ""vol_ratio_5_20"", ""ret_5d"", ""downside_vol_20""]","{""colsample_bytree"": 0.85, ""gamma"": 0.0, ""learning_rate"": 0.05, ""max_depth"": 2, ""min_child_weight"": 5, ""n_estimators"": 200, ""reg_alpha"": 0.1, ""reg_lambda"": 5.0, ""subsample"": 0.85}",-0.00018323829542425956,-0.0047524752475247515,0.18705968223353547,0.48951048951048953,0.5104895104895105,-0.0009795712963710421,-0.007063789074077048,0.5526880063774574,0.5328357155752863,0.542246827888675,-0.0004679782313342307,-0.00010634622287623038,-0.0007895142858909817,0.00034633340635109605,143,-0.07581049153310314,-0.043312331233123315,0.20292810802957614,0.38461538461538464,0.6153846153846154,-0.37358300074454937,-2.693945329652349,0.4511093208629872,0.4582271958867007,0.47672909036720285,-0.008517038564377733,-0.004986572846718273,-0.010678447175673473,-0.007308475651452789,13,-0.07484560691524535,-0.04554486963743251,0.14129794140534804,0.5,0.5,-0.5297006182173046,-3.8197254792549327,0.5007494032307337,0.5001086954831625,0.5112942274390677,-0.0006375620174560693,-0.0028825226791465743,-0.002829863056914645,-0.00607659166755702,4,0.07562725323767888,0.07466236861982109,0.18705968223353547,0.20292810802957614,0.14129794140534804,False
top_15_20241004,XGBRanker,rank:ndcg,top_15,2024-10-04,2021-10-08,2024-06-28,2024-07-05,2024-09-27,143,14300,13,1300,15,"[""macd_hist_atr"", ""ret_20d"", ""ema20_distance"", ""rsi14_centered"", ""body_range_ratio"", ""breakout_position_60"", ""signed_volume_pressure_20"", ""ret_1d"", ""close_location_value"", ""intraday_return"", ""momentum_20_5"", ""gross_margin_change_yoy"", ""vol_ratio_5_20"", ""ret_5d"", ""downside_vol_20""]","{""colsample_bytree"": 0.85, ""gamma"": 0.0, ""learning_rate"": 0.05, ""max_depth"": 2, ""min_child_weight"": 5, ""n_estimators"": 200, ""reg_alpha"": 0.1, ""reg_lambda"": 5.0, ""subsample"": 0.85}",-0.0019412414949234907,-0.0047524895064405505,0.18822636428413678,0.48951048951048953,0.5104895104895105,-0.010313334703703318,-0.07437051419044904,0.5662450751571048,0.5365948281449116,0.5416900162659689,0.0012712825681823656,-0.0003654269970917919,0.0012626071055904127,-0.00026674659605467697,143,-0.0695899861627457,-0.07224187436463088,0.16811832350514413,0.38461538461538464,0.6153846153846154,-0.41393457127007555,-2.9849246428029206,0.5275667505280696,0.5205874728587204,0.51985528115206,-0.006919796672737986,-0.0029328801184370745,-0.008382161229761017,-0.005589316184988911,13,0.04437771370793131,0.04276627662766276,0.07743882544436621,0.75,0.25,0.5730680114694309,4.132452199362437,0.5387506926552257,0.564519752572154,0.5668591976586221,0.004574934010154835,0.0037046594995755193,0.0034549948499158906,0.004292501626114669,4,0.06764874466782221,-0.0463189552028548,0.18822636428413678,0.16811832350514413,0.07743882544436621,False
top_15_20241101,XGBRanker,rank:ndcg,top_15,2024-11-01,2021-11-05,2024-07-26,2024-08-02,2024-10-25,143,14300,13,1300,15,"[""macd_hist_atr"", ""ret_20d"", ""ema20_distance"", ""rsi14_centered"", ""body_range_ratio"", ""breakout_position_60"", ""signed_volume_pressure_20"", ""ret_1d"", ""close_location_value"", ""intraday_return"", ""momentum_20_5"", ""gross_margin_change_yoy"", ""vol_ratio_5_20"", ""ret_5d"", ""downside_vol_20""]","{""colsample_bytree"": 0.85, ""gamma"": 0.0, ""learning_rate"": 0.05, ""max_depth"": 2, ""min_child_weight"": 5, ""n_estimators"": 200, ""reg_alpha"": 0.1, ""reg_lambda"": 5.0, ""subsample"": 0.85}",-0.001756085063834184,-0.005988670731553166,0.18500400201959263,0.48951048951048953,0.5104895104895105,-0.009492146357181007,-0.06844884081004968,0.5585280745878866,0.5350326142364182,0.5404331166937043,0.00044935785205087864,-0.00012933727180680017,0.0006589864200743077,-6.591888153994719e-05,143,-0.040467499636962126,-0.021026102610261024,0.17694250091248473,0.46153846153846156,0.5384615384615384,-0.22870423684684574,-1.6492097057343258,0.49881061517265224,0.48626754275619266,0.5142436991988457,-0.00237061453797896,-0.002871780354062173,-0.004065224415529303,-0.003953299327956683,13,-0.03804643490555949,-0.034407440744074404,0.073453723510268,0.2,0.8,-0.5179646869806543,-3.735096475576808,0.47819123373739414,0.44030974475882123,0.499329430667077,-0.005135512076425324,-0.007062197983788753,-0.007018775170341221,-0.009323078342375637,5,0.03871141457312794,0.03629034984172531,0.18500400201959263,0.17694250091248473,0.073453723510268,False
top_15_20241206,XGBRanker,rank:ndcg,top_15,2024-12-06,2021-12-10,2024-08-30,2024-09-06,2024-11-29,143,14300,13,1300,15,"[""macd_hist_atr"", ""ret_20d"", ""ema20_distance"", ""rsi14_centered"", ""body_range_ratio"", ""breakout_position_60"", ""signed_volume_pressure_20"", ""ret_1d"", ""close_location_value"", ""intraday_return"", ""momentum_20_5"", ""gross_margin_change_yoy"", ""vol_ratio_5_20"", ""ret_5d"", ""downside_vol_20""]","{""colsample_bytree"": 0.85, ""gamma"": 0.0, ""learning_rate"": 0.05, ""max_depth"": 2, ""min_child_weight"": 5, ""n_estimators"": 200, ""reg_alpha"": 0.1, ""reg_lambda"": 5.0, ""subsample"": 0.85}",0.0015291191335845176,-0.002424242424242424,0.1841633793313986,0.48951048951048953,0.5104895104895105,0.00830305753041649,0.05987419933808811,0.5613655322698301,0.5391992111146108,0.5444352494085576,0.000733170495387165,0.0002222441821756169,0.0008494952289737535,0.0004064904185203923,143,-0.02333922384159354,-0.0013921433907755148,0.09709509169041171,0.46153846153846156,0.5384615384615384,-0.240374909125281,-1.7333681203723947,0.4548814355767291,0.47378273563481,0.5090464049298992,-0.0024989735420547447,-0.002747892864206061,-0.00291729545649523,-0.0031235336707981557,13,-0.09380519971443745,-0.11182749821478756,0.1601326675931517,0.25,0.75,-0.5857967716666524,-4.224240594490772,0.5206675730654324,0.5282323905710545,0.5167617985474512,0.003438884731018473,0.0042655277323741915,0.0002897556468094317,0.0017375084315042612,4,0.024868342975178058,0.09533431884802196,0.1841633793313986,0.09709509169041171,0.1601326675931517,False
top_15_20250103,XGBRanker,rank:ndcg,top_15,2025-01-03,2022-01-07,2024-09-27,2024-10-04,2024-12-27,143,14300,13,1300,15,"[""macd_hist_atr"", ""ret_20d"", ""ema20_distance"", ""rsi14_centered"", ""body_range_ratio"", ""breakout_position_60"", ""signed_volume_pressure_20"", ""ret_1d"", ""close_location_value"", ""intraday_return"", ""momentum_20_5"", ""gross_margin_change_yoy"", ""vol_ratio_5_20"", ""ret_5d"", ""downside_vol_20""]","{""colsample_bytree"": 0.85, ""gamma"": 0.0, ""learning_rate"": 0.05, ""max_depth"": 2, ""min_child_weight"": 5, ""n_estimators"": 200, ""reg_alpha"": 0.1, ""reg_lambda"": 5.0, ""subsample"": 0.85}",-0.0023964343281958197,-0.004296481206204476,0.18316137676172203,0.4755244755244755,0.5244755244755245,-0.013083731791956252,-0.09434813170063322,0.5695559155499876,0.5374589003280594,0.5437647151631636,0.00119015848496276,-0.00017467059386292564,0.0018349752119422404,2.0668075320800984e-05,143,-0.026966967166034583,0.005148514851485149,0.10830311663820266,0.5384615384615384,0.46153846153846156,-0.24899530136441428,-1.7955306528380086,0.4777285437345768,0.4920659398514943,0.49549601893520323,0.002921846294014291,0.001663313121578617,0.001402408745811272,0.0020355869378047733,13,-0.11381042692567667,-0.15920839846575846,0.25454316130008947,0.4,0.6,-0.4471164196452394,-3.2242023542655702,0.5179917029745646,0.4511798398954129,0.4663154388128522,-0.0008890675389476042,-0.00817459401806269,0.0030709504172256987,-0.003537684436029759,5,0.024570532837838763,0.11141399259748085,0.18316137676172203,0.10830311663820266,0.25454316130008947,False
top_15_20250207,XGBRanker,rank:ndcg,top_15,2025-02-07,2022-02-11,2024-11-01,2024-11-08,2025-01-31,143,14300,13,1300,15,"[""macd_hist_atr"", ""ret_20d"", ""ema20_distance"", ""rsi14_centered"", ""body_range_ratio"", ""breakout_position_60"", ""signed_volume_pressure_20"", ""ret_1d"", ""close_location_value"", ""intraday_return"", ""momentum_20_5"", ""gross_margin_change_yoy"", ""vol_ratio_5_20"", ""ret_5d"", ""downside_vol_20""]","{""colsample_bytree"": 0.85, ""gamma"": 0.0, ""learning_rate"": 0.05, ""max_depth"": 2, ""min_child_weight"": 5, ""n_estimators"": 200, ""reg_alpha"": 0.1, ""reg_lambda"": 5.0, ""subsample"": 0.85}",-0.005791447217709415,-0.012649416735585246,0.18053794973517975,0.46853146853146854,0.5314685314685315,-0.03207883564759952,-0.23132377356920428,0.5746627638071193,0.5422971389881655,0.5447172503770181,0.0011544780996695504,-0.0001521418465025722,0.0009034828509687651,-0.00031858014777614294,143,-0.07445733567797418,-0.036159615961596156,0.1616971077643941,0.38461538461538464,0.6153846153846154,-0.460474134060979,-3.320526202763477,0.4459282642752003,0.45914987136840707,0.4662495626508516,-0.003000068170195413,-0.001309113349529737,-0.001373027524868697,0.0006343573866752093,13,0.011855563598115175,0.03420337155205716,0.11475860290810595,0.5,0.5,0.10330871322656857,0.7449697254811956,0.5478163338433829,0.5324717294539372,0.5540240518059665,0.016683826963108318,0.011552534388378758,0.010410056601630151,0.007163289151834602,4,0.06866588846026477,-0.01764701081582459,0.18053794973517975,0.1616971077643941,0.11475860290810595,False
top_15_20250307,XGBRanker,rank:ndcg,top_15,2025-03-07,2022-03-11,2024-11-29,2024-12-06,2025-02-28,143,14300,13,1300,15,"[""macd_hist_atr"", ""ret_20d"", ""ema20_distance"", ""rsi14_centered"", ""body_range_ratio"", ""breakout_position_60"", ""signed_volume_pressure_20"", ""ret_1d"", ""close_location_value"", ""intraday_return"", ""momentum_20_5"", ""gross_margin_change_yoy"", ""vol_ratio_5_20"", ""ret_5d"", ""downside_vol_20""]","{""colsample_bytree"": 0.85, ""gamma"": 0.0, ""learning_rate"": 0.05, ""max_depth"": 2, ""min_child_weight"": 5, ""n_estimators"": 200, ""reg_alpha"": 0.1, ""reg_lambda"": 5.0, ""subsample"": 0.85}",-0.0027658112589999243,-0.005016501650165015,0.18175571499472296,0.4965034965034965,0.5034965034965035,-0.015217190056886112,-0.10973271803716732,0.576795870774703,0.5455157563921139,0.5436219412528751,0.001313059839209181,0.00010546098384384062,0.001432742311935343,0.00016254714265827923,143,-0.06809365822058575,-0.06637283640244815,0.17196737409847315,0.46153846153846156,0.5384615384615384,-0.3959684712147403,-2.8553692528636656,0.499377495641945,0.47886306901946135,0.4898284252894753,0.002697134606233759,0.0017280212947376834,-5.796300652409172e-07,-0.00036360124070683133,13,0.10637324895044245,0.12088845151104967,0.28796871500730964,0.5,0.5,0.36939168530075334,2.6637213241638475,0.48731458087267276,0.499303698293675,0.5567384289979551,-0.018330356338488167,-0.015281134103388837,-0.00992709794017491,-0.006291847555139255,4,0.06532784696158582,-0.10913906020944238,0.18175571499472296,0.17196737409847315,0.28796871500730964,False
top_15_20250404,XGBRanker,rank:ndcg,top_15,2025-04-04,2022-04-08,2024-12-27,2025-01-03,2025-03-28,143,14300,13,1300,15,"[""macd_hist_atr"", ""ret_20d"", ""ema20_distance"", ""rsi14_centered"", ""body_range_ratio"", ""breakout_position_60"", ""signed_volume_pressure_20"", ""ret_1d"", ""close_location_value"", ""intraday_return"", ""momentum_20_5"", ""gross_margin_change_yoy"", ""vol_ratio_5_20"", ""ret_5d"", ""downside_vol_20""]","{""colsample_bytree"": 0.85, ""gamma"": 0.0, ""learning_rate"": 0.05, ""max_depth"": 2, ""min_child_weight"": 5, ""n_estimators"": 200, ""reg_alpha"": 0.1, ""reg_lambda"": 5.0, ""subsample"": 0.85}",-0.004574601301687982,0.00396039603960396,0.18184048674683645,0.5034965034965035,0.4965034965034965,-0.0251572209441832,-0.18141130012485823,0.5742376533164055,0.5385394912164849,0.542422597224736,0.0016305192728284115,-0.0005807793699853393,0.001565681514546639,-0.000550601917465422,143,-0.008238061775351033,-0.04146427082008107,0.21841135009472046,0.46153846153846156,0.5384615384615384,-0.03771810289061606,-0.27198910797068543,0.520423203130488,0.4939441015139865,0.5188207395848662,-0.002591776546570036,-0.0034872325095939944,-0.00045932801816580144,-0.0018332890462348461,13,0.13969096909690967,0.15266726672667263,0.05995576284856039,1.0,0.0,2.3299006210587114,16.801152311925154,0.5922144335739278,0.5890700785956255,0.5917063637722906,0.00882858152798497,0.01160116635974307,0.004876522953357639,0.00862665589854337,4,0.003663460473663051,-0.14426557039859766,0.18184048674683645,0.21841135009472046,0.05995576284856039,False
top_15_20250502,XGBRanker,rank:ndcg,top_15,2025-05-02,2022-05-06,2025-01-24,2025-01-31,2025-04-25,143,14300,13,1300,15,"[""macd_hist_atr"", ""ret_20d"", ""ema20_distance"", ""rsi14_centered"", ""body_range_ratio"", ""breakout_position_60"", ""signed_volume_pressure_20"", ""ret_1d"", ""close_location_value"", ""intraday_return"", ""momentum_20_5"", ""gross_margin_change_yoy"", ""vol_ratio_5_20"", ""ret_5d"", ""downside_vol_20""]","{""colsample_bytree"": 0.85, ""gamma"": 0.0, ""learning_rate"": 0.05, ""max_depth"": 2, ""min_child_weight"": 5, ""n_estimators"": 200, ""reg_alpha"": 0.1, ""reg_lambda"": 5.0, ""subsample"": 0.85}",-0.0044727648859593135,0.013453506793729657,0.18267581502359898,0.5314685314685315,0.46853146853146854,-0.024484712907297004,-0.17656177570454862,0.5719599069929996,0.5457932693742923,0.543664306708185,0.0011134421706576897,-3.1824514567915505e-05,0.0014342623013035558,2.880601378420455e-05,143,0.06953229577190631,0.1104230423042304,0.18033829454323105,0.6153846153846154,0.38461538461538464,0.38556589407713343,2.7803552023304436,0.5530332285162953,0.5443359237283227,0.5538772437705817,0.004098342528282567,0.003412189110318761,0.0038127973960318546,0.004127368129868631,13,-0.020555487653649132,-0.01291333007305564,0.07865148219588475,0.4,0.6,-0.26134901822262985,-1.8846145719877287,0.5743662706383033,0.5335448502941459,0.5514602709180149,0.006443962788986993,0.005591774797461329,0.0011666844442367202,0.0007638209704536179,5,-0.07400506065786562,0.01608272276768982,0.18267581502359898,0.18033829454323105,0.07865148219588475,False
top_15_20250606,XGBRanker,rank:ndcg,top_15,2025-06-06,2022-06-10,2025-02-28,2025-03-07,2025-05-30,143,14300,13,1300,15,"[""macd_hist_atr"", ""ret_20d"", ""ema20_distance"", ""rsi14_centered"", ""body_range_ratio"", ""breakout_position_60"", ""signed_volume_pressure_20"", ""ret_1d"", ""close_location_value"", ""intraday_return"", ""momentum_20_5"", ""gross_margin_change_yoy"", ""vol_ratio_5_20"", ""ret_5d"", ""downside_vol_20""]","{""colsample_bytree"": 0.85, ""gamma"": 0.0, ""learning_rate"": 0.05, ""max_depth"": 2, ""min_child_weight"": 5, ""n_estimators"": 200, ""reg_alpha"": 0.1, ""reg_lambda"": 5.0, ""subsample"": 0.85}",-0.005051469896760569,0.008808880888088809,0.1780464765778714,0.5174825174825175,0.4825174825174825,-0.028371636405572057,-0.20459077965822176,0.5704534881889766,0.5422260067618878,0.5443136884174645,0.0020860105011341703,0.0004267786242209088,0.002544660630227961,0.0007642940140100849,143,0.07008170122680607,0.06121885651633808,0.17154478617251478,0.6153846153846154,0.38461538461538464,0.40853297142081657,2.9459731523508372,0.5323946786823409,0.5298565811968146,0.5456777427607429,-0.0021331368995017347,-0.001107318738926139,-0.002061226388878101,-0.0010550528288936203,13,-0.10702149449388548,-0.09507966508692776,0.055920220834019436,0.0,1.0,-1.9138246040111888,-13.800785484013812,0.3609773712182047,0.36994234306050633,0.4090552383365826,-0.005446053651024076,-0.008572137302041268,-0.0016361651268141757,-0.0048381808478432965,4,-0.07513317112356664,0.10197002459712491,0.1780464765778714,0.17154478617251478,0.055920220834019436,False
top_15_20250703,XGBRanker,rank:ndcg,top_15,2025-07-03,2022-07-08,2025-03-28,2025-04-04,2025-06-27,143,14300,13,1300,15,"[""macd_hist_atr"", ""ret_20d"", ""ema20_distance"", ""rsi14_centered"", ""body_range_ratio"", ""breakout_position_60"", ""signed_volume_pressure_20"", ""ret_1d"", ""close_location_value"", ""intraday_return"", ""momentum_20_5"", ""gross_margin_change_yoy"", ""vol_ratio_5_20"", ""ret_5d"", ""downside_vol_20""]","{""colsample_bytree"": 0.85, ""gamma"": 0.0, ""learning_rate"": 0.05, ""max_depth"": 2, ""min_child_weight"": 5, ""n_estimators"": 200, ""reg_alpha"": 0.1, ""reg_lambda"": 5.0, ""subsample"": 0.85}",-0.0021206928661789332,0.011197119711971197,0.1817894985124373,0.5104895104895105,0.48951048951048953,-0.011665651115891296,-0.08412220652003954,0.5761075836699977,0.5353696281559824,0.539016194838186,0.0019847354495682716,-0.00038919355967972804,0.00293195747963596,0.0001314441742233443,143,0.013114800351379245,-0.013867428345181962,0.1351079118921491,0.46153846153846156,0.5384615384615384,0.09706907735979393,0.6999750713654354,0.5273159549701111,0.5079861558709041,0.529070116921072,0.006394939268345431,0.0019364597734652918,0.004820259995013144,0.0001513515786068361,13,-0.14970749395025948,-0.15285033143487245,0.0630663776130877,0.0,1.0,-2.373808352664793,-17.11777546731523,0.40191058372807437,0.375512705078672,0.42374472566202054,-0.013544744648309664,-0.01195484053944405,-0.010299012542679968,-0.009649601590587545,4,-0.015235493217558177,0.14758680108408054,0.1817894985124373,0.1351079118921491,0.0630663776130877,False
top_15_20250801,XGBRanker,rank:ndcg,top_15,2025-08-01,2022-08-05,2025-04-25,2025-05-02,2025-07-25,143,14300,13,1300,15,"[""macd_hist_atr"", ""ret_20d"", ""ema20_distance"", ""rsi14_centered"", ""body_range_ratio"", ""breakout_position_60"", ""signed_volume_pressure_20"", ""ret_1d"", ""close_location_value"", ""intraday_return"", ""momentum_20_5"", ""gross_margin_change_yoy"", ""vol_ratio_5_20"", ""ret_5d"", ""downside_vol_20""]","{""colsample_bytree"": 0.85, ""gamma"": 0.0, ""learning_rate"": 0.05, ""max_depth"": 2, ""min_child_weight"": 5, ""n_estimators"": 200, ""reg_alpha"": 0.1, ""reg_lambda"": 5.0, ""subsample"": 0.85}",0.00418162072045495,0.02023402340234023,0.18128124769402254,0.5174825174825175,0.4825174825174825,0.023067034090105902,0.1663387483695053,0.5737636712576358,0.5439977994691045,0.5462052188010195,0.001953450202427189,-3.928120995639343e-05,0.002838995506364537,0.0005585636480045521,143,-0.09308885504649456,-0.09509750975097507,0.08743708355582187,0.15384615384615385,0.8461538461538461,-1.0646381519239998,-7.677214893154403,0.4903666292114319,0.455138950391336,0.47760232246610534,0.0011111451935476066,-0.003751181574303792,0.0003001367106509235,-0.004596279616773517,13,-0.039794787823962896,-0.09593874514636475,0.29111186106944764,0.2,0.8,-0.13669930066665834,-0.9857526757474107,0.34229021566740314,0.38569816348899744,0.43525790937820574,0.0008149309945519164,0.0016185984998899768,-0.0007216748955675333,0.00019108553675054317,5,0.0972704757669495,0.043976408544417846,0.18128124769402254,0.08743708355582187,0.29111186106944764,False
top_15_20250905,XGBRanker,rank:ndcg,top_15,2025-09-05,2022-09-09,2025-05-30,2025-06-06,2025-08-29,143,14300,13,1300,15,"[""macd_hist_atr"", ""ret_20d"", ""ema20_distance"", ""rsi14_centered"", ""body_range_ratio"", ""breakout_position_60"", ""signed_volume_pressure_20"", ""ret_1d"", ""close_location_value"", ""intraday_return"", ""momentum_20_5"", ""gross_margin_change_yoy"", ""vol_ratio_5_20"", ""ret_5d"", ""downside_vol_20""]","{""colsample_bytree"": 0.85, ""gamma"": 0.0, ""learning_rate"": 0.05, ""max_depth"": 2, ""min_child_weight"": 5, ""n_estimators"": 200, ""reg_alpha"": 0.1, ""reg_lambda"": 5.0, ""subsample"": 0.85}",0.005596408784970117,0.011959231800929317,0.17172150932557295,0.5314685314685315,0.46853146853146854,0.032590027929230964,0.23501003353529146,0.5791629063983166,0.5452993528252086,0.5491344437723008,0.002696868423550334,0.0006081286834705731,0.0031696860536764033,0.0008531332202022711,143,-0.09345877670929079,-0.11812252098722464,0.185222068689582,0.07692307692307693,0.9230769230769231,-0.504576897183459,-3.6385557504189654,0.3600168369671583,0.3735503703779617,0.42366997508358334,-0.0031020621842095444,-0.005898770684136869,-0.0024588078728311055,-0.004550054550984294,13,-0.039806602693813496,-0.03486098240768834,0.17449793188929355,0.25,0.75,-0.22812077061788869,-1.6450022709223133,0.462366611726727,0.49092239577804725,0.4894553027759184,-0.001769527006595278,0.000584553727470653,-0.00019143315064797475,0.002425466759283896,4,0.0990551854942609,0.04540301147878362,0.17172150932557295,0.185222068689582,0.17449793188929355,False
top_15_20251003,XGBRanker,rank:ndcg,top_15,2025-10-03,2022-10-07,2025-06-27,2025-07-03,2025-09-26,143,14300,13,1300,15,"[""macd_hist_atr"", ""ret_20d"", ""ema20_distance"", ""rsi14_centered"", ""body_range_ratio"", ""breakout_position_60"", ""signed_volume_pressure_20"", ""ret_1d"", ""close_location_value"", ""intraday_return"", ""momentum_20_5"", ""gross_margin_change_yoy"", ""vol_ratio_5_20"", ""ret_5d"", ""downside_vol_20""]","{""colsample_bytree"": 0.85, ""gamma"": 0.0, ""learning_rate"": 0.05, ""max_depth"": 2, ""min_child_weight"": 5, ""n_estimators"": 200, ""reg_alpha"": 0.1, ""reg_lambda"": 5.0, ""subsample"": 0.85}",0.0028840865593473776,0.008616861686168617,0.17118436394857628,0.5174825174825175,0.4825174825174825,0.016847838744277813,0.12149149294648497,0.5832670903203648,0.5473690840537305,0.5465953681636992,0.0032079531119479153,0.0009909549973393802,0.003701541264378814,0.001123514137308846,143,-0.07942038047523284,-0.09466546654665466,0.20408515101087848,0.15384615384615385,0.8461538461538461,-0.3891531553464144,-2.806223311220201,0.39106583889751634,0.41158094778023924,0.44218966437116686,-0.004992838486759446,-0.00378563720303536,-0.006583252406332822,-0.0028648679696432287,13,-0.15082770119152705,-0.12373237323732371,0.17365120856747626,0.2,0.8,-0.8685669534682184,-6.2633253738064125,0.4982435790806708,0.4974974133950182,0.45803801126051924,0.017007575044919815,0.008673958885757603,0.01243944140159196,0.004204926715692957,5,0.08230446703458022,0.15371178775087443,0.17118436394857628,0.20408515101087848,0.17365120856747626,False
top_15_20251107,XGBRanker,rank:ndcg,top_15,2025-11-07,2022-11-11,2025-08-01,2025-08-08,2025-10-31,143,14300,13,1300,15,"[""macd_hist_atr"", ""ret_20d"", ""ema20_distance"", ""rsi14_centered"", ""body_range_ratio"", ""breakout_position_60"", ""signed_volume_pressure_20"", ""ret_1d"", ""close_location_value"", ""intraday_return"", ""momentum_20_5"", ""gross_margin_change_yoy"", ""vol_ratio_5_20"", ""ret_5d"", ""downside_vol_20""]","{""colsample_bytree"": 0.85, ""gamma"": 0.0, ""learning_rate"": 0.05, ""max_depth"": 2, ""min_child_weight"": 5, ""n_estimators"": 200, ""reg_alpha"": 0.1, ""reg_lambda"": 5.0, ""subsample"": 0.85}",-0.001416494371944943,0.004848499395459552,0.168022877704711,0.5174825174825175,0.4825174825174825,-0.008430366098325833,-0.060792234476894164,0.6046375062409783,0.5631415265016632,0.5514865438135638,0.003996853642842556,0.0014398098947295036,0.004125018763679528,0.0015252405373299208,143,-0.06683357790656629,-0.09007527775401404,0.21547529553063266,0.23076923076923078,0.7692307692307693,-0.31016816912575024,-2.2366544755993583,0.4474598886903876,0.4546072201688286,0.47518709285354055,0.003782283292166352,0.0015281819774699253,-9.466247906220513e-05,-0.00040680620244076896,13,0.04268000111105284,0.05894758520291656,0.15075778004718335,0.75,0.25,0.28310314132839504,2.041485784608913,0.5123736921197208,0.5105753366718404,0.545231698132254,0.011127684386673994,0.005978442367654252,0.00817543489400401,0.004280665789077097,4,0.06541708353462135,-0.04409649548299779,0.168022877704711,0.21547529553063266,0.15075778004718335,False
top_15_20251205,XGBRanker,rank:ndcg,top_15,2025-12-05,2022-12-09,2025-08-29,2025-09-05,2025-11-28,143,14300,13,1300,15,"[""macd_hist_atr"", ""ret_20d"", ""ema20_distance"", ""rsi14_centered"", ""body_range_ratio"", ""breakout_position_60"", ""signed_volume_pressure_20"", ""ret_1d"", ""close_location_value"", ""intraday_return"", ""momentum_20_5"", ""gross_margin_change_yoy"", ""vol_ratio_5_20"", ""ret_5d"", ""downside_vol_20""]","{""colsample_bytree"": 0.85, ""gamma"": 0.0, ""learning_rate"": 0.05, ""max_depth"": 2, ""min_child_weight"": 5, ""n_estimators"": 200, ""reg_alpha"": 0.1, ""reg_lambda"": 5.0, ""subsample"": 0.85}",-0.002115470975519019,-0.0038043804380438044,0.17028636742394587,0.4965034965034965,0.5034965034965035,-0.012423020160224164,-0.08958367236762217,0.5761626462050053,0.5430800092302536,0.5455329206964098,0.003262450992847208,0.0006437262421235249,0.0035821252405245064,0.0008815880222018443,143,-0.05626851223916866,-0.05768976897689768,0.18244479207818934,0.3076923076923077,0.6923076923076923,-0.30841391304309734,-2.224004355086759,0.4471489483137893,0.47531632566048315,0.48779477378287983,-0.00025624964609501956,0.0041019829445828136,-0.003290186564539705,0.0023995223875907462,13,0.00847284728472847,0.058019801980198016,0.16702403742828595,0.75,0.25,0.05072831081793483,0.3658070515434772,0.4901606668642611,0.5139843483712632,0.5277528440712409,-0.003625466381356278,0.003283683425448082,-0.001950135107222197,0.002832323326697423,4,0.054153041263649636,-0.01058831826024749,0.17028636742394587,0.18244479207818934,0.16702403742828595,False
top_15_20260102,XGBRanker,rank:ndcg,top_15,2026-01-02,2023-01-06,2025-09-26,2025-10-03,2025-12-26,143,14300,13,1300,15,"[""macd_hist_atr"", ""ret_20d"", ""ema20_distance"", ""rsi14_centered"", ""body_range_ratio"", ""breakout_position_60"", ""signed_volume_pressure_20"", ""ret_1d"", ""close_location_value"", ""intraday_return"", ""momentum_20_5"", ""gross_margin_change_yoy"", ""vol_ratio_5_20"", ""ret_5d"", ""downside_vol_20""]","{""colsample_bytree"": 0.85, ""gamma"": 0.0, ""learning_rate"": 0.05, ""max_depth"": 2, ""min_child_weight"": 5, ""n_estimators"": 200, ""reg_alpha"": 0.1, ""reg_lambda"": 5.0, ""subsample"": 0.85}",-0.0048538884923442225,-0.008965004081102635,0.16918412167303842,0.4825174825174825,0.5174825174825175,-0.028689976602678722,-0.20688636346564054,0.5771507784472605,0.545297189183706,0.5396538815631784,0.002836850423239874,0.00019145348559315215,0.003800206693102642,0.0009349558524952453,143,-0.037974564758848015,-0.01675972625187937,0.1775779811291182,0.46153846153846156,0.5384615384615384,-0.2138472603269233,-1.542074524452436,0.446404673886971,0.496321200748844,0.49945268074135407,0.007843259430790903,0.006652166496829335,0.0068250574196825065,0.005098294210378116,13,-0.06320919480280109,-0.12313868328493252,0.10304624753566119,0.4,0.6,-0.613406080419632,-4.42333415126874,0.5332320088110364,0.5310488965110468,0.5129292340277039,0.011473126226590021,0.007431047569062631,0.006906523209287303,0.002974897144227418,5,0.03312067626650379,0.058355306310456864,0.16918412167303842,0.1775779811291182,0.10304624753566119,False
top_15_20260206,XGBRanker,rank:ndcg,top_15,2026-02-06,2023-02-10,2025-10-31,2025-11-07,2026-01-30,143,14300,13,1300,15,"[""macd_hist_atr"", ""ret_20d"", ""ema20_distance"", ""rsi14_centered"", ""body_range_ratio"", ""breakout_position_60"", ""signed_volume_pressure_20"", ""ret_1d"", ""close_location_value"", ""intraday_return"", ""momentum_20_5"", ""gross_margin_change_yoy"", ""vol_ratio_5_20"", ""ret_5d"", ""downside_vol_20""]","{""colsample_bytree"": 0.85, ""gamma"": 0.0, ""learning_rate"": 0.05, ""max_depth"": 2, ""min_child_weight"": 5, ""n_estimators"": 200, ""reg_alpha"": 0.1, ""reg_lambda"": 5.0, ""subsample"": 0.85}",-0.014019883993696847,-0.012313379099345791,0.17076893315864133,0.46853146853146854,0.5314685314685315,-0.08209856286138781,-0.5920211560772746,0.5757757212022029,0.5404504049881603,0.5370057336023321,0.003834161746084535,0.00016885109258919152,0.003993365773797977,0.0004897641624663388,143,-0.017204545651768693,-0.019880047644996904,0.13615674803261343,0.46153846153846156,0.5384615384615384,-0.1263583766531183,-0.9111832122144197,0.47249475214434145,0.49771953750831427,0.5150735865287348,0.001157309603096701,0.00398530071713303,-0.002073084233480919,0.0003406420387659114,13,-0.08552810494844325,-0.08068717299319614,0.11426747400590494,0.25,0.75,-0.7484903791959509,-5.397440882764971,0.3469947341052707,0.41011944585313753,0.42910303010809026,0.0022053529131562865,0.0038596998936649505,-0.004817913387164403,-0.001516956146329125,4,0.0031846616580718454,0.0715082209547464,0.17076893315864133,0.13615674803261343,0.11426747400590494,False
top_15_20260306,XGBRanker,rank:ndcg,top_15,2026-03-06,2023-03-10,2025-11-28,2025-12-05,2026-02-27,143,14300,13,1300,15,"[""macd_hist_atr"", ""ret_20d"", ""ema20_distance"", ""rsi14_centered"", ""body_range_ratio"", ""breakout_position_60"", ""signed_volume_pressure_20"", ""ret_1d"", ""close_location_value"", ""intraday_return"", ""momentum_20_5"", ""gross_margin_change_yoy"", ""vol_ratio_5_20"", ""ret_5d"", ""downside_vol_20""]","{""colsample_bytree"": 0.85, ""gamma"": 0.0, ""learning_rate"": 0.05, ""max_depth"": 2, ""min_child_weight"": 5, ""n_estimators"": 200, ""reg_alpha"": 0.1, ""reg_lambda"": 5.0, ""subsample"": 0.85}",-0.015299932365652929,-0.013537516202789522,0.17218958300902423,0.46153846153846156,0.5384615384615384,-0.08885515661450367,-0.6407436465259525,0.5716023350807186,0.542043423180631,0.537170218349996,0.0034178145102937724,0.0009499547207614871,0.003808090932182755,0.0013343560515892167,143,-0.047361377875671955,-0.07110132343663396,0.1264870138933552,0.46153846153846156,0.5384615384615384,-0.3744366826115737,-2.700101317141329,0.4216480648626701,0.46789684044765895,0.4867187263759677,0.001131884605165362,0.004364026179230831,-0.0022710224932411447,0.0007728532366031407,13,-0.03474197291465743,-0.07033903390339033,0.16417270203586865,0.25,0.75,-0.21161845108127028,-1.5260023524155757,0.45310233120268256,0.47092960744835644,0.49613359768236487,-0.0073671283176445015,-0.0003352033084295892,-0.006544834708255423,0.0027544674490825316,4,0.03206144551001903,0.019442040549004502,0.17218958300902423,0.1264870138933552,0.16417270203586865,False
top_15_20260402,XGBRanker,rank:ndcg,top_15,2026-04-02,2023-04-06,2025-12-26,2026-01-02,2026-03-27,143,14300,13,1300,15,"[""macd_hist_atr"", ""ret_20d"", ""ema20_distance"", ""rsi14_centered"", ""body_range_ratio"", ""breakout_position_60"", ""signed_volume_pressure_20"", ""ret_1d"", ""close_location_value"", ""intraday_return"", ""momentum_20_5"", ""gross_margin_change_yoy"", ""vol_ratio_5_20"", ""ret_5d"", ""downside_vol_20""]","{""colsample_bytree"": 0.85, ""gamma"": 0.0, ""learning_rate"": 0.05, ""max_depth"": 2, ""min_child_weight"": 5, ""n_estimators"": 200, ""reg_alpha"": 0.1, ""reg_lambda"": 5.0, ""subsample"": 0.85}",-0.013376153709255588,-0.015667613764288234,0.1689831803323373,0.4755244755244755,0.5244755244755245,-0.07915671656166524,-0.5708072007209072,0.5711491632462149,0.5387055877985742,0.5350173312772403,0.0036264984811792854,0.0007877141318127815,0.004078990866266329,0.001344520961438079,143,-0.06059362184515628,-0.10905490549054904,0.1285217724494603,0.38461538461538464,0.6153846153846154,-0.4714658122924971,-3.3997883216977574,0.425763590805164,0.4487763982753939,0.4858025844294127,0.0007166661925674139,0.001262049902110615,-0.002139523386060678,-0.0010406372654470275,13,0.06961146354510517,0.05895892600074637,0.08631292385566082,0.75,0.25,0.8065010479950241,5.815761764523006,0.6784210716740078,0.6685760262970742,0.6356848951367533,0.01091032743107136,0.009270065600664235,0.011168842284848072,0.010105467202644174,4,0.04721746813590069,-0.08298761725436075,0.1689831803323373,0.1285217724494603,0.08631292385566082,False
top_15_20260501,XGBRanker,rank:ndcg,top_15,2026-05-01,2023-05-05,2026-01-23,2026-01-30,2026-04-24,143,14300,13,1300,15,"[""macd_hist_atr"", ""ret_20d"", ""ema20_distance"", ""rsi14_centered"", ""body_range_ratio"", ""breakout_position_60"", ""signed_volume_pressure_20"", ""ret_1d"", ""close_location_value"", ""intraday_return"", ""momentum_20_5"", ""gross_margin_change_yoy"", ""vol_ratio_5_20"", ""ret_5d"", ""downside_vol_20""]","{""colsample_bytree"": 0.85, ""gamma"": 0.0, ""learning_rate"": 0.05, ""max_depth"": 2, ""min_child_weight"": 5, ""n_estimators"": 200, ""reg_alpha"": 0.1, ""reg_lambda"": 5.0, ""subsample"": 0.85}",-0.016619560964651642,-0.015217567409511665,0.1663821797371038,0.46853146853146854,0.5314685314685315,-0.09988786654262963,-0.72030164923231,0.5702853244088275,0.5391263132277555,0.5367885721689016,0.003455516747243966,0.0007814349057919839,0.003623772451188533,0.0009907182695856652,143,-0.011702148739110359,-0.04586858685868587,0.13249550462920104,0.46153846153846156,0.5384615384615384,-0.08832110019022707,-0.636892510882512,0.538671327227942,0.5099370237719145,0.5357268152914743,0.00845970152168957,0.003324913516291553,0.006826454221864301,0.0013820660052360266,13,-0.08027842784278427,-0.07116711671167116,0.12983796834449382,0.2,0.8,-0.6182970117784404,-4.458603158866658,0.5341777523321882,0.5020735495090843,0.4863929155304694,-0.009427124374043546,-0.0072132094872586995,-0.009315416953793388,-0.007093087630190403,5,-0.004917412225541283,0.06365886687813263,0.1663821797371038,0.13249550462920104,0.12983796834449382,False
top_15_20260605,XGBRanker,rank:ndcg,top_15,2026-06-05,2023-06-09,2026-02-27,2026-03-06,2026-05-29,143,14300,13,1300,15,"[""macd_hist_atr"", ""ret_20d"", ""ema20_distance"", ""rsi14_centered"", ""body_range_ratio"", ""breakout_position_60"", ""signed_volume_pressure_20"", ""ret_1d"", ""close_location_value"", ""intraday_return"", ""momentum_20_5"", ""gross_margin_change_yoy"", ""vol_ratio_5_20"", ""ret_5d"", ""downside_vol_20""]","{""colsample_bytree"": 0.85, ""gamma"": 0.0, ""learning_rate"": 0.05, ""max_depth"": 2, ""min_child_weight"": 5, ""n_estimators"": 200, ""reg_alpha"": 0.1, ""reg_lambda"": 5.0, ""subsample"": 0.85}",-0.01759404441535525,-0.024146414641464144,0.1660052700399104,0.45454545454545453,0.5454545454545454,-0.10598485464422516,-0.764267655684703,0.5701211999411555,0.5398800579355736,0.5349453018665588,0.00407491046278319,0.0009070404788347236,0.004303707830067849,0.0009292576709508465,143,-0.01692632219123881,-0.04397252917070247,0.13192044299223896,0.38461538461538464,0.6153846153846154,-0.12830704481665975,-0.9252352581794455,0.5847064753742148,0.5340324183663432,0.539516432548826,0.004124313823792409,-0.0011128710306172649,0.0052080388166511294,0.0006629130766804312,13,0.014472077221808655,0.055523552355235525,0.17152373319083508,0.75,0.25,0.08437361380018012,0.6084267817054909,0.458280454678453,0.4795275490472197,0.49993530325028857,0.005993009909712558,0.0063286456858887286,0.0022848240531793945,0.001808907890127982,4,-0.0006677222241164397,-0.03206612163716391,0.1660052700399104,0.13192044299223896,0.17152373319083508,False
top_15_20260702,XGBRanker,rank:ndcg,top_15,2026-07-02,2023-07-07,2026-03-27,2026-04-02,2026-06-26,143,14300,13,1300,15,"[""macd_hist_atr"", ""ret_20d"", ""ema20_distance"", ""rsi14_centered"", ""body_range_ratio"", ""breakout_position_60"", ""signed_volume_pressure_20"", ""ret_1d"", ""close_location_value"", ""intraday_return"", ""momentum_20_5"", ""gross_margin_change_yoy"", ""vol_ratio_5_20"", ""ret_5d"", ""downside_vol_20""]","{""colsample_bytree"": 0.85, ""gamma"": 0.0, ""learning_rate"": 0.05, ""max_depth"": 2, ""min_child_weight"": 5, ""n_estimators"": 200, ""reg_alpha"": 0.1, ""reg_lambda"": 5.0, ""subsample"": 0.85}",-0.014369326451162392,-0.030039003900390035,0.16373338639036752,0.46153846153846156,0.5384615384615384,-0.08776051584802343,-0.632850079702437,0.556635557069478,0.5305924329434538,0.530473852010689,0.004082892930891395,0.0007345681348915065,0.00444116025267769,0.0010283428173022363,143,-0.009870964620420987,0.012355272593132696,0.1207489787209944,0.5384615384615384,0.46153846153846156,-0.0817478104160954,-0.5894918442242822,0.5732941173072282,0.5232082666272014,0.5418496937693461,0.005611932740744531,-0.0015091889256596493,0.004743309604390536,-0.00244745122742901,13,0.12745041030904197,0.17927392739273926,0.17431678122265493,0.8,0.2,0.7311425177490485,5.272343674832068,0.5896283565833451,0.5396167833111594,0.5740879482947643,0.005198447578700919,-0.003079081917821182,0.007486498396758287,-0.0014930899085546282,5,-0.0044983618307414056,-0.14181973676020437,0.16373338639036752,0.1207489787209944,0.17431678122265493,False
top_15_20260807,XGBRanker,rank:ndcg,top_15,2026-08-07,2023-08-11,2026-05-01,2026-05-08,2026-07-31,143,14300,13,1300,15,"[""macd_hist_atr"", ""ret_20d"", ""ema20_distance"", ""rsi14_centered"", ""body_range_ratio"", ""breakout_position_60"", ""signed_volume_pressure_20"", ""ret_1d"", ""close_location_value"", ""intraday_return"", ""momentum_20_5"", ""gross_margin_change_yoy"", ""vol_ratio_5_20"", ""ret_5d"", ""downside_vol_20""]","{""colsample_bytree"": 0.85, ""gamma"": 0.0, ""learning_rate"": 0.05, ""max_depth"": 2, ""min_child_weight"": 5, ""n_estimators"": 200, ""reg_alpha"": 0.1, ""reg_lambda"": 5.0, ""subsample"": 0.85}",-0.013356008790272973,-0.012529290516979635,0.162173109683167,0.4755244755244755,0.5244755244755245,-0.08235649434339778,-0.5938811264451613,0.5735752900723569,0.5358477782815286,0.5330642445841309,0.005749727253602274,0.0011078292323260042,0.0056035424960517366,0.001185570545101405,143,0.03183658079130237,0.021458403342719562,0.1739272805928058,0.6153846153846154,0.38461538461538464,0.18304535483330747,1.3199588251739804,0.5259098809288216,0.5137258949830804,0.5318777596236166,0.0029114387158366765,-0.0016973856675355837,0.0020013629285031654,-0.0024805533253268357,13,0.08661110763826167,0.11690369036903689,0.059789653344701786,1.0,0.0,1.4485969192516928,10.445980939682292,0.6714220366577512,0.5971621693806726,0.6138829535296179,0.025029410457730175,0.0021388631900520114,0.02563314230309254,0.001725509288813113,3,-0.04519258958157534,-0.09996711642853465,0.162173109683167,0.1739272805928058,0.059789653344701786,False
all_eligible_20240105,XGBRanker,rank:ndcg,all_eligible,2024-01-05,2021-01-08,2023-09-29,2023-10-06,2023-12-29,143,14300,13,1300,37,"[""macd_hist_atr"", ""ret_20d"", ""ema20_distance"", ""rsi14_centered"", ""body_range_ratio"", ""breakout_position_60"", ""signed_volume_pressure_20"", ""ret_1d"", ""close_location_value"", ""intraday_return"", ""momentum_20_5"", ""gross_margin_change_yoy"", ""vol_ratio_5_20"", ""ret_5d"", ""downside_vol_20"", ""overnight_vol_20"", ""revenue_growth_yoy"", ""ema60_distance"", ""gap_followthrough_20"", ""volume_zscore_20"", ""amihud_illiq_20"", ""realized_vol_20"", ""volume_cv_20"", ""asset_growth_yoy"", ""return_volume_corr_20"", ""ret_60d"", ""operating_profitability"", ""overnight_gap"", ""cashflow_to_assets"", ""volume_trend_5_20"", ""trend_r2_20"", ""ema20_60_spread"", ""parkinson_vol_20"", ""ret_120d"", ""realized_vol_5"", ""debt_to_assets"", ""return_autocorr_20""]","{""colsample_bytree"": 1.0, ""gamma"": 0.1, ""learning_rate"": 0.03, ""max_depth"": 3, ""min_child_weight"": 5, ""n_estimators"": 400, ""reg_alpha"": 0.0, ""reg_lambda"": 5.0, ""subsample"": 0.85}",0.03520582664758723,0.056081608160816074,0.22056883110617673,0.5874125874125874,0.4125874125874126,0.15961378799999154,1.1509913938100165,0.7203289685774322,0.637378232763301,0.6082130569255304,0.01113964801147332,0.004451688739067339,0.010910848050305625,0.004449799784159971,143,-0.05238449213259019,-0.016657665766576655,0.24856871175250814,0.46153846153846156,0.5384615384615384,-0.21074451310971004,-1.5197002960795047,0.5088328315677397,0.5151147621846255,0.5080269691016386,-3.9158436184464626e-05,-0.0009955333220935106,0.00022862262054329684,-0.00025507016374998794,13,-0.10630932765033331,-0.10838026159685216,0.2007239575444299,0.25,0.75,-0.529629491919528,-3.8192125802275974,0.48395449725811235,0.47537483953473797,0.46529489912614536,-0.010482989441743851,-0.007455223367294322,-0.010129024733580561,-0.005839907188981084,4,0.08759031878017742,0.14151515429792055,0.22056883110617673,0.24856871175250814,0.2007239575444299,False
all_eligible_20240202,XGBRanker,rank:ndcg,all_eligible,2024-02-02,2021-02-05,2023-10-27,2023-11-03,2024-01-26,143,14300,13,1300,37,"[""macd_hist_atr"", ""ret_20d"", ""ema20_distance"", ""rsi14_centered"", ""body_range_ratio"", ""breakout_position_60"", ""signed_volume_pressure_20"", ""ret_1d"", ""close_location_value"", ""intraday_return"", ""momentum_20_5"", ""gross_margin_change_yoy"", ""vol_ratio_5_20"", ""ret_5d"", ""downside_vol_20"", ""overnight_vol_20"", ""revenue_growth_yoy"", ""ema60_distance"", ""gap_followthrough_20"", ""volume_zscore_20"", ""amihud_illiq_20"", ""realized_vol_20"", ""volume_cv_20"", ""asset_growth_yoy"", ""return_volume_corr_20"", ""ret_60d"", ""operating_profitability"", ""overnight_gap"", ""cashflow_to_assets"", ""volume_trend_5_20"", ""trend_r2_20"", ""ema20_60_spread"", ""parkinson_vol_20"", ""ret_120d"", ""realized_vol_5"", ""debt_to_assets"", ""return_autocorr_20""]","{""colsample_bytree"": 1.0, ""gamma"": 0.1, ""learning_rate"": 0.03, ""max_depth"": 3, ""min_child_weight"": 5, ""n_estimators"": 400, ""reg_alpha"": 0.0, ""reg_lambda"": 5.0, ""subsample"": 0.85}",0.031800339200041904,0.05765393835591012,0.2172932484188937,0.6013986013986014,0.3986013986013986,0.14634757145669722,1.055327345853504,0.706557880386748,0.6346226384167958,0.6034052716258219,0.00964039855839626,0.0044887416343628896,0.00969336752400898,0.004563379797233099,143,-0.06158098644622594,-0.00738073807380738,0.2525493487628671,0.38461538461538464,0.6153846153846154,-0.243837439090163,-1.7583367790348199,0.5162882267696037,0.5064860900590828,0.5103291967834102,-0.003868181447393391,-0.002311049743993887,-0.003593433752933389,-0.002407565189500378,13,-0.020804248805476325,0.03679567956795679,0.13830566569927313,0.75,0.25,-0.1504222455406298,-1.0847102385343503,0.4123621515389289,0.4567128582596437,0.5052416177900982,-0.005765780840816991,-0.005300785079381457,-0.0061262933849473775,-0.004373389894975613,4,0.09338132564626785,0.05260458800551823,0.2172932484188937,0.2525493487628671,0.13830566569927313,False
all_eligible_20240301,XGBRanker,rank:ndcg,all_eligible,2024-03-01,2021-03-05,2023-11-24,2023-12-01,2024-02-23,143,14300,13,1300,37,"[""macd_hist_atr"", ""ret_20d"", ""ema20_distance"", ""rsi14_centered"", ""body_range_ratio"", ""breakout_position_60"", ""signed_volume_pressure_20"", ""ret_1d"", ""close_location_value"", ""intraday_return"", ""momentum_20_5"", ""gross_margin_change_yoy"", ""vol_ratio_5_20"", ""ret_5d"", ""downside_vol_20"", ""overnight_vol_20"", ""revenue_growth_yoy"", ""ema60_distance"", ""gap_followthrough_20"", ""volume_zscore_20"", ""amihud_illiq_20"", ""realized_vol_20"", ""volume_cv_20"", ""asset_growth_yoy"", ""return_volume_corr_20"", ""ret_60d"", ""operating_profitability"", ""overnight_gap"", ""cashflow_to_assets"", ""volume_trend_5_20"", ""trend_r2_20"", ""ema20_60_spread"", ""parkinson_vol_20"", ""ret_120d"", ""realized_vol_5"", ""debt_to_assets"", ""return_autocorr_20""]","{""colsample_bytree"": 1.0, ""gamma"": 0.1, ""learning_rate"": 0.03, ""max_depth"": 3, ""min_child_weight"": 5, ""n_estimators"": 400, ""reg_alpha"": 0.0, ""reg_lambda"": 5.0, ""subsample"": 0.85}",0.031102228331305305,0.04658865886588659,0.22280824440177055,0.6013986013986014,0.3986013986013986,0.13959190969262963,1.0066115760734295,0.7277548873056018,0.6440778368827306,0.6093914445811163,0.010676721859875268,0.0047135929678299845,0.010791462097124059,0.004427081787157119,143,-0.11173925024818486,-0.007872881763324404,0.19061059521210258,0.38461538461538464,0.6153846153846154,-0.5862174142200576,-4.22727389108066,0.4218035972185325,0.44652320131307577,0.46935690411333997,-0.00571936647455441,-0.006843301496572387,-0.00492418355251006,-0.005894459145229195,13,-0.04424362436243623,-0.05761776177617762,0.1934859489868009,0.4,0.6,-0.22866582609290356,-1.6489327218485903,0.630433333399848,0.5962612111304818,0.555581286394099,0.008578247069662518,0.004677635845280774,0.007487457320856277,0.004214587029651339,5,0.14284147857949017,0.07534585269374153,0.22280824440177055,0.19061059521210258,0.1934859489868009,False
all_eligible_20240405,XGBRanker,rank:ndcg,all_eligible,2024-04-05,2021-04-09,2023-12-29,2024-01-05,2024-03-28,143,14300,13,1300,37,"[""macd_hist_atr"", ""ret_20d"", ""ema20_distance"", ""rsi14_centered"", ""body_range_ratio"", ""breakout_position_60"", ""signed_volume_pressure_20"", ""ret_1d"", ""close_location_value"", ""intraday_return"", ""momentum_20_5"", ""gross_margin_change_yoy"", ""vol_ratio_5_20"", ""ret_5d"", ""downside_vol_20"", ""overnight_vol_20"", ""revenue_growth_yoy"", ""ema60_distance"", ""gap_followthrough_20"", ""volume_zscore_20"", ""amihud_illiq_20"", ""realized_vol_20"", ""volume_cv_20"", ""asset_growth_yoy"", ""return_volume_corr_20"", ""ret_60d"", ""operating_profitability"", ""overnight_gap"", ""cashflow_to_assets"", ""volume_trend_5_20"", ""trend_r2_20"", ""ema20_60_spread"", ""parkinson_vol_20"", ""ret_120d"", ""realized_vol_5"", ""debt_to_assets"", ""return_autocorr_20""]","{""colsample_bytree"": 1.0, ""gamma"": 0.1, ""learning_rate"": 0.03, ""max_depth"": 3, ""min_child_weight"": 5, ""n_estimators"": 400, ""reg_alpha"": 0.0, ""reg_lambda"": 5.0, ""subsample"": 0.85}",0.025075881534923294,0.05212121212121212,0.22325845365900215,0.5874125874125874,0.4125874125874126,0.11231772469956904,0.8099346310954887,0.7085953646114993,0.6262857521777759,0.603993203045708,0.009329087119623906,0.003947149923949006,0.009257651252558074,0.003985723237849677,143,-0.05121228313621128,0.008245071863052962,0.1716644251652877,0.5384615384615384,0.46153846153846156,-0.2983278747876932,-2.1512728988944567,0.5341392195212568,0.5151235869804265,0.5147435207054246,0.0009596611724812451,-0.0007766746080968682,0.0010317163937545674,-0.0002229528331586414,13,0.019249636939749584,0.02700227861811183,0.12296821565042529,0.5,0.5,0.156541565134787,1.1288372796697208,0.5520566241627185,0.5115167081316181,0.5324154239924733,0.0008774435720058863,0.0002613940185827563,0.0016291790567157733,-0.00021871960498021743,4,0.07628816467113458,0.00582624459517371,0.22325845365900215,0.1716644251652877,0.12296821565042529,False
all_eligible_20240503,XGBRanker,rank:ndcg,all_eligible,2024-05-03,2021-05-07,2024-01-26,2024-02-02,2024-04-26,143,14300,13,1300,37,"[""macd_hist_atr"", ""ret_20d"", ""ema20_distance"", ""rsi14_centered"", ""body_range_ratio"", ""breakout_position_60"", ""signed_volume_pressure_20"", ""ret_1d"", ""close_location_value"", ""intraday_return"", ""momentum_20_5"", ""gross_margin_change_yoy"", ""vol_ratio_5_20"", ""ret_5d"", ""downside_vol_20"", ""overnight_vol_20"", ""revenue_growth_yoy"", ""ema60_distance"", ""gap_followthrough_20"", ""volume_zscore_20"", ""amihud_illiq_20"", ""realized_vol_20"", ""volume_cv_20"", ""asset_growth_yoy"", ""return_volume_corr_20"", ""ret_60d"", ""operating_profitability"", ""overnight_gap"", ""cashflow_to_assets"", ""volume_trend_5_20"", ""trend_r2_20"", ""ema20_60_spread"", ""parkinson_vol_20"", ""ret_120d"", ""realized_vol_5"", ""debt_to_assets"", ""return_autocorr_20""]","{""colsample_bytree"": 1.0, ""gamma"": 0.1, ""learning_rate"": 0.03, ""max_depth"": 3, ""min_child_weight"": 5, ""n_estimators"": 400, ""reg_alpha"": 0.0, ""reg_lambda"": 5.0, ""subsample"": 0.85}",0.01895659830644594,0.03621962196219622,0.22624084022586402,0.5734265734265734,0.42657342657342656,0.0837894620949998,0.6042144038541362,0.7001965743166747,0.6279409038389275,0.5995034352739835,0.0087562484870942,0.003553770038056105,0.0085019002405142,0.00372654558015992,143,-0.019628094931688173,0.009096909690969096,0.1402472525887473,0.5384615384615384,0.46153846153846156,-0.1399535076044907,-1.0092190956980611,0.4780932100995047,0.499440732395838,0.5128752903263881,-0.0007443690408035609,-0.0013583426852074242,-0.0006853648894839334,-0.0013406576325474507,13,-0.17655683328178723,-0.16906090609060903,0.1487325343324511,0.2,0.8,-1.1870760763555772,-8.560127322353278,0.43822562466255144,0.4197157493097691,0.44990588612496885,-0.00010663367156178022,-0.001868917438799943,-0.001286366330169641,-0.003504110785137418,5,0.03858469323813411,0.19551343158823317,0.22624084022586402,0.1402472525887473,0.1487325343324511,False
all_eligible_20240607,XGBRanker,rank:ndcg,all_eligible,2024-06-07,2021-06-11,2024-03-01,2024-03-08,2024-05-31,143,14300,13,1300,37,"[""macd_hist_atr"", ""ret_20d"", ""ema20_distance"", ""rsi14_centered"", ""body_range_ratio"", ""breakout_position_60"", ""signed_volume_pressure_20"", ""ret_1d"", ""close_location_value"", ""intraday_return"", ""momentum_20_5"", ""gross_margin_change_yoy"", ""vol_ratio_5_20"", ""ret_5d"", ""downside_vol_20"", ""overnight_vol_20"", ""revenue_growth_yoy"", ""ema60_distance"", ""gap_followthrough_20"", ""volume_zscore_20"", ""amihud_illiq_20"", ""realized_vol_20"", ""volume_cv_20"", ""asset_growth_yoy"", ""return_volume_corr_20"", ""ret_60d"", ""operating_profitability"", ""overnight_gap"", ""cashflow_to_assets"", ""volume_trend_5_20"", ""trend_r2_20"", ""ema20_60_spread"", ""parkinson_vol_20"", ""ret_120d"", ""realized_vol_5"", ""debt_to_assets"", ""return_autocorr_20""]","{""colsample_bytree"": 1.0, ""gamma"": 0.1, ""learning_rate"": 0.03, ""max_depth"": 3, ""min_child_weight"": 5, ""n_estimators"": 400, ""reg_alpha"": 0.0, ""reg_lambda"": 5.0, ""subsample"": 0.85}",0.01605485695794434,0.041992199219921984,0.2229770910974069,0.5594405594405595,0.4405594405594406,0.07200227108053367,0.5192157606614441,0.6975543927647866,0.6207303451362097,0.5983513093306727,0.008520749457551562,0.0029074411351663826,0.008317042205589452,0.0030084834450549297,143,-0.05395744322820406,-0.036724113103312,0.1708840700210924,0.38461538461538464,0.6153846153846154,-0.31575467052923095,-2.2769393101207607,0.5207751408266262,0.49517261117394706,0.5084475631931825,0.0018633482023271582,-0.0013262448657878798,0.001559802551647378,-0.0023251235056357712,13,-0.08508873532819733,-0.08790279027902789,0.24376186427166976,0.5,0.5,-0.349065000722865,-2.5171435171523284,0.5101068065609973,0.41597770854699395,0.49218493561454546,0.006659526169052282,-0.005928040508496558,0.007279909244386765,-0.007395532508878898,4,0.0700123001861484,0.10114359228614167,0.2229770910974069,0.1708840700210924,0.24376186427166976,False
all_eligible_20240705,XGBRanker,rank:ndcg,all_eligible,2024-07-05,2021-07-09,2024-03-28,2024-04-05,2024-06-28,143,14300,13,1300,37,"[""macd_hist_atr"", ""ret_20d"", ""ema20_distance"", ""rsi14_centered"", ""body_range_ratio"", ""breakout_position_60"", ""signed_volume_pressure_20"", ""ret_1d"", ""close_location_value"", ""intraday_return"", ""momentum_20_5"", ""gross_margin_change_yoy"", ""vol_ratio_5_20"", ""ret_5d"", ""downside_vol_20"", ""overnight_vol_20"", ""revenue_growth_yoy"", ""ema60_distance"", ""gap_followthrough_20"", ""volume_zscore_20"", ""amihud_illiq_20"", ""realized_vol_20"", ""volume_cv_20"", ""asset_growth_yoy"", ""return_volume_corr_20"", ""ret_60d"", ""operating_profitability"", ""overnight_gap"", ""cashflow_to_assets"", ""volume_trend_5_20"", ""trend_r2_20"", ""ema20_60_spread"", ""parkinson_vol_20"", ""ret_120d"", ""realized_vol_5"", ""debt_to_assets"", ""return_autocorr_20""]","{""colsample_bytree"": 1.0, ""gamma"": 0.1, ""learning_rate"": 0.03, ""max_depth"": 3, ""min_child_weight"": 5, ""n_estimators"": 400, ""reg_alpha"": 0.0, ""reg_lambda"": 5.0, ""subsample"": 0.85}",0.016007859349086682,0.038608324135083236,0.2221366459578661,0.5804195804195804,0.4195804195804196,0.07206311808688685,0.5196545346641739,0.7015841511639758,0.6261799040907401,0.5972283190653941,0.00866969984120576,0.0034120154570982677,0.008508293487182933,0.003371362229632267,143,-0.08125748126820616,-0.1148998346834895,0.19379396279772634,0.38461538461538464,0.6153846153846154,-0.41929831092323117,-3.0236031194983046,0.4439138463235807,0.42821063219696015,0.4644724353470912,1.924904014955108e-05,-0.0011503071014282986,0.0008629771988154373,-0.001281586208863668,13,-0.036026262856529705,-0.05134125977910865,0.09464516989285097,0.25,0.75,-0.38064555113922355,-2.744874104819441,0.6071044834456871,0.5287171765976794,0.5518050540899319,0.0033314386090426053,-0.0017282641148843071,-0.0017026613637152535,-0.005257129318497607,4,0.09726534061729283,0.05203412220561639,0.2221366459578661,0.19379396279772634,0.09464516989285097,False
all_eligible_20240802,XGBRanker,rank:ndcg,all_eligible,2024-08-02,2021-08-06,2024-04-26,2024-05-03,2024-07-26,143,14300,13,1300,37,"[""macd_hist_atr"", ""ret_20d"", ""ema20_distance"", ""rsi14_centered"", ""body_range_ratio"", ""breakout_position_60"", ""signed_volume_pressure_20"", ""ret_1d"", ""close_location_value"", ""intraday_return"", ""momentum_20_5"", ""gross_margin_change_yoy"", ""vol_ratio_5_20"", ""ret_5d"", ""downside_vol_20"", ""overnight_vol_20"", ""revenue_growth_yoy"", ""ema60_distance"", ""gap_followthrough_20"", ""volume_zscore_20"", ""amihud_illiq_20"", ""realized_vol_20"", ""volume_cv_20"", ""asset_growth_yoy"", ""return_volume_corr_20"", ""ret_60d"", ""operating_profitability"", ""overnight_gap"", ""cashflow_to_assets"", ""volume_trend_5_20"", ""trend_r2_20"", ""ema20_60_spread"", ""parkinson_vol_20"", ""ret_120d"", ""realized_vol_5"", ""debt_to_assets"", ""return_autocorr_20""]","{""colsample_bytree"": 1.0, ""gamma"": 0.1, ""learning_rate"": 0.03, ""max_depth"": 3, ""min_child_weight"": 5, ""n_estimators"": 400, ""reg_alpha"": 0.0, ""reg_lambda"": 5.0, ""subsample"": 0.85}",0.021890615889556517,0.04852099766297765,0.21380124887348992,0.5944055944055944,0.40559440559440557,0.1023876895242534,0.7383281291119654,0.6987910228508687,0.6319155928329148,0.6006459455630511,0.008191472260604748,0.003991165938278999,0.00812304170867709,0.0037713907780893077,143,-0.09938711841042723,-0.12236423642364236,0.18005412099401433,0.38461538461538464,0.6153846153846154,-0.5519846913902694,-3.9804182161575645,0.4513741059991073,0.4331642022073137,0.4804343092502549,-0.0040205979338346284,-0.0021870825652645382,-0.00571517982384195,-0.004544874991698111,13,-0.11732841950210618,-0.1682153261793535,0.2773970100474608,0.2,0.8,-0.4229620913434938,-3.0500230158329007,0.42315613114422346,0.4445981259594084,0.45885262741988164,-0.011842978769733333,-0.006905957529379858,-0.014576596061301055,-0.010100618619899828,5,0.12127773429998374,0.1392190353916627,0.21380124887348992,0.18005412099401433,0.2773970100474608,False
all_eligible_20240906,XGBRanker,rank:ndcg,all_eligible,2024-09-06,2021-09-10,2024-05-31,2024-06-07,2024-08-30,143,14300,13,1300,37,"[""macd_hist_atr"", ""ret_20d"", ""ema20_distance"", ""rsi14_centered"", ""body_range_ratio"", ""breakout_position_60"", ""signed_volume_pressure_20"", ""ret_1d"", ""close_location_value"", ""intraday_return"", ""momentum_20_5"", ""gross_margin_change_yoy"", ""vol_ratio_5_20"", ""ret_5d"", ""downside_vol_20"", ""overnight_vol_20"", ""revenue_growth_yoy"", ""ema60_distance"", ""gap_followthrough_20"", ""volume_zscore_20"", ""amihud_illiq_20"", ""realized_vol_20"", ""volume_cv_20"", ""asset_growth_yoy"", ""return_volume_corr_20"", ""ret_60d"", ""operating_profitability"", ""overnight_gap"", ""cashflow_to_assets"", ""volume_trend_5_20"", ""trend_r2_20"", ""ema20_60_spread"", ""parkinson_vol_20"", ""ret_120d"", ""realized_vol_5"", ""debt_to_assets"", ""return_autocorr_20""]","{""colsample_bytree"": 1.0, ""gamma"": 0.1, ""learning_rate"": 0.03, ""max_depth"": 3, ""min_child_weight"": 5, ""n_estimators"": 400, ""reg_alpha"": 0.0, ""reg_lambda"": 5.0, ""subsample"": 0.85}",0.020088735777247797,0.04372037203720371,0.20727681312262078,0.5734265734265734,0.42657342657342656,0.09691742879780628,0.6988815180332416,0.7208846724991678,0.6318760671057372,0.6026741203677001,0.010207553496545474,0.0037053752309679417,0.010097569496756498,0.0037049305173381896,143,-0.06424756789493971,-0.09624962496249623,0.21675732312620233,0.3076923076923077,0.6923076923076923,-0.29640321705547606,-2.137393994612003,0.5395005800064415,0.49036260084156147,0.5050633639423096,0.002340074703389083,-0.002598113841972637,-0.0002451557004997663,-0.0048528975495243255,13,-0.0748110837145938,-0.06946891164348096,0.11543844814811245,0.5,0.5,-0.6480603725598251,-4.6732298057214905,0.5043922775661088,0.504269223035958,0.5068000370535618,-0.00426770616189876,-0.0003278532939663297,-0.007524249042177522,-0.0030344040650166788,4,0.0843363036721875,0.09489981949184159,0.20727681312262078,0.21675732312620233,0.11543844814811245,False
all_eligible_20241004,XGBRanker,rank:ndcg,all_eligible,2024-10-04,2021-10-08,2024-06-28,2024-07-05,2024-09-27,143,14300,13,1300,37,"[""macd_hist_atr"", ""ret_20d"", ""ema20_distance"", ""rsi14_centered"", ""body_range_ratio"", ""breakout_position_60"", ""signed_volume_pressure_20"", ""ret_1d"", ""close_location_value"", ""intraday_return"", ""momentum_20_5"", ""gross_margin_change_yoy"", ""vol_ratio_5_20"", ""ret_5d"", ""downside_vol_20"", ""overnight_vol_20"", ""revenue_growth_yoy"", ""ema60_distance"", ""gap_followthrough_20"", ""volume_zscore_20"", ""amihud_illiq_20"", ""realized_vol_20"", ""volume_cv_20"", ""asset_growth_yoy"", ""return_volume_corr_20"", ""ret_60d"", ""operating_profitability"", ""overnight_gap"", ""cashflow_to_assets"", ""volume_trend_5_20"", ""trend_r2_20"", ""ema20_60_spread"", ""parkinson_vol_20"", ""ret_120d"", ""realized_vol_5"", ""debt_to_assets"", ""return_autocorr_20""]","{""colsample_bytree"": 1.0, ""gamma"": 0.1, ""learning_rate"": 0.03, ""max_depth"": 3, ""min_child_weight"": 5, ""n_estimators"": 400, ""reg_alpha"": 0.0, ""reg_lambda"": 5.0, ""subsample"": 0.85}",0.021822179554843946,0.05095709570957095,0.20550211586118233,0.5874125874125874,0.4125874125874126,0.1061895614232261,0.765743817260949,0.7249402816194973,0.6477603582710738,0.605410963486319,0.01029603595990973,0.005134033248181912,0.010129292291532662,0.005086322790259833,143,-0.07239544704615775,-0.10504650465046504,0.1806208741515121,0.23076923076923078,0.7692307692307693,-0.40081439859176804,-2.890313732133762,0.45627974859068604,0.46959495104103327,0.4883607172367068,-0.0027812334806049327,-0.002086448151148437,-0.006153564056388391,-0.005379850973382171,13,0.016765753768485638,0.020666066606660663,0.1314980738411589,0.5,0.5,0.12749809391685518,0.9194018302822894,0.5242501498595185,0.5426168573788595,0.5481317482454424,0.0011902490774706983,-0.0010497424832515518,0.0008129749931269428,-0.0006385260656571502,4,0.09421762660100169,0.005056425786358308,0.20550211586118233,0.1806208741515121,0.1314980738411589,False
all_eligible_20241101,XGBRanker,rank:ndcg,all_eligible,2024-11-01,2021-11-05,2024-07-26,2024-08-02,2024-10-25,143,14300,13,1300,37,"[""macd_hist_atr"", ""ret_20d"", ""ema20_distance"", ""rsi14_centered"", ""body_range_ratio"", ""breakout_position_60"", ""signed_volume_pressure_20"", ""ret_1d"", ""close_location_value"", ""intraday_return"", ""momentum_20_5"", ""gross_margin_change_yoy"", ""vol_ratio_5_20"", ""ret_5d"", ""downside_vol_20"", ""overnight_vol_20"", ""revenue_growth_yoy"", ""ema60_distance"", ""gap_followthrough_20"", ""volume_zscore_20"", ""amihud_illiq_20"", ""realized_vol_20"", ""volume_cv_20"", ""asset_growth_yoy"", ""return_volume_corr_20"", ""ret_60d"", ""operating_profitability"", ""overnight_gap"", ""cashflow_to_assets"", ""volume_trend_5_20"", ""trend_r2_20"", ""ema20_60_spread"", ""parkinson_vol_20"", ""ret_120d"", ""realized_vol_5"", ""debt_to_assets"", ""return_autocorr_20""]","{""colsample_bytree"": 1.0, ""gamma"": 0.1, ""learning_rate"": 0.03, ""max_depth"": 3, ""min_child_weight"": 5, ""n_estimators"": 400, ""reg_alpha"": 0.0, ""reg_lambda"": 5.0, ""subsample"": 0.85}",0.021289927868884752,0.04326432643264326,0.2077419748765486,0.5944055944055944,0.40559440559440557,0.10248255260659944,0.73901219652706,0.7183102688147508,0.6331273887837763,0.6023668451662916,0.010991177948729761,0.004032310823601327,0.010883612814423491,0.003771961774230642,143,-0.05538597518097196,-0.07847584758475847,0.19170411589920364,0.3076923076923077,0.6923076923076923,-0.28891385519387297,-2.083387438186974,0.477451196732608,0.47049746967352457,0.4966684500533993,-0.0034530192238535653,-0.003909863026429956,-0.005756515749635546,-0.0053536443754646,13,-0.07926319184016002,-0.041020594309516475,0.13762985957958593,0.2,0.8,-0.5759156630856347,-4.1529869071961985,0.44939167615220244,0.43211525227609926,0.4726858961540115,-0.0013566518056499534,-0.004184786359277445,-0.0036279436558893942,-0.0030334920309927444,5,0.0766759030498567,0.10055311970904478,0.2077419748765486,0.19170411589920364,0.13762985957958593,False
all_eligible_20241206,XGBRanker,rank:ndcg,all_eligible,2024-12-06,2021-12-10,2024-08-30,2024-09-06,2024-11-29,143,14300,13,1300,37,"[""macd_hist_atr"", ""ret_20d"", ""ema20_distance"", ""rsi14_centered"", ""body_range_ratio"", ""breakout_position_60"", ""signed_volume_pressure_20"", ""ret_1d"", ""close_location_value"", ""intraday_return"", ""momentum_20_5"", ""gross_margin_change_yoy"", ""vol_ratio_5_20"", ""ret_5d"", ""downside_vol_20"", ""overnight_vol_20"", ""revenue_growth_yoy"", ""ema60_distance"", ""gap_followthrough_20"", ""volume_zscore_20"", ""amihud_illiq_20"", ""realized_vol_20"", ""volume_cv_20"", ""asset_growth_yoy"", ""return_volume_corr_20"", ""ret_60d"", ""operating_profitability"", ""overnight_gap"", ""cashflow_to_assets"", ""volume_trend_5_20"", ""trend_r2_20"", ""ema20_60_spread"", ""parkinson_vol_20"", ""ret_120d"", ""realized_vol_5"", ""debt_to_assets"", ""return_autocorr_20""]","{""colsample_bytree"": 1.0, ""gamma"": 0.1, ""learning_rate"": 0.03, ""max_depth"": 3, ""min_child_weight"": 5, ""n_estimators"": 400, ""reg_alpha"": 0.0, ""reg_lambda"": 5.0, ""subsample"": 0.85}",0.024562979070349066,0.03788790245412328,0.20062904871273976,0.5734265734265734,0.42657342657342656,0.1224298237366329,0.8828540142568962,0.7176634300746204,0.6442540496343071,0.6050036654013586,0.01018784904403553,0.004769395172401509,0.009894406285536816,0.004577892690819684,143,-0.0551027049754593,-0.030303030303030304,0.1126725607007072,0.3076923076923077,0.6923076923076923,-0.48905167888949413,-3.5266018091756415,0.4743941784101562,0.4751260877796658,0.5006217611933736,-0.0036395123917378268,-0.0037410187746759202,-0.005277382724179756,-0.004579649242963573,13,-0.048785339126819496,-0.07568642417537046,0.14097150820564466,0.25,0.75,-0.34606524217399326,-2.495511950628391,0.37608045060435114,0.4028821600820318,0.44170220388620823,0.0034394995430587685,0.00044544432488084567,0.0036134196540005686,0.000439615582187029,4,0.07966568404580837,0.07334831819716855,0.20062904871273976,0.1126725607007072,0.14097150820564466,False
all_eligible_20250103,XGBRanker,rank:ndcg,all_eligible,2025-01-03,2022-01-07,2024-09-27,2024-10-04,2024-12-27,143,14300,13,1300,37,"[""macd_hist_atr"", ""ret_20d"", ""ema20_distance"", ""rsi14_centered"", ""body_range_ratio"", ""breakout_position_60"", ""signed_volume_pressure_20"", ""ret_1d"", ""close_location_value"", ""intraday_return"", ""momentum_20_5"", ""gross_margin_change_yoy"", ""vol_ratio_5_20"", ""ret_5d"", ""downside_vol_20"", ""overnight_vol_20"", ""revenue_growth_yoy"", ""ema60_distance"", ""gap_followthrough_20"", ""volume_zscore_20"", ""amihud_illiq_20"", ""realized_vol_20"", ""volume_cv_20"", ""asset_growth_yoy"", ""return_volume_corr_20"", ""ret_60d"", ""operating_profitability"", ""overnight_gap"", ""cashflow_to_assets"", ""volume_trend_5_20"", ""trend_r2_20"", ""ema20_60_spread"", ""parkinson_vol_20"", ""ret_120d"", ""realized_vol_5"", ""debt_to_assets"", ""return_autocorr_20""]","{""colsample_bytree"": 1.0, ""gamma"": 0.1, ""learning_rate"": 0.03, ""max_depth"": 3, ""min_child_weight"": 5, ""n_estimators"": 400, ""reg_alpha"": 0.0, ""reg_lambda"": 5.0, ""subsample"": 0.85}",0.02298235134466173,0.038326982524977626,0.19321013908448292,0.5804195804195804,0.4195804195804196,0.1189500274341839,0.8577608462635965,0.7154910094573713,0.6312670794246249,0.5972666897544544,0.01073539232343117,0.0041135966383169026,0.010663669461540152,0.004061395676889965,143,-0.03853789825804266,-0.01842184218421842,0.12369007059801232,0.3076923076923077,0.6923076923076923,-0.31156824530636135,-2.2467505685168563,0.4726170018732393,0.465679596622734,0.502921682071992,0.0017076321705007333,-0.0014971635516606333,0.0014070962520385374,-0.0015209801238217117,13,-0.14517221354840673,-0.2022808349269078,0.2769212334073906,0.4,0.6,-0.5242364832848975,-3.7803230419052367,0.5969139385299875,0.5418060719393939,0.49133077027400995,-0.0006249604288341433,-0.0029230718438739965,0.0019285534631111345,-0.0025590567080325454,5,0.061520249602704385,0.16815456489306846,0.19321013908448292,0.12369007059801232,0.2769212334073906,False
all_eligible_20250207,XGBRanker,rank:ndcg,all_eligible,2025-02-07,2022-02-11,2024-11-01,2024-11-08,2025-01-31,143,14300,13,1300,37,"[""macd_hist_atr"", ""ret_20d"", ""ema20_distance"", ""rsi14_centered"", ""body_range_ratio"", ""breakout_position_60"", ""signed_volume_pressure_20"", ""ret_1d"", ""close_location_value"", ""intraday_return"", ""momentum_20_5"", ""gross_margin_change_yoy"", ""vol_ratio_5_20"", ""ret_5d"", ""downside_vol_20"", ""overnight_vol_20"", ""revenue_growth_yoy"", ""ema60_distance"", ""gap_followthrough_20"", ""volume_zscore_20"", ""amihud_illiq_20"", ""realized_vol_20"", ""volume_cv_20"", ""asset_growth_yoy"", ""return_volume_corr_20"", ""ret_60d"", ""operating_profitability"", ""overnight_gap"", ""cashflow_to_assets"", ""volume_trend_5_20"", ""trend_r2_20"", ""ema20_60_spread"", ""parkinson_vol_20"", ""ret_120d"", ""realized_vol_5"", ""debt_to_assets"", ""return_autocorr_20""]","{""colsample_bytree"": 1.0, ""gamma"": 0.1, ""learning_rate"": 0.03, ""max_depth"": 3, ""min_child_weight"": 5, ""n_estimators"": 400, ""reg_alpha"": 0.0, ""reg_lambda"": 5.0, ""subsample"": 0.85}",0.020979267644100713,0.027440826405243236,0.1892661924252416,0.5874125874125874,0.4125874125874126,0.11084529875766022,0.7993168166297375,0.712923553304766,0.6374403589110095,0.5967474586391097,0.010712084268547917,0.004497633885612005,0.010871895136741944,0.004300371960420798,143,-0.09140446717889938,-0.05044104410441044,0.19493491066244206,0.3076923076923077,0.6923076923076923,-0.46889737127270864,-3.3812670301080527,0.4561646772608714,0.43770922005475155,0.4751038659855133,0.00021101308315434134,-0.0036628816274761273,0.0003038776311009691,-0.0024308118652613567,13,-0.01664291750621153,0.014461354991974696,0.20014099517438258,0.5,0.5,-0.0831559645824214,-0.5996461883251756,0.4175602526013078,0.4568036674006498,0.5032948960102366,-0.005328342132466187,0.0007907347169353674,-0.007252799447788205,-0.0005699365872822828,4,0.1123837348230001,0.037622185150312244,0.1892661924252416,0.19493491066244206,0.20014099517438258,False
all_eligible_20250307,XGBRanker,rank:ndcg,all_eligible,2025-03-07,2022-03-11,2024-11-29,2024-12-06,2025-02-28,143,14300,13,1300,37,"[""macd_hist_atr"", ""ret_20d"", ""ema20_distance"", ""rsi14_centered"", ""body_range_ratio"", ""breakout_position_60"", ""signed_volume_pressure_20"", ""ret_1d"", ""close_location_value"", ""intraday_return"", ""momentum_20_5"", ""gross_margin_change_yoy"", ""vol_ratio_5_20"", ""ret_5d"", ""downside_vol_20"", ""overnight_vol_20"", ""revenue_growth_yoy"", ""ema60_distance"", ""gap_followthrough_20"", ""volume_zscore_20"", ""amihud_illiq_20"", ""realized_vol_20"", ""volume_cv_20"", ""asset_growth_yoy"", ""return_volume_corr_20"", ""ret_60d"", ""operating_profitability"", ""overnight_gap"", ""cashflow_to_assets"", ""volume_trend_5_20"", ""trend_r2_20"", ""ema20_60_spread"", ""parkinson_vol_20"", ""ret_120d"", ""realized_vol_5"", ""debt_to_assets"", ""return_autocorr_20""]","{""colsample_bytree"": 1.0, ""gamma"": 0.1, ""learning_rate"": 0.03, ""max_depth"": 3, ""min_child_weight"": 5, ""n_estimators"": 400, ""reg_alpha"": 0.0, ""reg_lambda"": 5.0, ""subsample"": 0.85}",0.021752457938149193,0.033423442614739736,0.19797938996331016,0.5804195804195804,0.4195804195804196,0.10987233540915745,0.7923006781453897,0.7150441850338917,0.6433697554138756,0.6012127004804811,0.010192750456689307,0.004650017000774779,0.010043298234319755,0.004621389477287736,143,-0.06637700616127842,-0.06367255827378875,0.2114819668782567,0.46153846153846156,0.5384615384615384,-0.31386603378570577,-2.26332015688175,0.47913981847807185,0.47679723188516776,0.4779101235209421,0.004155807351239358,-0.0005438763265567843,0.004324202447764779,-0.0003154293820148579,13,0.09462259420959249,0.020660127993276267,0.278462782639096,0.5,0.5,0.33980337807738165,2.450357006467751,0.401876785677836,0.39779319026924814,0.48587952993339023,-0.03045345887894642,-0.018427044968527043,-0.024109602533393948,-0.013698561265163712,4,0.08812946409942762,-0.07287013627144329,0.19797938996331016,0.2114819668782567,0.278462782639096,False
all_eligible_20250404,XGBRanker,rank:ndcg,all_eligible,2025-04-04,2022-04-08,2024-12-27,2025-01-03,2025-03-28,143,14300,13,1300,37,"[""macd_hist_atr"", ""ret_20d"", ""ema20_distance"", ""rsi14_centered"", ""body_range_ratio"", ""breakout_position_60"", ""signed_volume_pressure_20"", ""ret_1d"", ""close_location_value"", ""intraday_return"", ""momentum_20_5"", ""gross_margin_change_yoy"", ""vol_ratio_5_20"", ""ret_5d"", ""downside_vol_20"", ""overnight_vol_20"", ""revenue_growth_yoy"", ""ema60_distance"", ""gap_followthrough_20"", ""volume_zscore_20"", ""amihud_illiq_20"", ""realized_vol_20"", ""volume_cv_20"", ""asset_growth_yoy"", ""return_volume_corr_20"", ""ret_60d"", ""operating_profitability"", ""overnight_gap"", ""cashflow_to_assets"", ""volume_trend_5_20"", ""trend_r2_20"", ""ema20_60_spread"", ""parkinson_vol_20"", ""ret_120d"", ""realized_vol_5"", ""debt_to_assets"", ""return_autocorr_20""]","{""colsample_bytree"": 1.0, ""gamma"": 0.1, ""learning_rate"": 0.03, ""max_depth"": 3, ""min_child_weight"": 5, ""n_estimators"": 400, ""reg_alpha"": 0.0, ""reg_lambda"": 5.0, ""subsample"": 0.85}",0.022242057844318153,0.03216321632163216,0.194489941359708,0.5734265734265734,0.42657342657342656,0.11436096740438415,0.8246686637763458,0.7134783936082503,0.6415589150766224,0.5973210686301342,0.01048150634413319,0.004872737500403737,0.010567112546802428,0.005002270844791666,143,-0.03162443885493037,-0.05858403415578169,0.2585859372879284,0.46153846153846156,0.5384615384615384,-0.12229759741233498,-0.8819005166724517,0.45213833969983624,0.4766873469241101,0.48394964078241237,-0.00976088594498134,-0.005540049174616752,-0.007593876947817045,-0.0027371263545281303,13,0.10469846984698468,0.048604860486048604,0.11679539018395378,1.0,0.0,0.8964263887648618,6.46422261874145,0.6689269983925274,0.6149507640018245,0.6110121597806106,0.016142440643086106,0.012002583910701511,0.01228030288947629,0.007628238101347639,4,0.05386649669924852,-0.08245641200266653,0.194489941359708,0.2585859372879284,0.11679539018395378,False
all_eligible_20250502,XGBRanker,rank:ndcg,all_eligible,2025-05-02,2022-05-06,2025-01-24,2025-01-31,2025-04-25,143,14300,13,1300,37,"[""macd_hist_atr"", ""ret_20d"", ""ema20_distance"", ""rsi14_centered"", ""body_range_ratio"", ""breakout_position_60"", ""signed_volume_pressure_20"", ""ret_1d"", ""close_location_value"", ""intraday_return"", ""momentum_20_5"", ""gross_margin_change_yoy"", ""vol_ratio_5_20"", ""ret_5d"", ""downside_vol_20"", ""overnight_vol_20"", ""revenue_growth_yoy"", ""ema60_distance"", ""gap_followthrough_20"", ""volume_zscore_20"", ""amihud_illiq_20"", ""realized_vol_20"", ""volume_cv_20"", ""asset_growth_yoy"", ""return_volume_corr_20"", ""ret_60d"", ""operating_profitability"", ""overnight_gap"", ""cashflow_to_assets"", ""volume_trend_5_20"", ""trend_r2_20"", ""ema20_60_spread"", ""parkinson_vol_20"", ""ret_120d"", ""realized_vol_5"", ""debt_to_assets"", ""return_autocorr_20""]","{""colsample_bytree"": 1.0, ""gamma"": 0.1, ""learning_rate"": 0.03, ""max_depth"": 3, ""min_child_weight"": 5, ""n_estimators"": 400, ""reg_alpha"": 0.0, ""reg_lambda"": 5.0, ""subsample"": 0.85}",0.022446651343381908,0.0264026402640264,0.19409232876260107,0.5804195804195804,0.4195804195804196,0.11564934836160856,0.8339593109835539,0.7184907914623623,0.6398856837979561,0.5960765812885102,0.011295539407420924,0.005261027814744123,0.011243199650393191,0.005366279984627547,143,0.04498057575054337,0.056345634563456336,0.2057462647488174,0.6153846153846154,0.38461538461538464,0.21862159104301265,1.5765027128582019,0.4857333036367443,0.4789015398657251,0.5148619434838586,-0.004889157062616987,-0.0025769084506489306,-0.0043841699210878495,-0.0025688863901965698,13,-0.011809129643134549,0.024230423042304227,0.0898715202026051,0.8,0.2,-0.13140013228342207,-0.9475398291012587,0.45587564744659836,0.4703367393877693,0.4880973809312669,0.0031808287183910365,0.0027479810320104312,-0.0011448979703744607,-0.0008965958995264505,5,-0.022533924407161465,0.03425578098651646,0.19409232876260107,0.2057462647488174,0.0898715202026051,False
all_eligible_20250606,XGBRanker,rank:ndcg,all_eligible,2025-06-06,2022-06-10,2025-02-28,2025-03-07,2025-05-30,143,14300,13,1300,37,"[""macd_hist_atr"", ""ret_20d"", ""ema20_distance"", ""rsi14_centered"", ""body_range_ratio"", ""breakout_position_60"", ""signed_volume_pressure_20"", ""ret_1d"", ""close_location_value"", ""intraday_return"", ""momentum_20_5"", ""gross_margin_change_yoy"", ""vol_ratio_5_20"", ""ret_5d"", ""downside_vol_20"", ""overnight_vol_20"", ""revenue_growth_yoy"", ""ema60_distance"", ""gap_followthrough_20"", ""volume_zscore_20"", ""amihud_illiq_20"", ""realized_vol_20"", ""volume_cv_20"", ""asset_growth_yoy"", ""return_volume_corr_20"", ""ret_60d"", ""operating_profitability"", ""overnight_gap"", ""cashflow_to_assets"", ""volume_trend_5_20"", ""trend_r2_20"", ""ema20_60_spread"", ""parkinson_vol_20"", ""ret_120d"", ""realized_vol_5"", ""debt_to_assets"", ""return_autocorr_20""]","{""colsample_bytree"": 1.0, ""gamma"": 0.1, ""learning_rate"": 0.03, ""max_depth"": 3, ""min_child_weight"": 5, ""n_estimators"": 400, ""reg_alpha"": 0.0, ""reg_lambda"": 5.0, ""subsample"": 0.85}",0.020397392426055483,0.028382838283828378,0.18710623488805828,0.5804195804195804,0.4195804195804196,0.10901503329516953,0.7861185846842954,0.7093422555017244,0.6339867035514274,0.5981041411217976,0.010533120047430344,0.0046607650071537506,0.010478555440393791,0.0047841012763146,143,0.06426894957211673,0.040912091209120906,0.17524555269660183,0.5384615384615384,0.46153846153846156,0.3667365509890224,2.644574878355468,0.5084964025486477,0.49067569606464545,0.5420212542168137,-0.0013988101540033486,-0.0018228252247742649,-0.0028285206973064476,-0.00287659003834397,13,-0.09581100230855753,-0.06590799239787658,0.10101154616489914,0.0,1.0,-0.9485153524147444,-6.839841477392313,0.5149182605138889,0.4949379150307183,0.5011113797690095,-0.005727802236626506,-0.007235237280199583,-0.004450266129994712,-0.006603253228431014,4,-0.04387155714606125,0.11620839473461302,0.18710623488805828,0.17524555269660183,0.10101154616489914,False
all_eligible_20250703,XGBRanker,rank:ndcg,all_eligible,2025-07-03,2022-07-08,2025-03-28,2025-04-04,2025-06-27,143,14300,13,1300,37,"[""macd_hist_atr"", ""ret_20d"", ""ema20_distance"", ""rsi14_centered"", ""body_range_ratio"", ""breakout_position_60"", ""signed_volume_pressure_20"", ""ret_1d"", ""close_location_value"", ""intraday_return"", ""momentum_20_5"", ""gross_margin_change_yoy"", ""vol_ratio_5_20"", ""ret_5d"", ""downside_vol_20"", ""overnight_vol_20"", ""revenue_growth_yoy"", ""ema60_distance"", ""gap_followthrough_20"", ""volume_zscore_20"", ""amihud_illiq_20"", ""realized_vol_20"", ""volume_cv_20"", ""asset_growth_yoy"", ""return_volume_corr_20"", ""ret_60d"", ""operating_profitability"", ""overnight_gap"", ""cashflow_to_assets"", ""volume_trend_5_20"", ""trend_r2_20"", ""ema20_60_spread"", ""parkinson_vol_20"", ""ret_120d"", ""realized_vol_5"", ""debt_to_assets"", ""return_autocorr_20""]","{""colsample_bytree"": 1.0, ""gamma"": 0.1, ""learning_rate"": 0.03, ""max_depth"": 3, ""min_child_weight"": 5, ""n_estimators"": 400, ""reg_alpha"": 0.0, ""reg_lambda"": 5.0, ""subsample"": 0.85}",0.02099374445282821,0.02747074707470747,0.19182649445436217,0.5524475524475524,0.44755244755244755,0.10944131837754495,0.7891925701292354,0.7110913711424227,0.6192311675376782,0.591573005690252,0.010184625192989575,0.0022245128338884376,0.010440928010296214,0.0026805133072879696,143,-0.0033610875047301483,0.023570639913367573,0.13268236258799088,0.6153846153846154,0.38461538461538464,-0.025331833404015385,-0.1826704484793779,0.50172349348229,0.4648962491271623,0.5210805283895571,0.003944026404629661,0.0005685507965238714,0.0025130110293590086,-0.0020774719585261938,13,-0.14117576033673424,-0.15383066858825994,0.028971095059840832,0.0,1.0,-4.8729866801765915,-35.13960668005948,0.39914766997555096,0.406745778745647,0.446699672448957,-0.010773542380441996,-0.010800423428898972,-0.008483055968597778,-0.00887300897997,4,0.02435483195755836,0.16216950478956244,0.19182649445436217,0.13268236258799088,0.028971095059840832,False
all_eligible_20250801,XGBRanker,rank:ndcg,all_eligible,2025-08-01,2022-08-05,2025-04-25,2025-05-02,2025-07-25,143,14300,13,1300,37,"[""macd_hist_atr"", ""ret_20d"", ""ema20_distance"", ""rsi14_centered"", ""body_range_ratio"", ""breakout_position_60"", ""signed_volume_pressure_20"", ""ret_1d"", ""close_location_value"", ""intraday_return"", ""momentum_20_5"", ""gross_margin_change_yoy"", ""vol_ratio_5_20"", ""ret_5d"", ""downside_vol_20"", ""overnight_vol_20"", ""revenue_growth_yoy"", ""ema60_distance"", ""gap_followthrough_20"", ""volume_zscore_20"", ""amihud_illiq_20"", ""realized_vol_20"", ""volume_cv_20"", ""asset_growth_yoy"", ""return_volume_corr_20"", ""ret_60d"", ""operating_profitability"", ""overnight_gap"", ""cashflow_to_assets"", ""volume_trend_5_20"", ""trend_r2_20"", ""ema20_60_spread"", ""parkinson_vol_20"", ""ret_120d"", ""realized_vol_5"", ""debt_to_assets"", ""return_autocorr_20""]","{""colsample_bytree"": 1.0, ""gamma"": 0.1, ""learning_rate"": 0.03, ""max_depth"": 3, ""min_child_weight"": 5, ""n_estimators"": 400, ""reg_alpha"": 0.0, ""reg_lambda"": 5.0, ""subsample"": 0.85}",0.02714908896227959,0.031023102310231022,0.1898785107760842,0.5454545454545454,0.45454545454545453,0.14298136661865532,1.031053297558954,0.7010016833767182,0.6214109219496721,0.5932010355108402,0.009351975034461607,0.0031698464905738633,0.00986397073783107,0.003721039258310894,143,-0.0776091205388806,-0.09591359135913591,0.10133976235433981,0.3076923076923077,0.6923076923076923,-0.765830891407819,-5.522485094610372,0.42312043032021057,0.4305945653781088,0.4667758774734382,-0.006744023319189733,-0.003967257435552058,-0.005957386012263249,-0.004591898340416658,13,-0.04394883818906878,-0.1643344054652455,0.34886594707999813,0.2,0.8,-0.12597629134319296,-0.908427955861345,0.34306594972589644,0.39812997116476784,0.4631190676607086,-0.0009522478919990792,0.0014548056046045734,-0.002563968742079234,0.0002889671860216783,5,0.10475820950116019,0.07109792715134837,0.1898785107760842,0.10133976235433981,0.34886594707999813,False
all_eligible_20250905,XGBRanker,rank:ndcg,all_eligible,2025-09-05,2022-09-09,2025-05-30,2025-06-06,2025-08-29,143,14300,13,1300,37,"[""macd_hist_atr"", ""ret_20d"", ""ema20_distance"", ""rsi14_centered"", ""body_range_ratio"", ""breakout_position_60"", ""signed_volume_pressure_20"", ""ret_1d"", ""close_location_value"", ""intraday_return"", ""momentum_20_5"", ""gross_margin_change_yoy"", ""vol_ratio_5_20"", ""ret_5d"", ""downside_vol_20"", ""overnight_vol_20"", ""revenue_growth_yoy"", ""ema60_distance"", ""gap_followthrough_20"", ""volume_zscore_20"", ""amihud_illiq_20"", ""realized_vol_20"", ""volume_cv_20"", ""asset_growth_yoy"", ""return_volume_corr_20"", ""ret_60d"", ""operating_profitability"", ""overnight_gap"", ""cashflow_to_assets"", ""volume_trend_5_20"", ""trend_r2_20"", ""ema20_60_spread"", ""parkinson_vol_20"", ""ret_120d"", ""realized_vol_5"", ""debt_to_assets"", ""return_autocorr_20""]","{""colsample_bytree"": 1.0, ""gamma"": 0.1, ""learning_rate"": 0.03, ""max_depth"": 3, ""min_child_weight"": 5, ""n_estimators"": 400, ""reg_alpha"": 0.0, ""reg_lambda"": 5.0, ""subsample"": 0.85}",0.0332773312123592,0.0431448322243159,0.18007135266007995,0.5804195804195804,0.4195804195804196,0.18480080657347367,1.3326175676955239,0.7062984374471308,0.6266573101177999,0.594610815714748,0.010530305694117077,0.003995836134015362,0.010893151606474517,0.004305941585522774,143,-0.08957129299306568,-0.15567823824103566,0.21197051052812355,0.07692307692307693,0.9230769230769231,-0.4225648783403843,-3.047158672132916,0.4009997700725273,0.4222810905112856,0.46070724685449443,-0.006271424235092277,-0.004499563988574421,-0.004752748003125535,-0.0037288702760352923,13,-0.07068860776053126,-0.027039028373124815,0.23315098709726853,0.25,0.75,-0.30318811273589247,-2.1863205731608337,0.5795552604364507,0.5269610242410031,0.5174618594187874,0.0046250326887791815,2.9063587233360425e-05,0.004267404956352273,0.0008311793263795155,4,0.12284862420542489,0.10396593897289047,0.18007135266007995,0.21197051052812355,0.23315098709726853,False
all_eligible_20251003,XGBRanker,rank:ndcg,all_eligible,2025-10-03,2022-10-07,2025-06-27,2025-07-03,2025-09-26,143,14300,13,1300,37,"[""macd_hist_atr"", ""ret_20d"", ""ema20_distance"", ""rsi14_centered"", ""body_range_ratio"", ""breakout_position_60"", ""signed_volume_pressure_20"", ""ret_1d"", ""close_location_value"", ""intraday_return"", ""momentum_20_5"", ""gross_margin_change_yoy"", ""vol_ratio_5_20"", ""ret_5d"", ""downside_vol_20"", ""overnight_vol_20"", ""revenue_growth_yoy"", ""ema60_distance"", ""gap_followthrough_20"", ""volume_zscore_20"", ""amihud_illiq_20"", ""realized_vol_20"", ""volume_cv_20"", ""asset_growth_yoy"", ""return_volume_corr_20"", ""ret_60d"", ""operating_profitability"", ""overnight_gap"", ""cashflow_to_assets"", ""volume_trend_5_20"", ""trend_r2_20"", ""ema20_60_spread"", ""parkinson_vol_20"", ""ret_120d"", ""realized_vol_5"", ""debt_to_assets"", ""return_autocorr_20""]","{""colsample_bytree"": 1.0, ""gamma"": 0.1, ""learning_rate"": 0.03, ""max_depth"": 3, ""min_child_weight"": 5, ""n_estimators"": 400, ""reg_alpha"": 0.0, ""reg_lambda"": 5.0, ""subsample"": 0.85}",0.03140500103236645,0.043420472308843217,0.1791808952376369,0.5944055944055944,0.40559440559440557,0.17526980759146157,1.2638885566234446,0.7014899916869355,0.6282002126635152,0.5952216541583571,0.010541243345984726,0.004653220657465369,0.010679595513641007,0.004907203567874776,143,-0.08505438370197184,-0.1375097509750975,0.24315864092801096,0.23076923076923078,0.7692307692307693,-0.34978968206666716,-2.5223692686392303,0.4158375799455053,0.46047520703120737,0.476817899573892,-0.005222076215910494,-0.001652813256087788,-0.0040113098070880555,-0.00034903398699727406,13,-0.1498267877067187,-0.15224722472247224,0.20371294354604302,0.2,0.8,-0.7354799606675704,-5.3036214205263255,0.5077622472636876,0.4628044353458477,0.4867831764960524,0.004666220146853034,-0.0013630151311994172,-0.000899787437727001,-0.006397601224731939,5,0.11645938473433828,0.18123178873908516,0.1791808952376369,0.24315864092801096,0.20371294354604302,False
all_eligible_20251107,XGBRanker,rank:ndcg,all_eligible,2025-11-07,2022-11-11,2025-08-01,2025-08-08,2025-10-31,143,14300,13,1300,37,"[""macd_hist_atr"", ""ret_20d"", ""ema20_distance"", ""rsi14_centered"", ""body_range_ratio"", ""breakout_position_60"", ""signed_volume_pressure_20"", ""ret_1d"", ""close_location_value"", ""intraday_return"", ""momentum_20_5"", ""gross_margin_change_yoy"", ""vol_ratio_5_20"", ""ret_5d"", ""downside_vol_20"", ""overnight_vol_20"", ""revenue_growth_yoy"", ""ema60_distance"", ""gap_followthrough_20"", ""volume_zscore_20"", ""amihud_illiq_20"", ""realized_vol_20"", ""volume_cv_20"", ""asset_growth_yoy"", ""return_volume_corr_20"", ""ret_60d"", ""operating_profitability"", ""overnight_gap"", ""cashflow_to_assets"", ""volume_trend_5_20"", ""trend_r2_20"", ""ema20_60_spread"", ""parkinson_vol_20"", ""ret_120d"", ""realized_vol_5"", ""debt_to_assets"", ""return_autocorr_20""]","{""colsample_bytree"": 1.0, ""gamma"": 0.1, ""learning_rate"": 0.03, ""max_depth"": 3, ""min_child_weight"": 5, ""n_estimators"": 400, ""reg_alpha"": 0.0, ""reg_lambda"": 5.0, ""subsample"": 0.85}",0.022530975584114935,0.01822987767748282,0.17990773162069634,0.5384615384615384,0.46153846153846156,0.1252362829609653,0.9030916795285551,0.715370194420653,0.6279169860707532,0.5950410931394489,0.011104000353847295,0.0039193463394515534,0.01131726561548638,0.004116373980958137,143,-0.06420247986079163,-0.12351072160488115,0.25380857427494435,0.3076923076923077,0.6923076923076923,-0.25295630789542484,-1.824093877138021,0.4795233000277437,0.49719036995677285,0.5052111733244373,0.003929758666434454,0.0028034972554000937,0.002352570643528973,0.0008150048188801768,13,0.07218029955349746,0.10661071884870556,0.19815604791736788,0.75,0.25,0.3642598866505302,2.626715397826375,0.5046971600950493,0.4832312136907245,0.5229080908177941,0.005527200874193995,0.0035710781996755917,0.0008989069467518875,6.0472221377087885e-05,4,0.08673345544490656,-0.04964932396938253,0.17990773162069634,0.25380857427494435,0.19815604791736788,False
all_eligible_20251205,XGBRanker,rank:ndcg,all_eligible,2025-12-05,2022-12-09,2025-08-29,2025-09-05,2025-11-28,143,14300,13,1300,37,"[""macd_hist_atr"", ""ret_20d"", ""ema20_distance"", ""rsi14_centered"", ""body_range_ratio"", ""breakout_position_60"", ""signed_volume_pressure_20"", ""ret_1d"", ""close_location_value"", ""intraday_return"", ""momentum_20_5"", ""gross_margin_change_yoy"", ""vol_ratio_5_20"", ""ret_5d"", ""downside_vol_20"", ""overnight_vol_20"", ""revenue_growth_yoy"", ""ema60_distance"", ""gap_followthrough_20"", ""volume_zscore_20"", ""amihud_illiq_20"", ""realized_vol_20"", ""volume_cv_20"", ""asset_growth_yoy"", ""return_volume_corr_20"", ""ret_60d"", ""operating_profitability"", ""overnight_gap"", ""cashflow_to_assets"", ""volume_trend_5_20"", ""trend_r2_20"", ""ema20_60_spread"", ""parkinson_vol_20"", ""ret_120d"", ""realized_vol_5"", ""debt_to_assets"", ""return_autocorr_20""]","{""colsample_bytree"": 1.0, ""gamma"": 0.1, ""learning_rate"": 0.03, ""max_depth"": 3, ""min_child_weight"": 5, ""n_estimators"": 400, ""reg_alpha"": 0.0, ""reg_lambda"": 5.0, ""subsample"": 0.85}",0.024145039632653926,0.0171017101710171,0.18175514655746153,0.5384615384615384,0.46153846153846156,0.13284377411024517,0.9579500783612891,0.6926159373739453,0.6219706508089139,0.5912866616455381,0.009156604151976479,0.003617179043411491,0.0097173454633834,0.003936799761152832,143,-0.05115538483347953,-0.019706207096613824,0.22060206073410205,0.46153846153846156,0.5384615384615384,-0.2318898774709932,-1.6721816869654555,0.43678466711461267,0.48207964087738403,0.4945913104603377,0.003370776592833772,0.0020213088883722875,0.0006299752173038516,-7.443342019971939e-05,13,-0.05983798379837983,0.00486048604860486,0.15718914873047513,0.5,0.5,-0.3806750292984996,-2.7450866748489933,0.5117205942359945,0.5062785739297468,0.5332127178116858,-0.0040266980224614255,-0.0005512641937573024,-0.0029828975207110385,-0.0006328083884914663,4,0.07530042446613346,0.08398302343103375,0.18175514655746153,0.22060206073410205,0.15718914873047513,False
all_eligible_20260102,XGBRanker,rank:ndcg,all_eligible,2026-01-02,2023-01-06,2025-09-26,2025-10-03,2025-12-26,143,14300,13,1300,37,"[""macd_hist_atr"", ""ret_20d"", ""ema20_distance"", ""rsi14_centered"", ""body_range_ratio"", ""breakout_position_60"", ""signed_volume_pressure_20"", ""ret_1d"", ""close_location_value"", ""intraday_return"", ""momentum_20_5"", ""gross_margin_change_yoy"", ""vol_ratio_5_20"", ""ret_5d"", ""downside_vol_20"", ""overnight_vol_20"", ""revenue_growth_yoy"", ""ema60_distance"", ""gap_followthrough_20"", ""volume_zscore_20"", ""amihud_illiq_20"", ""realized_vol_20"", ""volume_cv_20"", ""asset_growth_yoy"", ""return_volume_corr_20"", ""ret_60d"", ""operating_profitability"", ""overnight_gap"", ""cashflow_to_assets"", ""volume_trend_5_20"", ""trend_r2_20"", ""ema20_60_spread"", ""parkinson_vol_20"", ""ret_120d"", ""realized_vol_5"", ""debt_to_assets"", ""return_autocorr_20""]","{""colsample_bytree"": 1.0, ""gamma"": 0.1, ""learning_rate"": 0.03, ""max_depth"": 3, ""min_child_weight"": 5, ""n_estimators"": 400, ""reg_alpha"": 0.0, ""reg_lambda"": 5.0, ""subsample"": 0.85}",0.01884025436274627,0.016357832078370674,0.17909764970824357,0.5454545454545454,0.45454545454545453,0.10519543050083412,0.7585750372305318,0.6926127527171705,0.6290179998347047,0.5941882563515638,0.00834409957594654,0.0037417076586891856,0.009137322282809262,0.004166894637990978,143,-0.050287707885267166,-0.019705970597059707,0.19192226511922253,0.46153846153846156,0.5384615384615384,-0.2620212295536859,-1.8894619568318698,0.5254938217584677,0.5125978884112634,0.5140649331636943,0.005428550617513883,0.0024861226727056745,0.0027420330690593516,0.00035558581838396715,13,-0.022583975186523098,-0.0683108310831083,0.15634806716061897,0.4,0.6,-0.1444467820847584,-1.041620558764739,0.3405305872032668,0.4191552763051164,0.48577952018449144,0.003523903557653317,0.0029779966587270223,5.834797772704958e-05,-0.0009629065392946369,5,0.06912796224801343,0.04142422954926937,0.17909764970824357,0.19192226511922253,0.15634806716061897,False
all_eligible_20260206,XGBRanker,rank:ndcg,all_eligible,2026-02-06,2023-02-10,2025-10-31,2025-11-07,2026-01-30,143,14300,13,1300,37,"[""macd_hist_atr"", ""ret_20d"", ""ema20_distance"", ""rsi14_centered"", ""body_range_ratio"", ""breakout_position_60"", ""signed_volume_pressure_20"", ""ret_1d"", ""close_location_value"", ""intraday_return"", ""momentum_20_5"", ""gross_margin_change_yoy"", ""vol_ratio_5_20"", ""ret_5d"", ""downside_vol_20"", ""overnight_vol_20"", ""revenue_growth_yoy"", ""ema60_distance"", ""gap_followthrough_20"", ""volume_zscore_20"", ""amihud_illiq_20"", ""realized_vol_20"", ""volume_cv_20"", ""asset_growth_yoy"", ""return_volume_corr_20"", ""ret_60d"", ""operating_profitability"", ""overnight_gap"", ""cashflow_to_assets"", ""volume_trend_5_20"", ""trend_r2_20"", ""ema20_60_spread"", ""parkinson_vol_20"", ""ret_120d"", ""realized_vol_5"", ""debt_to_assets"", ""return_autocorr_20""]","{""colsample_bytree"": 1.0, ""gamma"": 0.1, ""learning_rate"": 0.03, ""max_depth"": 3, ""min_child_weight"": 5, ""n_estimators"": 400, ""reg_alpha"": 0.0, ""reg_lambda"": 5.0, ""subsample"": 0.85}",0.013306505690630585,0.010897122403656619,0.1802239150206319,0.5174825174825175,0.4825174825174825,0.07383318517471595,0.532418669956532,0.6894121360337373,0.6255781001734451,0.5938129592983215,0.008615882950005573,0.003435481236830616,0.008917459422308949,0.003820368674319691,143,-0.012964045928810399,0.03746785918966515,0.1695979671743786,0.5384615384615384,0.46153846153846156,-0.07643986626019474,-0.5512157145814838,0.47089227667696326,0.4816020210809962,0.5239889492591573,0.00246061267438387,0.002714876958321325,-0.0008150456909598367,0.000646813504374385,13,-0.02774077407740774,-0.05216921692169217,0.11811012402321545,0.5,0.5,-0.23487211030237404,-1.6936868737432869,0.47165201865286605,0.4723222861014828,0.4694315878443672,0.009188149004527272,0.0071620499666627275,0.004159430997182059,0.0009204661033265517,4,0.026270551619440984,0.041047279768038326,0.1802239150206319,0.1695979671743786,0.11811012402321545,False
all_eligible_20260306,XGBRanker,rank:ndcg,all_eligible,2026-03-06,2023-03-10,2025-11-28,2025-12-05,2026-02-27,143,14300,13,1300,37,"[""macd_hist_atr"", ""ret_20d"", ""ema20_distance"", ""rsi14_centered"", ""body_range_ratio"", ""breakout_position_60"", ""signed_volume_pressure_20"", ""ret_1d"", ""close_location_value"", ""intraday_return"", ""momentum_20_5"", ""gross_margin_change_yoy"", ""vol_ratio_5_20"", ""ret_5d"", ""downside_vol_20"", ""overnight_vol_20"", ""revenue_growth_yoy"", ""ema60_distance"", ""gap_followthrough_20"", ""volume_zscore_20"", ""amihud_illiq_20"", ""realized_vol_20"", ""volume_cv_20"", ""asset_growth_yoy"", ""return_volume_corr_20"", ""ret_60d"", ""operating_profitability"", ""overnight_gap"", ""cashflow_to_assets"", ""volume_trend_5_20"", ""trend_r2_20"", ""ema20_60_spread"", ""parkinson_vol_20"", ""ret_120d"", ""realized_vol_5"", ""debt_to_assets"", ""return_autocorr_20""]","{""colsample_bytree"": 1.0, ""gamma"": 0.1, ""learning_rate"": 0.03, ""max_depth"": 3, ""min_child_weight"": 5, ""n_estimators"": 400, ""reg_alpha"": 0.0, ""reg_lambda"": 5.0, ""subsample"": 0.85}",0.013156329403667174,0.01032106306954261,0.18435529335173895,0.5314685314685315,0.46853146853146854,0.07136399050156743,0.5146130539502529,0.696532202977857,0.6277133022596557,0.5959221320432307,0.009559846297477114,0.0039017288039782526,0.009905873432803287,0.004182800736136646,143,-0.03600134802261038,-0.008124812481248123,0.14483264318547,0.46153846153846156,0.5384615384615384,-0.2485720568981657,-1.7924785935877772,0.45496919428878146,0.46898436431107,0.49475297915940497,0.0051988128863644355,0.004393160553162496,0.0011236788496784605,0.0011067764367784306,13,-0.0009375712862804281,0.014980542995996007,0.1632451499547609,0.5,0.5,-0.005743333180435997,-0.04141576454827131,0.44216320801491865,0.44192365400214567,0.4789692300414194,0.005842695121215703,-0.0003349871265323646,0.009838889708607976,0.00354261810121127,4,0.04915767742627755,0.014093900689947602,0.18435529335173895,0.14483264318547,0.1632451499547609,False
all_eligible_20260402,XGBRanker,rank:ndcg,all_eligible,2026-04-02,2023-04-06,2025-12-26,2026-01-02,2026-03-27,143,14300,13,1300,37,"[""macd_hist_atr"", ""ret_20d"", ""ema20_distance"", ""rsi14_centered"", ""body_range_ratio"", ""breakout_position_60"", ""signed_volume_pressure_20"", ""ret_1d"", ""close_location_value"", ""intraday_return"", ""momentum_20_5"", ""gross_margin_change_yoy"", ""vol_ratio_5_20"", ""ret_5d"", ""downside_vol_20"", ""overnight_vol_20"", ""revenue_growth_yoy"", ""ema60_distance"", ""gap_followthrough_20"", ""volume_zscore_20"", ""amihud_illiq_20"", ""realized_vol_20"", ""volume_cv_20"", ""asset_growth_yoy"", ""return_volume_corr_20"", ""ret_60d"", ""operating_profitability"", ""overnight_gap"", ""cashflow_to_assets"", ""volume_trend_5_20"", ""trend_r2_20"", ""ema20_60_spread"", ""parkinson_vol_20"", ""ret_120d"", ""realized_vol_5"", ""debt_to_assets"", ""return_autocorr_20""]","{""colsample_bytree"": 1.0, ""gamma"": 0.1, ""learning_rate"": 0.03, ""max_depth"": 3, ""min_child_weight"": 5, ""n_estimators"": 400, ""reg_alpha"": 0.0, ""reg_lambda"": 5.0, ""subsample"": 0.85}",0.011558907450075711,0.008107053920658334,0.18172538004083325,0.5174825174825175,0.4825174825174825,0.06360645633250817,0.4586726795148387,0.6892635760599058,0.6195651470792605,0.5919846550792918,0.009545376455508094,0.003499660067565508,0.009793034332772264,0.0037442623008674884,143,-0.02135987558342303,-0.050909243652325305,0.1542196069882948,0.46153846153846156,0.5384615384615384,-0.1385029828603067,-0.9987592130150917,0.37301791038337584,0.43038110621869285,0.46718156475518435,-0.0003213828342562106,0.0025952661393821522,-0.0029789056754309395,0.0007516191816432291,13,0.05750519259370615,0.06088804806654951,0.1114517903154934,0.5,0.5,0.5159647272683793,3.7206745609938685,0.643208462469151,0.5981840927570852,0.5904149909011225,0.009580482300656556,0.0035795394044825985,0.010920743398650096,0.0035105983826785366,4,0.03291878303349874,-0.04594628514363044,0.18172538004083325,0.1542196069882948,0.1114517903154934,False
all_eligible_20260501,XGBRanker,rank:ndcg,all_eligible,2026-05-01,2023-05-05,2026-01-23,2026-01-30,2026-04-24,143,14300,13,1300,37,"[""macd_hist_atr"", ""ret_20d"", ""ema20_distance"", ""rsi14_centered"", ""body_range_ratio"", ""breakout_position_60"", ""signed_volume_pressure_20"", ""ret_1d"", ""close_location_value"", ""intraday_return"", ""momentum_20_5"", ""gross_margin_change_yoy"", ""vol_ratio_5_20"", ""ret_5d"", ""downside_vol_20"", ""overnight_vol_20"", ""revenue_growth_yoy"", ""ema60_distance"", ""gap_followthrough_20"", ""volume_zscore_20"", ""amihud_illiq_20"", ""realized_vol_20"", ""volume_cv_20"", ""asset_growth_yoy"", ""return_volume_corr_20"", ""ret_60d"", ""operating_profitability"", ""overnight_gap"", ""cashflow_to_assets"", ""volume_trend_5_20"", ""trend_r2_20"", ""ema20_60_spread"", ""parkinson_vol_20"", ""ret_120d"", ""realized_vol_5"", ""debt_to_assets"", ""return_autocorr_20""]","{""colsample_bytree"": 1.0, ""gamma"": 0.1, ""learning_rate"": 0.03, ""max_depth"": 3, ""min_child_weight"": 5, ""n_estimators"": 400, ""reg_alpha"": 0.0, ""reg_lambda"": 5.0, ""subsample"": 0.85}",0.007023527512729785,0.007224744148679828,0.1809039076755137,0.5174825174825175,0.4825174825174825,0.038824631280645665,0.2799683976667021,0.6847893126745024,0.6152659179452099,0.587558390973498,0.00938007106218116,0.00333527250668789,0.009732116852489375,0.003555001896523808,143,0.021425827282548618,-0.004908490849084907,0.1366403832019384,0.46153846153846156,0.5384615384615384,0.15680450230356693,1.1307333465582436,0.4704894067390685,0.498563994324353,0.5285153346403827,0.001976130655454042,0.0036197099746557685,0.0015310277449058507,0.0031729371379722957,13,-0.11675247524752475,-0.1128112811281128,0.12029906160617389,0.2,0.8,-0.9705185866681181,-6.998509056045482,0.4620586553022054,0.4061818804481791,0.4384879092555286,-0.006830543924968749,-0.01387978406607832,-0.003324483680753046,-0.011949725921991946,5,-0.014402299769818834,0.12377600276025454,0.1809039076755137,0.1366403832019384,0.12029906160617389,False
all_eligible_20260605,XGBRanker,rank:ndcg,all_eligible,2026-06-05,2023-06-09,2026-02-27,2026-03-06,2026-05-29,143,14300,13,1300,37,"[""macd_hist_atr"", ""ret_20d"", ""ema20_distance"", ""rsi14_centered"", ""body_range_ratio"", ""breakout_position_60"", ""signed_volume_pressure_20"", ""ret_1d"", ""close_location_value"", ""intraday_return"", ""momentum_20_5"", ""gross_margin_change_yoy"", ""vol_ratio_5_20"", ""ret_5d"", ""downside_vol_20"", ""overnight_vol_20"", ""revenue_growth_yoy"", ""ema60_distance"", ""gap_followthrough_20"", ""volume_zscore_20"", ""amihud_illiq_20"", ""realized_vol_20"", ""volume_cv_20"", ""asset_growth_yoy"", ""return_volume_corr_20"", ""ret_60d"", ""operating_profitability"", ""overnight_gap"", ""cashflow_to_assets"", ""volume_trend_5_20"", ""trend_r2_20"", ""ema20_60_spread"", ""parkinson_vol_20"", ""ret_120d"", ""realized_vol_5"", ""debt_to_assets"", ""return_autocorr_20""]","{""colsample_bytree"": 1.0, ""gamma"": 0.1, ""learning_rate"": 0.03, ""max_depth"": 3, ""min_child_weight"": 5, ""n_estimators"": 400, ""reg_alpha"": 0.0, ""reg_lambda"": 5.0, ""subsample"": 0.85}",0.015137909139445037,0.02087008700870087,0.17730548518693978,0.5524475524475524,0.44755244755244755,0.08537755683917266,0.6156663179149564,0.6743312671879661,0.610125770666788,0.587509913011586,0.009001501591808462,0.0034164243458163442,0.009251907841836604,0.0033736616501001434,143,-0.02556765178568514,-0.05268542659917682,0.1349902852001635,0.38461538461538464,0.6153846153846154,-0.18940364299381574,-1.3658090931477567,0.4733397972616947,0.47328076238008826,0.4870311363797483,-0.004408827941972842,-0.004311024720231713,-0.00150327454612365,-0.0022953680413451078,13,0.026777845922162605,0.09525352535253524,0.240657646914548,0.75,0.25,0.11126945794359405,0.8023754720174244,0.3422450236411607,0.40678915808400223,0.4651428448896004,-0.018085378155272523,-0.002621296453159839,-0.02295612156945781,-0.006965366070343192,4,0.040705560925130176,-0.011639936782717568,0.17730548518693978,0.1349902852001635,0.240657646914548,False
all_eligible_20260702,XGBRanker,rank:ndcg,all_eligible,2026-07-02,2023-07-07,2026-03-27,2026-04-02,2026-06-26,143,14300,13,1300,37,"[""macd_hist_atr"", ""ret_20d"", ""ema20_distance"", ""rsi14_centered"", ""body_range_ratio"", ""breakout_position_60"", ""signed_volume_pressure_20"", ""ret_1d"", ""close_location_value"", ""intraday_return"", ""momentum_20_5"", ""gross_margin_change_yoy"", ""vol_ratio_5_20"", ""ret_5d"", ""downside_vol_20"", ""overnight_vol_20"", ""revenue_growth_yoy"", ""ema60_distance"", ""gap_followthrough_20"", ""volume_zscore_20"", ""amihud_illiq_20"", ""realized_vol_20"", ""volume_cv_20"", ""asset_growth_yoy"", ""return_volume_corr_20"", ""ret_60d"", ""operating_profitability"", ""overnight_gap"", ""cashflow_to_assets"", ""volume_trend_5_20"", ""trend_r2_20"", ""ema20_60_spread"", ""parkinson_vol_20"", ""ret_120d"", ""realized_vol_5"", ""debt_to_assets"", ""return_autocorr_20""]","{""colsample_bytree"": 1.0, ""gamma"": 0.1, ""learning_rate"": 0.03, ""max_depth"": 3, ""min_child_weight"": 5, ""n_estimators"": 400, ""reg_alpha"": 0.0, ""reg_lambda"": 5.0, ""subsample"": 0.85}",0.01490750816646833,0.015187564319193226,0.1736291982707569,0.5594405594405595,0.4405594405594406,0.08585830214582689,0.6191330216221174,0.6788666762291611,0.6174945808045577,0.5863438769054169,0.009631884737888924,0.003951950672451185,0.009966562424930634,0.003983173667996156,143,-0.017899307183271214,-0.0594961281014622,0.15628212347199041,0.46153846153846156,0.5384615384615384,-0.11453201930980422,-0.8259021366078617,0.44379989978678874,0.46526765453715496,0.4925872642629964,-0.0031249679380066725,-0.004662262355767583,-0.0028324035613430535,-0.005337510452581033,13,0.059932797632328394,0.06451438689933216,0.18021344952863044,0.8,0.2,0.33256562031907,2.398164793033791,0.4377019641553592,0.4531946432817498,0.5052683078613704,-0.005852441563874091,-0.002401967990238277,-0.006079438784882333,-0.0033045960104871263,5,0.032806815349739546,-0.04502528946586006,0.1736291982707569,0.15628212347199041,0.18021344952863044,False
all_eligible_20260807,XGBRanker,rank:ndcg,all_eligible,2026-08-07,2023-08-11,2026-05-01,2026-05-08,2026-07-31,143,14300,13,1300,37,"[""macd_hist_atr"", ""ret_20d"", ""ema20_distance"", ""rsi14_centered"", ""body_range_ratio"", ""breakout_position_60"", ""signed_volume_pressure_20"", ""ret_1d"", ""close_location_value"", ""intraday_return"", ""momentum_20_5"", ""gross_margin_change_yoy"", ""vol_ratio_5_20"", ""ret_5d"", ""downside_vol_20"", ""overnight_vol_20"", ""revenue_growth_yoy"", ""ema60_distance"", ""gap_followthrough_20"", ""volume_zscore_20"", ""amihud_illiq_20"", ""realized_vol_20"", ""volume_cv_20"", ""asset_growth_yoy"", ""return_volume_corr_20"", ""ret_60d"", ""operating_profitability"", ""overnight_gap"", ""cashflow_to_assets"", ""volume_trend_5_20"", ""trend_r2_20"", ""ema20_60_spread"", ""parkinson_vol_20"", ""ret_120d"", ""realized_vol_5"", ""debt_to_assets"", ""return_autocorr_20""]","{""colsample_bytree"": 1.0, ""gamma"": 0.1, ""learning_rate"": 0.03, ""max_depth"": 3, ""min_child_weight"": 5, ""n_estimators"": 400, ""reg_alpha"": 0.0, ""reg_lambda"": 5.0, ""subsample"": 0.85}",0.016245068661205578,0.01867386738673867,0.17498238148716483,0.5314685314685315,0.46853146853146854,0.09283831048097362,0.6694665775331925,0.6766990367587719,0.6154313944533654,0.5857232628719328,0.010292303700892525,0.003975760504292827,0.010210310392333695,0.004111051738633918,143,0.006917811475636069,0.052686849314123,0.19551369622505366,0.6153846153846154,0.38461538461538464,0.035382746115510254,0.255148610772393,0.4600072976869439,0.4735143198325505,0.4983445477488918,-0.0010467471405764977,-0.0031138880687985393,-0.0012922293219719326,-0.003808377873338128,13,0.09360362958881001,0.10652929210688106,0.07395134452858697,1.0,0.0,1.2657461495189741,9.12742528762354,0.5788717888829453,0.5848947647993156,0.5840390537194695,0.0006901439196311257,0.0029815322981402055,-0.000764262093812496,0.0009538722291225667,3,0.00932725718556951,-0.07735856092760443,0.17498238148716483,0.19551369622505366,0.07395134452858697,False
