date,factor,rank_ic,number_of_stocks
2016-01-08,ret_1d,0.06265800105888403,97
2016-01-08,ret_5d,0.1522590995160951,97
2016-01-08,ret_20d,-0.007955501788344203,97
2016-01-08,ret_60d,-0.011216600042078686,97
2016-01-08,ret_120d,,0
2016-01-08,momentum_20_5,-0.12643330528087524,97
2016-01-08,overnight_gap,-0.024938278910424674,97
2016-01-08,intraday_return,0.0038133935586729,97
2016-01-08,ema20_distance,0.05012623606143487,97
2016-01-08,ema60_distance,0.006850936250788975,97
2016-01-08,ema20_60_spread,-0.013820218809173153,97
2016-01-08,rsi14_centered,-0.02627288028613507,97
2016-01-08,macd_hist_atr,-0.0017357458447296444,97
2016-01-08,breakout_position_60,-0.024037529052600207,97
2016-01-08,trend_r2_20,0.10681411739953711,97
2016-01-08,realized_vol_5,-0.11014096360193561,97
2016-01-08,realized_vol_20,-0.1305096780980433,97
2016-01-08,vol_ratio_5_20,-0.02686461182411109,97
2016-01-08,parkinson_vol_20,-0.11484851672627813,97
2016-01-08,overnight_vol_20,-0.06470913107511045,97
2016-01-08,downside_vol_20,-0.07985745844729643,97
2016-01-08,volume_zscore_20,-0.008260987520347261,96
2016-01-08,volume_trend_5_20,-0.1369529770671155,97
2016-01-08,amihud_illiq_20,-0.20309278350515464,96
2016-01-08,signed_volume_pressure_20,-0.07912108142225961,97
2016-01-08,volume_cv_20,-0.060409215232484735,97
2016-01-08,return_volume_corr_20,-0.20923765599565927,96
2016-01-08,close_location_value,0.12379023774458237,97
2016-01-08,body_range_ratio,0.027732575914624646,97
2016-01-08,gap_followthrough_20,-0.06031716810435514,97
2016-01-08,cs_rank_ret20,-0.007955501788344203,97
2016-01-08,cs_rank_ret60,-0.011216600042078686,97
2016-01-08,cs_rank_vol20,-0.1305096780980433,97
2016-01-08,cs_rank_amihud20,-0.20309278350515464,96
2016-01-08,return_autocorr_20,-0.09188933305280875,97
2016-01-08,revenue_growth_yoy,0.19934780471303978,45
2016-01-08,gross_margin_change_yoy,0.12552165643786234,42
2016-01-08,operating_profitability,0.027020561314641083,62
2016-01-08,cashflow_to_assets,0.23515894328572484,38
2016-01-08,debt_to_assets,-0.11139158151596379,48
2016-01-08,asset_growth_yoy,-0.04601795778377742,69
2016-01-15,ret_1d,0.10791868293709235,97
2016-01-15,ret_5d,0.0548863875447086,97
2016-01-15,ret_20d,0.1881180307174416,97
2016-01-15,ret_60d,0.17592836103513568,97
2016-01-15,ret_120d,,0
2016-01-15,momentum_20_5,0.23458868083315795,97
2016-01-15,overnight_gap,0.07375604881127708,97
2016-01-15,intraday_return,0.09099516095097833,97
2016-01-15,ema20_distance,0.15861035135703766,97
2016-01-15,ema60_distance,0.1812802440563854,97
2016-01-15,ema20_60_spread,0.1637518409425626,97
2016-01-15,rsi14_centered,0.2484351988217967,97
2016-01-15,macd_hist_atr,-0.03698979591836734,97
2016-01-15,breakout_position_60,0.25742951819903215,97
2016-01-15,trend_r2_20,-0.22516042499474015,97
2016-01-15,realized_vol_5,0.12252787713023354,97
2016-01-15,realized_vol_20,0.08017304860088365,97
2016-01-15,vol_ratio_5_20,0.0273379970544919,97
2016-01-15,parkinson_vol_20,0.013425731117189144,97
2016-01-15,overnight_vol_20,-0.06177677256469598,97
2016-01-15,downside_vol_20,0.00010519671786240267,97
2016-01-15,volume_zscore_20,-0.011516549104720563,96
2016-01-15,volume_trend_5_20,-0.020355564906374923,97
2016-01-15,amihud_illiq_20,0.031239826370048837,96
2016-01-15,signed_volume_pressure_20,0.2201504313065432,97
2016-01-15,volume_cv_20,0.05912055543867031,97
2016-01-15,return_volume_corr_20,0.1542457948996202,96
2016-01-15,close_location_value,0.22609404586576898,97
2016-01-15,body_range_ratio,0.0195797391121397,97
2016-01-15,gap_followthrough_20,0.25674573953292656,97
2016-01-15,cs_rank_ret20,0.1881180307174416,97
2016-01-15,cs_rank_ret60,0.17592836103513568,97
2016-01-15,cs_rank_vol20,0.08017304860088365,97
2016-01-15,cs_rank_amihud20,0.031239826370048837,96
2016-01-15,return_autocorr_20,0.12039764359351987,97
2016-01-15,revenue_growth_yoy,-0.1540235186447743,45
2016-01-15,gross_margin_change_yoy,0.07860297401208939,42
2016-01-15,operating_profitability,0.029992067591554084,62
2016-01-15,cashflow_to_assets,-0.03961262795227193,38
2016-01-15,debt_to_assets,-0.034633444935275294,48
2016-01-15,asset_growth_yoy,0.014669479992208521,69
2016-01-22,ret_1d,0.08878602987586787,97
2016-01-22,ret_5d,-0.1647380601725226,97
2016-01-22,ret_20d,-0.34799074268882807,97
2016-01-22,ret_60d,-0.2584683357879234,97
2016-01-22,ret_120d,,0
2016-01-22,momentum_20_5,-0.37330370292446874,97
2016-01-22,overnight_gap,0.09851672627814011,97
2016-01-22,intraday_return,0.06495897328003365,97
2016-01-22,ema20_distance,-0.2585735325057858,97
2016-01-22,ema60_distance,-0.3032689880075741,97
2016-01-22,ema20_60_spread,-0.291092467915001,97
2016-01-22,rsi14_centered,-0.2305386071954555,97
2016-01-22,macd_hist_atr,-0.0017883442036608454,97
2016-01-22,breakout_position_60,-0.2162318535661687,97
2016-01-22,trend_r2_20,0.23080159899011146,97
2016-01-22,realized_vol_5,0.1450136755733221,97
2016-01-22,realized_vol_20,0.2931569535030507,97
2016-01-22,vol_ratio_5_20,-0.11689985272459497,97
2016-01-22,parkinson_vol_20,0.2391647380601725,97
2016-01-22,overnight_vol_20,-0.0018935409215232485,97
2016-01-22,downside_vol_20,0.34616294971596884,97
2016-01-22,volume_zscore_20,-0.23820481800967808,97
2016-01-22,volume_trend_5_20,-0.22846097201767304,97
2016-01-22,amihud_illiq_20,0.11722859246791499,97
2016-01-22,signed_volume_pressure_20,-0.16890648011782028,97
2016-01-22,volume_cv_20,-0.07752998106459077,97
2016-01-22,return_volume_corr_20,0.10600922409115572,96
2016-01-22,close_location_value,0.028442562592047128,97
2016-01-22,body_range_ratio,0.03805491268672417,97
2016-01-22,gap_followthrough_20,0.26121660004207864,97
2016-01-22,cs_rank_ret20,-0.34799074268882807,97
2016-01-22,cs_rank_ret60,-0.2584683357879234,97
2016-01-22,cs_rank_vol20,0.2931569535030507,97
2016-01-22,cs_rank_amihud20,0.11722859246791499,97
2016-01-22,return_autocorr_20,0.06359141594782242,97
2016-01-22,revenue_growth_yoy,-0.11133436548745447,45
2016-01-22,gross_margin_change_yoy,0.2848344883015404,42
2016-01-22,operating_profitability,-0.07176943126442413,62
2016-01-22,cashflow_to_assets,0.022651419851161023,38
2016-01-22,debt_to_assets,-0.24655972867714793,48
2016-01-22,asset_growth_yoy,-0.12996099709162068,69
2016-01-29,ret_1d,0.05835807108065631,97
2016-01-29,ret_5d,-0.0042999299782277185,97
2016-01-29,ret_20d,0.018619819061645275,97
2016-01-29,ret_60d,0.016305491268672416,97
2016-01-29,ret_120d,,0
2016-01-29,momentum_20_5,0.04962655165158847,97
2016-01-29,overnight_gap,-0.01765989901115085,97
2016-01-29,intraday_return,0.07791131916684199,97
2016-01-29,ema20_distance,0.05330843677677256,97
2016-01-29,ema60_distance,0.09067957079739111,97
2016-01-29,ema20_60_spread,0.11041710498632443,97
2016-01-29,rsi14_centered,0.08398642962339575,97
2016-01-29,macd_hist_atr,-0.04186829370923627,97
2016-01-29,breakout_position_60,0.13169314117399536,97
2016-01-29,trend_r2_20,0.0,97
2016-01-29,realized_vol_5,-0.09207342730906795,97
2016-01-29,realized_vol_20,-0.2038054912686724,97
2016-01-29,vol_ratio_5_20,0.031203976435935196,97
2016-01-29,parkinson_vol_20,-0.22364822217546812,97
2016-01-29,overnight_vol_20,-0.25197243845992,97
2016-01-29,downside_vol_20,-0.16283136966126655,97
2016-01-29,volume_zscore_20,0.2728671365453398,97
2016-01-29,volume_trend_5_20,0.20171470650115716,97
2016-01-29,amihud_illiq_20,-0.13763675573322112,97
2016-01-29,signed_volume_pressure_20,-0.014885335577529978,97
2016-01-29,volume_cv_20,-0.10835261939827476,97
2016-01-29,return_volume_corr_20,0.08624815905743738,97
2016-01-29,close_location_value,0.12492110246160319,97
2016-01-29,body_range_ratio,0.14788028613507256,97
2016-01-29,gap_followthrough_20,0.2708815484956869,97
2016-01-29,cs_rank_ret20,0.018619819061645275,97
2016-01-29,cs_rank_ret60,0.016305491268672416,97
2016-01-29,cs_rank_vol20,-0.2038054912686724,97
2016-01-29,cs_rank_amihud20,-0.13763675573322112,97
2016-01-29,return_autocorr_20,0.12166000420786871,97
2016-01-29,revenue_growth_yoy,0.005336144144664977,45
2016-01-29,gross_margin_change_yoy,-0.005753413561709636,42
2016-01-29,operating_profitability,0.0202213520369588,62
2016-01-29,cashflow_to_assets,0.11599277798179075,38
2016-01-29,debt_to_assets,0.04288467319571706,48
2016-01-29,asset_growth_yoy,-0.18061911417554877,69
2016-02-05,ret_1d,-0.0016173995371344414,97
2016-02-05,ret_5d,-0.007876604249947402,97
2016-02-05,ret_20d,-0.2812960235640648,97
2016-02-05,ret_60d,-0.20505470229328843,97
2016-02-05,ret_120d,,0
2016-02-05,momentum_20_5,-0.3598911213970124,97
2016-02-05,overnight_gap,-0.1971984706987522,97
2016-02-05,intraday_return,0.023879654954765406,97
2016-02-05,ema20_distance,-0.09678098043341046,97
2016-02-05,ema60_distance,-0.21894066905112558,97
2016-02-05,ema20_60_spread,-0.2625447086050915,97
2016-02-05,rsi14_centered,-0.12233063328424153,97
2016-02-05,macd_hist_atr,0.07616242373237955,97
2016-02-05,breakout_position_60,-0.15634862192299598,97
2016-02-05,trend_r2_20,-0.13519093204292026,97
2016-02-05,realized_vol_5,0.22577845571218177,97
2016-02-05,realized_vol_20,0.15122028192720385,97
2016-02-05,vol_ratio_5_20,0.21102461603197978,97
2016-02-05,parkinson_vol_20,0.10869450873132756,97
2016-02-05,overnight_vol_20,-0.016936671575846832,97
2016-02-05,downside_vol_20,0.23832316431727327,97
2016-02-05,volume_zscore_20,-0.12731432779297286,97
2016-02-05,volume_trend_5_20,-0.031401220281927204,97
2016-02-05,amihud_illiq_20,-0.02532610982537345,97
2016-02-05,signed_volume_pressure_20,-0.14576320218809172,97
2016-02-05,volume_cv_20,-0.20679044813801808,97
2016-02-05,return_volume_corr_20,-0.004733852303808121,97
2016-02-05,close_location_value,-0.13668998527245949,97
2016-02-05,body_range_ratio,0.013675573322112349,97
2016-02-05,gap_followthrough_20,0.11152167052387965,97
2016-02-05,cs_rank_ret20,-0.2812960235640648,97
2016-02-05,cs_rank_ret60,-0.20505470229328843,97
2016-02-05,cs_rank_vol20,0.15122028192720385,97
2016-02-05,cs_rank_amihud20,-0.02532610982537345,97
2016-02-05,return_autocorr_20,0.06296023564064801,97
2016-02-05,revenue_growth_yoy,-0.2188477882540377,45
2016-02-05,gross_margin_change_yoy,-0.07074267661088045,42
2016-02-05,operating_profitability,0.21571120989861653,62
2016-02-05,cashflow_to_assets,-0.12626295154532313,36
2016-02-05,debt_to_assets,-0.12558026457771587,48
2016-02-05,asset_growth_yoy,-0.13469228053711524,68
2016-02-12,ret_1d,-0.06410424994740165,97
2016-02-12,ret_5d,0.09149484536082472,97
2016-02-12,ret_20d,0.09227067115505996,97
2016-02-12,ret_60d,-0.0040895224069009035,97
2016-02-12,ret_120d,,0
2016-02-12,momentum_20_5,0.0353986955606985,97
2016-02-12,overnight_gap,0.0354775930990953,97
2016-02-12,intraday_return,-0.12058173784977907,97
2016-02-12,ema20_distance,0.08873343151693665,97
2016-02-12,ema60_distance,0.08858878602987585,97
2016-02-12,ema20_60_spread,0.062447401641068795,97
2016-02-12,rsi14_centered,0.0940590153587208,97
2016-02-12,macd_hist_atr,-0.031874605512308016,97
2016-02-12,breakout_position_60,0.051441195034714914,97
2016-02-12,trend_r2_20,0.18514622343782874,97
2016-02-12,realized_vol_5,-0.09129760151483271,97
2016-02-12,realized_vol_20,-0.22969703345255627,97
2016-02-12,vol_ratio_5_20,0.08753681885125185,97
2016-02-12,parkinson_vol_20,-0.21365453397853984,97
2016-02-12,overnight_vol_20,-0.2681727330107301,97
2016-02-12,downside_vol_20,-0.23397065011571636,97
2016-02-12,volume_zscore_20,-0.007495266147696192,97
2016-02-12,volume_trend_5_20,-0.009270460761624237,97
2016-02-12,amihud_illiq_20,-0.09562381653692405,97
2016-02-12,signed_volume_pressure_20,0.09710972017673047,97
2016-02-12,volume_cv_20,-0.15392909741216074,97
2016-02-12,return_volume_corr_20,0.1695376604249947,97
2016-02-12,close_location_value,-0.058502524721228695,97
2016-02-12,body_range_ratio,-0.06706290763728172,97
2016-02-12,gap_followthrough_20,0.013820218809173153,97
2016-02-12,cs_rank_ret20,0.09227067115505996,97
2016-02-12,cs_rank_ret60,-0.0040895224069009035,97
2016-02-12,cs_rank_vol20,-0.22969703345255627,97
2016-02-12,cs_rank_amihud20,-0.09562381653692405,97
2016-02-12,return_autocorr_20,-0.0548074900063118,97
2016-02-12,revenue_growth_yoy,0.06923811723509742,45
2016-02-12,gross_margin_change_yoy,-0.17000931904882838,42
2016-02-12,operating_profitability,0.17682980573290744,62
2016-02-12,cashflow_to_assets,0.2469914414021153,36
2016-02-12,debt_to_assets,0.26502335882883504,49
2016-02-12,asset_growth_yoy,-0.0024239648049048657,68
2016-02-19,ret_1d,-0.018685812722695923,97
2016-02-19,ret_5d,0.22478204270356378,97
2016-02-19,ret_20d,-0.24970084292137432,97
2016-02-19,ret_60d,-0.22349336596406752,97
2016-02-19,ret_120d,,0
2016-02-19,momentum_20_5,-0.3477980722748659,97
2016-02-19,overnight_gap,-0.021657659081126098,97
2016-02-19,intraday_return,-0.11462648100192847,97
2016-02-19,ema20_distance,-0.15218220312439124,97
2016-02-19,ema60_distance,-0.33063763201932883,97
2016-02-19,ema20_60_spread,-0.4121530106737919,97
2016-02-19,rsi14_centered,-0.2695306849944394,97
2016-02-19,macd_hist_atr,-0.017186739780832915,97
2016-02-19,breakout_position_60,-0.32110405409958603,97
2016-02-19,trend_r2_20,-0.08755111970985888,97
2016-02-19,realized_vol_5,0.29438373639901033,97
2016-02-19,realized_vol_20,0.3937433429667024,97
2016-02-19,vol_ratio_5_20,0.0163057056834222,97
2016-02-19,parkinson_vol_20,0.39799071630198085,97
2016-02-19,overnight_vol_20,0.3323471011635586,97
2016-02-19,downside_vol_20,0.4109300827475353,97
2016-02-19,volume_zscore_20,-0.008323799756134075,97
2016-02-19,volume_trend_5_20,-0.011453443266339304,97
2016-02-19,amihud_illiq_20,0.3370810157168102,97
2016-02-19,signed_volume_pressure_20,-0.22561047775038282,97
2016-02-19,volume_cv_20,0.2978289742127656,97
2016-02-19,return_volume_corr_20,-0.19476113457835983,97
2016-02-19,close_location_value,-0.13955843098238693,97
2016-02-19,body_range_ratio,-0.17582547636535342,97
2016-02-19,gap_followthrough_20,-0.0056280984133102435,97
2016-02-19,cs_rank_ret20,-0.24970084292137432,97
2016-02-19,cs_rank_ret60,-0.22349336596406752,97
2016-02-19,cs_rank_vol20,0.3937433429667024,97
2016-02-19,cs_rank_amihud20,0.3370810157168102,97
2016-02-19,return_autocorr_20,0.06513077439515336,97
2016-02-19,revenue_growth_yoy,0.034454362810614605,45
2016-02-19,gross_margin_change_yoy,-0.19237470134505175,42
2016-02-19,operating_profitability,-0.163020389561345,63
2016-02-19,cashflow_to_assets,-0.28624750686727685,36
2016-02-19,debt_to_assets,-0.16877185589196178,49
2016-02-19,asset_growth_yoy,0.21593182255031718,69
2016-02-26,ret_1d,-0.0045892068167473175,97
2016-02-26,ret_5d,-0.029586576898800756,97
2016-02-26,ret_20d,-0.05831843046496949,97
2016-02-26,ret_60d,-0.1408189564485588,97
2016-02-26,ret_120d,-0.18988062940857298,96
2016-02-26,momentum_20_5,-0.06001472754050073,97
2016-02-26,overnight_gap,0.0705475489164738,97
2016-02-26,intraday_return,-0.05274369798081165,97
2016-02-26,ema20_distance,-0.19778297917104984,97
2016-02-26,ema60_distance,-0.19374605512308013,97
2016-02-26,ema20_60_spread,-0.18529086892488955,97
2016-02-26,rsi14_centered,-0.19433778666105617,97
2016-02-26,macd_hist_atr,-0.2137728802861351,97
2016-02-26,breakout_position_60,-0.06409110035766884,97
2016-02-26,trend_r2_20,-0.15143067536292865,97
2016-02-26,realized_vol_5,0.17339049021670522,97
2016-02-26,realized_vol_20,0.1446454870608037,97
2016-02-26,vol_ratio_5_20,0.05171733641910372,97
2016-02-26,parkinson_vol_20,0.14388281085630128,97
2016-02-26,overnight_vol_20,0.02320902587839259,97
2016-02-26,downside_vol_20,0.15864980012623603,97
2016-02-26,volume_zscore_20,-0.0859194193141174,97
2016-02-26,volume_trend_5_20,-0.1730486008836524,97
2016-02-26,amihud_illiq_20,-0.021841468546181356,97
2016-02-26,signed_volume_pressure_20,-0.03791026719966337,97
2016-02-26,volume_cv_20,0.07791131916684199,97
2016-02-26,return_volume_corr_20,0.04096097201767304,97
2016-02-26,close_location_value,0.04368293709236271,97
2016-02-26,body_range_ratio,0.01363630386589421,97
2016-02-26,gap_followthrough_20,0.06773353671365452,97
2016-02-26,cs_rank_ret20,-0.05831843046496949,97
2016-02-26,cs_rank_ret60,-0.1408189564485588,97
2016-02-26,cs_rank_vol20,0.1446454870608037,97
2016-02-26,cs_rank_amihud20,-0.021841468546181356,97
2016-02-26,return_autocorr_20,-0.10856301283399956,97
2016-02-26,revenue_growth_yoy,-0.2789946969463726,45
2016-02-26,gross_margin_change_yoy,-0.14361762384230367,43
2016-02-26,operating_profitability,0.04445137830795215,63
2016-02-26,cashflow_to_assets,0.15097496652667075,36
2016-02-26,debt_to_assets,-0.1856607122412861,49
2016-02-26,asset_growth_yoy,-0.2523771682345713,69
2016-03-04,ret_1d,-0.15729590947877667,97
2016-03-04,ret_5d,0.003090163745821143,97
2016-03-04,ret_20d,0.006693163177118986,97
2016-03-04,ret_60d,-0.2572199703489676,97
2016-03-04,ret_120d,-0.20513498757235282,96
2016-03-04,momentum_20_5,-0.0239060327229908,97
2016-03-04,overnight_gap,0.05634636247082416,97
2016-03-04,intraday_return,-0.15223330078881436,97
2016-03-04,ema20_distance,0.09386865489167757,97
2016-03-04,ema60_distance,-0.04712828453201266,97
2016-03-04,ema20_60_spread,-0.2554316202662796,97
2016-03-04,rsi14_centered,-0.010118642563444127,97
2016-03-04,macd_hist_atr,0.2963598528572086,97
2016-03-04,breakout_position_60,-0.1997494994931748,97
2016-03-04,trend_r2_20,0.060830202077313225,97
2016-03-04,realized_vol_5,0.19484468639874375,97
2016-03-04,realized_vol_20,0.29916729949436943,97
2016-03-04,vol_ratio_5_20,-0.041750084650987784,97
2016-03-04,parkinson_vol_20,0.29760906798849796,97
2016-03-04,overnight_vol_20,0.36477081833650427,97
2016-03-04,downside_vol_20,0.28241466710213065,97
2016-03-04,volume_zscore_20,0.015431094279664303,97
2016-03-04,volume_trend_5_20,-0.010486832286350476,97
2016-03-04,amihud_illiq_20,0.24460947233942512,97
2016-03-04,signed_volume_pressure_20,-0.13945185755077968,97
2016-03-04,volume_cv_20,0.19881587555294794,97
2016-03-04,return_volume_corr_20,-0.1109697525573814,97
2016-03-04,close_location_value,-0.2470224299877578,97
2016-03-04,body_range_ratio,-0.1536337366991546,97
2016-03-04,gap_followthrough_20,0.08864167578970353,97
2016-03-04,cs_rank_ret20,0.006693163177118986,97
2016-03-04,cs_rank_ret60,-0.2572199703489676,97
2016-03-04,cs_rank_vol20,0.29916729949436943,97
2016-03-04,cs_rank_amihud20,0.24460947233942512,97
2016-03-04,return_autocorr_20,0.11443468084258934,97
2016-03-04,revenue_growth_yoy,-0.09479890647127039,45
2016-03-04,gross_margin_change_yoy,0.03835844001676669,43
2016-03-04,operating_profitability,-0.040224819425934664,64
2016-03-04,cashflow_to_assets,-0.06614901321560285,37
2016-03-04,debt_to_assets,0.02686141467786454,49
2016-03-04,asset_growth_yoy,0.0537490486333981,70
2016-03-11,ret_1d,0.10505207237534189,97
2016-03-11,ret_5d,0.19557384809593936,97
2016-03-11,ret_20d,0.08075163054912687,97
2016-03-11,ret_60d,-0.09138964864296233,97
2016-03-11,ret_120d,-0.20434074877916442,96
2016-03-11,momentum_20_5,-0.08686618977487902,97
2016-03-11,overnight_gap,0.08242162844519249,97
2016-03-11,intraday_return,0.1220285938775328,97
2016-03-11,ema20_distance,0.12799810645907847,97
2016-03-11,ema60_distance,-0.052374815905743735,97
2016-03-11,ema20_60_spread,-0.17002419524510834,97
2016-03-11,rsi14_centered,0.008481485377656216,97
2016-03-11,macd_hist_atr,0.12359299389859037,97
2016-03-11,breakout_position_60,-0.05846307595203029,97
2016-03-11,trend_r2_20,-0.12440826846202398,97
2016-03-11,realized_vol_5,0.07149431937723541,97
2016-03-11,realized_vol_20,0.14559225752156532,97
2016-03-11,vol_ratio_5_20,-0.15456027771933517,97
2016-03-11,parkinson_vol_20,0.11087734062697242,97
2016-03-11,overnight_vol_20,0.16229223648222174,97
2016-03-11,downside_vol_20,0.1605170418682937,97
2016-03-11,volume_zscore_20,-0.12386913528297916,97
2016-03-11,volume_trend_5_20,0.07980486008836524,97
2016-03-11,amihud_illiq_20,0.13206132968651377,97
2016-03-11,signed_volume_pressure_20,-0.01839627603618767,97
2016-03-11,volume_cv_20,0.1526535872080791,97
2016-03-11,return_volume_corr_20,-0.12761676835682725,97
2016-03-11,close_location_value,0.05482063959604459,97
2016-03-11,body_range_ratio,0.10380320259366851,97
2016-03-11,gap_followthrough_20,0.0745844729644435,97
2016-03-11,cs_rank_ret20,0.08075163054912687,97
2016-03-11,cs_rank_ret60,-0.09138964864296233,97
2016-03-11,cs_rank_vol20,0.14559225752156532,97
2016-03-11,cs_rank_amihud20,0.13206132968651377,97
2016-03-11,return_autocorr_20,0.04990269303597728,97
2016-03-11,revenue_growth_yoy,-0.16146776911819577,45
2016-03-11,gross_margin_change_yoy,0.2552950505840319,43
2016-03-11,operating_profitability,-0.13198411154838552,64
2016-03-11,cashflow_to_assets,0.019915741125175395,38
2016-03-11,debt_to_assets,-0.15835978501151698,49
2016-03-11,asset_growth_yoy,-0.028764139307716954,70
2016-03-18,ret_1d,0.05413864071147882,97
2016-03-18,ret_5d,-0.048681381567620745,97
2016-03-18,ret_20d,0.0951009593454979,97
2016-03-18,ret_60d,0.11578594400402503,97
2016-03-18,ret_120d,0.22549598140955845,96
2016-03-18,momentum_20_5,0.09226055458628503,97
2016-03-18,overnight_gap,0.24859459153027727,97
2016-03-18,intraday_return,-0.03568258478761181,97
2016-03-18,ema20_distance,0.04827373088458556,97
2016-03-18,ema60_distance,0.10232689645284733,97
2016-03-18,ema20_60_spread,0.19746073085342872,97
2016-03-18,rsi14_centered,0.08100413572570063,97
2016-03-18,macd_hist_atr,-0.04758992973884913,97
2016-03-18,breakout_position_60,0.007074711853965413,97
2016-03-18,trend_r2_20,0.1528558561161598,97
2016-03-18,realized_vol_5,0.11532569323285627,97
2016-03-18,realized_vol_20,0.03944349108916219,97
2016-03-18,vol_ratio_5_20,0.15632088692195883,97
2016-03-18,parkinson_vol_20,0.12259765541732259,97
2016-03-18,overnight_vol_20,-0.10667955374590041,97
2016-03-18,downside_vol_20,-0.04256662132209302,97
2016-03-18,volume_zscore_20,0.020698134680560525,97
2016-03-18,volume_trend_5_20,0.09500233418024745,97
2016-03-18,amihud_illiq_20,0.1586484408218694,97
2016-03-18,signed_volume_pressure_20,0.11313621456429634,97
2016-03-18,volume_cv_20,-0.04352657293053071,97
2016-03-18,return_volume_corr_20,0.25147444635559035,97
2016-03-18,close_location_value,0.007916313264102564,97
2016-03-18,body_range_ratio,0.014491324280799045,97
2016-03-18,gap_followthrough_20,-0.1958498531543381,97
2016-03-18,cs_rank_ret20,0.0951009593454979,97
2016-03-18,cs_rank_ret60,0.11578594400402503,97
2016-03-18,cs_rank_vol20,0.03944349108916219,97
2016-03-18,cs_rank_amihud20,0.1586484408218694,97
2016-03-18,return_autocorr_20,0.1451762432486583,97
2016-03-18,revenue_growth_yoy,-0.0008018504274875019,46
2016-03-18,gross_margin_change_yoy,0.015481629824062365,43
2016-03-18,operating_profitability,-0.24080319883161053,63
2016-03-18,cashflow_to_assets,-0.23763405559203327,38
2016-03-18,debt_to_assets,0.21775842011444083,50
2016-03-18,asset_growth_yoy,-0.06552113337138867,70
2016-03-24,ret_1d,-0.042236482221754676,97
2016-03-24,ret_5d,0.03766042499474016,97
2016-03-24,ret_20d,0.007403219019566589,97
2016-03-24,ret_60d,0.2039238375762676,97
2016-03-24,ret_120d,0.19758573532505783,97
2016-03-24,momentum_20_5,0.028179570797391116,97
2016-03-24,overnight_gap,-0.00011834630759520303,97
2016-03-24,intraday_return,-0.030994601932707214,97
2016-03-24,ema20_distance,0.02307752998106459,97
2016-03-24,ema60_distance,0.18726330738480956,97
2016-03-24,ema20_60_spread,0.23808647170208286,97
2016-03-24,rsi14_centered,0.1410162002945508,97
2016-03-24,macd_hist_atr,-0.18828897538396802,97
2016-03-24,breakout_position_60,0.3199821165579634,97
2016-03-24,trend_r2_20,0.08948295813170629,97
2016-03-24,realized_vol_5,-0.2035950978329476,97
2016-03-24,realized_vol_20,-0.26468809173153796,97
2016-03-24,vol_ratio_5_20,0.04048758678729224,97
2016-03-24,parkinson_vol_20,-0.2314590784767515,97
2016-03-24,overnight_vol_20,-0.37567062907637283,97
2016-03-24,downside_vol_20,-0.2522485798443089,97
2016-03-24,volume_zscore_20,-0.11732063959604459,97
2016-03-24,volume_trend_5_20,0.20656690511256046,97
2016-03-24,amihud_illiq_20,-0.33235588049652853,97
2016-03-24,signed_volume_pressure_20,0.05510993057016621,97
2016-03-24,volume_cv_20,-0.3633231643172733,97
2016-03-24,return_volume_corr_20,0.12827424784346728,97
2016-03-24,close_location_value,-0.09466389648642962,97
2016-03-24,body_range_ratio,-0.012887021592725102,97
2016-03-24,gap_followthrough_20,0.06398590363980644,97
2016-03-24,cs_rank_ret20,0.007403219019566589,97
2016-03-24,cs_rank_ret60,0.2039238375762676,97
2016-03-24,cs_rank_vol20,-0.26468809173153796,97
2016-03-24,cs_rank_amihud20,-0.33235588049652853,97
2016-03-24,return_autocorr_20,-0.04558962760361876,97
2016-03-24,revenue_growth_yoy,-0.08523235379796286,46
2016-03-24,gross_margin_change_yoy,-0.25914599633374663,43
2016-03-24,operating_profitability,-0.09694336770292587,63
2016-03-24,cashflow_to_assets,0.1955463153334529,38
2016-03-24,debt_to_assets,-0.026320276375603857,50
2016-03-24,asset_growth_yoy,-0.06634648190685079,70
2016-04-01,ret_1d,0.02523406269724384,97
2016-04-01,ret_5d,-0.053847569955817375,97
2016-04-01,ret_20d,-0.2834131075110456,97
2016-04-01,ret_60d,-0.05334788554597096,97
2016-04-01,ret_120d,0.11630812118661896,97
2016-04-01,momentum_20_5,-0.27731169787502624,97
2016-04-01,overnight_gap,0.2163370502840311,97
2016-04-01,intraday_return,-0.024471386492741422,97
2016-04-01,ema20_distance,-0.149037450031559,97
2016-04-01,ema60_distance,-0.041618451504313064,97
2016-04-01,ema20_60_spread,-0.02228855459709657,97
2016-04-01,rsi14_centered,-0.06512991794656006,97
2016-04-01,macd_hist_atr,-0.1689327792972859,97
2016-04-01,breakout_position_60,-0.04055333473595624,97
2016-04-01,trend_r2_20,-0.1567168104355144,97
2016-04-01,realized_vol_5,-0.11194245739532925,97
2016-04-01,realized_vol_20,-0.10678781822007154,97
2016-04-01,vol_ratio_5_20,0.0006574794866400167,97
2016-04-01,parkinson_vol_20,-0.1219098464127919,97
2016-04-01,overnight_vol_20,-0.14580265095729014,97
2016-04-01,downside_vol_20,-0.03184830633284241,97
2016-04-01,volume_zscore_20,0.12448716600042078,97
2016-04-01,volume_trend_5_20,0.08606406480117819,97
2016-04-01,amihud_illiq_20,-0.029284136334946344,97
2016-04-01,signed_volume_pressure_20,-0.1952319587628866,97
2016-04-01,volume_cv_20,-0.0028140122028192716,97
2016-04-01,return_volume_corr_20,-0.12468440984641278,97
2016-04-01,close_location_value,-0.08055438670313486,97
2016-04-01,body_range_ratio,-0.019553439932674097,97
2016-04-01,gap_followthrough_20,0.04641805175678518,97
2016-04-01,cs_rank_ret20,-0.2834131075110456,97
2016-04-01,cs_rank_ret60,-0.05334788554597096,97
2016-04-01,cs_rank_vol20,-0.10678781822007154,97
2016-04-01,cs_rank_amihud20,-0.029284136334946344,97
2016-04-01,return_autocorr_20,-0.01408321060382916,97
2016-04-01,revenue_growth_yoy,-0.09997224711034575,46
2016-04-01,gross_margin_change_yoy,-0.22509155450783763,43
2016-04-01,operating_profitability,-0.07798192663203915,63
2016-04-01,cashflow_to_assets,-0.2555123930070579,38
2016-04-01,debt_to_assets,0.06697956986259702,50
2016-04-01,asset_growth_yoy,-0.06421191682440465,70
2016-04-08,ret_1d,-0.049074430210231945,97
2016-04-08,ret_5d,-0.2624395118872291,97
2016-04-08,ret_20d,0.07077109194193142,97
2016-04-08,ret_60d,0.1684199452977067,97
2016-04-08,ret_120d,-0.05809488743951188,97
2016-04-08,momentum_20_5,0.17193088575636437,97
2016-04-08,overnight_gap,0.3140911003576688,97
2016-04-08,intraday_return,-0.15807121817799283,97
2016-04-08,ema20_distance,0.013057542604670734,97
2016-04-08,ema60_distance,0.08006785188302125,97
2016-04-08,ema20_60_spread,0.0786871449610772,97
2016-04-08,rsi14_centered,-0.011111403324216281,97
2016-04-08,macd_hist_atr,-0.09695192509993687,97
2016-04-08,breakout_position_60,0.016923521986114035,97
2016-04-08,trend_r2_20,-0.08348674521354932,97
2016-04-08,realized_vol_5,0.2515911003576688,97
2016-04-08,realized_vol_20,0.25699558173784975,97
2016-04-08,vol_ratio_5_20,0.02816642120765832,97
2016-04-08,parkinson_vol_20,0.23766568483063324,97
2016-04-08,overnight_vol_20,0.110509152114454,97
2016-04-08,downside_vol_20,0.24095308226383336,97
2016-04-08,volume_zscore_20,-0.01760730065221965,97
2016-04-08,volume_trend_5_20,-0.11855670103092782,97
2016-04-08,amihud_illiq_20,0.07084998948032821,97
2016-04-08,signed_volume_pressure_20,-0.02865295602777193,97
2016-04-08,volume_cv_20,-0.19118188512518405,97
2016-04-08,return_volume_corr_20,0.07096833578792341,97
2016-04-08,close_location_value,-0.13939880075741634,97
2016-04-08,body_range_ratio,-0.09232326951399115,97
2016-04-08,gap_followthrough_20,0.1215811066694719,97
2016-04-08,cs_rank_ret20,0.07077109194193142,97
2016-04-08,cs_rank_ret60,0.1684199452977067,97
2016-04-08,cs_rank_vol20,0.25699558173784975,97
2016-04-08,cs_rank_amihud20,0.07084998948032821,97
2016-04-08,return_autocorr_20,0.017594151062486848,97
2016-04-08,revenue_growth_yoy,-0.3736778810867272,46
2016-04-08,gross_margin_change_yoy,-0.03012798733600376,43
2016-04-08,operating_profitability,-0.17650941472822898,63
2016-04-08,cashflow_to_assets,-0.22487279127601886,38
2016-04-08,debt_to_assets,0.10725392329290859,50
2016-04-08,asset_growth_yoy,-0.10196922377455865,70
2016-04-15,ret_1d,0.09548544922867275,97
2016-04-15,ret_5d,-0.004996844098464127,97
2016-04-15,ret_20d,0.10471018304228906,97
2016-04-15,ret_60d,0.012071323374710707,97
2016-04-15,ret_120d,0.026430675362928674,97
2016-04-15,momentum_20_5,0.1101935619608668,97
2016-04-15,overnight_gap,-0.28613601323007687,97
2016-04-15,intraday_return,0.290040500736377,97
2016-04-15,ema20_distance,0.1328634546602146,97
2016-04-15,ema60_distance,0.0866426467494214,97
2016-04-15,ema20_60_spread,0.05806858826004629,97
2016-04-15,rsi14_centered,0.07951556911424362,97
2016-04-15,macd_hist_atr,0.11904323585104143,97
2016-04-15,breakout_position_60,-0.0016173995371344414,97
2016-04-15,trend_r2_20,0.01491163475699558,97
2016-04-15,realized_vol_5,0.026930359772775084,97
2016-04-15,realized_vol_20,0.14371186618977488,97
2016-04-15,vol_ratio_5_20,-0.047088680833157995,97
2016-04-15,parkinson_vol_20,0.30520197769829577,97
2016-04-15,overnight_vol_20,-0.03655585945718493,97
2016-04-15,downside_vol_20,0.12193614559225752,97
2016-04-15,volume_zscore_20,-0.04837734062697243,97
2016-04-15,volume_trend_5_20,-0.07521565327161792,97
2016-04-15,amihud_illiq_20,0.10659057437407951,97
2016-04-15,signed_volume_pressure_20,0.09133705028403112,97
2016-04-15,volume_cv_20,-0.05912055543867031,97
2016-04-15,return_volume_corr_20,-0.09073216915632232,97
2016-04-15,close_location_value,0.04522143909110035,97
2016-04-15,body_range_ratio,0.1572427940248264,97
2016-04-15,gap_followthrough_20,-0.09630759520302964,97
2016-04-15,cs_rank_ret20,0.10471018304228906,97
2016-04-15,cs_rank_ret60,0.012071323374710707,97
2016-04-15,cs_rank_vol20,0.14371186618977488,97
2016-04-15,cs_rank_amihud20,0.10659057437407951,97
2016-04-15,return_autocorr_20,-0.012281716810435514,97
2016-04-15,revenue_growth_yoy,-0.06636035650261074,46
2016-04-15,gross_margin_change_yoy,-0.20364707229373968,43
2016-04-15,operating_profitability,0.01711330061207877,63
2016-04-15,cashflow_to_assets,-0.03228100896663045,38
2016-04-15,debt_to_assets,-0.17043221009577486,50
2016-04-15,asset_growth_yoy,-0.22334199407725483,70
2016-04-22,ret_1d,0.06436724174205764,97
2016-04-22,ret_5d,-0.1447506837786661,97
2016-04-22,ret_20d,0.033031769408794445,97
2016-04-22,ret_60d,0.12406637912897117,97
2016-04-22,ret_120d,0.1565064169997896,97
2016-04-22,momentum_20_5,0.09014043761834631,97
2016-04-22,overnight_gap,-0.02767988638754471,97
2016-04-22,intraday_return,0.0509809593940669,97
2016-04-22,ema20_distance,-0.05918630338733431,97
2016-04-22,ema60_distance,0.06109299389859035,97
2016-04-22,ema20_60_spread,0.15423153797601513,97
2016-04-22,rsi14_centered,-0.06376236061434883,97
2016-04-22,macd_hist_atr,-0.12442141805175679,97
2016-04-22,breakout_position_60,0.04374868504102672,97
2016-04-22,trend_r2_20,-0.029718072796128755,97
2016-04-22,realized_vol_5,-0.058897012413212706,97
2016-04-22,realized_vol_20,0.028376814643383125,97
2016-04-22,vol_ratio_5_20,-0.058660319798022297,97
2016-04-22,parkinson_vol_20,-0.06030401851462233,97
2016-04-22,overnight_vol_20,-0.23681096149800127,97
2016-04-22,downside_vol_20,0.010401325478645064,97
2016-04-22,volume_zscore_20,0.18214811697875022,97
2016-04-22,volume_trend_5_20,0.06794393014937933,97
2016-04-22,amihud_illiq_20,-0.05629339364611824,97
2016-04-22,signed_volume_pressure_20,-0.0024852724594992635,97
2016-04-22,volume_cv_20,-0.16333105407111295,97
2016-04-22,return_volume_corr_20,0.07007416368609298,97
2016-04-22,close_location_value,0.18972228066484323,97
2016-04-22,body_range_ratio,0.11910898379970543,97
2016-04-22,gap_followthrough_20,0.2082237534188933,97
2016-04-22,cs_rank_ret20,0.033031769408794445,97
2016-04-22,cs_rank_ret60,0.12406637912897117,97
2016-04-22,cs_rank_vol20,0.028376814643383125,97
2016-04-22,cs_rank_amihud20,-0.05629339364611824,97
2016-04-22,return_autocorr_20,-0.08469650746896697,97
2016-04-22,revenue_growth_yoy,-0.15720497093415872,46
2016-04-22,gross_margin_change_yoy,0.14459923746477998,43
2016-04-22,operating_profitability,0.14945935892204,63
2016-04-22,cashflow_to_assets,0.25441812151666365,38
2016-04-22,debt_to_assets,-0.13457784555973876,49
2016-04-22,asset_growth_yoy,-0.000314935831836317,70
2016-04-29,ret_1d,-0.16301546391752578,97
2016-04-29,ret_5d,0.06750999368819692,97
2016-04-29,ret_20d,-0.0887797469357934,97
2016-04-29,ret_60d,0.13406006732589942,97
2016-04-29,ret_120d,0.0050494424573953285,97
2016-04-29,momentum_20_5,-0.10920734273090678,97
2016-04-29,overnight_gap,-0.026115428618771364,97
2016-04-29,intraday_return,-0.12229118451504313,97
2016-04-29,ema20_distance,0.009993688196928254,97
2016-04-29,ema60_distance,0.02627288028613507,97
2016-04-29,ema20_60_spread,0.0472464759099516,97
2016-04-29,rsi14_centered,-0.019487691984010097,97
2016-04-29,macd_hist_atr,0.17466600042078684,97
2016-04-29,breakout_position_60,0.08197454239427729,97
2016-04-29,trend_r2_20,-0.1295892068167473,97
2016-04-29,realized_vol_5,0.2188354723332632,97
2016-04-29,realized_vol_20,0.23855985693246368,97
2016-04-29,vol_ratio_5_20,0.08952240690090467,97
2016-04-29,parkinson_vol_20,0.34959499263622973,97
2016-04-29,overnight_vol_20,0.03759467704607616,97
2016-04-29,downside_vol_20,0.28140122028192716,97
2016-04-29,volume_zscore_20,0.010375026299179465,97
2016-04-29,volume_trend_5_20,0.16915632232274352,97
2016-04-29,amihud_illiq_20,0.32178361035135705,97
2016-04-29,signed_volume_pressure_20,-0.15554649694929518,97
2016-04-29,volume_cv_20,0.022696191878813377,97
2016-04-29,return_volume_corr_20,-0.04004050073637703,97
2016-04-29,close_location_value,-0.24957921312855036,97
2016-04-29,body_range_ratio,-0.12522354302545757,97
2016-04-29,gap_followthrough_20,0.027535240900483902,97
2016-04-29,cs_rank_ret20,-0.0887797469357934,97
2016-04-29,cs_rank_ret60,0.13406006732589942,97
2016-04-29,cs_rank_vol20,0.23855985693246368,97
2016-04-29,cs_rank_amihud20,0.32178361035135705,97
2016-04-29,return_autocorr_20,-0.003261098253734483,97
2016-04-29,revenue_growth_yoy,-0.07024576771047736,46
2016-04-29,gross_margin_change_yoy,-0.08313512294972467,43
2016-04-29,operating_profitability,-0.1380739248479294,64
2016-04-29,cashflow_to_assets,0.10172579597014846,39
2016-04-29,debt_to_assets,-0.02978596124999691,49
2016-04-29,asset_growth_yoy,0.04684814594519052,71
2016-05-06,ret_1d,-0.11972701451714705,97
2016-05-06,ret_5d,0.055458577012768816,97
2016-05-06,ret_20d,0.07532084998948033,97
2016-05-06,ret_60d,-0.03766042499474016,97
2016-05-06,ret_120d,0.07906848306332842,97
2016-05-06,momentum_20_5,0.020789501367557334,97
2016-05-06,overnight_gap,0.09428944314642769,97
2016-05-06,intraday_return,-0.08889122659373025,97
2016-05-06,ema20_distance,0.11284977908689248,97
2016-05-06,ema60_distance,0.06428834420366084,97
2016-05-06,ema20_60_spread,-0.008244792762465812,97
2016-05-06,rsi14_centered,0.0825662739322533,97
2016-05-06,macd_hist_atr,0.14087155480749,97
2016-05-06,breakout_position_60,0.011098253734483483,97
2016-05-06,trend_r2_20,0.1331921944035346,97
2016-05-06,realized_vol_5,-0.14392225962549965,97
2016-05-06,realized_vol_20,0.043327898169577106,97
2016-05-06,vol_ratio_5_20,-0.22146539027982326,97
2016-05-06,parkinson_vol_20,0.030454449821165578,97
2016-05-06,overnight_vol_20,-0.16147696191878813,97
2016-05-06,downside_vol_20,0.007731958762886597,97
2016-05-06,volume_zscore_20,-0.0899168945928887,97
2016-05-06,volume_trend_5_20,-0.07643856511676834,97
2016-05-06,amihud_illiq_20,0.18667157584683355,97
2016-05-06,signed_volume_pressure_20,0.011071954555017883,97
2016-05-06,volume_cv_20,-0.09111350725857352,97
2016-05-06,return_volume_corr_20,0.08173784977908688,97
2016-05-06,close_location_value,-0.008297391121397012,97
2016-05-06,body_range_ratio,-0.0746765200925731,97
2016-05-06,gap_followthrough_20,0.05680622764569745,97
2016-05-06,cs_rank_ret20,0.07532084998948033,97
2016-05-06,cs_rank_ret60,-0.03766042499474016,97
2016-05-06,cs_rank_vol20,0.043327898169577106,97
2016-05-06,cs_rank_amihud20,0.18667157584683355,97
2016-05-06,return_autocorr_20,-0.09881916684199453,97
2016-05-06,revenue_growth_yoy,-0.0897344969435861,46
2016-05-06,gross_margin_change_yoy,0.22763310913036366,44
2016-05-06,operating_profitability,-0.2860380727988775,64
2016-05-06,cashflow_to_assets,0.022268333446201653,39
2016-05-06,debt_to_assets,-0.029911869168862907,49
2016-05-06,asset_growth_yoy,0.264304697399441,71
2016-05-13,ret_1d,-0.15720265096653954,98
2016-05-13,ret_5d,-0.32684070206066984,97
2016-05-13,ret_20d,-0.1286099851744838,97
2016-05-13,ret_60d,0.06059350868401629,97
2016-05-13,ret_120d,-0.15943929965141004,97
2016-05-13,momentum_20_5,-0.037535627287006185,97
2016-05-13,overnight_gap,-0.1575405566526014,98
2016-05-13,intraday_return,-0.13934465423712084,98
2016-05-13,ema20_distance,-0.22046017140665694,97
2016-05-13,ema60_distance,-0.13669043462898206,97
2016-05-13,ema20_60_spread,-0.03067809369787543,97
2016-05-13,rsi14_centered,-0.2813692712817358,97
2016-05-13,macd_hist_atr,-0.3381296619576377,97
2016-05-13,breakout_position_60,-0.24050021203913108,97
2016-05-13,trend_r2_20,-0.08192878816314311,97
2016-05-13,realized_vol_5,0.5420804691818332,97
2016-05-13,realized_vol_20,0.5261562636661337,97
2016-05-13,vol_ratio_5_20,0.24744321824250792,97
2016-05-13,parkinson_vol_20,0.5348613206862766,97
2016-05-13,overnight_vol_20,0.30299384268600327,97
2016-05-13,downside_vol_20,0.5180889638445962,97
2016-05-13,volume_zscore_20,0.12012189709819636,97
2016-05-13,volume_trend_5_20,0.19730366776243974,97
2016-05-13,amihud_illiq_20,0.4795079407371953,97
2016-05-13,signed_volume_pressure_20,-0.16851254639445934,97
2016-05-13,volume_cv_20,0.3829830599874076,97
2016-05-13,return_volume_corr_20,0.1250398598255883,97
2016-05-13,close_location_value,0.010838484269907824,98
2016-05-13,body_range_ratio,0.013401467020791912,98
2016-05-13,gap_followthrough_20,-0.06779293273013151,97
2016-05-13,cs_rank_ret20,-0.1286099851744838,97
2016-05-13,cs_rank_ret60,0.06059350868401629,97
2016-05-13,cs_rank_vol20,0.5261562636661337,97
2016-05-13,cs_rank_amihud20,0.4795079407371953,97
2016-05-13,return_autocorr_20,-0.32602542481709157,97
2016-05-13,revenue_growth_yoy,-0.015876675788447647,45
2016-05-13,gross_margin_change_yoy,-0.31678353731919023,44
2016-05-13,operating_profitability,-0.23771148606882023,64
2016-05-13,cashflow_to_assets,-0.1727820236030283,39
2016-05-13,debt_to_assets,-0.015098708670000714,50
2016-05-13,asset_growth_yoy,0.05420949378762219,71
2016-05-20,ret_1d,0.22934232715124958,98
2016-05-20,ret_5d,0.1725486695769326,98
2016-05-20,ret_20d,-0.058864331949652536,97
2016-05-20,ret_60d,0.01838976169587604,97
2016-05-20,ret_120d,-0.11309341828057336,97
2016-05-20,momentum_20_5,-0.12273209924094315,97
2016-05-20,overnight_gap,0.05535295317759869,98
2016-05-20,intraday_return,0.20117566051208813,98
2016-05-20,ema20_distance,0.09172526471904419,97
2016-05-20,ema60_distance,-0.004234181813423013,97
2016-05-20,ema20_60_spread,-0.048771988652130296,97
2016-05-20,rsi14_centered,0.06832549286504962,97
2016-05-20,macd_hist_atr,0.10355993438389112,97
2016-05-20,breakout_position_60,0.041309571946796256,97
2016-05-20,trend_r2_20,0.08085051826034596,97
2016-05-20,realized_vol_5,-0.005827279189821032,98
2016-05-20,realized_vol_20,0.02933025631937898,97
2016-05-20,vol_ratio_5_20,0.029409154117144624,97
2016-05-20,parkinson_vol_20,0.05559007334237822,97
2016-05-20,overnight_vol_20,0.03267683790793847,97
2016-05-20,downside_vol_20,0.09999638385147608,97
2016-05-20,volume_zscore_20,-0.15319979881144352,97
2016-05-20,volume_trend_5_20,-0.14023426071195566,97
2016-05-20,amihud_illiq_20,0.2255227800966192,97
2016-05-20,signed_volume_pressure_20,-0.037706572515498415,97
2016-05-20,volume_cv_20,0.011354708061772583,97
2016-05-20,return_volume_corr_20,0.11252798406325291,97
2016-05-20,close_location_value,0.22452238944063177,98
2016-05-20,body_range_ratio,0.21177760705501658,98
2016-05-20,gap_followthrough_20,-0.07719492029720434,97
2016-05-20,cs_rank_ret20,-0.058864331949652536,97
2016-05-20,cs_rank_ret60,0.01838976169587604,97
2016-05-20,cs_rank_vol20,0.02933025631937898,97
2016-05-20,cs_rank_amihud20,0.2255227800966192,97
2016-05-20,return_autocorr_20,-0.17344365875481224,97
2016-05-20,revenue_growth_yoy,0.23070588635329323,45
2016-05-20,gross_margin_change_yoy,-0.09373128023014973,44
2016-05-20,operating_profitability,-0.2168089928798736,64
2016-05-20,cashflow_to_assets,-0.16508932659434045,39
2016-05-20,debt_to_assets,-0.028403913161359234,50
2016-05-20,asset_growth_yoy,0.10322104663056055,71
2016-05-27,ret_1d,-0.16783601680975968,99
2016-05-27,ret_5d,-0.1180307174416158,98
2016-05-27,ret_20d,-0.08868083315800546,97
2016-05-27,ret_60d,0.0003944876919840101,97
2016-05-27,ret_120d,0.1410424994740164,97
2016-05-27,momentum_20_5,-0.030296654744371977,97
2016-05-27,overnight_gap,-0.06022263450834879,99
2016-05-27,intraday_return,-0.06483013243733045,99
2016-05-27,ema20_distance,-0.1362034504523459,97
2016-05-27,ema60_distance,-0.017318009678098042,97
2016-05-27,ema20_60_spread,0.05996212918156953,97
2016-05-27,rsi14_centered,-0.0628418893330528,97
2016-05-27,macd_hist_atr,-0.16471176099305698,97
2016-05-27,breakout_position_60,0.04931096149800126,97
2016-05-27,trend_r2_20,-0.17577056595834206,97
2016-05-27,realized_vol_5,-0.20950723307129784,98
2016-05-27,realized_vol_20,-0.3760651167683568,97
2016-05-27,vol_ratio_5_20,0.04999474016410688,97
2016-05-27,parkinson_vol_20,-0.4327266989269934,97
2016-05-27,overnight_vol_20,-0.15837365874184722,97
2016-05-27,downside_vol_20,-0.32721439091100357,97
2016-05-27,volume_zscore_20,0.060133073848095936,97
2016-05-27,volume_trend_5_20,0.17120765832106036,97
2016-05-27,amihud_illiq_20,-0.27916579002735115,97
2016-05-27,signed_volume_pressure_20,0.14074005891016197,97
2016-05-27,volume_cv_20,-0.07275667999158426,97
2016-05-27,return_volume_corr_20,-0.24644961077214386,97
2016-05-27,close_location_value,-0.11941867656153371,99
2016-05-27,body_range_ratio,-0.054564176141807356,99
2016-05-27,gap_followthrough_20,0.11626867241742056,97
2016-05-27,cs_rank_ret20,-0.08868083315800546,97
2016-05-27,cs_rank_ret60,0.0003944876919840101,97
2016-05-27,cs_rank_vol20,-0.3760651167683568,97
2016-05-27,cs_rank_amihud20,-0.27916579002735115,97
2016-05-27,return_autocorr_20,0.07276982958131706,97
2016-05-27,revenue_growth_yoy,0.05724826249029463,45
2016-05-27,gross_margin_change_yoy,-0.2626568728985094,45
2016-05-27,operating_profitability,0.1279629262456325,66
2016-05-27,cashflow_to_assets,0.0974745686758736,39
2016-05-27,debt_to_assets,-0.23525745334154563,50
2016-05-27,asset_growth_yoy,-0.26524427009241963,72
2016-06-03,ret_1d,-0.07087220430523772,99
2016-06-03,ret_5d,0.12050130025196833,99
2016-06-03,ret_20d,-0.003958039521243251,97
2016-06-03,ret_60d,-0.10259343636126196,97
2016-06-03,ret_120d,0.043512135467753885,97
2016-06-03,momentum_20_5,0.027548481053171467,97
2016-06-03,overnight_gap,-0.17861748017899298,99
2016-06-03,intraday_return,0.057235798503051924,99
2016-06-03,ema20_distance,-0.05251963404599849,97
2016-06-03,ema60_distance,-0.06637277237034987,97
2016-06-03,ema20_60_spread,-0.004332804060630071,97
2016-06-03,rsi14_centered,0.010092541528978875,98
2016-06-03,macd_hist_atr,0.0673458452094595,97
2016-06-03,breakout_position_60,0.052822075604100134,97
2016-06-03,trend_r2_20,0.002886344434926557,97
2016-06-03,realized_vol_5,-0.17286386167015746,99
2016-06-03,realized_vol_20,-0.18619222791044457,97
2016-06-03,vol_ratio_5_20,-0.08004839064972855,97
2016-06-03,parkinson_vol_20,-0.1826418270109905,97
2016-06-03,overnight_vol_20,-0.3557633197582597,97
2016-06-03,downside_vol_20,-0.19472633970209527,97
2016-06-03,volume_zscore_20,-0.12991837365409742,97
2016-06-03,volume_trend_5_20,0.03101340933837943,97
2016-06-03,amihud_illiq_20,-0.28436738759683033,97
2016-06-03,signed_volume_pressure_20,0.025102649322436433,97
2016-06-03,volume_cv_20,-0.21366838598233087,97
2016-06-03,return_volume_corr_20,-0.043170245010769416,97
2016-06-03,close_location_value,0.04479914903901762,99
2016-06-03,body_range_ratio,0.13030961753190784,99
2016-06-03,gap_followthrough_20,0.04960041552866958,97
2016-06-03,cs_rank_ret20,-0.003958039521243251,97
2016-06-03,cs_rank_ret60,-0.10259343636126196,97
2016-06-03,cs_rank_vol20,-0.18619222791044457,97
2016-06-03,cs_rank_amihud20,-0.28436738759683033,97
2016-06-03,return_autocorr_20,-0.09146884687630584,97
2016-06-03,revenue_growth_yoy,-0.014493200537280228,46
2016-06-03,gross_margin_change_yoy,0.07554966237518418,46
2016-06-03,operating_profitability,0.12088634680072723,66
2016-06-03,cashflow_to_assets,0.12358925062641918,39
2016-06-03,debt_to_assets,0.07005993163118164,50
2016-06-03,asset_growth_yoy,0.008907396837679608,72
2016-06-10,ret_1d,-0.16534992377915714,99
2016-06-10,ret_5d,-0.16567150795226993,99
2016-06-10,ret_20d,-0.07041826985948937,98
2016-06-10,ret_60d,-0.12246910658172433,97
2016-06-10,ret_120d,-0.06365079834743508,97
2016-06-10,momentum_20_5,0.04906645584777095,98
2016-06-10,overnight_gap,-0.07034035355739736,99
2016-06-10,intraday_return,-0.12658086939313168,99
2016-06-10,ema20_distance,-0.15615068043446026,98
2016-06-10,ema60_distance,-0.09808968707213965,97
2016-06-10,ema20_60_spread,-0.05446577972421776,97
2016-06-10,rsi14_centered,-0.15933209434662732,98
2016-06-10,macd_hist_atr,-0.0041224099332550146,97
2016-06-10,breakout_position_60,-0.10025280169421444,97
2016-06-10,trend_r2_20,-0.10380717698978778,98
2016-06-10,realized_vol_5,0.0914103012073053,99
2016-06-10,realized_vol_20,0.0743328753546208,98
2016-06-10,vol_ratio_5_20,0.06839083574311838,98
2016-06-10,parkinson_vol_20,-0.07445401135528446,98
2016-06-10,overnight_vol_20,0.15971462908556525,98
2016-06-10,downside_vol_20,0.03436437071459011,98
2016-06-10,volume_zscore_20,0.1794597971937444,98
2016-06-10,volume_trend_5_20,-0.025636203087823155,98
2016-06-10,amihud_illiq_20,0.10227703803403607,98
2016-06-10,signed_volume_pressure_20,-0.09074361565505769,98
2016-06-10,volume_cv_20,0.18195902415480553,98
2016-06-10,return_volume_corr_20,-0.046815876467019506,98
2016-06-10,close_location_value,-0.13518903892779202,99
2016-06-10,body_range_ratio,-0.11215282716652544,99
2016-06-10,gap_followthrough_20,0.11873240738734907,98
2016-06-10,cs_rank_ret20,-0.07041826985948937,98
2016-06-10,cs_rank_ret60,-0.12246910658172433,97
2016-06-10,cs_rank_vol20,0.0743328753546208,98
2016-06-10,cs_rank_amihud20,0.10227703803403607,98
2016-06-10,return_autocorr_20,0.307742821896577,98
2016-06-10,revenue_growth_yoy,-0.12359308032642374,46
2016-06-10,gross_margin_change_yoy,-0.030343211337624985,46
2016-06-10,operating_profitability,-0.19077539689377412,66
2016-06-10,cashflow_to_assets,-0.23493091785742745,39
2016-06-10,debt_to_assets,0.00028851035675160597,50
2016-06-10,asset_growth_yoy,-0.06293059787487,72
2016-06-17,ret_1d,0.0421526549525744,99
2016-06-17,ret_5d,0.1221768707482993,99
2016-06-17,ret_20d,0.08480130571441322,98
2016-06-17,ret_60d,0.04977119713864927,97
2016-06-17,ret_120d,0.008954870608037029,97
2016-06-17,momentum_20_5,-0.017628419690275357,98
2016-06-17,overnight_gap,-0.055522744350124276,99
2016-06-17,intraday_return,0.0931725417439703,99
2016-06-17,ema20_distance,0.13157240403190326,98
2016-06-17,ema60_distance,0.06280244056385441,97
2016-06-17,ema20_60_spread,0.005772669892699346,97
2016-06-17,rsi14_centered,0.1006926406926407,99
2016-06-17,macd_hist_atr,0.24792236482221752,97
2016-06-17,breakout_position_60,0.10840521775720596,97
2016-06-17,trend_r2_20,0.19475419033592814,98
2016-06-17,realized_vol_5,0.02978354978354978,99
2016-06-17,realized_vol_20,0.10776606800170864,98
2016-06-17,vol_ratio_5_20,-0.008511370808867125,98
2016-06-17,parkinson_vol_20,0.1586685283297949,98
2016-06-17,overnight_vol_20,-0.08492881688757978,98
2016-06-17,downside_vol_20,0.04128174231267014,98
2016-06-17,volume_zscore_20,0.15912756855319446,98
2016-06-17,volume_trend_5_20,0.043691703485517916,98
2016-06-17,amihud_illiq_20,-0.022218821924271107,98
2016-06-17,signed_volume_pressure_20,-0.05314028141715917,98
2016-06-17,volume_cv_20,-0.10005164202513243,98
2016-06-17,return_volume_corr_20,0.02768905125311605,98
2016-06-17,close_location_value,0.06888064316635745,99
2016-06-17,body_range_ratio,0.055139146567718,99
2016-06-17,gap_followthrough_20,0.05092158700406123,98
2016-06-17,cs_rank_ret20,0.08480130571441322,98
2016-06-17,cs_rank_ret60,0.04977119713864927,97
2016-06-17,cs_rank_vol20,0.10776606800170864,98
2016-06-17,cs_rank_amihud20,-0.022218821924271107,98
2016-06-17,return_autocorr_20,-0.23101836798449463,98
2016-06-17,revenue_growth_yoy,0.1034373103262452,47
2016-06-17,gross_margin_change_yoy,0.032316753538446125,46
2016-06-17,operating_profitability,0.001955482834749278,67
2016-06-17,cashflow_to_assets,0.3931373050229419,39
2016-06-17,debt_to_assets,-0.016899635772857538,51
2016-06-17,asset_growth_yoy,0.17269971538613346,73
2016-06-24,ret_1d,-0.25448361162646876,99
2016-06-24,ret_5d,-0.08706246134817562,99
2016-06-24,ret_20d,-0.01846629560915275,99
2016-06-24,ret_60d,0.07142857142857141,97
2016-06-24,ret_120d,0.02461603197980223,97
2016-06-24,momentum_20_5,-0.004959802102659245,99
2016-06-24,overnight_gap,-0.03751391465677179,99
2016-06-24,intraday_return,-0.24495980210265922,99
2016-06-24,ema20_distance,-0.10173160173160171,99
2016-06-24,ema60_distance,0.047022932884494,97
2016-06-24,ema20_60_spread,0.12748527245949925,97
2016-06-24,rsi14_centered,-0.06661719233147803,99
2016-06-24,macd_hist_atr,-0.0664054281506417,97
2016-06-24,breakout_position_60,0.04010624868504103,97
2016-06-24,trend_r2_20,0.013506493506493506,99
2016-06-24,realized_vol_5,0.19574520717377858,99
2016-06-24,realized_vol_20,0.15585652442795297,99
2016-06-24,vol_ratio_5_20,0.17341991341991342,99
2016-06-24,parkinson_vol_20,0.062374768089053796,99
2016-06-24,overnight_vol_20,0.06679035250463822,99
2016-06-24,downside_vol_20,0.10514533085961655,99
2016-06-24,volume_zscore_20,0.1151638837353123,99
2016-06-24,volume_trend_5_20,0.16510822510822507,99
2016-06-24,amihud_illiq_20,0.11403834260977116,99
2016-06-24,signed_volume_pressure_20,-0.10551638837353122,99
2016-06-24,volume_cv_20,0.20596165739022881,99
2016-06-24,return_volume_corr_20,-0.04538033395176252,99
2016-06-24,close_location_value,-0.11828076685219542,99
2016-06-24,body_range_ratio,-0.2579962894248608,99
2016-06-24,gap_followthrough_20,0.2137538651824366,99
2016-06-24,cs_rank_ret20,-0.01846629560915275,99
2016-06-24,cs_rank_ret60,0.07142857142857141,97
2016-06-24,cs_rank_vol20,0.15585652442795297,99
2016-06-24,cs_rank_amihud20,0.11403834260977116,99
2016-06-24,return_autocorr_20,0.0707623255487762,98
2016-06-24,revenue_growth_yoy,-0.06198144028492726,47
2016-06-24,gross_margin_change_yoy,0.07678312625069737,46
2016-06-24,operating_profitability,-0.20596422265593928,67
2016-06-24,cashflow_to_assets,-0.2834151529516574,39
2016-06-24,debt_to_assets,0.015132649726901924,51
2016-06-24,asset_growth_yoy,-0.10406719785572632,73
2016-07-01,ret_1d,0.08974303476877873,99
2016-07-01,ret_5d,-0.10268398268398267,99
2016-07-01,ret_20d,-0.04852195423623995,99
2016-07-01,ret_60d,0.03772617294340416,97
2016-07-01,ret_120d,0.006088260046286554,97
2016-07-01,momentum_20_5,-0.018095238095238095,99
2016-07-01,overnight_gap,-0.05219558502061137,99
2016-07-01,intraday_return,0.10262213976499689,99
2016-07-01,ema20_distance,-0.043834260977118115,99
2016-07-01,ema60_distance,-0.015187776141384387,97
2016-07-01,ema20_60_spread,-0.02514201556911424,97
2016-07-01,rsi14_centered,-0.12157081014223871,99
2016-07-01,macd_hist_atr,-0.15268825430828373,98
2016-07-01,breakout_position_60,-0.12030559646539027,97
2016-07-01,trend_r2_20,0.04009894867037724,99
2016-07-01,realized_vol_5,0.21285095856524425,99
2016-07-01,realized_vol_20,0.2208286951144094,99
2016-07-01,vol_ratio_5_20,0.022820037105751388,99
2016-07-01,parkinson_vol_20,0.3729499072356215,99
2016-07-01,overnight_vol_20,0.037551020408163265,99
2016-07-01,downside_vol_20,0.24142238713667283,99
2016-07-01,volume_zscore_20,0.0022387136672850955,99
2016-07-01,volume_trend_5_20,-0.10654298082869511,99
2016-07-01,amihud_illiq_20,0.2274582560296846,99
2016-07-01,signed_volume_pressure_20,-0.061459492888064314,99
2016-07-01,volume_cv_20,0.059653679653679646,99
2016-07-01,return_volume_corr_20,0.018627087198515767,99
2016-07-01,close_location_value,0.22051948051948053,99
2016-07-01,body_range_ratio,0.2222634508348794,99
2016-07-01,gap_followthrough_20,0.21750154607297464,99
2016-07-01,cs_rank_ret20,-0.04852195423623995,99
2016-07-01,cs_rank_ret60,0.03772617294340416,97
2016-07-01,cs_rank_vol20,0.2208286951144094,99
2016-07-01,cs_rank_amihud20,0.2274582560296846,99
2016-07-01,return_autocorr_20,0.12773036487322198,99
2016-07-01,revenue_growth_yoy,-0.12922436477314592,47
2016-07-01,gross_margin_change_yoy,-0.024792623897815537,46
2016-07-01,operating_profitability,-0.3515678782188524,67
2016-07-01,cashflow_to_assets,-0.4209662423546689,38
2016-07-01,debt_to_assets,-0.10321010801761253,51
2016-07-01,asset_growth_yoy,-0.14354362230173934,73
2016-07-08,ret_1d,-0.16816534528615068,99
2016-07-08,ret_5d,-0.32215611822029133,99
2016-07-08,ret_20d,0.034372719516785284,99
2016-07-08,ret_60d,0.128709876797852,97
2016-07-08,ret_120d,0.16297815825833445,97
2016-07-08,momentum_20_5,0.11744115574374824,99
2016-07-08,overnight_gap,-0.09118232755586222,99
2016-07-08,intraday_return,-0.10917883957346662,99
2016-07-08,ema20_distance,-0.07656248067970527,99
2016-07-08,ema60_distance,0.06209317922348357,97
2016-07-08,ema20_60_spread,0.1374281694334237,97
2016-07-08,rsi14_centered,-0.0629568702196607,99
2016-07-08,macd_hist_atr,-0.17472441297715582,98
2016-07-08,breakout_position_60,-0.02737780583297179,97
2016-07-08,trend_r2_20,-0.016895694444018967,99
2016-07-08,realized_vol_5,0.00033395589311018453,99
2016-07-08,realized_vol_20,0.1527167930456092,99
2016-07-08,vol_ratio_5_20,-0.2015114596500417,99
2016-07-08,parkinson_vol_20,0.031119741743156456,99
2016-07-08,overnight_vol_20,0.10654429863893072,99
2016-07-08,downside_vol_20,0.09658746552953447,99
2016-07-08,volume_zscore_20,0.06168289033112927,99
2016-07-08,volume_trend_5_20,0.09728011478931857,99
2016-07-08,amihud_illiq_20,0.047718586504410805,99
2016-07-08,signed_volume_pressure_20,-0.07875174709009425,99
2016-07-08,volume_cv_20,0.1518757189444428,99
2016-07-08,return_volume_corr_20,0.010426845107106873,99
2016-07-08,close_location_value,-0.10842434662977324,99
2016-07-08,body_range_ratio,-0.1662729285585263,99
2016-07-08,gap_followthrough_20,0.22187040039298112,99
2016-07-08,cs_rank_ret20,0.034372719516785284,99
2016-07-08,cs_rank_ret60,0.128709876797852,97
2016-07-08,cs_rank_vol20,0.1527167930456092,99
2016-07-08,cs_rank_amihud20,0.047718586504410805,99
2016-07-08,return_autocorr_20,0.04053235043415092,99
2016-07-08,revenue_growth_yoy,-0.033823827021159,47
2016-07-08,gross_margin_change_yoy,0.0,46
2016-07-08,operating_profitability,-0.15478399680734312,67
2016-07-08,cashflow_to_assets,0.28910652776216145,38
2016-07-08,debt_to_assets,-0.09487355846746298,51
2016-07-08,asset_growth_yoy,0.05690881322987212,73
2016-07-15,ret_1d,0.14441737066498203,99
2016-07-15,ret_5d,-0.05320964749536178,99
2016-07-15,ret_20d,0.016400742115027827,99
2016-07-15,ret_60d,-0.026838312644645482,97
2016-07-15,ret_120d,0.17407426888281083,97
2016-07-15,momentum_20_5,-0.029573283858998146,99
2016-07-15,overnight_gap,0.11462108375748443,99
2016-07-15,intraday_return,-0.015015646453176445,99
2016-07-15,ema20_distance,0.04965986394557823,99
2016-07-15,ema60_distance,0.04505049442457395,97
2016-07-15,ema20_60_spread,0.0033268462023984847,97
2016-07-15,rsi14_centered,-0.053184910327767475,99
2016-07-15,macd_hist_atr,-0.19269016697588123,99
2016-07-15,breakout_position_60,-0.03191405428150641,97
2016-07-15,trend_r2_20,-0.1875943104514533,99
2016-07-15,realized_vol_5,0.003450834879406308,99
2016-07-15,realized_vol_20,0.03121830550401979,99
2016-07-15,vol_ratio_5_20,-0.020890538033395176,99
2016-07-15,parkinson_vol_20,-0.03539888682745825,99
2016-07-15,overnight_vol_20,0.20881880024737165,99
2016-07-15,downside_vol_20,0.10681508967223252,99
2016-07-15,volume_zscore_20,-0.07439703153988868,99
2016-07-15,volume_trend_5_20,0.052455163883735306,99
2016-07-15,amihud_illiq_20,-0.10568954854669141,99
2016-07-15,signed_volume_pressure_20,0.06718614718614718,99
2016-07-15,volume_cv_20,-0.03778602350030921,99
2016-07-15,return_volume_corr_20,0.04059369202226344,99
2016-07-15,close_location_value,0.06155844155844156,99
2016-07-15,body_range_ratio,0.03922126433527389,99
2016-07-15,gap_followthrough_20,0.0790847247990105,99
2016-07-15,cs_rank_ret20,0.016400742115027827,99
2016-07-15,cs_rank_ret60,-0.026838312644645482,97
2016-07-15,cs_rank_vol20,0.03121830550401979,99
2016-07-15,cs_rank_amihud20,-0.10568954854669141,99
2016-07-15,return_autocorr_20,-0.03642547928262214,99
2016-07-15,revenue_growth_yoy,-0.1676158539048546,47
2016-07-15,gross_margin_change_yoy,-0.16577754486897556,46
2016-07-15,operating_profitability,0.23797028864510092,67
2016-07-15,cashflow_to_assets,-0.07895204803152597,37
2016-07-15,debt_to_assets,0.07733962001144189,51
2016-07-15,asset_growth_yoy,0.14856380285227358,72
2016-07-22,ret_1d,-0.12680272108843538,99
2016-07-22,ret_5d,-0.10042177393191067,99
2016-07-22,ret_20d,-0.10138528138528138,99
2016-07-22,ret_60d,-0.09536082474226802,97
2016-07-22,ret_120d,-0.071060382916053,97
2016-07-22,momentum_20_5,0.0006679035250463822,99
2016-07-22,overnight_gap,-0.005924551638837353,99
2016-07-22,intraday_return,-0.09486703772418058,99
2016-07-22,ema20_distance,-0.11029066171923313,99
2016-07-22,ema60_distance,-0.12290921523248474,97
2016-07-22,ema20_60_spread,-0.07906848306332842,97
2016-07-22,rsi14_centered,-0.13245516388373532,99
2016-07-22,macd_hist_atr,0.027309833024118737,99
2016-07-22,breakout_position_60,-0.16724963181148744,97
2016-07-22,trend_r2_20,-0.021743970315398885,99
2016-07-22,realized_vol_5,0.26547928262213977,99
2016-07-22,realized_vol_20,0.17525046382189238,99
2016-07-22,vol_ratio_5_20,0.15259121830550398,99
2016-07-22,parkinson_vol_20,0.05197278911564626,99
2016-07-22,overnight_vol_20,0.08943722943722943,99
2016-07-22,downside_vol_20,0.20424242424242425,99
2016-07-22,volume_zscore_20,0.10119975262832404,99
2016-07-22,volume_trend_5_20,0.05732838589981447,99
2016-07-22,amihud_illiq_20,0.08472479901051329,99
2016-07-22,signed_volume_pressure_20,-0.041311069882498455,99
2016-07-22,volume_cv_20,0.19705627705627704,99
2016-07-22,return_volume_corr_20,0.030909090909090907,99
2016-07-22,close_location_value,0.022820037105751388,99
2016-07-22,body_range_ratio,-0.00982065553494125,99
2016-07-22,gap_followthrough_20,0.15546072974644404,99
2016-07-22,cs_rank_ret20,-0.10138528138528138,99
2016-07-22,cs_rank_ret60,-0.09536082474226802,97
2016-07-22,cs_rank_vol20,0.17525046382189238,99
2016-07-22,cs_rank_amihud20,0.08472479901051329,99
2016-07-22,return_autocorr_20,0.10398268398268397,99
2016-07-22,revenue_growth_yoy,-0.2941894863623101,48
2016-07-22,gross_margin_change_yoy,0.09401289356650348,47
2016-07-22,operating_profitability,-0.07957093914683767,68
2016-07-22,cashflow_to_assets,0.07211249121698123,38
2016-07-22,debt_to_assets,-0.0459023740466473,52
2016-07-22,asset_growth_yoy,-0.1371261965223171,73
2016-07-29,ret_1d,0.041063698206555345,99
2016-07-29,ret_5d,0.18321583178726034,99
2016-07-29,ret_20d,0.10279529993815706,99
2016-07-29,ret_60d,-0.09223122238586155,97
2016-07-29,ret_120d,-0.05606985062066063,97
2016-07-29,momentum_20_5,0.09343228200371057,99
2016-07-29,overnight_gap,-0.01181199752628324,99
2016-07-29,intraday_return,0.026209029066171917,99
2016-07-29,ema20_distance,0.08305504019789733,99
2016-07-29,ema60_distance,-0.07883179044813801,97
2016-07-29,ema20_60_spread,-0.13571691563223226,97
2016-07-29,rsi14_centered,0.060470006184291894,99
2016-07-29,macd_hist_atr,0.28572665429808286,99
2016-07-29,breakout_position_60,0.0011440143067536293,97
2016-07-29,trend_r2_20,-0.1173778602350031,99
2016-07-29,realized_vol_5,0.0619294990723562,99
2016-07-29,realized_vol_20,0.153308596165739,99
2016-07-29,vol_ratio_5_20,-0.04290661719233148,99
2016-07-29,parkinson_vol_20,0.10398268398268397,99
2016-07-29,overnight_vol_20,0.18071737786023498,99
2016-07-29,downside_vol_20,0.0557452071737786,99
2016-07-29,volume_zscore_20,0.08314162028447743,99
2016-07-29,volume_trend_5_20,-0.09714285714285714,99
2016-07-29,amihud_illiq_20,0.20080395794681508,99
2016-07-29,signed_volume_pressure_20,0.16055658627087196,99
2016-07-29,volume_cv_20,0.1842795299938157,99
2016-07-29,return_volume_corr_20,0.282152133580705,99
2016-07-29,close_location_value,0.08525664811379097,99
2016-07-29,body_range_ratio,0.01176252319109462,99
2016-07-29,gap_followthrough_20,0.1177612863327149,99
2016-07-29,cs_rank_ret20,0.10279529993815706,99
2016-07-29,cs_rank_ret60,-0.09223122238586155,97
2016-07-29,cs_rank_vol20,0.153308596165739,99
2016-07-29,cs_rank_amihud20,0.20080395794681508,99
2016-07-29,return_autocorr_20,0.08723562152133581,99
2016-07-29,revenue_growth_yoy,-0.17721931235663146,48
2016-07-29,gross_margin_change_yoy,-0.21259865291760963,47
2016-07-29,operating_profitability,0.01895273268716954,68
2016-07-29,cashflow_to_assets,-0.30935055033445513,38
2016-07-29,debt_to_assets,-0.025359804112098573,52
2016-07-29,asset_growth_yoy,0.09967064413665101,73
2016-08-05,ret_1d,0.06233186352420237,99
2016-08-05,ret_5d,-0.12695153664728795,99
2016-08-05,ret_20d,-0.01846635270989876,99
2016-08-05,ret_60d,-0.22546597513001196,98
2016-08-05,ret_120d,-0.242189939874612,97
2016-08-05,momentum_20_5,0.04640721340268029,99
2016-08-05,overnight_gap,0.06612965568707058,99
2016-08-05,intraday_return,-0.004019802163909643,99
2016-08-05,ema20_distance,-0.10154638697137901,99
2016-08-05,ema60_distance,-0.1763612658083472,98
2016-08-05,ema20_60_spread,-0.1943212718014827,98
2016-08-05,rsi14_centered,-0.08276463439938886,99
2016-08-05,macd_hist_atr,-0.03544228646364026,99
2016-08-05,breakout_position_60,-0.015958074192693697,98
2016-08-05,trend_r2_20,-0.20995735917651137,99
2016-08-05,realized_vol_5,-0.04702550100672143,99
2016-08-05,realized_vol_20,-0.1632658109649455,99
2016-08-05,vol_ratio_5_20,-0.03933221809610051,99
2016-08-05,parkinson_vol_20,-0.14696396711253656,99
2016-08-05,overnight_vol_20,-0.1272669365093793,99
2016-08-05,downside_vol_20,-0.08481164134747207,99
2016-08-05,volume_zscore_20,-0.04952396265936681,99
2016-08-05,volume_trend_5_20,-0.02434763249124964,99
2016-08-05,amihud_illiq_20,-0.21354425956892306,99
2016-08-05,signed_volume_pressure_20,0.03906629272218034,99
2016-08-05,volume_cv_20,-0.212103315100937,99
2016-08-05,return_volume_corr_20,-0.0743106812331358,99
2016-08-05,close_location_value,-0.040117625595818246,99
2016-08-05,body_range_ratio,-0.020946261429479942,99
2016-08-05,gap_followthrough_20,-0.08204725432090654,99
2016-08-05,cs_rank_ret20,-0.01846635270989876,99
2016-08-05,cs_rank_ret60,-0.22546597513001196,98
2016-08-05,cs_rank_vol20,-0.1632658109649455,99
2016-08-05,cs_rank_amihud20,-0.21354425956892306,99
2016-08-05,return_autocorr_20,0.07097115328158012,99
2016-08-05,revenue_growth_yoy,-0.1320595978449263,48
2016-08-05,gross_margin_change_yoy,-0.17536353394047052,47
2016-08-05,operating_profitability,-0.08957217975920105,68
2016-08-05,cashflow_to_assets,-0.3254213274069923,39
2016-08-05,debt_to_assets,0.18292896727608848,52
2016-08-05,asset_growth_yoy,-0.1978541122165475,74
2016-08-12,ret_1d,-0.1034397457066842,99
2016-08-12,ret_5d,0.00795299938157081,99
2016-08-12,ret_20d,-0.0035621521335807045,99
2016-08-12,ret_60d,0.10153077163386441,98
2016-08-12,ret_120d,0.03842310119924259,97
2016-08-12,momentum_20_5,0.06520717377860234,99
2016-08-12,overnight_gap,-0.07973432199890314,99
2016-08-12,intraday_return,-0.0067594519463896,99
2016-08-12,ema20_distance,-0.01567099567099567,99
2016-08-12,ema60_distance,0.09760342750033471,98
2016-08-12,ema20_60_spread,0.13302603140600194,98
2016-08-12,rsi14_centered,0.0422634508348794,99
2016-08-12,macd_hist_atr,-0.1263203463203463,99
2016-08-12,breakout_position_60,0.08369195850786423,98
2016-08-12,trend_r2_20,0.05152752009894867,99
2016-08-12,realized_vol_5,-0.054669140383426094,99
2016-08-12,realized_vol_20,-0.06669140383426098,99
2016-08-12,vol_ratio_5_20,-0.0781199752628324,99
2016-08-12,parkinson_vol_20,-0.06869511440940013,99
2016-08-12,overnight_vol_20,-0.06435374149659863,99
2016-08-12,downside_vol_20,-0.042609771181199754,99
2016-08-12,volume_zscore_20,-0.02416821273964131,99
2016-08-12,volume_trend_5_20,-0.04327767470624613,99
2016-08-12,amihud_illiq_20,0.041521335807050086,99
2016-08-12,signed_volume_pressure_20,0.0654916512059369,99
2016-08-12,volume_cv_20,0.056215213358070504,99
2016-08-12,return_volume_corr_20,-0.07599257884972171,99
2016-08-12,close_location_value,0.02019789734075448,99
2016-08-12,body_range_ratio,0.03401989492871838,99
2016-08-12,gap_followthrough_20,0.00761904761904762,99
2016-08-12,cs_rank_ret20,-0.0035621521335807045,99
2016-08-12,cs_rank_ret60,0.10153077163386441,98
2016-08-12,cs_rank_vol20,-0.06669140383426098,99
2016-08-12,cs_rank_amihud20,0.041521335807050086,99
2016-08-12,return_autocorr_20,0.05335807050092764,99
2016-08-12,revenue_growth_yoy,0.23410318352041398,48
2016-08-12,gross_margin_change_yoy,0.09858055567705314,47
2016-08-12,operating_profitability,-0.2853149919281603,69
2016-08-12,cashflow_to_assets,-0.062104226345351406,40
2016-08-12,debt_to_assets,-0.2787461398317774,53
2016-08-12,asset_growth_yoy,-0.003072568083776746,75
2016-08-19,ret_1d,0.09218952439600163,99
2016-08-19,ret_5d,-0.12242424242424241,99
2016-08-19,ret_20d,-0.2166233766233766,99
2016-08-19,ret_60d,0.11908906017889817,98
2016-08-19,ret_120d,0.12331685251420155,97
2016-08-19,momentum_20_5,-0.1599628942486085,99
2016-08-19,overnight_gap,0.15793444650587507,99
2016-08-19,intraday_return,0.04827458256029685,99
2016-08-19,ema20_distance,-0.19534941249226964,99
2016-08-19,ema60_distance,-0.016747062461348175,99
2016-08-19,ema20_60_spread,0.12060606060606059,99
2016-08-19,rsi14_centered,-0.21318491032776746,99
2016-08-19,macd_hist_atr,-0.3031416202844774,99
2016-08-19,breakout_position_60,-0.1946072974644403,99
2016-08-19,trend_r2_20,0.07119356833642547,99
2016-08-19,realized_vol_5,0.06296846011131725,99
2016-08-19,realized_vol_20,0.1188620902906617,99
2016-08-19,vol_ratio_5_20,-0.023722943722943722,99
2016-08-19,parkinson_vol_20,0.14588744588744587,99
2016-08-19,overnight_vol_20,0.09479282622139765,99
2016-08-19,downside_vol_20,0.19501546072974646,99
2016-08-19,volume_zscore_20,0.10552187135397738,98
2016-08-19,volume_trend_5_20,0.11069882498453926,99
2016-08-19,amihud_illiq_20,0.0335800674534106,98
2016-08-19,signed_volume_pressure_20,-0.1289177489177489,99
2016-08-19,volume_cv_20,0.3027705627705628,99
2016-08-19,return_volume_corr_20,-0.18984501016901603,98
2016-08-19,close_location_value,0.04632034632034632,99
2016-08-19,body_range_ratio,0.05627705627705627,99
2016-08-19,gap_followthrough_20,0.13405071119356834,99
2016-08-19,cs_rank_ret20,-0.2166233766233766,99
2016-08-19,cs_rank_ret60,0.11908906017889817,98
2016-08-19,cs_rank_vol20,0.1188620902906617,99
2016-08-19,cs_rank_amihud20,0.0335800674534106,98
2016-08-19,return_autocorr_20,0.022659245516388375,99
2016-08-19,revenue_growth_yoy,0.12201807478643414,48
2016-08-19,gross_margin_change_yoy,0.051689745909258365,47
2016-08-19,operating_profitability,-0.044118050038833845,69
2016-08-19,cashflow_to_assets,-0.025704770420885627,40
2016-08-19,debt_to_assets,0.02235133325615931,53
2016-08-19,asset_growth_yoy,0.07368473460168307,75
2016-08-26,ret_1d,0.035671105971432034,99
2016-08-26,ret_5d,0.13752052418285962,99
2016-08-26,ret_20d,-0.11328385899814471,99
2016-08-26,ret_60d,-0.11188620902906615,99
2016-08-26,ret_120d,-0.141397538396802,97
2016-08-26,momentum_20_5,-0.22024737167594308,99
2016-08-26,overnight_gap,-0.06672026730553626,99
2016-08-26,intraday_return,-0.0362152133580705,99
2016-08-26,ema20_distance,0.030451453308596162,99
2016-08-26,ema60_distance,-0.030525664811379097,99
2016-08-26,ema20_60_spread,-0.16218923933209647,99
2016-08-26,rsi14_centered,0.014124922696351268,99
2016-08-26,macd_hist_atr,0.18143475572047,99
2016-08-26,breakout_position_60,-0.04648113790970934,99
2016-08-26,trend_r2_20,-0.01735312306740878,99
2016-08-26,realized_vol_5,0.016611008039579468,99
2016-08-26,realized_vol_20,0.04021026592455163,99
2016-08-26,vol_ratio_5_20,-0.05887445887445887,99
2016-08-26,parkinson_vol_20,0.19278911564625847,99
2016-08-26,overnight_vol_20,-0.12291898577612863,99
2016-08-26,downside_vol_20,0.0700556586270872,99
2016-08-26,volume_zscore_20,-0.1491434436942537,98
2016-08-26,volume_trend_5_20,-0.13727891156462585,99
2016-08-26,amihud_illiq_20,0.20211158502763804,98
2016-08-26,signed_volume_pressure_20,-0.21038961038961035,99
2016-08-26,volume_cv_20,-0.03224489795918367,99
2016-08-26,return_volume_corr_20,-0.18071521017029116,98
2016-08-26,close_location_value,0.12701298701298702,99
2016-08-26,body_range_ratio,0.04316635745207173,99
2016-08-26,gap_followthrough_20,-0.11217068645640074,99
2016-08-26,cs_rank_ret20,-0.11328385899814471,99
2016-08-26,cs_rank_ret60,-0.11188620902906615,99
2016-08-26,cs_rank_vol20,0.04021026592455163,99
2016-08-26,cs_rank_amihud20,0.20211158502763804,98
2016-08-26,return_autocorr_20,0.06672850958565243,99
2016-08-26,revenue_growth_yoy,0.10530029585662024,48
2016-08-26,gross_margin_change_yoy,-0.13454366748416577,47
2016-08-26,operating_profitability,-0.10138930754266162,69
2016-08-26,cashflow_to_assets,-0.19982175546162914,40
2016-08-26,debt_to_assets,-0.28919558985586635,53
2016-08-26,asset_growth_yoy,-0.1377819187938035,75
2016-09-02,ret_1d,0.05004329004329004,99
2016-09-02,ret_5d,-0.052096474953617807,99
2016-09-02,ret_20d,-0.049610389610389605,99
2016-09-02,ret_60d,-0.10197897340754483,99
2016-09-02,ret_120d,-0.19733589312013464,97
2016-09-02,momentum_20_5,-0.048967223252937536,99
2016-09-02,overnight_gap,0.13821892393320964,99
2016-09-02,intraday_return,-0.1401855287569573,99
2016-09-02,ema20_distance,-0.010439084724799009,99
2016-09-02,ema60_distance,-0.10030921459492889,99
2016-09-02,ema20_60_spread,-0.11928262213976498,99
2016-09-02,rsi14_centered,-0.023970315398886825,99
2016-09-02,macd_hist_atr,-0.10895485466914037,99
2016-09-02,breakout_position_60,0.0014347557204700062,99
2016-09-02,trend_r2_20,0.008398268398268398,99
2016-09-02,realized_vol_5,0.074582560296846,99
2016-09-02,realized_vol_20,0.12242424242424241,99
2016-09-02,vol_ratio_5_20,0.0006060606060606061,99
2016-09-02,parkinson_vol_20,-0.017959183673469385,99
2016-09-02,overnight_vol_20,0.2197031539888683,99
2016-09-02,downside_vol_20,0.10545454545454547,99
2016-09-02,volume_zscore_20,0.027701802370432706,98
2016-09-02,volume_trend_5_20,0.10115027829313543,99
2016-09-02,amihud_illiq_20,-0.019171304885590598,98
2016-09-02,signed_volume_pressure_20,-0.028163265306122443,99
2016-09-02,volume_cv_20,0.21914656771799626,99
2016-09-02,return_volume_corr_20,0.01890353142194084,98
2016-09-02,close_location_value,-0.10269635126777983,99
2016-09-02,body_range_ratio,-0.2188126159554731,99
2016-09-02,gap_followthrough_20,0.06969696969696969,99
2016-09-02,cs_rank_ret20,-0.049610389610389605,99
2016-09-02,cs_rank_ret60,-0.10197897340754483,99
2016-09-02,cs_rank_vol20,0.12242424242424241,99
2016-09-02,cs_rank_amihud20,-0.019171304885590598,98
2016-09-02,return_autocorr_20,-0.04143475572047,99
2016-09-02,revenue_growth_yoy,-0.1939913697894643,48
2016-09-02,gross_margin_change_yoy,-0.03558543280855613,46
2016-09-02,operating_profitability,0.1721608710418096,69
2016-09-02,cashflow_to_assets,0.0880904358584365,40
2016-09-02,debt_to_assets,0.2918507128437166,53
2016-09-02,asset_growth_yoy,-0.042944828911675906,75
2016-09-09,ret_1d,0.07914656771799627,99
2016-09-09,ret_5d,-0.0018429189857761283,99
2016-09-09,ret_20d,-0.04330241187384044,99
2016-09-09,ret_60d,-0.13990105132962277,99
2016-09-09,ret_120d,-0.1095097832947612,97
2016-09-09,momentum_20_5,0.011595583165123973,99
2016-09-09,overnight_gap,-0.14452690166975882,99
2016-09-09,intraday_return,0.07055040197897341,99
2016-09-09,ema20_distance,-0.06332714904143474,99
2016-09-09,ema60_distance,-0.07673469387755101,99
2016-09-09,ema20_60_spread,-0.11768707482993196,99
2016-09-09,rsi14_centered,-0.13887445887445887,99
2016-09-09,macd_hist_atr,-0.07783549783549783,99
2016-09-09,breakout_position_60,-0.0742071657123037,99
2016-09-09,trend_r2_20,0.11938157081014222,99
2016-09-09,realized_vol_5,-0.181991341991342,99
2016-09-09,realized_vol_20,-0.10183055040197897,99
2016-09-09,vol_ratio_5_20,-0.09161410018552876,99
2016-09-09,parkinson_vol_20,-0.09945578231292515,99
2016-09-09,overnight_vol_20,0.09151515151515152,99
2016-09-09,downside_vol_20,-0.05078540507111935,99
2016-09-09,volume_zscore_20,0.08128199733501647,98
2016-09-09,volume_trend_5_20,0.10186765615337043,99
2016-09-09,amihud_illiq_20,-0.28047995205579884,98
2016-09-09,signed_volume_pressure_20,-0.029338280766852194,99
2016-09-09,volume_cv_20,0.028744588744588743,99
2016-09-09,return_volume_corr_20,0.017271388405409024,98
2016-09-09,close_location_value,-0.13889919604205317,99
2016-09-09,body_range_ratio,0.08201607915893629,99
2016-09-09,gap_followthrough_20,-0.08034632034632035,99
2016-09-09,cs_rank_ret20,-0.04330241187384044,99
2016-09-09,cs_rank_ret60,-0.13990105132962277,99
2016-09-09,cs_rank_vol20,-0.10183055040197897,99
2016-09-09,cs_rank_amihud20,-0.28047995205579884,98
2016-09-09,return_autocorr_20,-0.046753246753246755,99
2016-09-09,revenue_growth_yoy,-0.2811626456377798,48
2016-09-09,gross_margin_change_yoy,-0.12420981226418033,46
2016-09-09,operating_profitability,0.0799240036935396,69
2016-09-09,cashflow_to_assets,-0.1323228364859846,41
2016-09-09,debt_to_assets,0.14023838150326182,53
2016-09-09,asset_growth_yoy,-0.045072078415806266,76
2016-09-16,ret_1d,-0.06377458729867443,99
2016-09-16,ret_5d,-0.128507772447552,99
2016-09-16,ret_20d,-0.1267018977878145,99
2016-09-16,ret_60d,-0.03818930145164029,99
2016-09-16,ret_120d,-0.1943842647590152,97
2016-09-16,momentum_20_5,-0.1299054699581707,99
2016-09-16,overnight_gap,-0.07602608627449618,99
2016-09-16,intraday_return,-0.02565331537188727,99
2016-09-16,ema20_distance,-0.10953990401804901,99
2016-09-16,ema60_distance,-0.0843937178314305,99
2016-09-16,ema20_60_spread,-0.04335336083821836,99
2016-09-16,rsi14_centered,-0.01340800089832488,99
2016-09-16,macd_hist_atr,0.07420165810798057,99
2016-09-16,breakout_position_60,-0.05776943560482136,99
2016-09-16,trend_r2_20,0.07827724509690867,99
2016-09-16,realized_vol_5,0.0822662490542055,99
2016-09-16,realized_vol_20,0.08003364373857115,99
2016-09-16,vol_ratio_5_20,-0.06493727372343693,99
2016-09-16,parkinson_vol_20,0.10628685582961779,99
2016-09-16,overnight_vol_20,0.1754419600939484,99
2016-09-16,downside_vol_20,0.1076907378424959,99
2016-09-16,volume_zscore_20,-0.18320172667446735,98
2016-09-16,volume_trend_5_20,-0.23700868008602602,99
2016-09-16,amihud_illiq_20,0.15779423447714877,98
2016-09-16,signed_volume_pressure_20,-0.1317608206359832,99
2016-09-16,volume_cv_20,0.09485171115203354,99
2016-09-16,return_volume_corr_20,-0.06482257795988408,98
2016-09-16,close_location_value,-0.11740659089197394,99
2016-09-16,body_range_ratio,-0.06073181218706196,99
2016-09-16,gap_followthrough_20,-0.1297137503881301,99
2016-09-16,cs_rank_ret20,-0.1267018977878145,99
2016-09-16,cs_rank_ret60,-0.03818930145164029,99
2016-09-16,cs_rank_vol20,0.08003364373857115,99
2016-09-16,cs_rank_amihud20,0.15779423447714877,98
2016-09-16,return_autocorr_20,0.05542550924851826,99
2016-09-16,revenue_growth_yoy,-0.14047276581285215,48
2016-09-16,gross_margin_change_yoy,0.2204199945542108,46
2016-09-16,operating_profitability,0.03867549670326346,69
2016-09-16,cashflow_to_assets,-0.04102966160954493,41
2016-09-16,debt_to_assets,-0.16887832616370105,53
2016-09-16,asset_growth_yoy,-0.13617690286194858,76
2016-09-23,ret_1d,-0.10483679819068545,100
2016-09-23,ret_5d,-0.15328385899814473,99
2016-09-23,ret_20d,0.024935064935064935,99
2016-09-23,ret_60d,0.07172541743970316,99
2016-09-23,ret_120d,0.10039711760993057,97
2016-09-23,momentum_20_5,0.06655534941249226,99
2016-09-23,overnight_gap,-0.18215421542154214,100
2016-09-23,intraday_return,-0.002466283622894122,100
2016-09-23,ema20_distance,-0.054421768707482984,99
2016-09-23,ema60_distance,0.004910327767470625,99
2016-09-23,ema20_60_spread,0.043834260977118115,99
2016-09-23,rsi14_centered,-0.023970315398886825,99
2016-09-23,macd_hist_atr,-0.0577612863327149,99
2016-09-23,breakout_position_60,0.029053803339517625,99
2016-09-23,trend_r2_20,0.11489177489177489,99
2016-09-23,realized_vol_5,0.08497217068645639,99
2016-09-23,realized_vol_20,0.017637600494743354,99
2016-09-23,vol_ratio_5_20,0.07460729746444032,99
2016-09-23,parkinson_vol_20,0.16352504638218923,99
2016-09-23,overnight_vol_20,0.10978354978354977,99
2016-09-23,downside_vol_20,-0.024922696351267773,99
2016-09-23,volume_zscore_20,-0.1255156233064922,98
2016-09-23,volume_trend_5_20,0.023574520717377857,99
2016-09-23,amihud_illiq_20,0.10344343923136264,98
2016-09-23,signed_volume_pressure_20,0.028410636982065553,99
2016-09-23,volume_cv_20,0.03375386518243661,99
2016-09-23,return_volume_corr_20,0.06487130934848165,98
2016-09-23,close_location_value,-0.012613261326132613,100
2016-09-23,body_range_ratio,-0.0162618213251594,100
2016-09-23,gap_followthrough_20,-0.1609152752009895,99
2016-09-23,cs_rank_ret20,0.024935064935064935,99
2016-09-23,cs_rank_ret60,0.07172541743970316,99
2016-09-23,cs_rank_vol20,0.017637600494743354,99
2016-09-23,cs_rank_amihud20,0.10344343923136264,98
2016-09-23,return_autocorr_20,0.1375633889919604,99
2016-09-23,revenue_growth_yoy,-0.08755122536944765,48
2016-09-23,gross_margin_change_yoy,-0.28301828623650627,46
2016-09-23,operating_profitability,-0.181495994673215,69
2016-09-23,cashflow_to_assets,-0.18955529439993585,41
2016-09-23,debt_to_assets,-0.07489165681198795,52
2016-09-23,asset_growth_yoy,-0.009049959330076966,76
2016-09-30,ret_1d,-0.21090909090909088,100
2016-09-30,ret_5d,-0.012265226522652262,100
2016-09-30,ret_20d,-0.03948051948051948,99
2016-09-30,ret_60d,-0.0970439084724799,99
2016-09-30,ret_120d,-0.2582184935830002,97
2016-09-30,momentum_20_5,-0.0007050092764378478,99
2016-09-30,overnight_gap,-0.26681268576923134,100
2016-09-30,intraday_return,-0.13136513651365136,100
2016-09-30,ema20_distance,-0.10885590599876313,99
2016-09-30,ema60_distance,-0.12190476190476192,99
2016-09-30,ema20_60_spread,-0.10075448361162645,99
2016-09-30,rsi14_centered,-0.09996289424860852,99
2016-09-30,macd_hist_atr,0.03476808905380334,99
2016-09-30,breakout_position_60,-0.07495361781076067,99
2016-09-30,trend_r2_20,0.08059369202226344,99
2016-09-30,realized_vol_5,-0.04063606360636063,100
2016-09-30,realized_vol_20,-0.1869016697588126,99
2016-09-30,vol_ratio_5_20,0.12388373531230674,99
2016-09-30,parkinson_vol_20,-0.19113172541743967,99
2016-09-30,overnight_vol_20,-0.03579468150896722,99
2016-09-30,downside_vol_20,-0.1895856524427953,99
2016-09-30,volume_zscore_20,0.03523771270457573,98
2016-09-30,volume_trend_5_20,0.12571428571428572,99
2016-09-30,amihud_illiq_20,-0.07781369342488635,98
2016-09-30,signed_volume_pressure_20,-0.02345083487940631,99
2016-09-30,volume_cv_20,-0.0006555349412492269,99
2016-09-30,return_volume_corr_20,0.01797269985782504,98
2016-09-30,close_location_value,-0.10894689468946893,100
2016-09-30,body_range_ratio,-0.12063606360636063,100
2016-09-30,gap_followthrough_20,-0.09951762523191093,99
2016-09-30,cs_rank_ret20,-0.03948051948051948,99
2016-09-30,cs_rank_ret60,-0.0970439084724799,99
2016-09-30,cs_rank_vol20,-0.1869016697588126,99
2016-09-30,cs_rank_amihud20,-0.07781369342488635,98
2016-09-30,return_autocorr_20,-0.04310451453308596,99
2016-09-30,revenue_growth_yoy,-0.06307162050793438,48
2016-09-30,gross_margin_change_yoy,0.05655431869228072,46
2016-09-30,operating_profitability,0.13620877063749282,69
2016-09-30,cashflow_to_assets,-0.03048913283087203,41
2016-09-30,debt_to_assets,0.12173096554787781,52
2016-09-30,asset_growth_yoy,-0.0750107656255775,76
2016-10-07,ret_1d,0.11854785478547854,100
2016-10-07,ret_5d,0.2087848784878488,100
2016-10-07,ret_20d,0.19960420531849102,99
2016-10-07,ret_60d,0.034953617810760666,99
2016-10-07,ret_120d,0.1136782032400589,97
2016-10-07,momentum_20_5,0.09341991341991343,99
2016-10-07,overnight_gap,0.07562046949802906,100
2016-10-07,intraday_return,0.10527452745274525,100
2016-10-07,ema20_distance,0.2426963512677798,99
2016-10-07,ema60_distance,0.13532467532467532,99
2016-10-07,ema20_60_spread,0.08426716141001855,99
2016-10-07,rsi14_centered,0.2006802721088435,99
2016-10-07,macd_hist_atr,-0.020581323438466293,99
2016-10-07,breakout_position_60,0.22885590599876313,99
2016-10-07,trend_r2_20,-0.030562770562770562,99
2016-10-07,realized_vol_5,-0.05143714371437143,100
2016-10-07,realized_vol_20,-0.044526901669758805,99
2016-10-07,vol_ratio_5_20,-0.02776747062461348,99
2016-10-07,parkinson_vol_20,0.008905380333951761,99
2016-10-07,overnight_vol_20,0.09490414347557204,99
2016-10-07,downside_vol_20,-0.07516388373531231,99
2016-10-07,volume_zscore_20,0.12184291898577614,99
2016-10-07,volume_trend_5_20,-0.017551020408163264,99
2016-10-07,amihud_illiq_20,0.0720964749536178,99
2016-10-07,signed_volume_pressure_20,0.17537414965986395,99
2016-10-07,volume_cv_20,0.1908843537414966,99
2016-10-07,return_volume_corr_20,-0.06244897959183673,99
2016-10-07,close_location_value,0.13597359735973596,100
2016-10-07,body_range_ratio,0.12844884488448843,100
2016-10-07,gap_followthrough_20,0.0062090290661719226,99
2016-10-07,cs_rank_ret20,0.19960420531849102,99
2016-10-07,cs_rank_ret60,0.034953617810760666,99
2016-10-07,cs_rank_vol20,-0.044526901669758805,99
2016-10-07,cs_rank_amihud20,0.0720964749536178,99
2016-10-07,return_autocorr_20,-0.16301793444650586,99
2016-10-07,revenue_growth_yoy,-0.2572801043094742,48
2016-10-07,gross_margin_change_yoy,-0.009435998647676063,46
2016-10-07,operating_profitability,-0.0031238867729360613,69
2016-10-07,cashflow_to_assets,-0.02134239298161042,41
2016-10-07,debt_to_assets,0.07015221900917687,52
2016-10-07,asset_growth_yoy,0.264171320384301,76
2016-10-14,ret_1d,0.014227636178736841,100
2016-10-14,ret_5d,-0.13068263646469425,100
2016-10-14,ret_20d,-0.16209229552625806,99
2016-10-14,ret_60d,-0.11224628629536758,99
2016-10-14,ret_120d,-0.053243388961432644,97
2016-10-14,momentum_20_5,-0.051664213537823724,99
2016-10-14,overnight_gap,0.16888291489862955,100
2016-10-14,intraday_return,-0.11731313908002446,100
2016-10-14,ema20_distance,-0.20120224123049524,99
2016-10-14,ema60_distance,-0.15334759862148398,99
2016-10-14,ema20_60_spread,-0.12121362046221512,99
2016-10-14,rsi14_centered,-0.17159521867684804,100
2016-10-14,macd_hist_atr,-0.044106915364108074,99
2016-10-14,breakout_position_60,-0.09005677250871308,99
2016-10-14,trend_r2_20,-0.09715642742149998,99
2016-10-14,realized_vol_5,-0.08495751524782537,100
2016-10-14,realized_vol_20,0.013580872986480839,99
2016-10-14,vol_ratio_5_20,-0.09460846764443709,99
2016-10-14,parkinson_vol_20,-0.039975757278967274,99
2016-10-14,overnight_vol_20,-0.0048238073449248875,99
2016-10-14,downside_vol_20,0.025887766084430226,99
2016-10-14,volume_zscore_20,-0.04414402157445365,99
2016-10-14,volume_trend_5_20,-0.0978119704709385,99
2016-10-14,amihud_illiq_20,-0.003364296404665563,99
2016-10-14,signed_volume_pressure_20,-0.19338519958436054,99
2016-10-14,volume_cv_20,-0.03862756496974468,99
2016-10-14,return_volume_corr_20,-0.18246360500597933,99
2016-10-14,close_location_value,-0.12816235419289831,100
2016-10-14,body_range_ratio,-0.08810186741549458,100
2016-10-14,gap_followthrough_20,0.0476320053469378,99
2016-10-14,cs_rank_ret20,-0.16209229552625806,99
2016-10-14,cs_rank_ret60,-0.11224628629536758,99
2016-10-14,cs_rank_vol20,0.013580872986480839,99
2016-10-14,cs_rank_amihud20,-0.003364296404665563,99
2016-10-14,return_autocorr_20,0.05669828940804021,99
2016-10-14,revenue_growth_yoy,0.04722357922162515,48
2016-10-14,gross_margin_change_yoy,-0.20741334649068704,46
2016-10-14,operating_profitability,0.09064834944007014,69
2016-10-14,cashflow_to_assets,-0.181984493422772,41
2016-10-14,debt_to_assets,-0.06242527896320923,52
2016-10-14,asset_growth_yoy,-0.12032973793216586,76
2016-10-21,ret_1d,0.14370409486897318,100
2016-10-21,ret_5d,-0.151047104710471,100
2016-10-21,ret_20d,-0.31879987998799875,100
2016-10-21,ret_60d,-0.33732838589981445,99
2016-10-21,ret_120d,-0.34337523669261516,97
2016-10-21,momentum_20_5,-0.32216021602160216,100
2016-10-21,overnight_gap,0.1592199219921992,100
2016-10-21,intraday_return,0.020498295810606828,100
2016-10-21,ema20_distance,-0.2557215721572157,100
2016-10-21,ema60_distance,-0.40325293753865177,99
2016-10-21,ema20_60_spread,-0.4414347557204699,99
2016-10-21,rsi14_centered,-0.24784878487848783,100
2016-10-21,macd_hist_atr,0.08310451453308595,99
2016-10-21,breakout_position_60,-0.34733457019171304,99
2016-10-21,trend_r2_20,-0.06402640264026402,100
2016-10-21,realized_vol_5,0.057005700570057,100
2016-10-21,realized_vol_20,-0.007020702070207019,100
2016-10-21,vol_ratio_5_20,0.09243324332433242,100
2016-10-21,parkinson_vol_20,-0.09077707770777077,100
2016-10-21,overnight_vol_20,-0.17600960096009596,100
2016-10-21,downside_vol_20,0.14922292229222922,100
2016-10-21,volume_zscore_20,0.1322172217221722,100
2016-10-21,volume_trend_5_20,-0.08831683168316831,100
2016-10-21,amihud_illiq_20,-0.2162856285628563,100
2016-10-21,signed_volume_pressure_20,-0.1551035103510351,100
2016-10-21,volume_cv_20,-0.07553555355535553,100
2016-10-21,return_volume_corr_20,-0.1763096309630963,100
2016-10-21,close_location_value,0.19353135313531353,100
2016-10-21,body_range_ratio,0.016033795786282626,100
2016-10-21,gap_followthrough_20,0.03786378637863786,100
2016-10-21,cs_rank_ret20,-0.31879987998799875,100
2016-10-21,cs_rank_ret60,-0.33732838589981445,99
2016-10-21,cs_rank_vol20,-0.007020702070207019,100
2016-10-21,cs_rank_amihud20,-0.2162856285628563,100
2016-10-21,return_autocorr_20,-0.1224122412241224,100
2016-10-21,revenue_growth_yoy,0.13607620706832316,48
2016-10-21,gross_margin_change_yoy,-0.08356717756602003,46
2016-10-21,operating_profitability,-0.0019364444323463307,69
2016-10-21,cashflow_to_assets,0.12953525862716203,41
2016-10-21,debt_to_assets,0.0505967008678482,52
2016-10-21,asset_growth_yoy,-0.14195585752797463,76
2016-10-28,ret_1d,-0.0653113148719686,100
2016-10-28,ret_5d,-0.004656521530746751,100
2016-10-28,ret_20d,0.21794179417941792,100
2016-10-28,ret_60d,-0.039715522572665425,99
2016-10-28,ret_120d,-0.2005312434252051,97
2016-10-28,momentum_20_5,0.23182718271827177,100
2016-10-28,overnight_gap,-0.08408040804080406,100
2016-10-28,intraday_return,0.03926792679267926,100
2016-10-28,ema20_distance,0.07723972397239721,100
2016-10-28,ema60_distance,-0.016277056277056275,99
2016-10-28,ema20_60_spread,-0.0701669758812616,99
2016-10-28,rsi14_centered,0.08476447644764476,100
2016-10-28,macd_hist_atr,0.1023500309214595,99
2016-10-28,breakout_position_60,0.0729004329004329,99
2016-10-28,trend_r2_20,-0.1451425142514251,100
2016-10-28,realized_vol_5,-0.09536153615361535,100
2016-10-28,realized_vol_20,0.027518751875187514,100
2016-10-28,vol_ratio_5_20,-0.14569456945694567,100
2016-10-28,parkinson_vol_20,0.10399039903990397,100
2016-10-28,overnight_vol_20,-0.03201920192019202,100
2016-10-28,downside_vol_20,-0.10912691269126912,100
2016-10-28,volume_zscore_20,0.05244524452445244,100
2016-10-28,volume_trend_5_20,-0.003912391239123912,100
2016-10-28,amihud_illiq_20,0.10941494149414939,100
2016-10-28,signed_volume_pressure_20,-0.018217821782178217,100
2016-10-28,volume_cv_20,-0.10456645664566457,100
2016-10-28,return_volume_corr_20,-0.06607860786078606,100
2016-10-28,close_location_value,-0.09015301530153015,100
2016-10-28,body_range_ratio,0.000852085208520852,100
2016-10-28,gap_followthrough_20,-0.15008700870087008,100
2016-10-28,cs_rank_ret20,0.21794179417941792,100
2016-10-28,cs_rank_ret60,-0.039715522572665425,99
2016-10-28,cs_rank_vol20,0.027518751875187514,100
2016-10-28,cs_rank_amihud20,0.10941494149414939,100
2016-10-28,return_autocorr_20,-0.13834983498349834,100
2016-10-28,revenue_growth_yoy,-0.04993622277736629,48
2016-10-28,gross_margin_change_yoy,-0.06074809586902563,46
2016-10-28,operating_profitability,-0.05286915361879116,68
2016-10-28,cashflow_to_assets,-0.3035789674525033,40
2016-10-28,debt_to_assets,0.04614727859060835,52
2016-10-28,asset_growth_yoy,0.2660189617347635,75
2016-11-04,ret_1d,0.07688591925002877,100
2016-11-04,ret_5d,0.012013201320132012,100
2016-11-04,ret_20d,-0.1136153615361536,100
2016-11-04,ret_60d,-0.04189239332096475,99
2016-11-04,ret_120d,0.11188467889498815,98
2016-11-04,momentum_20_5,-0.13512151215121512,100
2016-11-04,overnight_gap,0.07666366636663666,100
2016-11-04,intraday_return,0.027056786849167225,100
2016-11-04,ema20_distance,-0.06360636063606359,100
2016-11-04,ema60_distance,-0.05763760049474335,99
2016-11-04,ema20_60_spread,-0.032776747062461344,99
2016-11-04,rsi14_centered,0.0469006900690069,100
2016-11-04,macd_hist_atr,-0.08545454545454546,99
2016-11-04,breakout_position_60,0.099177795850183,99
2016-11-04,trend_r2_20,-0.006348634863486348,100
2016-11-04,realized_vol_5,0.276015601560156,100
2016-11-04,realized_vol_20,0.2579057905790579,100
2016-11-04,vol_ratio_5_20,0.18310231023102305,100
2016-11-04,parkinson_vol_20,0.2918331833183318,100
2016-11-04,overnight_vol_20,0.049384938493849374,100
2016-11-04,downside_vol_20,0.3403420342034203,100
2016-11-04,volume_zscore_20,-0.0008640864086408639,100
2016-11-04,volume_trend_5_20,-0.024362436243624358,100
2016-11-04,amihud_illiq_20,0.41454545454545455,100
2016-11-04,signed_volume_pressure_20,-0.028466846684668465,100
2016-11-04,volume_cv_20,0.07612361236123612,100
2016-11-04,return_volume_corr_20,-0.007668766876687667,100
2016-11-04,close_location_value,0.06823882388238824,100
2016-11-04,body_range_ratio,0.11800215422241597,100
2016-11-04,gap_followthrough_20,-0.022214221422142213,100
2016-11-04,cs_rank_ret20,-0.1136153615361536,100
2016-11-04,cs_rank_ret60,-0.04189239332096475,99
2016-11-04,cs_rank_vol20,0.2579057905790579,100
2016-11-04,cs_rank_amihud20,0.41454545454545455,100
2016-11-04,return_autocorr_20,-0.12261626162616261,100
2016-11-04,revenue_growth_yoy,0.01209214521172072,49
2016-11-04,gross_margin_change_yoy,0.0834321066521922,47
2016-11-04,operating_profitability,-0.09235878496798933,68
2016-11-04,cashflow_to_assets,0.001594821522463707,40
2016-11-04,debt_to_assets,0.02382776278999881,53
2016-11-04,asset_growth_yoy,0.14533531533308802,75
2016-11-11,ret_1d,0.21257789552419568,100
2016-11-11,ret_5d,0.19755175517551754,100
2016-11-11,ret_20d,0.27009900990099006,100
2016-11-11,ret_60d,0.22034632034632035,99
2016-11-11,ret_120d,-0.02538109901880152,98
2016-11-11,momentum_20_5,0.232019201920192,100
2016-11-11,overnight_gap,0.12034947915033098,100
2016-11-11,intraday_return,0.16928892889288927,100
2016-11-11,ema20_distance,0.2576177617761776,100
2016-11-11,ema60_distance,0.24426716141001853,99
2016-11-11,ema20_60_spread,0.06938775510204082,99
2016-11-11,rsi14_centered,0.24637263726372632,100
2016-11-11,macd_hist_atr,0.24957695769576957,100
2016-11-11,breakout_position_60,0.1810142238713667,99
2016-11-11,trend_r2_20,-0.1745214521452145,100
2016-11-11,realized_vol_5,-0.0531053105310531,100
2016-11-11,realized_vol_20,0.04675667566756675,100
2016-11-11,vol_ratio_5_20,-0.155043504350435,100
2016-11-11,parkinson_vol_20,0.06864686468646865,100
2016-11-11,overnight_vol_20,0.12538853885388537,100
2016-11-11,downside_vol_20,-0.12044404440444044,100
2016-11-11,volume_zscore_20,0.07977197719771977,100
2016-11-11,volume_trend_5_20,0.08867686768676866,100
2016-11-11,amihud_illiq_20,0.047728772877287724,100
2016-11-11,signed_volume_pressure_20,0.15821182118211818,100
2016-11-11,volume_cv_20,0.021086108610861083,100
2016-11-11,return_volume_corr_20,0.1708130813081308,100
2016-11-11,close_location_value,0.14319831983198317,100
2016-11-11,body_range_ratio,0.16549654965496546,100
2016-11-11,gap_followthrough_20,-0.12997299729972997,100
2016-11-11,cs_rank_ret20,0.27009900990099006,100
2016-11-11,cs_rank_ret60,0.22034632034632035,99
2016-11-11,cs_rank_vol20,0.04675667566756675,100
2016-11-11,cs_rank_amihud20,0.047728772877287724,100
2016-11-11,return_autocorr_20,-0.053213321332133204,100
2016-11-11,revenue_growth_yoy,-0.33587591531121297,49
2016-11-11,gross_margin_change_yoy,-0.09923722547171644,49
2016-11-11,operating_profitability,0.2886580988255129,69
2016-11-11,cashflow_to_assets,-0.0032834560756605726,40
2016-11-11,debt_to_assets,0.09764947796510508,53
2016-11-11,asset_growth_yoy,-0.14251635349856848,76
2016-11-18,ret_1d,0.13664607454629324,100
2016-11-18,ret_5d,0.06604260426042603,100
2016-11-18,ret_20d,0.0359075907590759,100
2016-11-18,ret_60d,0.1818181818181818,99
2016-11-18,ret_120d,0.21816944959802098,99
2016-11-18,momentum_20_5,0.02177017701770177,100
2016-11-18,overnight_gap,-0.044399771990341244,100
2016-11-18,intraday_return,0.17269726972697266,100
2016-11-18,ema20_distance,0.012037203720372036,100
2016-11-18,ema60_distance,0.0762152133580705,99
2016-11-18,ema20_60_spread,0.19210884353741492,99
2016-11-18,rsi14_centered,0.02987098709870987,100
2016-11-18,macd_hist_atr,-0.02461446144614461,100
2016-11-18,breakout_position_60,0.07412492269635126,99
2016-11-18,trend_r2_20,-0.020390039003900386,100
2016-11-18,realized_vol_5,0.021158115811581155,100
2016-11-18,realized_vol_20,-0.02215421542154215,100
2016-11-18,vol_ratio_5_20,0.014569456945694568,100
2016-11-18,parkinson_vol_20,0.035511551155115506,100
2016-11-18,overnight_vol_20,-0.25741374137413736,100
2016-11-18,downside_vol_20,-0.011989198919891988,100
2016-11-18,volume_zscore_20,-0.00012001200120012,100
2016-11-18,volume_trend_5_20,-0.04144014401440144,100
2016-11-18,amihud_illiq_20,-0.09376537653765375,100
2016-11-18,signed_volume_pressure_20,0.04709270927092709,100
2016-11-18,volume_cv_20,-0.18118211821182117,100
2016-11-18,return_volume_corr_20,-0.012637263726372637,100
2016-11-18,close_location_value,0.03168926399433403,100
2016-11-18,body_range_ratio,0.16922892289228922,100
2016-11-18,gap_followthrough_20,0.17338133813381337,100
2016-11-18,cs_rank_ret20,0.0359075907590759,100
2016-11-18,cs_rank_ret60,0.1818181818181818,99
2016-11-18,cs_rank_vol20,-0.02215421542154215,100
2016-11-18,cs_rank_amihud20,-0.09376537653765375,100
2016-11-18,return_autocorr_20,0.05341734173417341,100
2016-11-18,revenue_growth_yoy,-0.17685898826198004,50
2016-11-18,gross_margin_change_yoy,-0.22833681487529603,50
2016-11-18,operating_profitability,0.11861635565306343,69
2016-11-18,cashflow_to_assets,0.08199258886078116,40
2016-11-18,debt_to_assets,-0.0359230738509119,53
2016-11-18,asset_growth_yoy,-0.16877764031590664,76
2016-11-25,ret_1d,-0.07342796887823033,100
2016-11-25,ret_5d,-0.0627220356386199,100
2016-11-25,ret_20d,0.09827172365270184,100
2016-11-25,ret_60d,0.09034572347045547,99
2016-11-25,ret_120d,0.06444430713048645,99
2016-11-25,momentum_20_5,0.10672107556421896,100
2016-11-25,overnight_gap,-0.08391742693938584,100
2016-11-25,intraday_return,-0.07813250134087554,100
2016-11-25,ema20_distance,0.020295247276101467,100
2016-11-25,ema60_distance,0.05633001433248277,99
2016-11-25,ema20_60_spread,0.08209536783589991,99
2016-11-25,rsi14_centered,0.010117618837228585,100
2016-11-25,macd_hist_atr,0.015770523312121424,100
2016-11-25,breakout_position_60,0.06595336768133468,99
2016-11-25,trend_r2_20,0.09489918404029232,100
2016-11-25,realized_vol_5,0.15655304876964374,100
2016-11-25,realized_vol_20,0.10787325991578947,100
2016-11-25,vol_ratio_5_20,0.05656505050991497,100
2016-11-25,parkinson_vol_20,0.04743158913965287,100
2016-11-25,overnight_vol_20,0.1193710995908369,100
2016-11-25,downside_vol_20,0.050660105708116084,100
2016-11-25,volume_zscore_20,-0.07908065304685545,100
2016-11-25,volume_trend_5_20,0.03146903510226969,100
2016-11-25,amihud_illiq_20,0.034445511343826854,100
2016-11-25,signed_volume_pressure_20,0.08502160360964091,100
2016-11-25,volume_cv_20,-0.02894863183320919,100
2016-11-25,return_volume_corr_20,-0.0007081132994027123,100
2016-11-25,close_location_value,-0.1549567933659054,100
2016-11-25,body_range_ratio,-0.10740518502296395,100
2016-11-25,gap_followthrough_20,-0.024819971240081506,100
2016-11-25,cs_rank_ret20,0.09827172365270184,100
2016-11-25,cs_rank_ret60,0.09034572347045547,99
2016-11-25,cs_rank_vol20,0.10787325991578947,100
2016-11-25,cs_rank_amihud20,0.034445511343826854,100
2016-11-25,return_autocorr_20,0.0005520883351275384,100
2016-11-25,revenue_growth_yoy,-0.04719670573329109,51
2016-11-25,gross_margin_change_yoy,0.1982895153626861,51
2016-11-25,operating_profitability,-0.13775604141747844,70
2016-11-25,cashflow_to_assets,0.16336310311587904,41
2016-11-25,debt_to_assets,-0.08896431274387265,54
2016-11-25,asset_growth_yoy,0.01691962861004501,77
2016-12-02,ret_1d,0.0037863899981868533,100
2016-12-02,ret_5d,-0.0932013201320132,100
2016-12-02,ret_20d,-0.17509750975097507,100
2016-12-02,ret_60d,-0.12072974644403214,99
2016-12-02,ret_120d,-0.24362399505256646,99
2016-12-02,momentum_20_5,-0.15716771677167715,100
2016-12-02,overnight_gap,0.04672123278143582,100
2016-12-02,intraday_return,-0.14387902090236807,100
2016-12-02,ema20_distance,-0.16600060006000597,100
2016-12-02,ema60_distance,-0.1793320964749536,99
2016-12-02,ema20_60_spread,-0.16568954854669138,99
2016-12-02,rsi14_centered,-0.18126612661266123,100
2016-12-02,macd_hist_atr,-0.1853105310531053,100
2016-12-02,breakout_position_60,-0.17855287569573283,99
2016-12-02,trend_r2_20,-0.0741074107410741,100
2016-12-02,realized_vol_5,-0.13366936693669365,100
2016-12-02,realized_vol_20,-0.03312331233123312,100
2016-12-02,vol_ratio_5_20,-0.12090009000900089,100
2016-12-02,parkinson_vol_20,-0.03199519951995199,100
2016-12-02,overnight_vol_20,-0.11036303630363035,100
2016-12-02,downside_vol_20,0.015085508550855083,100
2016-12-02,volume_zscore_20,-0.040072007200720065,100
2016-12-02,volume_trend_5_20,-0.01887788778877888,100
2016-12-02,amihud_illiq_20,-0.25677767776777677,100
2016-12-02,signed_volume_pressure_20,-0.20267626762676266,100
2016-12-02,volume_cv_20,-0.1471107110711071,100
2016-12-02,return_volume_corr_20,-0.21125712571257124,100
2016-12-02,close_location_value,-0.04334833483348334,100
2016-12-02,body_range_ratio,-0.05535285655670016,100
2016-12-02,gap_followthrough_20,0.1155115511551155,100
2016-12-02,cs_rank_ret20,-0.17509750975097507,100
2016-12-02,cs_rank_ret60,-0.12072974644403214,99
2016-12-02,cs_rank_vol20,-0.03312331233123312,100
2016-12-02,cs_rank_amihud20,-0.25677767776777677,100
2016-12-02,return_autocorr_20,0.24638463846384637,100
2016-12-02,revenue_growth_yoy,-0.04457114415494037,51
2016-12-02,gross_margin_change_yoy,-0.21995972765194433,51
2016-12-02,operating_profitability,0.08763964342600622,70
2016-12-02,cashflow_to_assets,-0.028050002204402267,41
2016-12-02,debt_to_assets,0.10654112990891942,54
2016-12-02,asset_growth_yoy,0.040065461286036,77
2016-12-09,ret_1d,0.06234698286657054,100
2016-12-09,ret_5d,0.25534059816538107,100
2016-12-09,ret_20d,0.13293888916515917,100
2016-12-09,ret_60d,0.10205444718711602,99
2016-12-09,ret_120d,0.06747145914503913,99
2016-12-09,momentum_20_5,0.007224809179148309,100
2016-12-09,overnight_gap,-0.00918799383440417,100
2016-12-09,intraday_return,0.07935288752911732,100
2016-12-09,ema20_distance,0.19388171476601485,100
2016-12-09,ema60_distance,0.14320523446035988,99
2016-12-09,ema20_60_spread,0.06520798031395898,99
2016-12-09,rsi14_centered,0.16947098076204864,100
2016-12-09,macd_hist_atr,0.07578848831614879,100
2016-12-09,breakout_position_60,0.1798043265978797,99
2016-12-09,trend_r2_20,-0.009793096827549868,100
2016-12-09,realized_vol_5,-0.0891939897332728,100
2016-12-09,realized_vol_20,-0.0006600739283275033,100
2016-12-09,vol_ratio_5_20,-0.12162162163038034,100
2016-12-09,parkinson_vol_20,-0.00046805242190495693,100
2016-12-09,overnight_vol_20,0.005976669387401758,100
2016-12-09,downside_vol_20,0.05346598819452777,100
2016-12-09,volume_zscore_20,-0.0145576304556593,100
2016-12-09,volume_trend_5_20,-0.08814987279210021,100
2016-12-09,amihud_illiq_20,-0.04372089674358354,100
2016-12-09,signed_volume_pressure_20,-0.03050741683288206,100
2016-12-09,volume_cv_20,-0.19090538141646538,100
2016-12-09,return_volume_corr_20,0.01159329845026124,100
2016-12-09,close_location_value,0.07092815674089811,100
2016-12-09,body_range_ratio,0.1116004992639537,100
2016-12-09,gap_followthrough_20,-0.026114924873466314,100
2016-12-09,cs_rank_ret20,0.13293888916515917,100
2016-12-09,cs_rank_ret60,0.10205444718711602,99
2016-12-09,cs_rank_vol20,-0.0006600739283275033,100
2016-12-09,cs_rank_amihud20,-0.04372089674358354,100
2016-12-09,return_autocorr_20,0.059550669679292206,100
2016-12-09,revenue_growth_yoy,0.08923480700484183,51
2016-12-09,gross_margin_change_yoy,0.018960133942712343,51
2016-12-09,operating_profitability,-0.023882842845645104,70
2016-12-09,cashflow_to_assets,0.11054969945117171,41
2016-12-09,debt_to_assets,-0.16791187021423618,54
2016-12-09,asset_growth_yoy,-0.12646730200460074,77
2016-12-16,ret_1d,0.15298293646720545,100
2016-12-16,ret_5d,0.02426788290495397,100
2016-12-16,ret_20d,0.09377100352937952,100
2016-12-16,ret_60d,-0.05764522333951234,100
2016-12-16,ret_120d,0.07574989191307083,99
2016-12-16,momentum_20_5,0.05087614027403555,100
2016-12-16,overnight_gap,0.08668987053535239,100
2016-12-16,intraday_return,0.10710642242806546,100
2016-12-16,ema20_distance,0.016862698062047644,100
2016-12-16,ema60_distance,-0.01922707636683297,100
2016-12-16,ema20_60_spread,-0.025696111424088258,100
2016-12-16,rsi14_centered,-0.00254440710971822,100
2016-12-16,macd_hist_atr,0.0048367738925303915,100
2016-12-16,breakout_position_60,0.04497119547223666,100
2016-12-16,trend_r2_20,-0.017870859369671845,100
2016-12-16,realized_vol_5,0.05232837263382755,100
2016-12-16,realized_vol_20,0.12276764304390414,100
2016-12-16,vol_ratio_5_20,-0.02177148347655119,100
2016-12-16,parkinson_vol_20,0.14023043712239477,100
2016-12-16,overnight_vol_20,-0.06562650035820392,100
2016-12-16,downside_vol_20,0.08145703327196964,100
2016-12-16,volume_zscore_20,0.08091694685717095,100
2016-12-16,volume_trend_5_20,0.08592174763430538,100
2016-12-16,amihud_illiq_20,0.12311569873344107,100
2016-12-16,signed_volume_pressure_20,0.090482477359272,100
2016-12-16,volume_cv_20,0.02845655309972595,100
2016-12-16,return_volume_corr_20,0.03455352862678659,100
2016-12-16,close_location_value,0.07046411990981312,100
2016-12-16,body_range_ratio,0.04489972280405568,100
2016-12-16,gap_followthrough_20,-0.008665386477436582,100
2016-12-16,cs_rank_ret20,0.09377100352937952,100
2016-12-16,cs_rank_ret60,-0.05764522333951234,100
2016-12-16,cs_rank_vol20,0.12276764304390414,100
2016-12-16,cs_rank_amihud20,0.12311569873344107,100
2016-12-16,return_autocorr_20,-0.05202832462560607,100
2016-12-16,revenue_growth_yoy,-0.04376060650425997,51
2016-12-16,gross_margin_change_yoy,-0.29365312885847256,51
2016-12-16,operating_profitability,-0.07836927521180412,70
2016-12-16,cashflow_to_assets,-0.22571791356238188,41
2016-12-16,debt_to_assets,-0.0887948464326872,54
2016-12-16,asset_growth_yoy,-0.02608106957981604,77
2016-12-23,ret_1d,-0.038750060214144295,100
2016-12-23,ret_5d,0.015883636014580985,100
2016-12-23,ret_20d,0.17346038680100087,100
2016-12-23,ret_60d,0.13064545648260567,100
2016-12-23,ret_120d,0.26785487895885307,99
2016-12-23,momentum_20_5,0.19661025085672307,100
2016-12-23,overnight_gap,-0.06582169125425656,100
2016-12-23,intraday_return,0.0041526768930806954,100
2016-12-23,ema20_distance,0.15034548558569194,100
2016-12-23,ema60_distance,0.17679621001042672,100
2016-12-23,ema20_60_spread,0.18823938865787893,100
2016-12-23,rsi14_centered,0.17412593497208576,100
2016-12-23,macd_hist_atr,-0.03851796735081048,100
2016-12-23,breakout_position_60,0.23362806369161165,100
2016-12-23,trend_r2_20,0.21137777191145818,100
2016-12-23,realized_vol_5,0.024320505012125702,100
2016-12-23,realized_vol_20,-0.039256043372644045,100
2016-12-23,vol_ratio_5_20,0.06445263862206814,100
2016-12-23,parkinson_vol_20,-0.015883636014580985,100
2016-12-23,overnight_vol_20,-0.0880170657581692,100
2016-12-23,downside_vol_20,-0.13958037677943644,100
2016-12-23,volume_zscore_20,0.07403562566977717,100
2016-12-23,volume_trend_5_20,0.09531981794167697,100
2016-12-23,amihud_illiq_20,0.20582720020254716,100
2016-12-23,signed_volume_pressure_20,0.10938526668296061,100
2016-12-23,volume_cv_20,0.03560766758992201,100
2016-12-23,return_volume_corr_20,0.12493886870403878,100
2016-12-23,close_location_value,0.053993561337060715,100
2016-12-23,body_range_ratio,0.04580546636544068,100
2016-12-23,gap_followthrough_20,-0.08571882903977686,100
2016-12-23,cs_rank_ret20,0.17346038680100087,100
2016-12-23,cs_rank_ret60,0.13064545648260567,100
2016-12-23,cs_rank_vol20,-0.039256043372644045,100
2016-12-23,cs_rank_amihud20,0.20582720020254716,100
2016-12-23,return_autocorr_20,0.08375662693295102,100
2016-12-23,revenue_growth_yoy,-0.030680121272455767,51
2016-12-23,gross_margin_change_yoy,0.08339743879813566,51
2016-12-23,operating_profitability,-0.185446337964097,70
2016-12-23,cashflow_to_assets,-0.0586262468433625,41
2016-12-23,debt_to_assets,-0.3363638096938167,54
2016-12-23,asset_growth_yoy,-0.19553072625698323,77
2016-12-30,ret_1d,-0.08862939471583987,100
2016-12-30,ret_5d,-0.2806609080747947,100
2016-12-30,ret_20d,-0.27728856072300234,100
2016-12-30,ret_60d,-0.3737244936245252,100
2016-12-30,ret_120d,-0.151119824118917,99
2016-12-30,momentum_20_5,-0.19626280385720885,100
2016-12-30,overnight_gap,0.02100222623598101,100
2016-12-30,intraday_return,-0.10033663568338244,100
2016-12-30,ema20_distance,-0.26891169790609454,100
2016-12-30,ema60_distance,-0.329727961981568,100
2016-12-30,ema20_60_spread,-0.3291819057377724,100
2016-12-30,rsi14_centered,-0.2795387924968852,100
2016-12-30,macd_hist_atr,0.05980816024077396,100
2016-12-30,breakout_position_60,-0.35203225932429466,100
2016-12-30,trend_r2_20,-0.09533781979586803,100
2016-12-30,realized_vol_5,-0.016837734286707307,100
2016-12-30,realized_vol_20,-0.22396106799101098,100
2016-12-30,vol_ratio_5_20,0.1546959336818654,100
2016-12-30,parkinson_vol_20,-0.26228101494571976,100
2016-12-30,overnight_vol_20,-0.0447826126093003,100
2016-12-30,downside_vol_20,-0.031257219493748524,100
2016-12-30,volume_zscore_20,-0.09794208803550844,100
2016-12-30,volume_trend_5_20,-0.04736887899474963,100
2016-12-30,amihud_illiq_20,-0.12118248179617037,100
2016-12-30,signed_volume_pressure_20,-0.0655327498735319,100
2016-12-30,volume_cv_20,0.07161137597204739,100
2016-12-30,return_volume_corr_20,-0.23583629113904866,100
2016-12-30,close_location_value,-0.10990131983643775,100
2016-12-30,body_range_ratio,-0.1509039958235573,100
2016-12-30,gap_followthrough_20,0.08934920296830784,100
2016-12-30,cs_rank_ret20,-0.27728856072300234,100
2016-12-30,cs_rank_ret60,-0.3737244936245252,100
2016-12-30,cs_rank_vol20,-0.22396106799101098,100
2016-12-30,cs_rank_amihud20,-0.12118248179617037,100
2016-12-30,return_autocorr_20,-0.060756257894836595,100
2016-12-30,revenue_growth_yoy,0.3963438087848963,51
2016-12-30,gross_margin_change_yoy,0.19398628933221257,51
2016-12-30,operating_profitability,0.06981138677957799,70
2016-12-30,cashflow_to_assets,-0.08249488225953089,41
2016-12-30,debt_to_assets,0.032782510917575065,54
2016-12-30,asset_growth_yoy,-0.0067302004600722975,77
2017-01-06,ret_1d,0.09654394402666923,100
2017-01-06,ret_5d,0.11587793542787056,100
2017-01-06,ret_20d,0.19474405863891622,100
2017-01-06,ret_60d,-0.2276574487182425,100
2017-01-06,ret_120d,0.05748317094390791,99
2017-01-06,momentum_20_5,0.09029730062237046,100
2017-01-06,overnight_gap,-0.008035309768547761,100
2017-01-06,intraday_return,0.093537915018992,100
2017-01-06,ema20_distance,0.1510895622255892,100
2017-01-06,ema60_distance,-0.08139238341585812,100
2017-01-06,ema20_60_spread,-0.18908547580485885,100
2017-01-06,rsi14_centered,0.052505408057266195,100
2017-01-06,macd_hist_atr,0.24901964902497026,100
2017-01-06,breakout_position_60,-0.17131764571827995,100
2017-01-06,trend_r2_20,-0.1250708823014399,100
2017-01-06,realized_vol_5,0.1678432878594049,100
2017-01-06,realized_vol_20,0.10952328089842543,100
2017-01-06,vol_ratio_5_20,0.13551795835031996,100
2017-01-06,parkinson_vol_20,0.08624688342938136,100
2017-01-06,overnight_vol_20,-0.07345956633566317,100
2017-01-06,downside_vol_20,0.057413913633362616,100
2017-01-06,volume_zscore_20,-0.0898472542675939,100
2017-01-06,volume_trend_5_20,-0.05188734439670638,100
2017-01-06,amihud_illiq_20,0.20804142826804783,100
2017-01-06,signed_volume_pressure_20,0.18782534601148446,100
2017-01-06,volume_cv_20,0.04503463856797517,100
2017-01-06,return_volume_corr_20,0.0007080729315151327,100
2017-01-06,close_location_value,0.07005721589355231,100
2017-01-06,body_range_ratio,0.11389207255969132,100
2017-01-06,gap_followthrough_20,0.1523496920189636,100
2017-01-06,cs_rank_ret20,0.19474405863891622,100
2017-01-06,cs_rank_ret60,-0.2276574487182425,100
2017-01-06,cs_rank_vol20,0.10952328089842543,100
2017-01-06,cs_rank_amihud20,0.20804142826804783,100
2017-01-06,return_autocorr_20,-0.05744391672368106,100
2017-01-06,revenue_growth_yoy,0.14679065140977318,51
2017-01-06,gross_margin_change_yoy,-0.10353175413858232,51
2017-01-06,operating_profitability,0.14018266438044583,70
2017-01-06,cashflow_to_assets,0.1458251667396565,41
2017-01-06,debt_to_assets,0.1637981969916512,54
2017-01-06,asset_growth_yoy,0.017048964837331582,77
2017-01-13,ret_1d,0.012487286190533822,100
2017-01-13,ret_5d,0.048148814881488144,100
2017-01-13,ret_20d,0.18318631863186316,100
2017-01-13,ret_60d,-0.01936993699369937,100
2017-01-13,ret_120d,-0.01670995670995671,99
2017-01-13,momentum_20_5,0.126433022601897,100
2017-01-13,overnight_gap,-0.029535839672450274,100
2017-01-13,intraday_return,0.02307237645487869,100
2017-01-13,ema20_distance,0.07291929192919291,100
2017-01-13,ema60_distance,0.03441944194419441,100
2017-01-13,ema20_60_spread,0.006048604860486049,100
2017-01-13,rsi14_centered,0.058517851785178515,100
2017-01-13,macd_hist_atr,0.0667026702670267,100
2017-01-13,breakout_position_60,0.003792379237923792,100
2017-01-13,trend_r2_20,-0.1362136213621362,100
2017-01-13,realized_vol_5,0.19126312631263126,100
2017-01-13,realized_vol_20,0.21329732973297327,100
2017-01-13,vol_ratio_5_20,0.017137713771377138,100
2017-01-13,parkinson_vol_20,0.22467446744674463,100
2017-01-13,overnight_vol_20,0.1956195619561956,100
2017-01-13,downside_vol_20,0.13746174617461743,100
2017-01-13,volume_zscore_20,0.04783678367836783,100
2017-01-13,volume_trend_5_20,0.00492049204920492,100
2017-01-13,amihud_illiq_20,0.29279327932793275,100
2017-01-13,signed_volume_pressure_20,0.06233423342334232,100
2017-01-13,volume_cv_20,0.12104410441044103,100
2017-01-13,return_volume_corr_20,0.03545154515451545,100
2017-01-13,close_location_value,0.011713171317131713,100
2017-01-13,body_range_ratio,0.01633968298742124,100
2017-01-13,gap_followthrough_20,-0.13795379537953795,100
2017-01-13,cs_rank_ret20,0.18318631863186316,100
2017-01-13,cs_rank_ret60,-0.01936993699369937,100
2017-01-13,cs_rank_vol20,0.21329732973297327,100
2017-01-13,cs_rank_amihud20,0.29279327932793275,100
2017-01-13,return_autocorr_20,-0.027206720672067204,100
2017-01-13,revenue_growth_yoy,-0.019457453793527268,51
2017-01-13,gross_margin_change_yoy,-0.12317020750228194,51
2017-01-13,operating_profitability,-0.04769528208810001,70
2017-01-13,cashflow_to_assets,-0.02134239298161042,41
2017-01-13,debt_to_assets,0.1188533964422221,54
2017-01-13,asset_growth_yoy,-0.050896806463100845,77
2017-01-20,ret_1d,0.12361236123612361,100
2017-01-20,ret_5d,0.029714971497149714,100
2017-01-20,ret_20d,0.1887188718871887,100
2017-01-20,ret_60d,-0.022826282628262827,100
2017-01-20,ret_120d,0.17403834260977116,99
2017-01-20,momentum_20_5,0.17395739573957392,100
2017-01-20,overnight_gap,-0.15591226866509608,100
2017-01-20,intraday_return,0.22048604860486046,100
2017-01-20,ema20_distance,0.1266966696669667,100
2017-01-20,ema60_distance,0.05227722772277228,100
2017-01-20,ema20_60_spread,0.036963696369636964,100
2017-01-20,rsi14_centered,0.12118811881188117,100
2017-01-20,macd_hist_atr,0.07047104710471047,100
2017-01-20,breakout_position_60,0.13454545454545452,100
2017-01-20,trend_r2_20,0.13836183618361836,100
2017-01-20,realized_vol_5,-0.16066006600660063,100
2017-01-20,realized_vol_20,-0.010189018901890189,100
2017-01-20,vol_ratio_5_20,-0.21056105610561054,100
2017-01-20,parkinson_vol_20,0.015085508550855083,100
2017-01-20,overnight_vol_20,0.10564656465646564,100
2017-01-20,downside_vol_20,-0.017449744974497448,100
2017-01-20,volume_zscore_20,-0.19449144914491448,100
2017-01-20,volume_trend_5_20,-0.025406540654065404,100
2017-01-20,amihud_illiq_20,0.18571857185718568,100
2017-01-20,signed_volume_pressure_20,0.13938193819381936,100
2017-01-20,volume_cv_20,0.06924692469246925,100
2017-01-20,return_volume_corr_20,0.06237023702370237,100
2017-01-20,close_location_value,0.13352535253525352,100
2017-01-20,body_range_ratio,0.2782958295829583,100
2017-01-20,gap_followthrough_20,-0.045160516051605155,100
2017-01-20,cs_rank_ret20,0.1887188718871887,100
2017-01-20,cs_rank_ret60,-0.022826282628262827,100
2017-01-20,cs_rank_vol20,-0.010189018901890189,100
2017-01-20,cs_rank_amihud20,0.18571857185718568,100
2017-01-20,return_autocorr_20,-0.16133213321332132,100
2017-01-20,revenue_growth_yoy,-0.04221814974269987,51
2017-01-20,gross_margin_change_yoy,-0.16213036498187955,51
2017-01-20,operating_profitability,-0.015274387844061377,70
2017-01-20,cashflow_to_assets,-0.11394224497937319,41
2017-01-20,debt_to_assets,-0.1337196006155597,54
2017-01-20,asset_growth_yoy,0.002589532766846815,77
2017-01-27,ret_1d,0.0248031591861636,100
2017-01-27,ret_5d,0.0832070579056436,100
2017-01-27,ret_20d,0.007171470190929975,100
2017-01-27,ret_60d,-0.13105486697031699,100
2017-01-27,ret_120d,0.009933047852472057,99
2017-01-27,momentum_20_5,-0.026711475999857175,100
2017-01-27,overnight_gap,-0.007609651327253095,100
2017-01-27,intraday_return,0.044691161934607135,100
2017-01-27,ema20_distance,0.058884071559334665,100
2017-01-27,ema60_distance,-0.03421901508676378,100
2017-01-27,ema20_60_spread,-0.14074085265078642,100
2017-01-27,rsi14_centered,0.046269485499640266,100
2017-01-27,macd_hist_atr,0.11794217879694295,100
2017-01-27,breakout_position_60,-0.06773588623014781,100
2017-01-27,trend_r2_20,0.14969468823644963,100
2017-01-27,realized_vol_5,-0.08602763613973323,100
2017-01-27,realized_vol_20,-0.06771788253929192,100
2017-01-27,vol_ratio_5_20,-0.0018543801581567888,100
2017-01-27,parkinson_vol_20,0.05552938382985361,100
2017-01-27,overnight_vol_20,-0.1784525837635931,100
2017-01-27,downside_vol_20,-0.09032451702400592,100
2017-01-27,volume_zscore_20,0.05693367171661312,100
2017-01-27,volume_trend_5_20,0.11638786015305101,100
2017-01-27,amihud_illiq_20,0.09662580882356782,100
2017-01-27,signed_volume_pressure_20,-0.15253327016139517,100
2017-01-27,volume_cv_20,0.08384918954617039,100
2017-01-27,return_volume_corr_20,-0.0460114325973725,100
2017-01-27,close_location_value,0.04907206004287398,100
2017-01-27,body_range_ratio,0.061170540298032844,100
2017-01-27,gap_followthrough_20,-0.16352152281377405,100
2017-01-27,cs_rank_ret20,0.007171470190929975,100
2017-01-27,cs_rank_ret60,-0.13105486697031699,100
2017-01-27,cs_rank_vol20,-0.06771788253929192,100
2017-01-27,cs_rank_amihud20,0.09662580882356782,100
2017-01-27,return_autocorr_20,0.005341094953914376,100
2017-01-27,revenue_growth_yoy,0.2664464062142806,51
2017-01-27,gross_margin_change_yoy,0.13908439040198475,51
2017-01-27,operating_profitability,0.06879955499929491,70
2017-01-27,cashflow_to_assets,0.026057782299286562,41
2017-01-27,debt_to_assets,0.1378902872608251,54
2017-01-27,asset_growth_yoy,0.28270531090880885,77
2017-02-03,ret_1d,0.1077714237709197,100
2017-02-03,ret_5d,-0.19369395047777088,100
2017-02-03,ret_20d,-0.0059286106469233135,100
2017-02-03,ret_60d,-0.11257759549284241,100
2017-02-03,ret_120d,-0.026332796329118866,99
2017-02-03,momentum_20_5,0.1010924125189444,100
2017-02-03,overnight_gap,0.12901928898734633,100
2017-02-03,intraday_return,0.05382219529666301,100
2017-02-03,ema20_distance,-0.1199103507666686,100
2017-02-03,ema60_distance,-0.0552056861859256,100
2017-02-03,ema20_60_spread,-0.014281470991576404,100
2017-02-03,rsi14_centered,-0.11545189154534874,100
2017-02-03,macd_hist_atr,-0.10898322527269355,100
2017-02-03,breakout_position_60,-0.07050726224832889,100
2017-02-03,trend_r2_20,-0.05492965775499597,100
2017-02-03,realized_vol_5,0.15538000414112582,100
2017-02-03,realized_vol_20,0.16361285212450516,100
2017-02-03,vol_ratio_5_20,0.0659647943741174,100
2017-02-03,parkinson_vol_20,0.17051956351580952,100
2017-02-03,overnight_vol_20,0.23269196727367641,100
2017-02-03,downside_vol_20,0.1767602063020446,100
2017-02-03,volume_zscore_20,-0.09526581237910377,100
2017-02-03,volume_trend_5_20,0.024926567436558144,100
2017-02-03,amihud_illiq_20,0.2903339043934591,100
2017-02-03,signed_volume_pressure_20,-0.0996042592391499,100
2017-02-03,volume_cv_20,0.0694331516149288,100
2017-02-03,return_volume_corr_20,-0.013861427727118274,100
2017-02-03,close_location_value,0.08154864415628055,100
2017-02-03,body_range_ratio,0.0496933364725448,100
2017-02-03,gap_followthrough_20,-0.19918451600604503,100
2017-02-03,cs_rank_ret20,-0.0059286106469233135,100
2017-02-03,cs_rank_ret60,-0.11257759549284241,100
2017-02-03,cs_rank_vol20,0.16361285212450516,100
2017-02-03,cs_rank_amihud20,0.2903339043934591,100
2017-02-03,return_autocorr_20,0.06159034380568916,100
2017-02-03,revenue_growth_yoy,0.25765288814033555,51
2017-02-03,gross_margin_change_yoy,0.159732120677096,51
2017-02-03,operating_profitability,-0.04246384799259675,70
2017-02-03,cashflow_to_assets,-0.15653991913450582,41
2017-02-03,debt_to_assets,0.20130365189588678,54
2017-02-03,asset_growth_yoy,0.1219840816057789,77
2017-02-10,ret_1d,0.06600099610558718,100
2017-02-10,ret_5d,0.12494486932210246,100
2017-02-10,ret_20d,0.034359539032674996,100
2017-02-10,ret_60d,-0.03173126832077984,100
2017-02-10,ret_120d,0.08942513736943607,99
2017-02-10,momentum_20_5,-0.04939423578899362,100
2017-02-10,overnight_gap,0.06948199043171399,100
2017-02-10,intraday_return,0.022448379528229992,100
2017-02-10,ema20_distance,0.0500391540330906,100
2017-02-10,ema60_distance,0.01187522314803769,100
2017-02-10,ema20_60_spread,0.0036843794911041645,100
2017-02-10,rsi14_centered,0.07484570910837499,100
2017-02-10,macd_hist_atr,0.1431687463815216,100
2017-02-10,breakout_position_60,0.03812792717667079,100
2017-02-10,trend_r2_20,-0.014941538978582034,100
2017-02-10,realized_vol_5,-0.07687991863196508,100
2017-02-10,realized_vol_20,-0.012097246016394132,100
2017-02-10,vol_ratio_5_20,-0.11227156397159434,100
2017-02-10,parkinson_vol_20,-0.06513070846326482,100
2017-02-10,overnight_vol_20,-0.05883005949639289,100
2017-02-10,downside_vol_20,-0.027902873996147177,100
2017-02-10,volume_zscore_20,-0.16347483790904033,100
2017-02-10,volume_trend_5_20,0.012163252815094694,100
2017-02-10,amihud_illiq_20,-0.21398204015109853,100
2017-02-10,signed_volume_pressure_20,0.04151227576459057,100
2017-02-10,volume_cv_20,-0.10908523577977623,100
2017-02-10,return_volume_corr_20,0.13500190519684283,100
2017-02-10,close_location_value,-0.040630184909228505,100
2017-02-10,body_range_ratio,0.03806203457566502,100
2017-02-10,gap_followthrough_20,0.012481285572470134,100
2017-02-10,cs_rank_ret20,0.034359539032674996,100
2017-02-10,cs_rank_ret60,-0.03173126832077984,100
2017-02-10,cs_rank_vol20,-0.012097246016394132,100
2017-02-10,cs_rank_amihud20,-0.21398204015109853,100
2017-02-10,return_autocorr_20,0.030225113186794265,100
2017-02-10,revenue_growth_yoy,0.28190683054343,51
2017-02-10,gross_margin_change_yoy,0.18742505491346503,51
2017-02-10,operating_profitability,0.08365045622274621,70
2017-02-10,cashflow_to_assets,-0.017596585233817574,41
2017-02-10,debt_to_assets,-0.06289547919488983,54
2017-02-10,asset_growth_yoy,-0.1599069345618858,77
2017-02-17,ret_1d,-0.1540954095409541,100
2017-02-17,ret_5d,-0.13836183618361836,100
2017-02-17,ret_20d,-0.16404440444044402,100
2017-02-17,ret_60d,-0.18258625862586259,100
2017-02-17,ret_120d,0.1333704390847248,99
2017-02-17,momentum_20_5,-0.1295889588958896,100
2017-02-17,overnight_gap,-0.15244839201717378,100
2017-02-17,intraday_return,-0.11620796942137339,100
2017-02-17,ema20_distance,-0.1858385838583858,100
2017-02-17,ema60_distance,-0.16578457845784575,100
2017-02-17,ema20_60_spread,-0.08512451245124511,100
2017-02-17,rsi14_centered,-0.21081308130813078,100
2017-02-17,macd_hist_atr,-0.05062106210621061,100
2017-02-17,breakout_position_60,-0.1670927092709271,100
2017-02-17,trend_r2_20,-0.14580258025802578,100
2017-02-17,realized_vol_5,-0.09832583258325832,100
2017-02-17,realized_vol_20,0.09167716771677166,100
2017-02-17,vol_ratio_5_20,-0.2431203120312031,100
2017-02-17,parkinson_vol_20,0.19429942994299426,100
2017-02-17,overnight_vol_20,-0.06029402940294029,100
2017-02-17,downside_vol_20,0.1809420942094209,100
2017-02-17,volume_zscore_20,-0.06705070507050705,100
2017-02-17,volume_trend_5_20,-0.09406540654065405,100
2017-02-17,amihud_illiq_20,0.04997299729972996,100
2017-02-17,signed_volume_pressure_20,-0.12189618961896187,100
2017-02-17,volume_cv_20,0.029282928292829278,100
2017-02-17,return_volume_corr_20,-0.17765376537653763,100
2017-02-17,close_location_value,-0.13665766576657665,100
2017-02-17,body_range_ratio,-0.08523277897661817,100
2017-02-17,gap_followthrough_20,0.019825982598259823,100
2017-02-17,cs_rank_ret20,-0.16404440444044402,100
2017-02-17,cs_rank_ret60,-0.18258625862586259,100
2017-02-17,cs_rank_vol20,0.09167716771677166,100
2017-02-17,cs_rank_amihud20,0.04997299729972996,100
2017-02-17,return_autocorr_20,-0.03392739273927392,100
2017-02-17,revenue_growth_yoy,-0.026516437030248793,51
2017-02-17,gross_margin_change_yoy,-0.0852507975511753,51
2017-02-17,operating_profitability,-0.15915626389110538,71
2017-02-17,cashflow_to_assets,-0.2206555651906386,42
2017-02-17,debt_to_assets,-0.1350771178940822,55
2017-02-17,asset_growth_yoy,0.0474591703190503,78
2017-02-24,ret_1d,-0.23963155763883467,100
2017-02-24,ret_5d,-0.011245158251350496,100
2017-02-24,ret_20d,-0.028328917878668997,100
2017-02-24,ret_60d,0.10289259793805067,100
2017-02-24,ret_120d,-0.15424290118472372,99
2017-02-24,momentum_20_5,0.018835940101915267,100
2017-02-24,overnight_gap,0.03992259109959351,100
2017-02-24,intraday_return,-0.24469320340105155,100
2017-02-24,ema20_distance,0.032457343106486035,100
2017-02-24,ema60_distance,0.040438165131190494,100
2017-02-24,ema20_60_spread,0.011989234891247754,100
2017-02-24,rsi14_centered,0.03417351987270068,100
2017-02-24,macd_hist_atr,0.011395173702942686,100
2017-02-24,breakout_position_60,0.058998076802176135,100
2017-02-24,trend_r2_20,-0.0657727745960794,100
2017-02-24,realized_vol_5,-0.009384966651607351,100
2017-02-24,realized_vol_20,0.07871010714138979,100
2017-02-24,vol_ratio_5_20,-0.0596461435530544,100
2017-02-24,parkinson_vol_20,0.0878250459801312,100
2017-02-24,overnight_vol_20,0.0424183690922074,100
2017-02-24,downside_vol_20,0.05230138704310081,100
2017-02-24,volume_zscore_20,0.04370250135783653,100
2017-02-24,volume_trend_5_20,-0.017497802273712938,100
2017-02-24,amihud_illiq_20,0.20478909327752923,100
2017-02-24,signed_volume_pressure_20,0.015271572972084852,100
2017-02-24,volume_cv_20,0.017905844302043693,100
2017-02-24,return_volume_corr_20,0.16000048005016523,100
2017-02-24,close_location_value,-0.23895061191410252,100
2017-02-24,body_range_ratio,-0.29254213184089617,100
2017-02-24,gap_followthrough_20,-0.01855991167098564,100
2017-02-24,cs_rank_ret20,-0.028328917878668997,100
2017-02-24,cs_rank_ret60,0.10289259793805067,100
2017-02-24,cs_rank_vol20,0.07871010714138979,100
2017-02-24,cs_rank_amihud20,0.20478909327752923,100
2017-02-24,return_autocorr_20,0.07531975793540631,100
2017-02-24,revenue_growth_yoy,0.11859996835543019,51
2017-02-24,gross_margin_change_yoy,-0.012896219374779702,51
2017-02-24,operating_profitability,-0.05787820731747427,70
2017-02-24,cashflow_to_assets,0.004537903654306191,42
2017-02-24,debt_to_assets,-0.10047803774973796,55
2017-02-24,asset_growth_yoy,0.08801380906490543,78
2017-03-03,ret_1d,0.17591464695257694,100
2017-03-03,ret_5d,0.1353559416626004,100
2017-03-03,ret_20d,0.10379269064760381,100
2017-03-03,ret_60d,0.3070396250827653,100
2017-03-03,ret_120d,0.0642426228902975,99
2017-03-03,momentum_20_5,0.13679008937982173,100
2017-03-03,overnight_gap,0.21848915985094416,100
2017-03-03,intraday_return,0.10437600324460085,100
2017-03-03,ema20_distance,0.1122955664438491,100
2017-03-03,ema60_distance,0.19575216247361574,100
2017-03-03,ema20_60_spread,0.28243109040358255,100
2017-03-03,rsi14_centered,0.1468471252545621,100
2017-03-03,macd_hist_atr,-0.057665939592037495,100
2017-03-03,breakout_position_60,0.17077759009254811,100
2017-03-03,trend_r2_20,0.13806822102738717,100
2017-03-03,realized_vol_5,-0.03306940614898217,100
2017-03-03,realized_vol_20,-0.07974221344834405,100
2017-03-03,vol_ratio_5_20,-0.013663407331016586,100
2017-03-03,parkinson_vol_20,-0.068815087954369,100
2017-03-03,overnight_vol_20,-0.10841916717470693,100
2017-03-03,downside_vol_20,-0.1283172166738949,100
2017-03-03,volume_zscore_20,-0.11536788289245711,100
2017-03-03,volume_trend_5_20,-0.15956243493151603,100
2017-03-03,amihud_illiq_20,-0.0074827707254183935,100
2017-03-03,signed_volume_pressure_20,0.07010522083806182,100
2017-03-03,volume_cv_20,-0.00956498519351798,100
2017-03-03,return_volume_corr_20,0.16471096523015993,100
2017-03-03,close_location_value,0.18610916924526982,100
2017-03-03,body_range_ratio,0.14216234867585595,100
2017-03-03,gap_followthrough_20,-0.11042337360797858,100
2017-03-03,cs_rank_ret20,0.10379269064760381,100
2017-03-03,cs_rank_ret60,0.3070396250827653,100
2017-03-03,cs_rank_vol20,-0.07974221344834405,100
2017-03-03,cs_rank_amihud20,-0.0074827707254183935,100
2017-03-03,return_autocorr_20,0.036903801091678526,100
2017-03-03,revenue_growth_yoy,0.33096412037164824,52
2017-03-03,gross_margin_change_yoy,-0.07579357000967019,51
2017-03-03,operating_profitability,0.1722699000144654,70
2017-03-03,cashflow_to_assets,0.24553300129549574,42
2017-03-03,debt_to_assets,-0.1364505541669727,55
2017-03-03,asset_growth_yoy,0.07538126912668505,78
2017-03-10,ret_1d,-0.04939753252720007,100
2017-03-10,ret_5d,-0.11035368385679827,100
2017-03-10,ret_20d,-0.19008929001416955,100
2017-03-10,ret_60d,-0.26495367483065985,100
2017-03-10,ret_120d,0.08999492882480381,99
2017-03-10,momentum_20_5,-0.16552253853623503,100
2017-03-10,overnight_gap,0.22590197873670478,100
2017-03-10,intraday_return,-0.07369447486759474,100
2017-03-10,ema20_distance,-0.18393260046449667,100
2017-03-10,ema60_distance,-0.18802505882012716,100
2017-03-10,ema20_60_spread,-0.19120541502025062,100
2017-03-10,rsi14_centered,-0.22801353753262246,100
2017-03-10,macd_hist_atr,0.03835629590790365,100
2017-03-10,breakout_position_60,-0.21615620951103023,100
2017-03-10,trend_r2_20,-0.009349047093947727,100
2017-03-10,realized_vol_5,0.21769238156241058,100
2017-03-10,realized_vol_20,0.06948778263665899,100
2017-03-10,vol_ratio_5_20,0.1994503384522687,100
2017-03-10,parkinson_vol_20,0.24253516395582753,100
2017-03-10,overnight_vol_20,0.06875570064342303,100
2017-03-10,downside_vol_20,0.15755364601969934,100
2017-03-10,volume_zscore_20,0.10800009601853096,100
2017-03-10,volume_trend_5_20,0.13111468485414499,100
2017-03-10,amihud_illiq_20,0.536928135989894,100
2017-03-10,signed_volume_pressure_20,-0.13212279776286334,100
2017-03-10,volume_cv_20,0.0498295809166508,100
2017-03-10,return_volume_corr_20,-0.01710191541575804,100
2017-03-10,close_location_value,-0.0553381978821476,100
2017-03-10,body_range_ratio,-0.07973116908767457,100
2017-03-10,gap_followthrough_20,-0.1324468340549514,100
2017-03-10,cs_rank_ret20,-0.19008929001416955,100
2017-03-10,cs_rank_ret60,-0.26495367483065985,100
2017-03-10,cs_rank_vol20,0.06948778263665899,100
2017-03-10,cs_rank_amihud20,0.536928135989894,100
2017-03-10,return_autocorr_20,0.04870145456641834,100
2017-03-10,revenue_growth_yoy,0.26480256136606184,52
2017-03-10,gross_margin_change_yoy,-0.04312412326349608,51
2017-03-10,operating_profitability,-0.13125940441613887,70
2017-03-10,cashflow_to_assets,0.003484602917341977,42
2017-03-10,debt_to_assets,0.01876104922443834,55
2017-03-10,asset_growth_yoy,0.14201168466577305,78
2017-03-17,ret_1d,-0.12503863018339703,100
2017-03-17,ret_5d,-0.23587866433252244,100
2017-03-17,ret_20d,-0.05446908100504493,100
2017-03-17,ret_60d,0.054637102847960126,100
2017-03-17,ret_120d,-0.2631282067853052,100
2017-03-17,momentum_20_5,0.1207596988151949,100
2017-03-17,overnight_gap,-0.03736096902249988,100
2017-03-17,intraday_return,-0.08220567321891631,100
2017-03-17,ema20_distance,-0.11060637887903361,100
2017-03-17,ema60_distance,-0.07375558825966809,100
2017-03-17,ema20_60_spread,0.029877884138384783,100
2017-03-17,rsi14_centered,-0.013375738852070634,100
2017-03-17,macd_hist_atr,-0.07784211951056988,100
2017-03-17,breakout_position_60,0.03684478983926141,100
2017-03-17,trend_r2_20,0.08669327016413839,100
2017-03-17,realized_vol_5,-0.08485103067217531,100
2017-03-17,realized_vol_20,-0.12453418950068276,100
2017-03-17,vol_ratio_5_20,0.029283806908077473,100
2017-03-17,parkinson_vol_20,-0.0515046956336125,100
2017-03-17,overnight_vol_20,-0.04502985390127324,100
2017-03-17,downside_vol_20,-0.11312070574265748,100
2017-03-17,volume_zscore_20,-0.18595217386629198,100
2017-03-17,volume_trend_5_20,-0.05961174955427083,100
2017-03-17,amihud_illiq_20,-0.009427225543563466,100
2017-03-17,signed_volume_pressure_20,0.030778001154001918,100
2017-03-17,volume_cv_20,-0.23524858242159044,100
2017-03-17,return_volume_corr_20,-0.026055387212064015,100
2017-03-17,close_location_value,-0.07155330196145816,100
2017-03-17,body_range_ratio,-0.021765090646398238,100
2017-03-17,gap_followthrough_20,-0.10294338268607973,100
2017-03-17,cs_rank_ret20,-0.05446908100504493,100
2017-03-17,cs_rank_ret60,0.054637102847960126,100
2017-03-17,cs_rank_vol20,-0.12453418950068276,100
2017-03-17,cs_rank_amihud20,-0.009427225543563466,100
2017-03-17,return_autocorr_20,-0.2253652975901143,100
2017-03-17,revenue_growth_yoy,-0.11535423850151824,52
2017-03-17,gross_margin_change_yoy,0.03914035308510883,50
2017-03-17,operating_profitability,0.057725789555938364,70
2017-03-17,cashflow_to_assets,0.044084278768233384,42
2017-03-17,debt_to_assets,0.03741318676713761,55
2017-03-17,asset_growth_yoy,0.07528438743244982,78
2017-03-24,ret_1d,-0.015289528952895289,100
2017-03-24,ret_5d,0.16056405640564053,100
2017-03-24,ret_20d,0.058181818181818175,100
2017-03-24,ret_60d,-0.04303630363036304,100
2017-03-24,ret_120d,0.08660066006600659,100
2017-03-24,momentum_20_5,0.053825382538253815,100
2017-03-24,overnight_gap,0.11109644280959452,100
2017-03-24,intraday_return,-0.08866152603828785,100
2017-03-24,ema20_distance,0.10375037503750374,100
2017-03-24,ema60_distance,0.04958895889588959,100
2017-03-24,ema20_60_spread,-0.02328232823282328,100
2017-03-24,rsi14_centered,0.062310231023102305,100
2017-03-24,macd_hist_atr,0.2038283828382838,100
2017-03-24,breakout_position_60,0.00898889888988899,100
2017-03-24,trend_r2_20,-0.028454845484548453,100
2017-03-24,realized_vol_5,0.16372037203720372,100
2017-03-24,realized_vol_20,0.21214521452145213,100
2017-03-24,vol_ratio_5_20,-0.06299429942994299,100
2017-03-24,parkinson_vol_20,0.24936093609360935,100
2017-03-24,overnight_vol_20,0.27510351035103503,100
2017-03-24,downside_vol_20,0.12042004200420041,100
2017-03-24,volume_zscore_20,-0.04987698769876987,100
2017-03-24,volume_trend_5_20,-0.08049204920492048,100
2017-03-24,amihud_illiq_20,0.25508550855085504,100
2017-03-24,signed_volume_pressure_20,0.10016201620162016,100
2017-03-24,volume_cv_20,0.2238103810381038,100
2017-03-24,return_volume_corr_20,0.1668166816681668,100
2017-03-24,close_location_value,0.00618061806180618,100
2017-03-24,body_range_ratio,-0.06034984550707688,100
2017-03-24,gap_followthrough_20,-0.1983918391839184,100
2017-03-24,cs_rank_ret20,0.058181818181818175,100
2017-03-24,cs_rank_ret60,-0.04303630363036304,100
2017-03-24,cs_rank_vol20,0.21214521452145213,100
2017-03-24,cs_rank_amihud20,0.25508550855085504,100
2017-03-24,return_autocorr_20,0.013657365736573657,100
2017-03-24,revenue_growth_yoy,-0.03282747434100316,52
2017-03-24,gross_margin_change_yoy,-0.22291051412221324,50
2017-03-24,operating_profitability,-0.20925736382013066,70
2017-03-24,cashflow_to_assets,-0.05696689766030809,42
2017-03-24,debt_to_assets,-0.28624515314413684,55
2017-03-24,asset_growth_yoy,0.06568156958090787,78
2017-03-31,ret_1d,-0.13537159836871307,100
2017-03-31,ret_5d,0.09083053304880893,100
2017-03-31,ret_20d,-0.00034803480348034795,100
2017-03-31,ret_60d,0.07882388238823883,100
2017-03-31,ret_120d,0.057653765376537644,100
2017-03-31,momentum_20_5,-0.026882688268826883,100
2017-03-31,overnight_gap,-0.07008911161605429,100
2017-03-31,intraday_return,-0.07353135313531353,100
2017-03-31,ema20_distance,0.043948394839483935,100
2017-03-31,ema60_distance,0.034167416741674166,100
2017-03-31,ema20_60_spread,0.025010501050105008,100
2017-03-31,rsi14_centered,0.10448244824482449,100
2017-03-31,macd_hist_atr,0.05069306930693068,100
2017-03-31,breakout_position_60,0.06756675667566756,100
2017-03-31,trend_r2_20,0.003936393639363936,100
2017-03-31,realized_vol_5,0.03947194719471947,100
2017-03-31,realized_vol_20,0.006888688868886888,100
2017-03-31,vol_ratio_5_20,0.13705370537053704,100
2017-03-31,parkinson_vol_20,-0.010753075307530752,100
2017-03-31,overnight_vol_20,-0.034131413141314126,100
2017-03-31,downside_vol_20,-0.06265826582658265,100
2017-03-31,volume_zscore_20,0.08032403240324032,100
2017-03-31,volume_trend_5_20,0.06114611461146115,100
2017-03-31,amihud_illiq_20,0.07527152715271526,100
2017-03-31,signed_volume_pressure_20,0.08597659765976598,100
2017-03-31,volume_cv_20,0.0909090909090909,100
2017-03-31,return_volume_corr_20,0.010333033303330331,100
2017-03-31,close_location_value,-0.02643864386438644,100
2017-03-31,body_range_ratio,-0.034671467146714666,100
2017-03-31,gap_followthrough_20,-0.08546054605460546,100
2017-03-31,cs_rank_ret20,-0.00034803480348034795,100
2017-03-31,cs_rank_ret60,0.07882388238823883,100
2017-03-31,cs_rank_vol20,0.006888688868886888,100
2017-03-31,cs_rank_amihud20,0.07527152715271526,100
2017-03-31,return_autocorr_20,0.19252325232523249,100
2017-03-31,revenue_growth_yoy,0.12029625837834447,52
2017-03-31,gross_margin_change_yoy,-0.09128670558947166,50
2017-03-31,operating_profitability,0.03039130777220459,70
2017-03-31,cashflow_to_assets,0.16547141539452218,42
2017-03-31,debt_to_assets,0.04543981722722237,54
2017-03-31,asset_growth_yoy,0.05097466441675773,78
2017-04-07,ret_1d,0.1911837067796407,100
2017-04-07,ret_5d,0.051389755656333996,100
2017-04-07,ret_20d,0.2005064567375927,100
2017-04-07,ret_60d,0.14172387308399068,100
2017-04-07,ret_120d,-0.04866545053396411,100
2017-04-07,momentum_20_5,0.2367092215700684,100
2017-04-07,overnight_gap,0.10430493381179268,100
2017-04-07,intraday_return,0.08674571552638534,100
2017-04-07,ema20_distance,0.2160121933812133,100
2017-04-07,ema60_distance,0.17984014210886612,100
2017-04-07,ema20_60_spread,0.12951850608200757,100
2017-04-07,rsi14_centered,0.2152081033230689,100
2017-04-07,macd_hist_atr,-0.0422327300688088,100
2017-04-07,breakout_position_60,0.20021842447795887,100
2017-04-07,trend_r2_20,0.10956027075821413,100
2017-04-07,realized_vol_5,0.08134511065825122,100
2017-04-07,realized_vol_20,0.02646296385385718,100
2017-04-07,vol_ratio_5_20,0.17381546734485873,100
2017-04-07,parkinson_vol_20,0.04835341558602747,100
2017-04-07,overnight_vol_20,0.16074600356397417,100
2017-04-07,downside_vol_20,-0.08228121550206115,100
2017-04-07,volume_zscore_20,-0.02493879314662822,100
2017-04-07,volume_trend_5_20,0.09991119006048119,100
2017-04-07,amihud_illiq_20,0.07797273295170526,100
2017-04-07,signed_volume_pressure_20,0.2691181412511988,100
2017-04-07,volume_cv_20,0.11452882723689754,100
2017-04-07,return_volume_corr_20,-0.00945705919131041,100
2017-04-07,close_location_value,0.18423263406828186,100
2017-04-07,body_range_ratio,0.09007008785632568,100
2017-04-07,gap_followthrough_20,-0.10639191590224212,100
2017-04-07,cs_rank_ret20,0.2005064567375927,100
2017-04-07,cs_rank_ret60,0.14172387308399068,100
2017-04-07,cs_rank_vol20,0.02646296385385718,100
2017-04-07,cs_rank_amihud20,0.07797273295170526,100
2017-04-07,return_autocorr_20,0.07689261197807844,100
2017-04-07,revenue_growth_yoy,-0.0784251613980171,51
2017-04-07,gross_margin_change_yoy,-0.22579410705252068,49
2017-04-07,operating_profitability,-0.16980884481593186,70
2017-04-07,cashflow_to_assets,0.11369529983792541,42
2017-04-07,debt_to_assets,0.06947720721587913,53
2017-04-07,asset_growth_yoy,0.06465890626064488,78
2017-04-13,ret_1d,0.17739186790197867,100
2017-04-13,ret_5d,0.11192319231923191,100
2017-04-13,ret_20d,0.06667866786678667,100
2017-04-13,ret_60d,-0.225058505850585,100
2017-04-13,ret_120d,-0.2544134413441344,100
2017-04-13,momentum_20_5,-0.08256825682568254,100
2017-04-13,overnight_gap,0.14748451827666706,100
2017-04-13,intraday_return,0.048869473384538065,100
2017-04-13,ema20_distance,0.028598859885988596,100
2017-04-13,ema60_distance,-0.14063006300630063,100
2017-04-13,ema20_60_spread,-0.2419201920192019,100
2017-04-13,rsi14_centered,-0.020894089408940896,100
2017-04-13,macd_hist_atr,0.2547494749474947,100
2017-04-13,breakout_position_60,-0.08763276327632763,100
2017-04-13,trend_r2_20,-0.023426342634263426,100
2017-04-13,realized_vol_5,0.019213921392139212,100
2017-04-13,realized_vol_20,-0.058829882988298825,100
2017-04-13,vol_ratio_5_20,0.11549954995499548,100
2017-04-13,parkinson_vol_20,-0.10875487548754874,100
2017-04-13,overnight_vol_20,0.13934593459345931,100
2017-04-13,downside_vol_20,-0.041608160816081596,100
2017-04-13,volume_zscore_20,-0.1098949894989499,100
2017-04-13,volume_trend_5_20,-0.05886588658865886,100
2017-04-13,amihud_illiq_20,0.007656765676567656,100
2017-04-13,signed_volume_pressure_20,-0.05456945694569457,100
2017-04-13,volume_cv_20,-0.03541554155415541,100
2017-04-13,return_volume_corr_20,-0.09628562856285626,100
2017-04-13,close_location_value,0.027674767476747672,100
2017-04-13,body_range_ratio,0.021278383180448425,100
2017-04-13,gap_followthrough_20,0.16282028202820278,100
2017-04-13,cs_rank_ret20,0.06667866786678667,100
2017-04-13,cs_rank_ret60,-0.225058505850585,100
2017-04-13,cs_rank_vol20,-0.058829882988298825,100
2017-04-13,cs_rank_amihud20,0.007656765676567656,100
2017-04-13,return_autocorr_20,-0.17785778577857786,100
2017-04-13,revenue_growth_yoy,-0.13054593998680508,51
2017-04-13,gross_margin_change_yoy,-0.12025816989040394,49
2017-04-13,operating_profitability,0.04564819918116396,70
2017-04-13,cashflow_to_assets,0.22389692494371438,42
2017-04-13,debt_to_assets,-0.056609479552963304,53
2017-04-13,asset_growth_yoy,-0.239546779470762,78
2017-04-21,ret_1d,-0.17233640381005677,100
2017-04-21,ret_5d,-0.28229854580950414,100
2017-04-21,ret_20d,-0.06453839001974862,100
2017-04-21,ret_60d,0.3010111315825783,100
2017-04-21,ret_120d,-0.11164451383704539,100
2017-04-21,momentum_20_5,0.07100123019187965,100
2017-04-21,overnight_gap,-0.0336827829606378,100
2017-04-21,intraday_return,-0.12177383065279021,100
2017-04-21,ema20_distance,-0.17600288045367057,100
2017-04-21,ema60_distance,0.10530769004710074,100
2017-04-21,ema20_60_spread,0.2618260375027124,100
2017-04-21,rsi14_centered,-0.10291337878555916,100
2017-04-21,macd_hist_atr,-0.3220798705281235,100
2017-04-21,breakout_position_60,0.16506945910397441,100
2017-04-21,trend_r2_20,-0.050328542733206104,100
2017-04-21,realized_vol_5,0.06684268957972848,100
2017-04-21,realized_vol_20,-0.23728284687688517,100
2017-04-21,vol_ratio_5_20,0.29286807298129536,100
2017-04-21,parkinson_vol_20,-0.3178793244552434,100
2017-04-21,overnight_vol_20,-0.08574514690768832,100
2017-04-21,downside_vol_20,-0.17312250600369575,100
2017-04-21,volume_zscore_20,-0.03605868764562245,100
2017-04-21,volume_trend_5_20,0.1257283447414015,100
2017-04-21,amihud_illiq_20,-0.22236490753805715,100
2017-04-21,signed_volume_pressure_20,-0.07577185037465047,100
2017-04-21,volume_cv_20,-0.03847100124747637,100
2017-04-21,return_volume_corr_20,-0.11843139613479858,100
2017-04-21,close_location_value,-0.14155240187595072,100
2017-04-21,body_range_ratio,-0.09323412047762292,100
2017-04-21,gap_followthrough_20,0.1744606799669132,100
2017-04-21,cs_rank_ret20,-0.06453839001974862,100
2017-04-21,cs_rank_ret60,0.3010111315825783,100
2017-04-21,cs_rank_vol20,-0.23728284687688517,100
2017-04-21,cs_rank_amihud20,-0.22236490753805715,100
2017-04-21,return_autocorr_20,0.22135677648056598,100
2017-04-21,revenue_growth_yoy,-0.12250254581906074,51
2017-04-21,gross_margin_change_yoy,0.18956499609042132,49
2017-04-21,operating_profitability,0.3481395298590329,70
2017-04-21,cashflow_to_assets,0.47852512155591564,42
2017-04-21,debt_to_assets,0.333729816424414,53
2017-04-21,asset_growth_yoy,-0.14968352253493636,78
2017-04-28,ret_1d,0.05285328532853285,100
2017-04-28,ret_5d,0.15731173117311728,100
2017-04-28,ret_20d,0.15663966396639664,100
2017-04-28,ret_60d,0.11653165316531652,100
2017-04-28,ret_120d,-0.15545154515451545,100
2017-04-28,momentum_20_5,0.051263280118082864,100
2017-04-28,overnight_gap,0.11353135313531351,100
2017-04-28,intraday_return,-0.03920309642017831,100
2017-04-28,ema20_distance,0.14001800180018,100
2017-04-28,ema60_distance,0.1193999399939994,100
2017-04-28,ema20_60_spread,0.08772877287728773,100
2017-04-28,rsi14_centered,0.17174917491749173,100
2017-04-28,macd_hist_atr,0.14126612661266127,100
2017-04-28,breakout_position_60,0.16225622562256223,100
2017-04-28,trend_r2_20,0.13510951095109508,100
2017-04-28,realized_vol_5,0.026714671467146713,100
2017-04-28,realized_vol_20,0.027026702670267026,100
2017-04-28,vol_ratio_5_20,0.01810981098109811,100
2017-04-28,parkinson_vol_20,-0.009636963696369637,100
2017-04-28,overnight_vol_20,0.017905790579057907,100
2017-04-28,downside_vol_20,-0.09594959495949594,100
2017-04-28,volume_zscore_20,-0.05750975097509751,100
2017-04-28,volume_trend_5_20,0.04186018601860185,100
2017-04-28,amihud_illiq_20,0.0836123612361236,100
2017-04-28,signed_volume_pressure_20,0.1873987398739874,100
2017-04-28,volume_cv_20,0.14337833783378334,100
2017-04-28,return_volume_corr_20,-0.1222082208220822,100
2017-04-28,close_location_value,-0.026264705264760473,100
2017-04-28,body_range_ratio,-0.02793363138465177,100
2017-04-28,gap_followthrough_20,-0.015985598559855985,100
2017-04-28,cs_rank_ret20,0.15663966396639664,100
2017-04-28,cs_rank_ret60,0.11653165316531652,100
2017-04-28,cs_rank_vol20,0.027026702670267026,100
2017-04-28,cs_rank_amihud20,0.0836123612361236,100
2017-04-28,return_autocorr_20,-0.06213021302130212,100
2017-04-28,revenue_growth_yoy,0.03959365597520084,51
2017-04-28,gross_margin_change_yoy,-0.10964565426155201,49
2017-04-28,operating_profitability,0.21181184334502523,70
2017-04-28,cashflow_to_assets,0.334346258529774,42
2017-04-28,debt_to_assets,-0.016436484820493997,52
2017-04-28,asset_growth_yoy,-0.0002782045688833218,78
2017-05-05,ret_1d,0.03335873694605122,100
2017-05-05,ret_5d,0.04570111852856605,100
2017-05-05,ret_20d,0.10373961884478071,100
2017-05-05,ret_60d,0.09027411070689963,100
2017-05-05,ret_120d,0.11862128559252805,100
2017-05-05,momentum_20_5,0.05581825164820397,100
2017-05-05,overnight_gap,0.21080424249642563,100
2017-05-05,intraday_return,0.004848543037169297,100
2017-05-05,ema20_distance,0.06219096539260222,100
2017-05-05,ema60_distance,0.11700110413208782,100
2017-05-05,ema20_60_spread,0.13031059479600055,100
2017-05-05,rsi14_centered,0.07704862945204675,100
2017-05-05,macd_hist_atr,0.024242715185846482,100
2017-05-05,breakout_position_60,0.18522874563284886,100
2017-05-05,trend_r2_20,0.22048869474968893,100
2017-05-05,realized_vol_5,-0.1791440641480844,100
2017-05-05,realized_vol_20,-0.1466084201536142,100
2017-05-05,vol_ratio_5_20,-0.14225193222665267,100
2017-05-05,parkinson_vol_20,-0.22789352409110838,100
2017-05-05,overnight_vol_20,0.16138207480399888,100
2017-05-05,downside_vol_20,-0.20800729683222338,100
2017-05-05,volume_zscore_20,0.005268590082468618,100
2017-05-05,volume_trend_5_20,-0.01752196246105736,100
2017-05-05,amihud_illiq_20,-0.014053574001300115,100
2017-05-05,signed_volume_pressure_20,0.06816763478000398,100
2017-05-05,volume_cv_20,0.015301713793046668,100
2017-05-05,return_volume_corr_20,0.07617253132899388,100
2017-05-05,close_location_value,-0.0010561182853240053,100
2017-05-05,body_range_ratio,0.015385723202106532,100
2017-05-05,gap_followthrough_20,-0.04583313331423155,100
2017-05-05,cs_rank_ret20,0.10373961884478071,100
2017-05-05,cs_rank_ret60,0.09027411070689963,100
2017-05-05,cs_rank_vol20,-0.1466084201536142,100
2017-05-05,cs_rank_amihud20,-0.014053574001300115,100
2017-05-05,return_autocorr_20,-0.03757620853806205,100
2017-05-05,revenue_growth_yoy,-0.2412294399343579,50
2017-05-05,gross_margin_change_yoy,-0.009011209757637223,48
2017-05-05,operating_profitability,0.09898134566115582,71
2017-05-05,cashflow_to_assets,0.020259319286871958,42
2017-05-05,debt_to_assets,-0.007044358135229931,52
2017-05-05,asset_growth_yoy,-0.08842070654692528,78
2017-05-12,ret_1d,0.04980707261238086,100
2017-05-12,ret_5d,0.1691319872344598,100
2017-05-12,ret_20d,-0.10880614484779934,100
2017-05-12,ret_60d,0.002196285518105811,100
2017-05-12,ret_120d,0.03448048247824041,100
2017-05-12,momentum_20_5,-0.26311620522509693,100
2017-05-12,overnight_gap,0.05899543927028325,100
2017-05-12,intraday_return,0.05691208152479759,100
2017-05-12,ema20_distance,0.054475081785149045,100
2017-05-12,ema60_distance,-0.00940322242314701,100
2017-05-12,ema20_60_spread,-0.07226139401374364,100
2017-05-12,rsi14_centered,0.014479882391227654,100
2017-05-12,macd_hist_atr,0.02939782173005565,100
2017-05-12,breakout_position_60,0.02079270306075583,100
2017-05-12,trend_r2_20,-0.13367937837935287,100
2017-05-12,realized_vol_5,0.06530648987307525,100
2017-05-12,realized_vol_20,0.06939302112397704,100
2017-05-12,vol_ratio_5_20,0.018782441725877563,100
2017-05-12,parkinson_vol_20,0.05516517149712218,100
2017-05-12,overnight_vol_20,-0.10212127581181608,100
2017-05-12,downside_vol_20,0.046278016162929,100
2017-05-12,volume_zscore_20,0.20320441666562042,100
2017-05-12,volume_trend_5_20,0.261754028141463,100
2017-05-12,amihud_illiq_20,-0.051852740879651124,100
2017-05-12,signed_volume_pressure_20,-0.06740076212941111,100
2017-05-12,volume_cv_20,-0.031072039379103515,100
2017-05-12,return_volume_corr_20,0.018278376197131966,100
2017-05-12,close_location_value,0.0788142458874364,100
2017-05-12,body_range_ratio,0.04639258775497788,100
2017-05-12,gap_followthrough_20,0.2217588287475416,100
2017-05-12,cs_rank_ret20,-0.10880614484779934,100
2017-05-12,cs_rank_ret60,0.002196285518105811,100
2017-05-12,cs_rank_vol20,0.06939302112397704,100
2017-05-12,cs_rank_amihud20,-0.051852740879651124,100
2017-05-12,return_autocorr_20,-0.09315611033626942,100
2017-05-12,revenue_growth_yoy,0.3333893633335282,50
2017-05-12,gross_margin_change_yoy,0.03273349086659786,48
2017-05-12,operating_profitability,0.03569901489286816,71
2017-05-12,cashflow_to_assets,-0.06365627123763498,43
2017-05-12,debt_to_assets,-0.09961304340537834,51
2017-05-12,asset_growth_yoy,0.2359234412670821,78
2017-05-19,ret_1d,0.08911517886382402,100
2017-05-19,ret_5d,-0.06320621683663526,100
2017-05-19,ret_20d,0.08786078607860785,100
2017-05-19,ret_60d,0.275055505550555,100
2017-05-19,ret_120d,0.22079807980798077,100
2017-05-19,momentum_20_5,0.08574857485748574,100
2017-05-19,overnight_gap,0.11829018388947295,100
2017-05-19,intraday_return,0.09038374992816862,100
2017-05-19,ema20_distance,0.0721152115211521,100
2017-05-19,ema60_distance,0.1777377737773777,100
2017-05-19,ema20_60_spread,0.2112211221122112,100
2017-05-19,rsi14_centered,0.09131713171317131,100
2017-05-19,macd_hist_atr,0.033939393939393936,100
2017-05-19,breakout_position_60,0.16865286528652862,100
2017-05-19,trend_r2_20,0.15317131713171314,100
2017-05-19,realized_vol_5,0.03641164116411641,100
2017-05-19,realized_vol_20,-0.01434143414341434,100
2017-05-19,vol_ratio_5_20,0.0857125712571257,100
2017-05-19,parkinson_vol_20,-0.01452145214521452,100
2017-05-19,overnight_vol_20,-0.1044104410441044,100
2017-05-19,downside_vol_20,-0.02905490549054905,100
2017-05-19,volume_zscore_20,-0.11696369636963697,100
2017-05-19,volume_trend_5_20,-0.05784578457845784,100
2017-05-19,amihud_illiq_20,0.02694269426942694,100
2017-05-19,signed_volume_pressure_20,0.038283828382838274,100
2017-05-19,volume_cv_20,0.0498049804980498,100
2017-05-19,return_volume_corr_20,-0.03128712871287129,100
2017-05-19,close_location_value,0.10577857785778576,100
2017-05-19,body_range_ratio,0.14446278022644615,100
2017-05-19,gap_followthrough_20,0.07936393639363937,100
2017-05-19,cs_rank_ret20,0.08786078607860785,100
2017-05-19,cs_rank_ret60,0.275055505550555,100
2017-05-19,cs_rank_vol20,-0.01434143414341434,100
2017-05-19,cs_rank_amihud20,0.02694269426942694,100
2017-05-19,return_autocorr_20,0.018577857785778577,100
2017-05-19,revenue_growth_yoy,0.10876611686488864,50
2017-05-19,gross_margin_change_yoy,0.19567400338304947,48
2017-05-19,operating_profitability,0.10120809195603794,71
2017-05-19,cashflow_to_assets,0.030430022296765703,43
2017-05-19,debt_to_assets,-0.07276841318207106,51
2017-05-19,asset_growth_yoy,0.1680987879166362,78
2017-05-26,ret_1d,-0.18147014701470146,100
2017-05-26,ret_5d,0.07852385238523851,100
2017-05-26,ret_20d,-0.009156915691569156,100
2017-05-26,ret_60d,-0.01446144614461446,100
2017-05-26,ret_120d,0.018505850585058506,100
2017-05-26,momentum_20_5,-0.0413081308130813,100
2017-05-26,overnight_gap,-0.26809896176536047,100
2017-05-26,intraday_return,-0.07845184518451843,100
2017-05-26,ema20_distance,0.054929492949294924,100
2017-05-26,ema60_distance,0.03697569756975697,100
2017-05-26,ema20_60_spread,0.011173117311731172,100
2017-05-26,rsi14_centered,0.08358835883588359,100
2017-05-26,macd_hist_atr,0.12627662766276626,100
2017-05-26,breakout_position_60,0.14067806780678066,100
2017-05-26,trend_r2_20,0.0342034203420342,100
2017-05-26,realized_vol_5,-0.041452145214521445,100
2017-05-26,realized_vol_20,-0.10066606660666066,100
2017-05-26,vol_ratio_5_20,0.07074707470747074,100
2017-05-26,parkinson_vol_20,-0.11476747674767475,100
2017-05-26,overnight_vol_20,-0.022790279027902788,100
2017-05-26,downside_vol_20,-0.10385838583858385,100
2017-05-26,volume_zscore_20,-0.18061806180618056,100
2017-05-26,volume_trend_5_20,0.07153915391539153,100
2017-05-26,amihud_illiq_20,0.03265526552655265,100
2017-05-26,signed_volume_pressure_20,-0.00738073807380738,100
2017-05-26,volume_cv_20,-0.0516051605160516,100
2017-05-26,return_volume_corr_20,-0.030471047104710467,100
2017-05-26,close_location_value,-0.0029403028512069067,100
2017-05-26,body_range_ratio,-0.0009720972097209719,100
2017-05-26,gap_followthrough_20,-0.0441044104410441,100
2017-05-26,cs_rank_ret20,-0.009156915691569156,100
2017-05-26,cs_rank_ret60,-0.01446144614461446,100
2017-05-26,cs_rank_vol20,-0.10066606660666066,100
2017-05-26,cs_rank_amihud20,0.03265526552655265,100
2017-05-26,return_autocorr_20,0.15714371437143715,100
2017-05-26,revenue_growth_yoy,0.15808302724910087,50
2017-05-26,gross_margin_change_yoy,0.03381550738076,48
2017-05-26,operating_profitability,-0.0021965308227702074,71
2017-05-26,cashflow_to_assets,-0.10141301673021465,44
2017-05-26,debt_to_assets,-0.18703473363277343,51
2017-05-26,asset_growth_yoy,0.02959084959940786,78
2017-06-02,ret_1d,-0.20769300018349787,100
2017-06-02,ret_5d,-0.001068106810681068,100
2017-06-02,ret_20d,-0.21299729972997294,100
2017-06-02,ret_60d,-0.3107230723072307,100
2017-06-02,ret_120d,-0.42845484548454843,100
2017-06-02,momentum_20_5,-0.2554815481548155,100
2017-06-02,overnight_gap,-0.08327057686979233,100
2017-06-02,intraday_return,-0.14688268826882686,100
2017-06-02,ema20_distance,-0.2074407440744074,100
2017-06-02,ema60_distance,-0.2666786678667867,100
2017-06-02,ema20_60_spread,-0.31936393639363936,100
2017-06-02,rsi14_centered,-0.21492949294929492,100
2017-06-02,macd_hist_atr,-0.018277827782778276,100
2017-06-02,breakout_position_60,-0.19145514551455142,100
2017-06-02,trend_r2_20,-0.3127392739273927,100
2017-06-02,realized_vol_5,0.17676567656765674,100
2017-06-02,realized_vol_20,-0.0030243024302430243,100
2017-06-02,vol_ratio_5_20,0.24248424842484245,100
2017-06-02,parkinson_vol_20,0.0015841584158415838,100
2017-06-02,overnight_vol_20,-0.16344434443444342,100
2017-06-02,downside_vol_20,0.10039003900390038,100
2017-06-02,volume_zscore_20,0.0405040504050405,100
2017-06-02,volume_trend_5_20,0.07524752475247523,100
2017-06-02,amihud_illiq_20,0.09264926492649264,100
2017-06-02,signed_volume_pressure_20,-0.2008400840084008,100
2017-06-02,volume_cv_20,-0.07443144314431442,100
2017-06-02,return_volume_corr_20,-0.1553195319531953,100
2017-06-02,close_location_value,-0.1173117311731173,100
2017-06-02,body_range_ratio,-0.08706870687068706,100
2017-06-02,gap_followthrough_20,0.05153315331533153,100
2017-06-02,cs_rank_ret20,-0.21299729972997294,100
2017-06-02,cs_rank_ret60,-0.3107230723072307,100
2017-06-02,cs_rank_vol20,-0.0030243024302430243,100
2017-06-02,cs_rank_amihud20,0.09264926492649264,100
2017-06-02,return_autocorr_20,-0.0058685868586858675,100
2017-06-02,revenue_growth_yoy,-0.040337102943269955,50
2017-06-02,gross_margin_change_yoy,0.12988845772417126,48
2017-06-02,operating_profitability,0.0073441259570484795,71
2017-06-02,cashflow_to_assets,-0.06462525110605061,44
2017-06-02,debt_to_assets,0.12517253163035358,51
2017-06-02,asset_growth_yoy,-0.06637708100311618,78
2017-06-09,ret_1d,0.0808667553079358,100
2017-06-09,ret_5d,-0.07559782775163117,100
2017-06-09,ret_20d,0.004458579617356878,100
2017-06-09,ret_60d,0.19775570833108472,100
2017-06-09,ret_120d,0.12305799759507066,100
2017-06-09,momentum_20_5,0.043907708021803875,100
2017-06-09,overnight_gap,0.17258295359574308,100
2017-06-09,intraday_return,0.045747084378899426,100
2017-06-09,ema20_distance,0.038699030891432715,100
2017-06-09,ema60_distance,0.13608569120110267,100
2017-06-09,ema20_60_spread,0.14488283483373413,100
2017-06-09,rsi14_centered,0.08001440190825923,100
2017-06-09,macd_hist_atr,-0.15263584272824973,100
2017-06-09,breakout_position_60,0.15647634199488286,100
2017-06-09,trend_r2_20,0.0752797864061131,100
2017-06-09,realized_vol_5,0.21528998779530648,100
2017-06-09,realized_vol_20,0.08128056651022735,100
2017-06-09,vol_ratio_5_20,0.2564793424299466,100
2017-06-09,parkinson_vol_20,0.03948513308507167,100
2017-06-09,overnight_vol_20,0.13408743142643265,100
2017-06-09,downside_vol_20,0.07163731288291576,100
2017-06-09,volume_zscore_20,0.1266524648774351,100
2017-06-09,volume_trend_5_20,0.08158660629553716,100
2017-06-09,amihud_illiq_20,0.0794023223376396,100
2017-06-09,signed_volume_pressure_20,0.07053316934375874,100
2017-06-09,volume_cv_20,0.17573884612908955,100
2017-06-09,return_volume_corr_20,0.21848840359079938,100
2017-06-09,close_location_value,0.1050736596230403,100
2017-06-09,body_range_ratio,0.0716885346012359,100
2017-06-09,gap_followthrough_20,0.07512976690351025,100
2017-06-09,cs_rank_ret20,0.004458579617356878,100
2017-06-09,cs_rank_ret60,0.19775570833108472,100
2017-06-09,cs_rank_vol20,0.08128056651022735,100
2017-06-09,cs_rank_amihud20,0.0794023223376396,100
2017-06-09,return_autocorr_20,0.04932641245581903,100
2017-06-09,revenue_growth_yoy,0.045380330388013826,50
2017-06-09,gross_margin_change_yoy,0.12316126580904303,48
2017-06-09,operating_profitability,0.12617899815351477,71
2017-06-09,cashflow_to_assets,0.11735682884974998,44
2017-06-09,debt_to_assets,0.010364101290246086,51
2017-06-09,asset_growth_yoy,0.14106592985282487,78
2017-06-16,ret_1d,0.10459045904590457,100
2017-06-16,ret_5d,0.17015301530153012,100
2017-06-16,ret_20d,0.07649564956495648,100
2017-06-16,ret_60d,0.0516051605160516,100
2017-06-16,ret_120d,0.16092409240924088,100
2017-06-16,momentum_20_5,-0.005256525652565256,100
2017-06-16,overnight_gap,0.1510951095109511,100
2017-06-16,intraday_return,-0.07375558825966809,100
2017-06-16,ema20_distance,0.15588358835883584,100
2017-06-16,ema60_distance,0.14069006900690068,100
2017-06-16,ema20_60_spread,0.10246624662466244,100
2017-06-16,rsi14_centered,0.1436903690369037,100
2017-06-16,macd_hist_atr,0.1242124212421242,100
2017-06-16,breakout_position_60,0.013909390939093907,100
2017-06-16,trend_r2_20,0.0523132313231323,100
2017-06-16,realized_vol_5,-0.1088148814881488,100
2017-06-16,realized_vol_20,0.11138313831383137,100
2017-06-16,vol_ratio_5_20,-0.2208460846084608,100
2017-06-16,parkinson_vol_20,0.06395439543954394,100
2017-06-16,overnight_vol_20,0.003768376837683768,100
2017-06-16,downside_vol_20,0.07386738673867385,100
2017-06-16,volume_zscore_20,-0.23494749474947493,100
2017-06-16,volume_trend_5_20,-0.3245604560456045,100
2017-06-16,amihud_illiq_20,0.1055145514551455,100
2017-06-16,signed_volume_pressure_20,0.07257125712571255,100
2017-06-16,volume_cv_20,-0.04712871287128713,100
2017-06-16,return_volume_corr_20,0.08834083408340833,100
2017-06-16,close_location_value,-0.09892589258925892,100
2017-06-16,body_range_ratio,-0.07365957577800225,100
2017-06-16,gap_followthrough_20,0.08416441644164416,100
2017-06-16,cs_rank_ret20,0.07649564956495648,100
2017-06-16,cs_rank_ret60,0.0516051605160516,100
2017-06-16,cs_rank_vol20,0.11138313831383137,100
2017-06-16,cs_rank_amihud20,0.1055145514551455,100
2017-06-16,return_autocorr_20,-0.09155715571557155,100
2017-06-16,revenue_growth_yoy,-0.10862205578294838,50
2017-06-16,gross_margin_change_yoy,0.29185551073249844,48
2017-06-16,operating_profitability,0.008081892034925493,71
2017-06-16,cashflow_to_assets,-0.07963635087223249,44
2017-06-16,debt_to_assets,0.23052381638648628,51
2017-06-16,asset_growth_yoy,0.0733827778740871,78
2017-06-23,ret_1d,-0.10228053489555454,100
2017-06-23,ret_5d,-0.2623838126841445,100
2017-06-23,ret_20d,-0.03168926399433403,100
2017-06-23,ret_60d,-0.013549395587806521,100
2017-06-23,ret_120d,-0.04056417811052794,100
2017-06-23,momentum_20_5,0.16492098686238904,100
2017-06-23,overnight_gap,-0.053495670541077345,100
2017-06-23,intraday_return,-0.1695774664798106,100
2017-06-23,ema20_distance,-0.12829321420164014,100
2017-06-23,ema60_distance,-0.05995817569236615,100
2017-06-23,ema20_60_spread,0.0016801730578325184,100
2017-06-23,rsi14_centered,-0.0876390268201569,100
2017-06-23,macd_hist_atr,-0.15285374393631332,100
2017-06-23,breakout_position_60,-0.04040216142280837,100
2017-06-23,trend_r2_20,-0.04559869666596181,100
2017-06-23,realized_vol_5,0.04266439443281859,100
2017-06-23,realized_vol_20,-0.029721061269444505,100
2017-06-23,vol_ratio_5_20,0.055925760353568096,100
2017-06-23,parkinson_vol_20,-0.0024542527880482136,100
2017-06-23,overnight_vol_20,-0.04412854524035835,100
2017-06-23,downside_vol_20,-0.05310546986363495,100
2017-06-23,volume_zscore_20,0.1512215758229903,100
2017-06-23,volume_trend_5_20,0.02786687028776505,100
2017-06-23,amihud_illiq_20,-0.03720983261292659,100
2017-06-23,signed_volume_pressure_20,-0.08756101878532895,100
2017-06-23,volume_cv_20,0.08346859726589402,100
2017-06-23,return_volume_corr_20,0.045562692957579684,100
2017-06-23,close_location_value,-0.17259577736584544,100
2017-06-23,body_range_ratio,-0.10613293169244196,100
2017-06-23,gap_followthrough_20,0.009288956762588351,100
2017-06-23,cs_rank_ret20,-0.03168926399433403,100
2017-06-23,cs_rank_ret60,-0.013549395587806521,100
2017-06-23,cs_rank_vol20,-0.029721061269444505,100
2017-06-23,cs_rank_amihud20,-0.03720983261292659,100
2017-06-23,return_autocorr_20,0.18090063276598903,100
2017-06-23,revenue_growth_yoy,0.05373607376104495,50
2017-06-23,gross_margin_change_yoy,-0.11333659013190034,48
2017-06-23,operating_profitability,-0.062425593990509565,71
2017-06-23,cashflow_to_assets,0.20861230530692787,44
2017-06-23,debt_to_assets,-0.06255092040323564,51
2017-06-23,asset_growth_yoy,-0.07185310705885328,78
2017-06-30,ret_1d,0.08085832840818992,100
2017-06-30,ret_5d,0.24817430647648647,100
2017-06-30,ret_20d,0.14856330202077672,100
2017-06-30,ret_60d,0.017329784967929685,100
2017-06-30,ret_120d,-0.010855118077210804,100
2017-06-30,momentum_20_5,0.03699381036263384,100
2017-06-30,overnight_gap,0.11202025948430251,100
2017-06-30,intraday_return,0.024692617417446244,100
2017-06-30,ema20_distance,0.2673335353553447,100
2017-06-30,ema60_distance,0.14532896888444913,100
2017-06-30,ema20_60_spread,0.03350145064956767,100
2017-06-30,rsi14_centered,0.2556443313672813,100
2017-06-30,macd_hist_atr,0.3268716677832527,100
2017-06-30,breakout_position_60,0.1836549164572216,100
2017-06-30,trend_r2_20,-0.0840566578361354,100
2017-06-30,realized_vol_5,0.2699078005046667,100
2017-06-30,realized_vol_20,0.21437808094330194,100
2017-06-30,vol_ratio_5_20,0.03317741727412854,100
2017-06-30,parkinson_vol_20,0.2542461873584421,100
2017-06-30,overnight_vol_20,0.21991065079802186,100
2017-06-30,downside_vol_20,0.14249067654032493,100
2017-06-30,volume_zscore_20,-0.13354975562543045,100
2017-06-30,volume_trend_5_20,-0.004920506812223804,100
2017-06-30,amihud_illiq_20,0.3847176259172008,100
2017-06-30,signed_volume_pressure_20,0.05329748964167295,100
2017-06-30,volume_cv_20,0.1688333898399133,100
2017-06-30,return_volume_corr_20,0.12973936315498882,100
2017-06-30,close_location_value,0.12895928280670946,100
2017-06-30,body_range_ratio,0.05068137222545589,100
2017-06-30,gap_followthrough_20,-0.1715996747672733,100
2017-06-30,cs_rank_ret20,0.14856330202077672,100
2017-06-30,cs_rank_ret60,0.017329784967929685,100
2017-06-30,cs_rank_vol20,0.21437808094330194,100
2017-06-30,cs_rank_amihud20,0.3847176259172008,100
2017-06-30,return_autocorr_20,-0.09889618630763475,100
2017-06-30,revenue_growth_yoy,0.3426732935752077,50
2017-06-30,gross_margin_change_yoy,-0.08689988333322113,48
2017-06-30,operating_profitability,-0.27657844214957683,71
2017-06-30,cashflow_to_assets,-0.24602699194244568,44
2017-06-30,debt_to_assets,-0.17909435029535592,51
2017-06-30,asset_growth_yoy,0.2393065118885446,78
2017-07-07,ret_1d,0.1709591474368234,100
2017-07-07,ret_5d,0.12884527106349938,100
2017-07-07,ret_20d,0.22390639063906387,100
2017-07-07,ret_60d,0.29952595259525955,100
2017-07-07,ret_120d,0.3833783378337834,100
2017-07-07,momentum_20_5,0.14917491749174916,100
2017-07-07,overnight_gap,0.2093394460330298,100
2017-07-07,intraday_return,0.06227441426494954,100
2017-07-07,ema20_distance,0.23320732073207318,100
2017-07-07,ema60_distance,0.3459225922592259,100
2017-07-07,ema20_60_spread,0.34978697869786973,100
2017-07-07,rsi14_centered,0.2475607560756075,100
2017-07-07,macd_hist_atr,-0.15276327632763276,100
2017-07-07,breakout_position_60,0.22328232823282326,100
2017-07-07,trend_r2_20,-0.08241224122412241,100
2017-07-07,realized_vol_5,0.03155115511551155,100
2017-07-07,realized_vol_20,-0.025742574257425738,100
2017-07-07,vol_ratio_5_20,0.028226822682268223,100
2017-07-07,parkinson_vol_20,-0.07663966396639663,100
2017-07-07,overnight_vol_20,-0.16058805880588056,100
2017-07-07,downside_vol_20,-0.07647164716471647,100
2017-07-07,volume_zscore_20,-0.012481248124812478,100
2017-07-07,volume_trend_5_20,0.061170117011701164,100
2017-07-07,amihud_illiq_20,0.0637023702370237,100
2017-07-07,signed_volume_pressure_20,0.2506210621062106,100
2017-07-07,volume_cv_20,-0.11787578757875786,100
2017-07-07,return_volume_corr_20,0.24160816081608158,100
2017-07-07,close_location_value,-0.04664866486648664,100
2017-07-07,body_range_ratio,0.023006369656178124,100
2017-07-07,gap_followthrough_20,0.16123612361236123,100
2017-07-07,cs_rank_ret20,0.22390639063906387,100
2017-07-07,cs_rank_ret60,0.29952595259525955,100
2017-07-07,cs_rank_vol20,-0.025742574257425738,100
2017-07-07,cs_rank_amihud20,0.0637023702370237,100
2017-07-07,return_autocorr_20,-0.05108910891089109,100
2017-07-07,revenue_growth_yoy,0.09541645660509214,50
2017-07-07,gross_margin_change_yoy,0.0867370478241645,48
2017-07-07,operating_profitability,0.0004694875041035557,71
2017-07-07,cashflow_to_assets,0.13784840912043075,44
2017-07-07,debt_to_assets,0.21168164678579218,51
2017-07-07,asset_growth_yoy,0.25998216962146414,78
2017-07-14,ret_1d,-0.02407469636772676,100
2017-07-14,ret_5d,-0.04427242724272426,100
2017-07-14,ret_20d,-0.09533753375337534,100
2017-07-14,ret_60d,0.07662766276627662,100
2017-07-14,ret_120d,-0.040384038403840375,100
2017-07-14,momentum_20_5,-0.02951095109510951,100
2017-07-14,overnight_gap,0.1431023102310231,100
2017-07-14,intraday_return,-0.132013201320132,100
2017-07-14,ema20_distance,-0.04564056405640563,100
2017-07-14,ema60_distance,-0.0025442544254425437,100
2017-07-14,ema20_60_spread,0.022862286228622863,100
2017-07-14,rsi14_centered,-0.07822382238223821,100
2017-07-14,macd_hist_atr,-0.19198319831983196,100
2017-07-14,breakout_position_60,0.016405640564056405,100
2017-07-14,trend_r2_20,0.17444944494449444,100
2017-07-14,realized_vol_5,-0.12637263726372636,100
2017-07-14,realized_vol_20,-0.19517551755175516,100
2017-07-14,vol_ratio_5_20,0.08782478247824782,100
2017-07-14,parkinson_vol_20,-0.2581578157815781,100
2017-07-14,overnight_vol_20,-0.06871887188718871,100
2017-07-14,downside_vol_20,-0.15459945994599458,100
2017-07-14,volume_zscore_20,0.04682868286828682,100
2017-07-14,volume_trend_5_20,0.17066906690669065,100
2017-07-14,amihud_illiq_20,-0.42504650465046495,100
2017-07-14,signed_volume_pressure_20,-0.12999699969996997,100
2017-07-14,volume_cv_20,-0.12412841284128413,100
2017-07-14,return_volume_corr_20,-0.11309930993099308,100
2017-07-14,close_location_value,-0.0981218121812181,100
2017-07-14,body_range_ratio,-0.043144314431443134,100
2017-07-14,gap_followthrough_20,0.000528052805280528,100
2017-07-14,cs_rank_ret20,-0.09533753375337534,100
2017-07-14,cs_rank_ret60,0.07662766276627662,100
2017-07-14,cs_rank_vol20,-0.19517551755175516,100
2017-07-14,cs_rank_amihud20,-0.42504650465046495,100
2017-07-14,return_autocorr_20,0.16267626762676263,100
2017-07-14,revenue_growth_yoy,-0.27626113480075243,50
2017-07-14,gross_margin_change_yoy,-0.17597090678719732,48
2017-07-14,operating_profitability,0.19428398964456783,71
2017-07-14,cashflow_to_assets,0.18274075912539722,44
2017-07-14,debt_to_assets,0.18859897843839984,51
2017-07-14,asset_growth_yoy,-0.11186352801553927,78
2017-07-21,ret_1d,-0.12000792148996794,100
2017-07-21,ret_5d,-0.0500753079835477,100
2017-07-21,ret_20d,0.19544671735555808,100
2017-07-21,ret_60d,0.08676319690043334,100
2017-07-21,ret_120d,0.12149487845930382,100
2017-07-21,momentum_20_5,0.2397314115339382,100
2017-07-21,overnight_gap,-0.010507113754247099,100
2017-07-21,intraday_return,-0.09521209248351724,100
2017-07-21,ema20_distance,0.08889942334047446,100
2017-07-21,ema60_distance,0.1235110921779943,100
2017-07-21,ema20_60_spread,0.13177396804298475,100
2017-07-21,rsi14_centered,0.12436918313565125,100
2017-07-21,macd_hist_atr,0.06885129823885278,100
2017-07-21,breakout_position_60,0.1677537819039017,100
2017-07-21,trend_r2_20,0.03548176106731187,100
2017-07-21,realized_vol_5,0.010381100396828944,100
2017-07-21,realized_vol_20,0.1074053849727406,100
2017-07-21,vol_ratio_5_20,-0.07538599091639424,100
2017-07-21,parkinson_vol_20,0.09970056826203058,100
2017-07-21,overnight_vol_20,0.1915583051837979,100
2017-07-21,downside_vol_20,-0.01864997689788691,100
2017-07-21,volume_zscore_20,-0.11275795234497843,100
2017-07-21,volume_trend_5_20,-0.21188245954452598,100
2017-07-21,amihud_illiq_20,0.09168371847580892,100
2017-07-21,signed_volume_pressure_20,0.04429069481444764,100
2017-07-21,volume_cv_20,0.27407305174841917,100
2017-07-21,return_volume_corr_20,0.05824217367145764,100
2017-07-21,close_location_value,-0.021605354983790466,100
2017-07-21,body_range_ratio,-0.15610054666075615,100
2017-07-21,gap_followthrough_20,-0.023324472394493697,100
2017-07-21,cs_rank_ret20,0.19544671735555808,100
2017-07-21,cs_rank_ret60,0.08676319690043334,100
2017-07-21,cs_rank_vol20,0.1074053849727406,100
2017-07-21,cs_rank_amihud20,0.09168371847580892,100
2017-07-21,return_autocorr_20,0.08234072811866287,100
2017-07-21,revenue_growth_yoy,-0.28943261227639044,50
2017-07-21,gross_margin_change_yoy,-0.22977337503373887,48
2017-07-21,operating_profitability,-0.1428260031187646,71
2017-07-21,cashflow_to_assets,0.015011628726478257,44
2017-07-21,debt_to_assets,0.04775160214015818,51
2017-07-21,asset_growth_yoy,-0.06897031393391323,78
2017-07-28,ret_1d,0.11451682589274612,100
2017-07-28,ret_5d,0.15360336033603358,100
2017-07-28,ret_20d,0.034515451545154514,100
2017-07-28,ret_60d,-0.005688568856885688,100
2017-07-28,ret_120d,0.033519351935193516,100
2017-07-28,momentum_20_5,0.023210321032103208,100
2017-07-28,overnight_gap,-0.05017761989704166,100
2017-07-28,intraday_return,0.23748117300861402,100
2017-07-28,ema20_distance,0.060858085808580854,100
2017-07-28,ema60_distance,0.03899189918991899,100
2017-07-28,ema20_60_spread,0.0546054605460546,100
2017-07-28,rsi14_centered,0.07685568556855685,100
2017-07-28,macd_hist_atr,0.04733273327332733,100
2017-07-28,breakout_position_60,0.050033003300330024,100
2017-07-28,trend_r2_20,0.023150315031503152,100
2017-07-28,realized_vol_5,-0.000144014401440144,100
2017-07-28,realized_vol_20,0.012973297329732972,100
2017-07-28,vol_ratio_5_20,-0.06874287428742873,100
2017-07-28,parkinson_vol_20,-0.09257725772577256,100
2017-07-28,overnight_vol_20,0.026114611461146114,100
2017-07-28,downside_vol_20,-0.049900990099009904,100
2017-07-28,volume_zscore_20,-0.00264026402640264,100
2017-07-28,volume_trend_5_20,-0.07393939393939393,100
2017-07-28,amihud_illiq_20,0.09586558655865586,100
2017-07-28,signed_volume_pressure_20,0.0527092709270927,100
2017-07-28,volume_cv_20,-0.020318031803180314,100
2017-07-28,return_volume_corr_20,-0.13942994299429942,100
2017-07-28,close_location_value,0.22780678067806778,100
2017-07-28,body_range_ratio,0.20798742270547468,100
2017-07-28,gap_followthrough_20,0.11169516951695169,100
2017-07-28,cs_rank_ret20,0.034515451545154514,100
2017-07-28,cs_rank_ret60,-0.005688568856885688,100
2017-07-28,cs_rank_vol20,0.012973297329732972,100
2017-07-28,cs_rank_amihud20,0.09586558655865586,100
2017-07-28,return_autocorr_20,-0.05963396339633963,100
2017-07-28,revenue_growth_yoy,-0.2757329108336382,50
2017-07-28,gross_margin_change_yoy,0.10947974058907371,48
2017-07-28,operating_profitability,0.028018343548465767,71
2017-07-28,cashflow_to_assets,0.0892913774824058,44
2017-07-28,debt_to_assets,0.03190406174960205,51
2017-07-28,asset_growth_yoy,-0.12782235373966438,78
2017-08-04,ret_1d,-0.00211821817648171,100
2017-08-04,ret_5d,-0.23795979597959793,100
2017-08-04,ret_20d,0.016753675367536754,100
2017-08-04,ret_60d,-0.13855385538553852,100
2017-08-04,ret_120d,-0.10760276027602758,100
2017-08-04,momentum_20_5,0.18205820582058202,100
2017-08-04,overnight_gap,0.03529058779229583,100
2017-08-04,intraday_return,-0.08679267926792678,100
2017-08-04,ema20_distance,-0.08619261926192619,100
2017-08-04,ema60_distance,-0.09744974497449743,100
2017-08-04,ema20_60_spread,-0.056081608160816074,100
2017-08-04,rsi14_centered,-0.0983138313831383,100
2017-08-04,macd_hist_atr,-0.09524152415241523,100
2017-08-04,breakout_position_60,-0.08213621362136211,100
2017-08-04,trend_r2_20,-0.09185718571857185,100
2017-08-04,realized_vol_5,0.12183618361836182,100
2017-08-04,realized_vol_20,0.06233423342334232,100
2017-08-04,vol_ratio_5_20,0.07197119711971196,100
2017-08-04,parkinson_vol_20,0.09168916891689168,100
2017-08-04,overnight_vol_20,-0.07861986198619861,100
2017-08-04,downside_vol_20,0.04974497449744974,100
2017-08-04,volume_zscore_20,-0.09684968496849684,100
2017-08-04,volume_trend_5_20,-0.05149714971497149,100
2017-08-04,amihud_illiq_20,0.14594659465946594,100
2017-08-04,signed_volume_pressure_20,0.013717371737173715,100
2017-08-04,volume_cv_20,-0.014389438943894389,100
2017-08-04,return_volume_corr_20,-0.0792079207920792,100
2017-08-04,close_location_value,0.030939093909390935,100
2017-08-04,body_range_ratio,-0.07536753675367537,100
2017-08-04,gap_followthrough_20,0.18208220822082205,100
2017-08-04,cs_rank_ret20,0.016753675367536754,100
2017-08-04,cs_rank_ret60,-0.13855385538553852,100
2017-08-04,cs_rank_vol20,0.06233423342334232,100
2017-08-04,cs_rank_amihud20,0.14594659465946594,100
2017-08-04,return_autocorr_20,0.07378337833783377,100
2017-08-04,revenue_growth_yoy,-0.015430213357192558,51
2017-08-04,gross_margin_change_yoy,-0.12862573029007565,49
2017-08-04,operating_profitability,0.02577151049311304,71
2017-08-04,cashflow_to_assets,0.17530571543274204,47
2017-08-04,debt_to_assets,0.019232945026355842,51
2017-08-04,asset_growth_yoy,0.0746979267451719,78
2017-08-11,ret_1d,0.18166161609185028,100
2017-08-11,ret_5d,0.012307267648623195,100
2017-08-11,ret_20d,0.1625802580258026,100
2017-08-11,ret_60d,0.2105370537053705,100
2017-08-11,ret_120d,0.24589258925892588,100
2017-08-11,momentum_20_5,0.14438643864386436,100
2017-08-11,overnight_gap,0.08603660366036603,100
2017-08-11,intraday_return,0.11157515751575156,100
2017-08-11,ema20_distance,0.14007800780078009,100
2017-08-11,ema60_distance,0.22687068706870686,100
2017-08-11,ema20_60_spread,0.2645544554455445,100
2017-08-11,rsi14_centered,0.1874227422742274,100
2017-08-11,macd_hist_atr,0.04249624962496249,100
2017-08-11,breakout_position_60,0.2661026102610261,100
2017-08-11,trend_r2_20,-0.0066486648664866475,100
2017-08-11,realized_vol_5,0.20567656765676565,100
2017-08-11,realized_vol_20,0.12930093009300928,100
2017-08-11,vol_ratio_5_20,0.19062706270627058,100
2017-08-11,parkinson_vol_20,0.15960396039603958,100
2017-08-11,overnight_vol_20,0.16438043804380434,100
2017-08-11,downside_vol_20,0.059057905790579054,100
2017-08-11,volume_zscore_20,0.23792379237923786,100
2017-08-11,volume_trend_5_20,0.20958895889588958,100
2017-08-11,amihud_illiq_20,0.3547314731473147,100
2017-08-11,signed_volume_pressure_20,0.009444944494449443,100
2017-08-11,volume_cv_20,-0.11992799279927992,100
2017-08-11,return_volume_corr_20,-0.021494149414941495,100
2017-08-11,close_location_value,0.22169816981698168,100
2017-08-11,body_range_ratio,0.09336933693369336,100
2017-08-11,gap_followthrough_20,-0.19128712871287126,100
2017-08-11,cs_rank_ret20,0.1625802580258026,100
2017-08-11,cs_rank_ret60,0.2105370537053705,100
2017-08-11,cs_rank_vol20,0.12930093009300928,100
2017-08-11,cs_rank_amihud20,0.3547314731473147,100
2017-08-11,return_autocorr_20,0.22851485148514847,100
2017-08-11,revenue_growth_yoy,0.07952871872209219,52
2017-08-11,gross_margin_change_yoy,-0.07321615349712755,49
2017-08-11,operating_profitability,0.034873905669543445,72
2017-08-11,cashflow_to_assets,-0.09132886045983159,49
2017-08-11,debt_to_assets,0.007940743315875022,52
2017-08-11,asset_growth_yoy,0.1270333923672037,79
2017-08-18,ret_1d,-0.005880729210422092,100
2017-08-18,ret_5d,-0.08758580961698399,100
2017-08-18,ret_20d,0.07047189285707453,100
2017-08-18,ret_60d,-0.04901348951435497,100
2017-08-18,ret_120d,-0.17634775096080607,100
2017-08-18,momentum_20_5,0.09161253544528694,100
2017-08-18,overnight_gap,-0.07365224905719796,100
2017-08-18,intraday_return,0.03892035908301988,100
2017-08-18,ema20_distance,-0.027819115742966413,100
2017-08-18,ema60_distance,-0.060342758393285206,100
2017-08-18,ema20_60_spread,-0.04049253516685448,100
2017-08-18,rsi14_centered,-0.05860256349133088,100
2017-08-18,macd_hist_atr,-0.03586001632441054,100
2017-08-18,breakout_position_60,-0.05634631079086597,100
2017-08-18,trend_r2_20,-0.23124189910935153,100
2017-08-18,realized_vol_5,0.14144784216850825,100
2017-08-18,realized_vol_20,0.2232129998720588,100
2017-08-18,vol_ratio_5_20,-0.10902021027140073,100
2017-08-18,parkinson_vol_20,0.12677019827133484,100
2017-08-18,overnight_vol_20,0.14540828573847328,100
2017-08-18,downside_vol_20,0.201922615347459,100
2017-08-18,volume_zscore_20,-0.03271566415674135,100
2017-08-18,volume_trend_5_20,0.19206951179915208,100
2017-08-18,amihud_illiq_20,0.17435552783167216,100
2017-08-18,signed_volume_pressure_20,0.09905909462573113,100
2017-08-18,volume_cv_20,0.06341510249604596,100
2017-08-18,return_volume_corr_20,0.14850463252953683,100
2017-08-18,close_location_value,-0.008700974509771633,100
2017-08-18,body_range_ratio,0.0668834909558032,100
2017-08-18,gap_followthrough_20,0.05078968844876353,100
2017-08-18,cs_rank_ret20,0.07047189285707453,100
2017-08-18,cs_rank_ret60,-0.04901348951435497,100
2017-08-18,cs_rank_vol20,0.2232129998720588,100
2017-08-18,cs_rank_amihud20,0.17435552783167216,100
2017-08-18,return_autocorr_20,0.12662618214151794,100
2017-08-18,revenue_growth_yoy,-0.27978058105453146,52
2017-08-18,gross_margin_change_yoy,-0.12260516853909235,49
2017-08-18,operating_profitability,-0.08444340828789403,72
2017-08-18,cashflow_to_assets,-0.15842240878646766,49
2017-08-18,debt_to_assets,-0.04785792073707473,52
2017-08-18,asset_growth_yoy,-0.07837194725039999,79
2017-08-25,ret_1d,-0.13180515759846254,100
2017-08-25,ret_5d,-0.04631932672444946,100
2017-08-25,ret_20d,-0.01598579040967699,100
2017-08-25,ret_60d,0.008832989295437136,100
2017-08-25,ret_120d,-0.08279727330057174,100
2017-08-25,momentum_20_5,0.018014017571265136,100
2017-08-25,overnight_gap,0.14850641479543464,100
2017-08-25,intraday_return,-0.15628337913901327,100
2017-08-25,ema20_distance,-0.042940809373741944,100
2017-08-25,ema60_distance,0.010261149249454824,100
2017-08-25,ema20_60_spread,-0.023870673517152805,100
2017-08-25,rsi14_centered,-0.02742307138596991,100
2017-08-25,macd_hist_atr,-0.00763285488029622,100
2017-08-25,breakout_position_60,-0.012649416735585246,100
2017-08-25,trend_r2_20,-0.16492247132866455,100
2017-08-25,realized_vol_5,0.17832797274578857,100
2017-08-25,realized_vol_20,0.19703806827783546,100
2017-08-25,vol_ratio_5_20,-0.047921367196576733,100
2017-08-25,parkinson_vol_20,0.1728433584685946,100
2017-08-25,overnight_vol_20,0.19218952524066615,100
2017-08-25,downside_vol_20,0.1522850559372307,100
2017-08-25,volume_zscore_20,-0.009157025587525182,100
2017-08-25,volume_trend_5_20,-0.017821996064842593,100
2017-08-25,amihud_illiq_20,-0.08632566848108603,100
2017-08-25,signed_volume_pressure_20,-0.0630790648598065,100
2017-08-25,volume_cv_20,0.16040996592773468,100
2017-08-25,return_volume_corr_20,0.09987518602802695,100
2017-08-25,close_location_value,-0.13753540397514888,100
2017-08-25,body_range_ratio,-0.1941120698966672,100
2017-08-25,gap_followthrough_20,0.19196149970178938,100
2017-08-25,cs_rank_ret20,-0.01598579040967699,100
2017-08-25,cs_rank_ret60,0.008832989295437136,100
2017-08-25,cs_rank_vol20,0.19703806827783546,100
2017-08-25,cs_rank_amihud20,-0.08632566848108603,100
2017-08-25,return_autocorr_20,-0.1502568287756426,100
2017-08-25,revenue_growth_yoy,0.1872051575977637,52
2017-08-25,gross_margin_change_yoy,0.07924480186498635,49
2017-08-25,operating_profitability,-0.004903931184178792,72
2017-08-25,cashflow_to_assets,-0.2141946017653962,49
2017-08-25,debt_to_assets,-0.11787559279618084,52
2017-08-25,asset_growth_yoy,0.19902017469768707,79
2017-09-01,ret_1d,-0.020108674461033905,100
2017-09-01,ret_5d,-0.029979897400154727,100
2017-09-01,ret_20d,0.03334633503856281,100
2017-09-01,ret_60d,0.13084100939010682,100
2017-09-01,ret_120d,0.07581385583537928,100
2017-09-01,momentum_20_5,0.04811425487478796,100
2017-09-01,overnight_gap,-0.06739496355472151,100
2017-09-01,intraday_return,-0.02366135991694189,100
2017-09-01,ema20_distance,0.02196885596116222,100
2017-09-01,ema60_distance,0.06222808967966464,100
2017-09-01,ema20_60_spread,0.1506075790530591,100
2017-09-01,rsi14_centered,0.03168411894972317,100
2017-09-01,macd_hist_atr,-0.15082360713680723,100
2017-09-01,breakout_position_60,0.05052056769653775,100
2017-09-01,trend_r2_20,0.11681718628679184,100
2017-09-01,realized_vol_5,0.15235380606335638,100
2017-09-01,realized_vol_20,0.12105973782040062,100
2017-09-01,vol_ratio_5_20,0.09857481477028458,100
2017-09-01,parkinson_vol_20,0.06501245164797365,100
2017-09-01,overnight_vol_20,-0.027051516709346978,100
2017-09-01,downside_vol_20,0.07092322005052616,100
2017-09-01,volume_zscore_20,0.03919109485997008,100
2017-09-01,volume_trend_5_20,0.01678418195120752,100
2017-09-01,amihud_illiq_20,0.057025413329397596,100
2017-09-01,signed_volume_pressure_20,-0.03445047857771984,100
2017-09-01,volume_cv_20,0.007470971229622225,100
2017-09-01,return_volume_corr_20,0.09626451443020058,100
2017-09-01,close_location_value,0.005154685575060616,100
2017-09-01,body_range_ratio,-0.07838313041721912,100
2017-09-01,gap_followthrough_20,0.17044015729715664,100
2017-09-01,cs_rank_ret20,0.03334633503856281,100
2017-09-01,cs_rank_ret60,0.13084100939010682,100
2017-09-01,cs_rank_vol20,0.12105973782040062,100
2017-09-01,cs_rank_amihud20,0.057025413329397596,100
2017-09-01,return_autocorr_20,-0.036478742252910444,100
2017-09-01,revenue_growth_yoy,0.03743863393810031,52
2017-09-01,gross_margin_change_yoy,0.15883463442012347,49
2017-09-01,operating_profitability,0.02998850314569451,72
2017-09-01,cashflow_to_assets,0.0603235661532353,51
2017-09-01,debt_to_assets,0.08770281938335887,52
2017-09-01,asset_growth_yoy,0.09023242806079464,79
2017-09-08,ret_1d,-0.12225059181150677,100
2017-09-08,ret_5d,0.1218121812181218,100
2017-09-08,ret_20d,-0.14583858385838583,100
2017-09-08,ret_60d,-0.2555295529552955,100
2017-09-08,ret_120d,-0.2979297929792979,100
2017-09-08,momentum_20_5,-0.2298349834983498,100
2017-09-08,overnight_gap,-0.1295785128027646,100
2017-09-08,intraday_return,-0.1044015722513795,100
2017-09-08,ema20_distance,-0.05570957095709571,100
2017-09-08,ema60_distance,-0.13879387938793877,100
2017-09-08,ema20_60_spread,-0.22941494149414937,100
2017-09-08,rsi14_centered,-0.1295889588958896,100
2017-09-08,macd_hist_atr,-0.0005520552055205519,100
2017-09-08,breakout_position_60,-0.14325832583258324,100
2017-09-08,trend_r2_20,-0.02622262226222622,100
2017-09-08,realized_vol_5,0.2435883588358836,100
2017-09-08,realized_vol_20,0.2114011401140114,100
2017-09-08,vol_ratio_5_20,0.07818781878187818,100
2017-09-08,parkinson_vol_20,0.14767476747674765,100
2017-09-08,overnight_vol_20,0.046936693669366925,100
2017-09-08,downside_vol_20,0.24978097809780975,100
2017-09-08,volume_zscore_20,0.0012601260126012602,100
2017-09-08,volume_trend_5_20,0.044248424842484244,100
2017-09-08,amihud_illiq_20,0.0039003900390039005,100
2017-09-08,signed_volume_pressure_20,-0.12679267926792678,100
2017-09-08,volume_cv_20,-0.08103210321032102,100
2017-09-08,return_volume_corr_20,-0.07885988598859886,100
2017-09-08,close_location_value,0.00474047404740474,100
2017-09-08,body_range_ratio,-0.06796483545919785,100
2017-09-08,gap_followthrough_20,0.16758475847584756,100
2017-09-08,cs_rank_ret20,-0.14583858385838583,100
2017-09-08,cs_rank_ret60,-0.2555295529552955,100
2017-09-08,cs_rank_vol20,0.2114011401140114,100
2017-09-08,cs_rank_amihud20,0.0039003900390039005,100
2017-09-08,return_autocorr_20,0.006744674467446744,100
2017-09-08,revenue_growth_yoy,-0.13498111035923538,52
2017-09-08,gross_margin_change_yoy,-0.0172453378968844,49
2017-09-08,operating_profitability,-0.1264721724281368,72
2017-09-08,cashflow_to_assets,0.10995723887970063,51
2017-09-08,debt_to_assets,-0.12341515486165472,52
2017-09-08,asset_growth_yoy,-0.2309775497702812,79
2017-09-15,ret_1d,-0.1305546807172399,100
2017-09-15,ret_5d,0.04991823351310087,100
2017-09-15,ret_20d,0.2457023703406319,100
2017-09-15,ret_60d,0.18325956922211606,100
2017-09-15,ret_120d,0.06142859320030062,100
2017-09-15,momentum_20_5,0.1442515723676852,100
2017-09-15,overnight_gap,0.04842107183488047,100
2017-09-15,intraday_return,-0.16601803461245765,100
2017-09-15,ema20_distance,0.14440760435510297,100
2017-09-15,ema60_distance,0.1788846723441345,100
2017-09-15,ema20_60_spread,0.11383733728179975,100
2017-09-15,rsi14_centered,0.13736216000016419,100
2017-09-15,macd_hist_atr,0.030228196947041246,100
2017-09-15,breakout_position_60,0.0926049845324188,100
2017-09-15,trend_r2_20,-0.005119049433358384,100
2017-09-15,realized_vol_5,0.10713396305312295,100
2017-09-15,realized_vol_20,0.07628163815641081,100
2017-09-15,vol_ratio_5_20,0.04665956546818457,100
2017-09-15,parkinson_vol_20,0.19034102095876657,100
2017-09-15,overnight_vol_20,0.04137848281712316,100
2017-09-15,downside_vol_20,0.00655334347154438,100
2017-09-15,volume_zscore_20,0.010376127163278603,100
2017-09-15,volume_trend_5_20,0.09175881106219191,100
2017-09-15,amihud_illiq_20,0.23776274267318387,100
2017-09-15,signed_volume_pressure_20,0.14351942227287895,100
2017-09-15,volume_cv_20,-0.018555804042138482,100
2017-09-15,return_volume_corr_20,0.16839452180543524,100
2017-09-15,close_location_value,-0.14214514053754596,100
2017-09-15,body_range_ratio,-0.20506203884860022,100
2017-09-15,gap_followthrough_20,-0.18058902174515884,100
2017-09-15,cs_rank_ret20,0.2457023703406319,100
2017-09-15,cs_rank_ret60,0.18325956922211606,100
2017-09-15,cs_rank_vol20,0.07628163815641081,100
2017-09-15,cs_rank_amihud20,0.23776274267318387,100
2017-09-15,return_autocorr_20,0.06848604001580995,100
2017-09-15,revenue_growth_yoy,-0.14003031172649144,52
2017-09-15,gross_margin_change_yoy,0.33172598642902534,49
2017-09-15,operating_profitability,0.08736209275028399,72
2017-09-15,cashflow_to_assets,-0.09925929108661359,52
2017-09-15,debt_to_assets,-0.09695598352344596,52
2017-09-15,asset_growth_yoy,0.012454043265424698,79
2017-09-22,ret_1d,0.006786902660528006,100
2017-09-22,ret_5d,-0.11845855660700032,100
2017-09-22,ret_20d,0.07322554223117934,100
2017-09-22,ret_60d,0.004674481471612613,100
2017-09-22,ret_120d,0.024890563728176017,100
2017-09-22,momentum_20_5,0.08204045016673638,100
2017-09-22,overnight_gap,0.042142846429046324,100
2017-09-22,intraday_return,0.01623337662680197,100
2017-09-22,ema20_distance,-0.06591078881154422,100
2017-09-22,ema60_distance,0.006660686050693196,100
2017-09-22,ema20_60_spread,0.06940914914267406,100
2017-09-22,rsi14_centered,-0.012355272593132696,100
2017-09-22,macd_hist_atr,-0.08545480184497461,100
2017-09-22,breakout_position_60,-0.04733287528636751,100
2017-09-22,trend_r2_20,0.07942418069096861,100
2017-09-22,realized_vol_5,0.10978730809322769,100
2017-09-22,realized_vol_20,0.037809894419295345,100
2017-09-22,vol_ratio_5_20,0.07120933456178033,100
2017-09-22,parkinson_vol_20,0.07260747857061953,100
2017-09-22,overnight_vol_20,0.03306340553091848,100
2017-09-22,downside_vol_20,0.06393058485052731,100
2017-09-22,volume_zscore_20,0.11285962454183572,100
2017-09-22,volume_trend_5_20,-0.07180339575008539,100
2017-09-22,amihud_illiq_20,0.16615111356544496,100
2017-09-22,signed_volume_pressure_20,-0.09904020114116327,100
2017-09-22,volume_cv_20,0.03579968736796001,100
2017-09-22,return_volume_corr_20,0.11546389278147612,100
2017-09-22,close_location_value,0.0017521804745967689,100
2017-09-22,body_range_ratio,0.03590546852427215,100
2017-09-22,gap_followthrough_20,-0.07988022766380887,100
2017-09-22,cs_rank_ret20,0.07322554223117934,100
2017-09-22,cs_rank_ret60,0.004674481471612613,100
2017-09-22,cs_rank_vol20,0.037809894419295345,100
2017-09-22,cs_rank_amihud20,0.16615111356544496,100
2017-09-22,return_autocorr_20,0.1929678756920647,100
2017-09-22,revenue_growth_yoy,-0.06467311264840024,52
2017-09-22,gross_margin_change_yoy,0.038929564542375145,49
2017-09-22,operating_profitability,-0.26829915348440364,72
2017-09-22,cashflow_to_assets,-0.25866702247927253,54
2017-09-22,debt_to_assets,-0.12495197450019485,52
2017-09-22,asset_growth_yoy,0.16461882071154837,79
2017-09-29,ret_1d,-0.2413081308130813,100
2017-09-29,ret_5d,-0.12326432643264326,100
2017-09-29,ret_20d,-0.22006600660066003,100
2017-09-29,ret_60d,-0.08786078607860785,100
2017-09-29,ret_120d,0.09977797779777978,100
2017-09-29,momentum_20_5,-0.1925352535253525,100
2017-09-29,overnight_gap,-0.20830733043600863,100
2017-09-29,intraday_return,-0.15297375629758708,100
2017-09-29,ema20_distance,-0.14147014701470145,100
2017-09-29,ema60_distance,-0.07765976597659766,100
2017-09-29,ema20_60_spread,-0.016045604560456044,100
2017-09-29,rsi14_centered,-0.1506990699069907,100
2017-09-29,macd_hist_atr,-0.17844584458445842,100
2017-09-29,breakout_position_60,-0.0628022802280228,100
2017-09-29,trend_r2_20,-0.019501950195019498,100
2017-09-29,realized_vol_5,0.04204020402040203,100
2017-09-29,realized_vol_20,0.012517251725172516,100
2017-09-29,vol_ratio_5_20,-0.04338433843384338,100
2017-09-29,parkinson_vol_20,-0.0848964896489649,100
2017-09-29,overnight_vol_20,0.06475847584758475,100
2017-09-29,downside_vol_20,0.13815781578157812,100
2017-09-29,volume_zscore_20,-0.14354635463546353,100
2017-09-29,volume_trend_5_20,-0.14264626462646263,100
2017-09-29,amihud_illiq_20,0.007788778877887788,100
2017-09-29,signed_volume_pressure_20,-0.15475547554755473,100
2017-09-29,volume_cv_20,0.25676567656765675,100
2017-09-29,return_volume_corr_20,-0.2538013801380138,100
2017-09-29,close_location_value,-0.10473447344734471,100
2017-09-29,body_range_ratio,-0.1050048154964687,100
2017-09-29,gap_followthrough_20,0.09617761776177616,100
2017-09-29,cs_rank_ret20,-0.22006600660066003,100
2017-09-29,cs_rank_ret60,-0.08786078607860785,100
2017-09-29,cs_rank_vol20,0.012517251725172516,100
2017-09-29,cs_rank_amihud20,0.007788778877887788,100
2017-09-29,return_autocorr_20,-0.11659165916591657,100
2017-09-29,revenue_growth_yoy,0.12080852065674764,52
2017-09-29,gross_margin_change_yoy,-0.2885787903691662,49
2017-09-29,operating_profitability,-0.012299925236146028,72
2017-09-29,cashflow_to_assets,0.023823591077150805,54
2017-09-29,debt_to_assets,0.34604055527795674,52
2017-09-29,asset_growth_yoy,0.24777414663401037,79
2017-10-06,ret_1d,-0.164056897861218,100
2017-10-06,ret_5d,-0.07642364236423642,100
2017-10-06,ret_20d,0.11253525352535253,100
2017-10-06,ret_60d,-0.03655565556555655,100
2017-10-06,ret_120d,-0.1914431443144314,100
2017-10-06,momentum_20_5,0.17228922892289225,100
2017-10-06,overnight_gap,-0.3151155115511551,100
2017-10-06,intraday_return,-0.07585958595859585,100
2017-10-06,ema20_distance,0.0662106210621062,100
2017-10-06,ema60_distance,-0.021386138613861384,100
2017-10-06,ema20_60_spread,-0.0348034803480348,100
2017-10-06,rsi14_centered,0.07236723672367236,100
2017-10-06,macd_hist_atr,0.07351935193519352,100
2017-10-06,breakout_position_60,0.059213921392139206,100
2017-10-06,trend_r2_20,0.09005700570057004,100
2017-10-06,realized_vol_5,-0.000204020402040204,100
2017-10-06,realized_vol_20,0.016765676567656762,100
2017-10-06,vol_ratio_5_20,-0.034587458745874586,100
2017-10-06,parkinson_vol_20,-0.04712871287128713,100
2017-10-06,overnight_vol_20,-0.010477047704770476,100
2017-10-06,downside_vol_20,-0.033255325532553254,100
2017-10-06,volume_zscore_20,-0.06055805580558055,100
2017-10-06,volume_trend_5_20,-0.11299129912991297,100
2017-10-06,amihud_illiq_20,-0.06985898589858985,100
2017-10-06,signed_volume_pressure_20,0.1332013201320132,100
2017-10-06,volume_cv_20,-0.02595859585958596,100
2017-10-06,return_volume_corr_20,-0.06149414941494149,100
2017-10-06,close_location_value,-0.13616561656165613,100
2017-10-06,body_range_ratio,-0.10286228622862284,100
2017-10-06,gap_followthrough_20,0.1652205220522052,100
2017-10-06,cs_rank_ret20,0.11253525352535253,100
2017-10-06,cs_rank_ret60,-0.03655565556555655,100
2017-10-06,cs_rank_vol20,0.016765676567656762,100
2017-10-06,cs_rank_amihud20,-0.06985898589858985,100
2017-10-06,return_autocorr_20,0.04102010201020101,100
2017-10-06,revenue_growth_yoy,0.10889842268387394,52
2017-10-06,gross_margin_change_yoy,0.0999515294082738,49
2017-10-06,operating_profitability,0.04472992419210228,72
2017-10-06,cashflow_to_assets,-0.11999466353739316,54
2017-10-06,debt_to_assets,0.1882604057211682,52
2017-10-06,asset_growth_yoy,0.01375373511305358,79
2017-10-13,ret_1d,-0.0002280303281167676,100
2017-10-13,ret_5d,0.02135677639054257,100
2017-10-13,ret_20d,-0.13110504371468784,100
2017-10-13,ret_60d,-0.17844519795604508,100
2017-10-13,ret_120d,-0.08644123739976559,100
2017-10-13,momentum_20_5,-0.17247193883073889,100
2017-10-13,overnight_gap,0.02351112698846041,100
2017-10-13,intraday_return,-0.0006900897119731373,100
2017-10-13,ema20_distance,-0.12340604284110929,100
2017-10-13,ema60_distance,-0.20140418263438611,100
2017-10-13,ema20_60_spread,-0.20331843148759857,100
2017-10-13,rsi14_centered,-0.14515286993841925,100
2017-10-13,macd_hist_atr,0.034522487938969205,100
2017-10-13,breakout_position_60,-0.09348615324199569,100
2017-10-13,trend_r2_20,-0.07500375052132384,100
2017-10-13,realized_vol_5,-0.0015301989265491304,100
2017-10-13,realized_vol_20,-0.09788472505831144,100
2017-10-13,vol_ratio_5_20,0.08690929824788649,100
2017-10-13,parkinson_vol_20,-0.20667886834590257,100
2017-10-13,overnight_vol_20,-0.07660595880912234,100
2017-10-13,downside_vol_20,-0.05491313873274938,100
2017-10-13,volume_zscore_20,-0.18940262242615766,100
2017-10-13,volume_trend_5_20,-0.13934411479763667,100
2017-10-13,amihud_illiq_20,-0.3031774132001636,100
2017-10-13,signed_volume_pressure_20,-0.24356566364589277,100
2017-10-13,volume_cv_20,-0.13100903123302202,100
2017-10-13,return_volume_corr_20,-0.10274535694264397,100
2017-10-13,close_location_value,-0.09493262607387537,100
2017-10-13,body_range_ratio,-0.06121395784206934,100
2017-10-13,gap_followthrough_20,0.13986618266669465,100
2017-10-13,cs_rank_ret20,-0.13110504371468784,100
2017-10-13,cs_rank_ret60,-0.17844519795604508,100
2017-10-13,cs_rank_vol20,-0.09788472505831144,100
2017-10-13,cs_rank_amihud20,-0.3031774132001636,100
2017-10-13,return_autocorr_20,-0.04170542172359395,100
2017-10-13,revenue_growth_yoy,-0.08921901348855214,52
2017-10-13,gross_margin_change_yoy,0.24852674821220092,49
2017-10-13,operating_profitability,0.2322589981943654,72
2017-10-13,cashflow_to_assets,0.3433711976823969,54
2017-10-13,debt_to_assets,-0.018954513441104263,52
2017-10-13,asset_growth_yoy,-0.18184584490143996,79
2017-10-20,ret_1d,0.047021266385221056,100
2017-10-20,ret_5d,-0.04600115213235128,100
2017-10-20,ret_20d,0.017737986655782727,100
2017-10-20,ret_60d,0.18780903462540177,100
2017-10-20,ret_120d,0.0691277423121167,100
2017-10-20,momentum_20_5,0.025622869763258536,100
2017-10-20,overnight_gap,0.05008221019406407,100
2017-10-20,intraday_return,0.0212730207723964,100
2017-10-20,ema20_distance,-0.013129470501641611,100
2017-10-20,ema60_distance,0.0898300609732975,100
2017-10-20,ema20_60_spread,0.14711247660797339,100
2017-10-20,rsi14_centered,0.014377610293388163,100
2017-10-20,macd_hist_atr,-0.1539412414301252,100
2017-10-20,breakout_position_60,0.10803610005098518,100
2017-10-20,trend_r2_20,0.0011761317268380968,100
2017-10-20,realized_vol_5,-0.1098963083944536,100
2017-10-20,realized_vol_20,-0.04128462388084748,100
2017-10-20,vol_ratio_5_20,-0.06918774903287377,100
2017-10-20,parkinson_vol_20,-0.07270414286923664,100
2017-10-20,overnight_vol_20,0.039100379245291014,100
2017-10-20,downside_vol_20,-0.07506840766706424,100
2017-10-20,volume_zscore_20,-0.04636119245689355,100
2017-10-20,volume_trend_5_20,-0.10651192934375621,100
2017-10-20,amihud_illiq_20,0.012301377755194381,100
2017-10-20,signed_volume_pressure_20,0.0008280927464472314,100
2017-10-20,volume_cv_20,0.06813163074754976,100
2017-10-20,return_volume_corr_20,0.043732898087734944,100
2017-10-20,close_location_value,-0.0700398444676238,100
2017-10-20,body_range_ratio,0.021333029293616138,100
2017-10-20,gap_followthrough_20,-0.03521194374023445,100
2017-10-20,cs_rank_ret20,0.017737986655782727,100
2017-10-20,cs_rank_ret60,0.18780903462540177,100
2017-10-20,cs_rank_vol20,-0.04128462388084748,100
2017-10-20,cs_rank_amihud20,0.012301377755194381,100
2017-10-20,return_autocorr_20,-0.1250900100901376,100
2017-10-20,revenue_growth_yoy,-0.11986937314634183,52
2017-10-20,gross_margin_change_yoy,-0.08178780073581565,49
2017-10-20,operating_profitability,0.054971822722069644,72
2017-10-20,cashflow_to_assets,-0.03522079704845974,54
2017-10-20,debt_to_assets,-0.19351120615284703,52
2017-10-20,asset_growth_yoy,-0.03404353726655828,79
2017-10-27,ret_1d,0.17063408721324458,100
2017-10-27,ret_5d,0.18054059568216776,100
2017-10-27,ret_20d,0.2109277255566816,100
2017-10-27,ret_60d,0.1361780263373256,100
2017-10-27,ret_120d,0.017131764571828,100
2017-10-27,momentum_20_5,0.17413193559014944,100
2017-10-27,overnight_gap,0.06012019238008571,100
2017-10-27,intraday_return,0.1974629310706935,100
2017-10-27,ema20_distance,0.18240678789997458,100
2017-10-27,ema60_distance,0.11414375680746486,100
2017-10-27,ema20_60_spread,0.0592080984344052,100
2017-10-27,rsi14_centered,0.18504705984799713,100
2017-10-27,macd_hist_atr,0.09660395020730611,100
2017-10-27,breakout_position_60,0.22246691409315278,100
2017-10-27,trend_r2_20,0.1508555381211054,100
2017-10-27,realized_vol_5,-0.04122424609753357,100
2017-10-27,realized_vol_20,-0.1755180783628613,100
2017-10-27,vol_ratio_5_20,0.0821724637641375,100
2017-10-27,parkinson_vol_20,-0.16286877548460785,100
2017-10-27,overnight_vol_20,-0.025796657055792843,100
2017-10-27,downside_vol_20,-0.24033075406875065,100
2017-10-27,volume_zscore_20,0.014461489533487032,100
2017-10-27,volume_trend_5_20,-0.08843110840456365,100
2017-10-27,amihud_illiq_20,-0.09957425614883145,100
2017-10-27,signed_volume_pressure_20,0.15638210735776162,100
2017-10-27,volume_cv_20,-0.0939036720786467,100
2017-10-27,return_volume_corr_20,-0.02488456311011233,100
2017-10-27,close_location_value,0.1040807203146608,100
2017-10-27,body_range_ratio,0.170952120924818,100
2017-10-27,gap_followthrough_20,-0.22945163351928508,100
2017-10-27,cs_rank_ret20,0.2109277255566816,100
2017-10-27,cs_rank_ret60,0.1361780263373256,100
2017-10-27,cs_rank_vol20,-0.1755180783628613,100
2017-10-27,cs_rank_amihud20,-0.09957425614883145,100
2017-10-27,return_autocorr_20,0.18806537073403196,100
2017-10-27,revenue_growth_yoy,0.03568760539542086,52
2017-10-27,gross_margin_change_yoy,-0.2594964158093315,49
2017-10-27,operating_profitability,-0.14936892033121632,72
2017-10-27,cashflow_to_assets,-0.12571232539590935,54
2017-10-27,debt_to_assets,0.005635125617625592,52
2017-10-27,asset_growth_yoy,0.25048990372326835,79
2017-11-03,ret_1d,-0.17280528052805277,100
2017-11-03,ret_5d,0.0763996399639964,100
2017-11-03,ret_20d,0.06759075907590759,100
2017-11-03,ret_60d,-0.07504350435043504,100
2017-11-03,ret_120d,-0.10045004500450044,100
2017-11-03,momentum_20_5,0.03986798679867986,100
2017-11-03,overnight_gap,-0.31065799777516895,100
2017-11-03,intraday_return,-0.08132037599909389,100
2017-11-03,ema20_distance,0.10107410741074105,100
2017-11-03,ema60_distance,0.013849384938493848,100
2017-11-03,ema20_60_spread,-0.05429342934293429,100
2017-11-03,rsi14_centered,0.06424242424242424,100
2017-11-03,macd_hist_atr,0.10019801980198018,100
2017-11-03,breakout_position_60,0.07079507950795079,100
2017-11-03,trend_r2_20,-0.19945994599459946,100
2017-11-03,realized_vol_5,-0.029654965496549654,100
2017-11-03,realized_vol_20,-0.19181518151815177,100
2017-11-03,vol_ratio_5_20,0.0883048304830483,100
2017-11-03,parkinson_vol_20,-0.23117911791179113,100
2017-11-03,overnight_vol_20,-0.2598019801980198,100
2017-11-03,downside_vol_20,-0.17989798979897986,100
2017-11-03,volume_zscore_20,-0.19816381638163816,100
2017-11-03,volume_trend_5_20,0.030579057905790578,100
2017-11-03,amihud_illiq_20,-0.33496549654965496,100
2017-11-03,signed_volume_pressure_20,0.07228322832283227,100
2017-11-03,volume_cv_20,-0.30366636663666363,100
2017-11-03,return_volume_corr_20,-0.003924392439243924,100
2017-11-03,close_location_value,-0.23513951395139512,100
2017-11-03,body_range_ratio,-0.16345683605484929,100
2017-11-03,gap_followthrough_20,-0.019561956195619564,100
2017-11-03,cs_rank_ret20,0.06759075907590759,100
2017-11-03,cs_rank_ret60,-0.07504350435043504,100
2017-11-03,cs_rank_vol20,-0.19181518151815177,100
2017-11-03,cs_rank_amihud20,-0.33496549654965496,100
2017-11-03,return_autocorr_20,-0.11569156915691568,100
2017-11-03,revenue_growth_yoy,0.02377750742254715,52
2017-11-03,gross_margin_change_yoy,-0.21434220267695672,49
2017-11-03,operating_profitability,0.20207249721291934,72
2017-11-03,cashflow_to_assets,0.2847395605541064,54
2017-11-03,debt_to_assets,-0.09528281758948921,52
2017-11-03,asset_growth_yoy,-0.1935260073429663,79
2017-11-10,ret_1d,0.0580201501359144,100
2017-11-10,ret_5d,-0.14657109682363245,100
2017-11-10,ret_20d,-0.16519101467525496,100
2017-11-10,ret_60d,-0.049913141053753156,100
2017-11-10,ret_120d,-0.2638231737880875,100
2017-11-10,momentum_20_5,-0.06845505087054773,100
2017-11-10,overnight_gap,-0.01615966444551061,100
2017-11-10,intraday_return,0.057233895091452,100
2017-11-10,ema20_distance,-0.18555711238341058,100
2017-11-10,ema60_distance,-0.18645120447490002,100
2017-11-10,ema20_60_spread,-0.12966735573822458,100
2017-11-10,rsi14_centered,-0.16501099613334436,100
2017-11-10,macd_hist_atr,-0.20268287633717488,100
2017-11-10,breakout_position_60,-0.09734202622913969,100
2017-11-10,trend_r2_20,-0.04271239937732809,100
2017-11-10,realized_vol_5,0.26899570655898614,100
2017-11-10,realized_vol_20,0.227705453662752,100
2017-11-10,vol_ratio_5_20,0.09396967887734725,100
2017-11-10,parkinson_vol_20,0.33919093666800326,100
2017-11-10,overnight_vol_20,0.08346259664783034,100
2017-11-10,downside_vol_20,0.24297702663483686,100
2017-11-10,volume_zscore_20,-0.13655006465727423,100
2017-11-10,volume_trend_5_20,0.05139529371548399,100
2017-11-10,amihud_illiq_20,0.12595897377486567,100
2017-11-10,signed_volume_pressure_20,-0.12925331309183014,100
2017-11-10,volume_cv_20,-0.058458021176444254,100
2017-11-10,return_volume_corr_20,-0.04384651619136504,100
2017-11-10,close_location_value,-0.10360667148762949,100
2017-11-10,body_range_ratio,-0.03186328191818097,100
2017-11-10,gap_followthrough_20,-0.13032142310716652,100
2017-11-10,cs_rank_ret20,-0.16519101467525496,100
2017-11-10,cs_rank_ret60,-0.049913141053753156,100
2017-11-10,cs_rank_vol20,0.227705453662752,100
2017-11-10,cs_rank_amihud20,0.12595897377486567,100
2017-11-10,return_autocorr_20,-0.1233907092436074,100
2017-11-10,revenue_growth_yoy,-0.27538366316490426,52
2017-11-10,gross_margin_change_yoy,-0.15356911334830634,50
2017-11-10,operating_profitability,-0.15600807132852929,72
2017-11-10,cashflow_to_assets,-0.286013203939536,55
2017-11-10,debt_to_assets,-0.28051227346798097,52
2017-11-10,asset_growth_yoy,-0.037025767110115765,79
2017-11-17,ret_1d,-0.13102388853218438,100
2017-11-17,ret_5d,-0.1219865646167045,100
2017-11-17,ret_20d,0.06298867679974077,100
2017-11-17,ret_60d,0.08094833767914525,100
2017-11-17,ret_120d,0.18685324588516708,100
2017-11-17,momentum_20_5,0.10256887230046384,100
2017-11-17,overnight_gap,0.12036639773950886,100
2017-11-17,intraday_return,-0.17433047903077725,100
2017-11-17,ema20_distance,-0.06422461513564799,100
2017-11-17,ema60_distance,0.047632906189551884,100
2017-11-17,ema20_60_spread,0.17374789603407345,100
2017-11-17,rsi14_centered,0.010159046381823049,100
2017-11-17,macd_hist_atr,-0.1115634910400792,100
2017-11-17,breakout_position_60,0.011557190390662251,100
2017-11-17,trend_r2_20,0.12356472716745434,100
2017-11-17,realized_vol_5,-0.24296502539870948,100
2017-11-17,realized_vol_20,-0.1246988439814913,100
2017-11-17,vol_ratio_5_20,-0.1155659032885588,100
2017-11-17,parkinson_vol_20,-0.08315056450851858,100
2017-11-17,overnight_vol_20,0.0015241569881766415,100
2017-11-17,downside_vol_20,-0.18721928358705203,100
2017-11-17,volume_zscore_20,-0.09360964179352602,100
2017-11-17,volume_trend_5_20,0.060084188671703585,100
2017-11-17,amihud_illiq_20,0.09214549098598625,100
2017-11-17,signed_volume_pressure_20,0.07044725606769202,100
2017-11-17,volume_cv_20,0.11722207387413658,100
2017-11-17,return_volume_corr_20,0.06374456569055299,100
2017-11-17,close_location_value,-0.04891703845518103,100
2017-11-17,body_range_ratio,-0.1591848735966012,100
2017-11-17,gap_followthrough_20,-0.014749519200544034,100
2017-11-17,cs_rank_ret20,0.06298867679974077,100
2017-11-17,cs_rank_ret60,0.08094833767914525,100
2017-11-17,cs_rank_vol20,-0.1246988439814913,100
2017-11-17,cs_rank_amihud20,0.09214549098598625,100
2017-11-17,return_autocorr_20,-0.0010861118695274492,100
2017-11-17,revenue_growth_yoy,0.07440609593806048,52
2017-11-17,gross_margin_change_yoy,0.07481572188763642,50
2017-11-17,operating_profitability,0.13891791944690085,72
2017-11-17,cashflow_to_assets,-0.040192761201681526,56
2017-11-17,debt_to_assets,0.2659608530136927,52
2017-11-17,asset_growth_yoy,0.09757908445818476,79
2017-11-24,ret_1d,0.14244694549567974,100
2017-11-24,ret_5d,0.040870209631776004,100
2017-11-24,ret_20d,-0.02525060081199727,100
2017-11-24,ret_60d,-0.165575054231331,100
2017-11-24,ret_120d,-0.11269760785411616,100
2017-11-24,momentum_20_5,-0.03263136103033298,100
2017-11-24,overnight_gap,-0.04735101920803605,100
2017-11-24,intraday_return,0.13907974245269997,100
2017-11-24,ema20_distance,-0.0464687862851965,100
2017-11-24,ema60_distance,-0.07774400763313609,100
2017-11-24,ema20_60_spread,-0.08654091371450207,100
2017-11-24,rsi14_centered,0.011965232418993003,100
2017-11-24,macd_hist_atr,0.0006960716953877574,100
2017-11-24,breakout_position_60,0.04961911076863247,100
2017-11-24,trend_r2_20,-0.040330154006044124,100
2017-11-24,realized_vol_5,-0.2812189655547177,100
2017-11-24,realized_vol_20,-0.20988361801359992,100
2017-11-24,vol_ratio_5_20,-0.17872840902693415,100
2017-11-24,parkinson_vol_20,-0.1224306103534174,100
2017-11-24,overnight_vol_20,-0.07386760836399392,100
2017-11-24,downside_vol_20,-0.16439293247278453,100
2017-11-24,volume_zscore_20,-0.1611706005725843,100
2017-11-24,volume_trend_5_20,-0.1673572377962462,100
2017-11-24,amihud_illiq_20,-0.23364006492773903,100
2017-11-24,signed_volume_pressure_20,0.12274264249272915,100
2017-11-24,volume_cv_20,-0.00019802039610168962,100
2017-11-24,return_volume_corr_20,-0.027464828877497984,100
2017-11-24,close_location_value,0.11745009736055671,100
2017-11-24,body_range_ratio,0.11431511740244465,100
2017-11-24,gap_followthrough_20,-0.13088548120515317,100
2017-11-24,cs_rank_ret20,-0.02525060081199727,100
2017-11-24,cs_rank_ret60,-0.165575054231331,100
2017-11-24,cs_rank_vol20,-0.20988361801359992,100
2017-11-24,cs_rank_amihud20,-0.23364006492773903,100
2017-11-24,return_autocorr_20,-0.002922300997015844,100
2017-11-24,revenue_growth_yoy,-0.23056563500533617,52
2017-11-24,gross_margin_change_yoy,-0.13047445255474452,50
2017-11-24,operating_profitability,0.053300104510008835,72
2017-11-24,cashflow_to_assets,-0.04983082128575823,56
2017-11-24,debt_to_assets,0.08779269570187143,52
2017-11-24,asset_growth_yoy,-0.09278350515463919,79
2017-12-01,ret_1d,-0.003582368984021476,100
2017-12-01,ret_5d,-0.07815181518151815,100
2017-12-01,ret_20d,-0.021002100210021,100
2017-12-01,ret_60d,-0.08694869486948695,100
2017-12-01,ret_120d,-0.041980198019801976,100
2017-12-01,momentum_20_5,-0.009672996318664355,100
2017-12-01,overnight_gap,-0.07180533472583096,100
2017-12-01,intraday_return,0.015169516951695168,100
2017-12-01,ema20_distance,-0.09543354335433543,100
2017-12-01,ema60_distance,-0.06649864986498649,100
2017-12-01,ema20_60_spread,-0.04607260726072606,100
2017-12-01,rsi14_centered,-0.04616861686168616,100
2017-12-01,macd_hist_atr,0.07168316831683168,100
2017-12-01,breakout_position_60,-0.06367836783678367,100
2017-12-01,trend_r2_20,-0.015685568556855684,100
2017-12-01,realized_vol_5,0.0951095109510951,100
2017-12-01,realized_vol_20,-0.024818481848184814,100
2017-12-01,vol_ratio_5_20,0.17528952895289526,100
2017-12-01,parkinson_vol_20,-0.027458745874587458,100
2017-12-01,overnight_vol_20,0.14967896789678967,100
2017-12-01,downside_vol_20,-0.01621362136213621,100
2017-12-01,volume_zscore_20,-0.09004500450045004,100
2017-12-01,volume_trend_5_20,0.0792079207920792,100
2017-12-01,amihud_illiq_20,-0.04958895889588959,100
2017-12-01,signed_volume_pressure_20,-0.02953495349534953,100
2017-12-01,volume_cv_20,0.005484548454845484,100
2017-12-01,return_volume_corr_20,0.054461446144614456,100
2017-12-01,close_location_value,-0.07675967596759675,100
2017-12-01,body_range_ratio,0.03324332433243324,100
2017-12-01,gap_followthrough_20,-0.11378337833783377,100
2017-12-01,cs_rank_ret20,-0.021002100210021,100
2017-12-01,cs_rank_ret60,-0.08694869486948695,100
2017-12-01,cs_rank_vol20,-0.024818481848184814,100
2017-12-01,cs_rank_amihud20,-0.04958895889588959,100
2017-12-01,return_autocorr_20,0.0875127512751275,100
2017-12-01,revenue_growth_yoy,-0.14215278225687975,52
2017-12-01,gross_margin_change_yoy,-0.22343873808932752,50
2017-12-01,operating_profitability,0.1742730583458651,72
2017-12-01,cashflow_to_assets,0.02125805294317459,56
2017-12-01,debt_to_assets,0.16473852736462316,52
2017-12-01,asset_growth_yoy,-0.04606892690522814,79
2017-12-08,ret_1d,0.04106469361177919,100
2017-12-08,ret_5d,0.22031269220828897,100
2017-12-08,ret_20d,0.2836972208150207,100
2017-12-08,ret_60d,0.23140783500804726,100
2017-12-08,ret_120d,0.04000012001254131,100
2017-12-08,momentum_20_5,0.19528411426464812,100
2017-12-08,overnight_gap,0.1650710023139812,100
2017-12-08,intraday_return,-0.05179133450768737,100
2017-12-08,ema20_distance,0.2764244717218313,100
2017-12-08,ema60_distance,0.20480709513172027,100
2017-12-08,ema20_60_spread,0.1372521369707257,100
2017-12-08,rsi14_centered,0.19164173909998977,100
2017-12-08,macd_hist_atr,0.18546110249439157,100
2017-12-08,breakout_position_60,0.20079868226517697,100
2017-12-08,trend_r2_20,0.22538921509016863,100
2017-12-08,realized_vol_5,0.09938823698885714,100
2017-12-08,realized_vol_20,0.06386457805182676,100
2017-12-08,vol_ratio_5_20,0.06498669362973633,100
2017-12-08,parkinson_vol_20,0.1282212067848759,100
2017-12-08,overnight_vol_20,-0.1152838742395655,100
2017-12-08,downside_vol_20,0.03535564163124713,100
2017-12-08,volume_zscore_20,0.0004560469728402549,100
2017-12-08,volume_trend_5_20,-0.013519392497488084,100
2017-12-08,amihud_illiq_20,0.0883591009877994,100
2017-12-08,signed_volume_pressure_20,0.23395209706705078,100
2017-12-08,volume_cv_20,-0.13527193300970877,100
2017-12-08,return_volume_corr_20,-0.014653509311525032,100
2017-12-08,close_location_value,-0.11888424507777802,100
2017-12-08,body_range_ratio,-0.0807263148107888,100
2017-12-08,gap_followthrough_20,0.134959900870397,100
2017-12-08,cs_rank_ret20,0.2836972208150207,100
2017-12-08,cs_rank_ret60,0.23140783500804726,100
2017-12-08,cs_rank_vol20,0.06386457805182676,100
2017-12-08,cs_rank_amihud20,0.0883591009877994,100
2017-12-08,return_autocorr_20,-0.09561384822679765,100
2017-12-08,revenue_growth_yoy,0.2968986788578374,52
2017-12-08,gross_margin_change_yoy,-0.12254796037050587,50
2017-12-08,operating_profitability,0.05616207090602138,72
2017-12-08,cashflow_to_assets,0.10553837216804361,56
2017-12-08,debt_to_assets,-0.12132337257586395,52
2017-12-08,asset_growth_yoy,0.18113761096638764,78
2017-12-15,ret_1d,0.025430695653739295,100
2017-12-15,ret_5d,0.03317141665606486,100
2017-12-15,ret_20d,0.05402956504544284,100
2017-12-15,ret_60d,-0.03184528006398991,100
2017-12-15,ret_120d,-0.029181005643712628,100
2017-12-15,momentum_20_5,0.06390658237827256,100
2017-12-15,overnight_gap,0.06033502458026421,100
2017-12-15,intraday_return,0.0569820400962502,100
2017-12-15,ema20_distance,0.1020645126452618,100
2017-12-15,ema60_distance,0.026372716389906847,100
2017-12-15,ema20_60_spread,-0.01009904020118617,100
2017-12-15,rsi14_centered,0.08534679071982823,100
2017-12-15,macd_hist_atr,0.07982022148317199,100
2017-12-15,breakout_position_60,0.05147330175031193,100
2017-12-15,trend_r2_20,0.04564670161047131,100
2017-12-15,realized_vol_5,-0.13447385080723834,100
2017-12-15,realized_vol_20,-0.07655588525652596,100
2017-12-15,vol_ratio_5_20,-0.15580004740558392,100
2017-12-15,parkinson_vol_20,-0.08873113930774802,100
2017-12-15,overnight_vol_20,0.13953237183492695,100
2017-12-15,downside_vol_20,-0.11511585693378225,100
2017-12-15,volume_zscore_20,-0.25808058230113845,100
2017-12-15,volume_trend_5_20,-0.3109700299144807,100
2017-12-15,amihud_illiq_20,-0.09585387294934515,100
2017-12-15,signed_volume_pressure_20,0.08511276661534442,100
2017-12-15,volume_cv_20,0.16914542197922505,100
2017-12-15,return_volume_corr_20,-0.08848511396713682,100
2017-12-15,close_location_value,0.11071740389309927,100
2017-12-15,body_range_ratio,0.07703616583357835,100
2017-12-15,gap_followthrough_20,-0.14120654427469578,100
2017-12-15,cs_rank_ret20,0.05402956504544284,100
2017-12-15,cs_rank_ret60,-0.03184528006398991,100
2017-12-15,cs_rank_vol20,-0.07655588525652596,100
2017-12-15,cs_rank_amihud20,-0.09585387294934515,100
2017-12-15,return_autocorr_20,-0.01675372563381568,100
2017-12-15,revenue_growth_yoy,0.20405549626467445,52
2017-12-15,gross_margin_change_yoy,-0.058778332693046484,50
2017-12-15,operating_profitability,0.05275343677144464,72
2017-12-15,cashflow_to_assets,-0.007860829146587374,56
2017-12-15,debt_to_assets,0.07372465321552323,52
2017-12-15,asset_growth_yoy,0.005222691519765295,78
2017-12-22,ret_1d,-0.01258929669761651,100
2017-12-22,ret_5d,0.07215143159777927,100
2017-12-22,ret_20d,-0.23868658471930027,100
2017-12-22,ret_60d,-0.1940419863254648,100
2017-12-22,ret_120d,-0.12379275065387445,100
2017-12-22,momentum_20_5,-0.28731559350742425,100
2017-12-22,overnight_gap,0.0070869425659448055,100
2017-12-22,intraday_return,0.0042904547882075495,100
2017-12-22,ema20_distance,-0.11509785507959118,100
2017-12-22,ema60_distance,-0.14952940152903044,100
2017-12-22,ema20_60_spread,-0.2394966681578981,100
2017-12-22,rsi14_centered,-0.08549080555335674,100
2017-12-22,macd_hist_atr,0.1318335788592158,100
2017-12-22,breakout_position_60,-0.11383172466815311,100
2017-12-22,trend_r2_20,0.011353169376496873,100
2017-12-22,realized_vol_5,0.05355551621841151,100
2017-12-22,realized_vol_20,-0.1724157588239348,100
2017-12-22,vol_ratio_5_20,0.2302317138675645,100
2017-12-22,parkinson_vol_20,-0.2137720185188695,100
2017-12-22,overnight_vol_20,0.12342071233392583,100
2017-12-22,downside_vol_20,-0.07591981974177507,100
2017-12-22,volume_zscore_20,0.13552395896838365,100
2017-12-22,volume_trend_5_20,0.07342956324534473,100
2017-12-22,amihud_illiq_20,-0.01135916999456056,100
2017-12-22,signed_volume_pressure_20,-0.1745579794726713,100
2017-12-22,volume_cv_20,0.036081716416953326,100
2017-12-22,return_volume_corr_20,-0.09497178209398309,100
2017-12-22,close_location_value,-0.15952834576622477,100
2017-12-22,body_range_ratio,-0.038554086733193715,100
2017-12-22,gap_followthrough_20,-0.0660127993186269,100
2017-12-22,cs_rank_ret20,-0.23868658471930027,100
2017-12-22,cs_rank_ret60,-0.1940419863254648,100
2017-12-22,cs_rank_vol20,-0.1724157588239348,100
2017-12-22,cs_rank_amihud20,-0.01135916999456056,100
2017-12-22,return_autocorr_20,-0.17026753755713464,100
2017-12-22,revenue_growth_yoy,-0.13707577374599786,52
2017-12-22,gross_margin_change_yoy,-0.021177487514406457,50
2017-12-22,operating_profitability,-0.12337004582361925,72
2017-12-22,cashflow_to_assets,-0.23448794412077306,56
2017-12-22,debt_to_assets,-0.005720384210121664,52
2017-12-22,asset_growth_yoy,-0.020511393813702927,78
2017-12-29,ret_1d,0.17919045661783808,100
2017-12-29,ret_5d,0.05770194330041962,100
2017-12-29,ret_20d,0.21336997710860242,100
2017-12-29,ret_60d,0.2523139883419347,100
2017-12-29,ret_120d,-0.020540115632002535,100
2017-12-29,momentum_20_5,0.19344192451909603,100
2017-12-29,overnight_gap,-0.006378848389161158,100
2017-12-29,intraday_return,0.09624420188539984,100
2017-12-29,ema20_distance,0.16462095595920467,100
2017-12-29,ema60_distance,0.1971143027740728,100
2017-12-29,ema20_60_spread,0.17949648813908614,100
2017-12-29,rsi14_centered,0.18117666119691864,100
2017-12-29,macd_hist_atr,-0.05045319667948504,100
2017-12-29,breakout_position_60,0.16660115992022154,100
2017-12-29,trend_r2_20,0.06076825913096397,100
2017-12-29,realized_vol_5,0.09090336304680291,100
2017-12-29,realized_vol_20,-0.11811016534756234,100
2017-12-29,vol_ratio_5_20,0.21847650308080055,100
2017-12-29,parkinson_vol_20,-0.14642708199010396,100
2017-12-29,overnight_vol_20,-0.030891181791863585,100
2017-12-29,downside_vol_20,-0.1925238299553518,100
2017-12-29,volume_zscore_20,-0.05632180114577148,100
2017-12-29,volume_trend_5_20,0.1464030795178492,100
2017-12-29,amihud_illiq_20,-0.18094263709243483,100
2017-12-29,signed_volume_pressure_20,0.20490910563880296,100
2017-12-29,volume_cv_20,-0.18363691460303053,100
2017-12-29,return_volume_corr_20,0.03263136103033298,100
2017-12-29,close_location_value,0.0330034983708273,100
2017-12-29,body_range_ratio,0.07461790949840683,100
2017-12-29,gap_followthrough_20,0.04585672324270037,100
2017-12-29,cs_rank_ret20,0.21336997710860242,100
2017-12-29,cs_rank_ret60,0.2523139883419347,100
2017-12-29,cs_rank_vol20,-0.11811016534756234,100
2017-12-29,cs_rank_amihud20,-0.18094263709243483,100
2017-12-29,return_autocorr_20,0.04141626587557157,100
2017-12-29,revenue_growth_yoy,0.023948261515348207,52
2017-12-29,gross_margin_change_yoy,0.051958030219783444,50
2017-12-29,operating_profitability,0.14124929656724813,72
2017-12-29,cashflow_to_assets,-0.029563553094774254,56
2017-12-29,debt_to_assets,0.014727854869343089,52
2017-12-29,asset_growth_yoy,0.08196970080174006,78
2018-01-05,ret_1d,0.22177350396193848,100
2018-01-05,ret_5d,0.27699185407443805,100
2018-01-05,ret_20d,0.21043156835080806,100
2018-01-05,ret_60d,0.1284383851083807,100
2018-01-05,ret_120d,0.12433392540859879,100
2018-01-05,momentum_20_5,0.1338989966972719,100
2018-01-05,overnight_gap,0.1464644040237973,100
2018-01-05,intraday_return,0.1702035734178371,100
2018-01-05,ema20_distance,0.23122989776520012,100
2018-01-05,ema60_distance,0.2107436032987447,100
2018-01-05,ema20_60_spread,0.1472804954260931,100
2018-01-05,rsi14_centered,0.20509097020343098,100
2018-01-05,macd_hist_atr,0.13459507465805362,100
2018-01-05,breakout_position_60,0.19239354809124012,100
2018-01-05,trend_r2_20,0.06747155681922225,100
2018-01-05,realized_vol_5,0.1373073784362721,100
2018-01-05,realized_vol_20,0.13680332198191292,100
2018-01-05,vol_ratio_5_20,0.0075848495036905834,100
2018-01-05,parkinson_vol_20,0.0165258508964904,100
2018-01-05,overnight_vol_20,0.16283423744631936,100
2018-01-05,downside_vol_20,-0.014509625079053663,100
2018-01-05,volume_zscore_20,-0.04986558494910502,100
2018-01-05,volume_trend_5_20,-0.10270750324775953,100
2018-01-05,amihud_illiq_20,0.010657193606451325,100
2018-01-05,signed_volume_pressure_20,0.10892419951818945,100
2018-01-05,volume_cv_20,0.028239162788265732,100
2018-01-05,return_volume_corr_20,-0.009589073976975912,100
2018-01-05,close_location_value,0.03401180932509354,100
2018-01-05,body_range_ratio,0.16903943954239425,100
2018-01-05,gap_followthrough_20,0.026762997457642403,100
2018-01-05,cs_rank_ret20,0.21043156835080806,100
2018-01-05,cs_rank_ret60,0.1284383851083807,100
2018-01-05,cs_rank_vol20,0.13680332198191292,100
2018-01-05,cs_rank_amihud20,0.010657193606451325,100
2018-01-05,return_autocorr_20,0.07796073160755383,100
2018-01-05,revenue_growth_yoy,0.056093916755602984,52
2018-01-05,gross_margin_change_yoy,0.16264886669227815,50
2018-01-05,operating_profitability,-0.05026248725203089,72
2018-01-05,cashflow_to_assets,0.04081004875909476,56
2018-01-05,debt_to_assets,0.1485165422911438,52
2018-01-05,asset_growth_yoy,0.10013088593228753,78
2018-01-12,ret_1d,-0.08297729346284287,100
2018-01-12,ret_5d,0.10762805434983727,100
2018-01-12,ret_20d,-0.10610261026102609,100
2018-01-12,ret_60d,-0.0047284728472847285,100
2018-01-12,ret_120d,-0.016297629762976294,100
2018-01-12,momentum_20_5,-0.16092409240924088,100
2018-01-12,overnight_gap,-0.19083108310831082,100
2018-01-12,intraday_return,-0.038463961788237286,100
2018-01-12,ema20_distance,-0.0505130513051305,100
2018-01-12,ema60_distance,-0.03938793879387938,100
2018-01-12,ema20_60_spread,-0.022238223822382237,100
2018-01-12,rsi14_centered,-0.07945994599459946,100
2018-01-12,macd_hist_atr,-0.066006600660066,100
2018-01-12,breakout_position_60,-0.049492949294929485,100
2018-01-12,trend_r2_20,0.05581758175817582,100
2018-01-12,realized_vol_5,0.2246264626462646,100
2018-01-12,realized_vol_20,0.2723672367236723,100
2018-01-12,vol_ratio_5_20,-0.005496549654965496,100
2018-01-12,parkinson_vol_20,0.3565436543654365,100
2018-01-12,overnight_vol_20,-0.008952895289528954,100
2018-01-12,downside_vol_20,0.31629162916291625,100
2018-01-12,volume_zscore_20,-0.10934293429342931,100
2018-01-12,volume_trend_5_20,-0.10498649864986496,100
2018-01-12,amihud_illiq_20,0.2678307830783078,100
2018-01-12,signed_volume_pressure_20,-0.06765076507650764,100
2018-01-12,volume_cv_20,0.10430243024302428,100
2018-01-12,return_volume_corr_20,0.0785118511851185,100
2018-01-12,close_location_value,-0.06796279627962795,100
2018-01-12,body_range_ratio,0.019526011179239335,100
2018-01-12,gap_followthrough_20,-0.13570957095709568,100
2018-01-12,cs_rank_ret20,-0.10610261026102609,100
2018-01-12,cs_rank_ret60,-0.0047284728472847285,100
2018-01-12,cs_rank_vol20,0.2723672367236723,100
2018-01-12,cs_rank_amihud20,0.2678307830783078,100
2018-01-12,return_autocorr_20,-0.11631563156315632,100
2018-01-12,revenue_growth_yoy,-0.03274209729460263,52
2018-01-12,gross_margin_change_yoy,-0.12302816397697339,50
2018-01-12,operating_profitability,0.07785129149466545,72
2018-01-12,cashflow_to_assets,0.10649641070251438,57
2018-01-12,debt_to_assets,0.01583778016384431,52
2018-01-12,asset_growth_yoy,0.08572494420272901,78
2018-01-19,ret_1d,0.015805627979753045,100
2018-01-19,ret_5d,0.13680809123401277,100
2018-01-19,ret_20d,0.20990762048585468,100
2018-01-19,ret_60d,0.02338440859419044,100
2018-01-19,ret_120d,0.12863524943127033,100
2018-01-19,momentum_20_5,0.21298593755252643,100
2018-01-19,overnight_gap,0.15796974932580377,100
2018-01-19,intraday_return,-0.023126382017451874,100
2018-01-19,ema20_distance,0.19106567976587574,100
2018-01-19,ema60_distance,0.1359800059412239,100
2018-01-19,ema20_60_spread,0.0767239025623092,100
2018-01-19,rsi14_centered,0.18303085217859807,100
2018-01-19,macd_hist_atr,0.1645549491605041,100
2018-01-19,breakout_position_60,0.18167471249620473,100
2018-01-19,trend_r2_20,0.011773212640955003,100
2018-01-19,realized_vol_5,-0.06901310835047067,100
2018-01-19,realized_vol_20,-0.06496269115748157,100
2018-01-19,vol_ratio_5_20,-0.054239586677671904,100
2018-01-19,parkinson_vol_20,-0.011491183591961687,100
2018-01-19,overnight_vol_20,-0.11088542119888252,100
2018-01-19,downside_vol_20,-0.10207051326332549,100
2018-01-19,volume_zscore_20,0.18815538000498727,100
2018-01-19,volume_trend_5_20,0.11591393913625267,100
2018-01-19,amihud_illiq_20,-0.14539497568314969,100
2018-01-19,signed_volume_pressure_20,0.21479812420776007,100
2018-01-19,volume_cv_20,-0.1914317174677607,100
2018-01-19,return_volume_corr_20,0.16282077054009836,100
2018-01-19,close_location_value,0.019610019832130957,100
2018-01-19,body_range_ratio,-0.06510670599101008,100
2018-01-19,gap_followthrough_20,0.010195050090205172,100
2018-01-19,cs_rank_ret20,0.20990762048585468,100
2018-01-19,cs_rank_ret60,0.02338440859419044,100
2018-01-19,cs_rank_vol20,-0.06496269115748157,100
2018-01-19,cs_rank_amihud20,-0.14539497568314969,100
2018-01-19,return_autocorr_20,0.003900401741396917,100
2018-01-19,revenue_growth_yoy,-0.03304091695700448,52
2018-01-19,gross_margin_change_yoy,-0.02789982953576172,50
2018-01-19,operating_profitability,0.21548355977168582,72
2018-01-19,cashflow_to_assets,-0.13307288864486783,58
2018-01-19,debt_to_assets,0.17758804712019494,52
2018-01-19,asset_growth_yoy,0.06883077467816587,78
2018-01-26,ret_1d,-0.044164946477185676,100
2018-01-26,ret_5d,-0.07573957395739574,100
2018-01-26,ret_20d,0.03192319231923192,100
2018-01-26,ret_60d,-0.07305130513051304,100
2018-01-26,ret_120d,-0.13474947494749473,100
2018-01-26,momentum_20_5,0.12777677767776777,100
2018-01-26,overnight_gap,-0.0021002100210020997,100
2018-01-26,intraday_return,-0.05541570781815466,100
2018-01-26,ema20_distance,-0.07827182718271827,100
2018-01-26,ema60_distance,-0.0788958895889589,100
2018-01-26,ema20_60_spread,-0.08528052805280527,100
2018-01-26,rsi14_centered,0.003564356435643564,100
2018-01-26,macd_hist_atr,0.11185118511851184,100
2018-01-26,breakout_position_60,-0.049492949294929485,100
2018-01-26,trend_r2_20,0.1268286828682868,100
2018-01-26,realized_vol_5,0.05963396339633963,100
2018-01-26,realized_vol_20,-0.1332373237323732,100
2018-01-26,vol_ratio_5_20,0.16688868886888686,100
2018-01-26,parkinson_vol_20,-0.14853885388538854,100
2018-01-26,overnight_vol_20,0.13088508850885086,100
2018-01-26,downside_vol_20,-0.15228322832283228,100
2018-01-26,volume_zscore_20,-0.0036603660366036597,100
2018-01-26,volume_trend_5_20,-0.028298829882988295,100
2018-01-26,amihud_illiq_20,0.025634563456345634,100
2018-01-26,signed_volume_pressure_20,-0.00174017401740174,100
2018-01-26,volume_cv_20,0.17774977497749775,100
2018-01-26,return_volume_corr_20,-0.06773477347734773,100
2018-01-26,close_location_value,-0.04632463246324632,100
2018-01-26,body_range_ratio,-0.019363994491519772,100
2018-01-26,gap_followthrough_20,-0.029186918691869186,100
2018-01-26,cs_rank_ret20,0.03192319231923192,100
2018-01-26,cs_rank_ret60,-0.07305130513051304,100
2018-01-26,cs_rank_vol20,-0.1332373237323732,100
2018-01-26,cs_rank_amihud20,0.025634563456345634,100
2018-01-26,return_autocorr_20,0.13623762376237622,100
2018-01-26,revenue_growth_yoy,-0.053616785139531824,52
2018-01-26,gross_margin_change_yoy,0.051285745170728946,50
2018-01-26,operating_profitability,-0.005177223432730747,72
2018-01-26,cashflow_to_assets,0.14854576497135152,58
2018-01-26,debt_to_assets,0.03534685168642342,52
2018-01-26,asset_growth_yoy,-0.15995498144568804,78
2018-02-02,ret_1d,-0.03752775277527752,100
2018-02-02,ret_5d,-0.09233723372337233,100
2018-02-02,ret_20d,-0.023798379837983795,100
2018-02-02,ret_60d,0.24939693969396937,100
2018-02-02,ret_120d,0.16286828682868282,100
2018-02-02,momentum_20_5,0.038307830783078305,100
2018-02-02,overnight_gap,-0.07659188896490807,100
2018-02-02,intraday_return,-0.0529132913291329,100
2018-02-02,ema20_distance,-0.08006000600060005,100
2018-02-02,ema60_distance,0.040336033603360334,100
2018-02-02,ema20_60_spread,0.18819081908190818,100
2018-02-02,rsi14_centered,-0.02772277227722772,100
2018-02-02,macd_hist_atr,-0.1937233723372337,100
2018-02-02,breakout_position_60,0.1098949894989499,100
2018-02-02,trend_r2_20,-0.02415841584158416,100
2018-02-02,realized_vol_5,-0.006264626462646265,100
2018-02-02,realized_vol_20,0.07642364236423642,100
2018-02-02,vol_ratio_5_20,-0.06309030903090308,100
2018-02-02,parkinson_vol_20,0.05747374737473747,100
2018-02-02,overnight_vol_20,-0.021950195019501947,100
2018-02-02,downside_vol_20,0.0819201920192019,100
2018-02-02,volume_zscore_20,0.033435343534353436,100
2018-02-02,volume_trend_5_20,0.04742874287428742,100
2018-02-02,amihud_illiq_20,0.07812781278127812,100
2018-02-02,signed_volume_pressure_20,-0.019825982598259823,100
2018-02-02,volume_cv_20,4.8004800480048e-05,100
2018-02-02,return_volume_corr_20,-0.10515451545154515,100
2018-02-02,close_location_value,-0.06065406540654065,100
2018-02-02,body_range_ratio,-0.012889288928892887,100
2018-02-02,gap_followthrough_20,-0.09729372937293729,100
2018-02-02,cs_rank_ret20,-0.023798379837983795,100
2018-02-02,cs_rank_ret60,0.24939693969396937,100
2018-02-02,cs_rank_vol20,0.07642364236423642,100
2018-02-02,cs_rank_amihud20,0.07812781278127812,100
2018-02-02,return_autocorr_20,-0.007500750075007501,100
2018-02-02,revenue_growth_yoy,-0.09506734116698834,52
2018-02-02,gross_margin_change_yoy,-0.1096785037171769,50
2018-02-02,operating_profitability,0.21086734571510482,72
2018-02-02,cashflow_to_assets,0.02522417214257781,58
2018-02-02,debt_to_assets,0.1277694771708518,52
2018-02-02,asset_growth_yoy,-0.043728699963569394,78
2018-02-09,ret_1d,0.048101531678091315,100
2018-02-09,ret_5d,0.1275982910177821,100
2018-02-09,ret_20d,0.05433008497342923,100
2018-02-09,ret_60d,-0.017713983967479908,100
2018-02-09,ret_120d,-0.07380826653116629,100
2018-02-09,momentum_20_5,-0.05051365753328112,100
2018-02-09,overnight_gap,0.2237410590147208,100
2018-02-09,intraday_return,-0.002700302434067059,100
2018-02-09,ema20_distance,0.1647184484780906,100
2018-02-09,ema60_distance,0.04304882147110463,100
2018-02-09,ema20_60_spread,-0.12457395229162699,100
2018-02-09,rsi14_centered,0.15001680189261438,100
2018-02-09,macd_hist_atr,0.23597042870500673,100
2018-02-09,breakout_position_60,0.055074168310816594,100
2018-02-09,trend_r2_20,-0.04636119245689355,100
2018-02-09,realized_vol_5,-0.013909557871483206,100
2018-02-09,realized_vol_20,0.03848831069356915,100
2018-02-09,vol_ratio_5_20,-0.08018098027556453,100
2018-02-09,parkinson_vol_20,0.08212519802809283,100
2018-02-09,overnight_vol_20,0.09290240507605824,100
2018-02-09,downside_vol_20,-0.03086745715742434,100
2018-02-09,volume_zscore_20,0.16751476166536894,100
2018-02-09,volume_trend_5_20,0.017209927513120723,100
2018-02-09,amihud_illiq_20,0.005772646536827802,100
2018-02-09,signed_volume_pressure_20,0.032703662812589934,100
2018-02-09,volume_cv_20,0.12265373722740153,100
2018-02-09,return_volume_corr_20,0.0714800057657929,100
2018-02-09,close_location_value,-0.10312755029305884,100
2018-02-09,body_range_ratio,0.006708751380637716,100
2018-02-09,gap_followthrough_20,-0.020018242044550466,100
2018-02-09,cs_rank_ret20,0.05433008497342923,100
2018-02-09,cs_rank_ret60,-0.017713983967479908,100
2018-02-09,cs_rank_vol20,0.03848831069356915,100
2018-02-09,cs_rank_amihud20,0.005772646536827802,100
2018-02-09,return_autocorr_20,-0.1890331717288455,100
2018-02-09,revenue_growth_yoy,-0.14556786411290087,52
2018-02-09,gross_margin_change_yoy,-0.15736272183939962,50
2018-02-09,operating_profitability,-0.14642656162070902,72
2018-02-09,cashflow_to_assets,-0.061369414652678325,59
2018-02-09,debt_to_assets,-0.044349473890014694,53
2018-02-09,asset_growth_yoy,-0.010318925617744504,78
2018-02-16,ret_1d,0.08838910407811783,100
2018-02-16,ret_5d,0.03527173880431325,100
2018-02-16,ret_20d,0.17889042571465366,100
2018-02-16,ret_60d,0.022904359149095433,100
2018-02-16,ret_120d,0.06975118437230425,100
2018-02-16,momentum_20_5,0.1861571741897793,100
2018-02-16,overnight_gap,0.06339129000091774,100
2018-02-16,intraday_return,0.01262545192748305,100
2018-02-16,ema20_distance,0.1428807167144646,100
2018-02-16,ema60_distance,0.11306964617406479,100
2018-02-16,ema20_60_spread,0.0650466998103732,100
2018-02-16,rsi14_centered,0.1309694898580448,100
2018-02-16,macd_hist_atr,0.07063927584573002,100
2018-02-16,breakout_position_60,0.06971518066392213,100
2018-02-16,trend_r2_20,-0.06486668126846258,100
2018-02-16,realized_vol_5,0.05529569545688091,100
2018-02-16,realized_vol_20,0.005442560583764622,100
2018-02-16,vol_ratio_5_20,0.08210645696543695,100
2018-02-16,parkinson_vol_20,-0.029553043963661256,100
2018-02-16,overnight_vol_20,-0.14141656590692483,100
2018-02-16,downside_vol_20,-0.1258989675942288,100
2018-02-16,volume_zscore_20,-0.0014221464810939529,100
2018-02-16,volume_trend_5_20,-0.04169829492456489,100
2018-02-16,amihud_illiq_20,-0.0416922943065012,100
2018-02-16,signed_volume_pressure_20,0.022502317738828367,100
2018-02-16,volume_cv_20,0.026144692903486717,100
2018-02-16,return_volume_corr_20,0.011263160105541561,100
2018-02-16,close_location_value,0.07638186733267902,100
2018-02-16,body_range_ratio,0.04987173525157397,100
2018-02-16,gap_followthrough_20,-0.04038415956861731,100
2018-02-16,cs_rank_ret20,0.17889042571465366,100
2018-02-16,cs_rank_ret60,0.022904359149095433,100
2018-02-16,cs_rank_vol20,0.005442560583764622,100
2018-02-16,cs_rank_amihud20,-0.0416922943065012,100
2018-02-16,return_autocorr_20,0.0075247750518642065,100
2018-02-16,revenue_growth_yoy,-0.1704125846154546,52
2018-02-16,gross_margin_change_yoy,-0.11049484984817162,50
2018-02-16,operating_profitability,-0.004534126537503015,72
2018-02-16,cashflow_to_assets,-0.10879761540634508,59
2018-02-16,debt_to_assets,-0.04597087752062856,54
2018-02-16,asset_growth_yoy,0.054288171172766124,78
2018-02-23,ret_1d,-0.004050417192989106,100
2018-02-23,ret_5d,0.03065715768737977,100
2018-02-23,ret_20d,0.04801680168016801,100
2018-02-23,ret_60d,-0.015697569756975695,100
2018-02-23,ret_120d,0.04864086408640864,100
2018-02-23,momentum_20_5,0.06343253355124125,100
2018-02-23,overnight_gap,-0.023378337833783375,100
2018-02-23,intraday_return,0.010873119931401868,100
2018-02-23,ema20_distance,0.0979177917791779,100
2018-02-23,ema60_distance,0.03925592559255925,100
2018-02-23,ema20_60_spread,-0.00066006600660066,100
2018-02-23,rsi14_centered,0.1259165916591659,100
2018-02-23,macd_hist_atr,0.21197719771977194,100
2018-02-23,breakout_position_60,0.05766576657665766,100
2018-02-23,trend_r2_20,-0.196027602760276,100
2018-02-23,realized_vol_5,-0.10001800180018001,100
2018-02-23,realized_vol_20,0.1675247524752475,100
2018-02-23,vol_ratio_5_20,-0.18906690669066903,100
2018-02-23,parkinson_vol_20,0.17874587458745872,100
2018-02-23,overnight_vol_20,-0.1328292829282928,100
2018-02-23,downside_vol_20,0.07085508550855085,100
2018-02-23,volume_zscore_20,-0.08466846684668466,100
2018-02-23,volume_trend_5_20,-0.07945994599459946,100
2018-02-23,amihud_illiq_20,0.017605760576057606,100
2018-02-23,signed_volume_pressure_20,0.08522052205220522,100
2018-02-23,volume_cv_20,-0.11434743474347434,100
2018-02-23,return_volume_corr_20,0.39195919591959194,100
2018-02-23,close_location_value,0.031155115511551153,100
2018-02-23,body_range_ratio,-0.06624682342311071,100
2018-02-23,gap_followthrough_20,0.012877287728772875,100
2018-02-23,cs_rank_ret20,0.04801680168016801,100
2018-02-23,cs_rank_ret60,-0.015697569756975695,100
2018-02-23,cs_rank_vol20,0.1675247524752475,100
2018-02-23,cs_rank_amihud20,0.017605760576057606,100
2018-02-23,return_autocorr_20,0.01567356735673567,100
2018-02-23,revenue_growth_yoy,0.051610424549119405,52
2018-02-23,gross_margin_change_yoy,0.09085452234365089,50
2018-02-23,operating_profitability,-0.08143675989683612,72
2018-02-23,cashflow_to_assets,-0.04637706571309956,59
2018-02-23,debt_to_assets,-0.27392763104517315,55
2018-02-23,asset_growth_yoy,0.003186706879936231,78
2018-03-02,ret_1d,-0.23147914791479146,100
2018-03-02,ret_5d,-0.039039903990399034,100
2018-03-02,ret_20d,-0.06717071707170716,100
2018-03-02,ret_60d,0.09374137413741374,100
2018-03-02,ret_120d,0.23453945394539452,100
2018-03-02,momentum_20_5,-0.005916591659165916,100
2018-03-02,overnight_gap,0.001332133213321332,100
2018-03-02,intraday_return,-0.28309630963096305,100
2018-03-02,ema20_distance,-0.05176117611761175,100
2018-03-02,ema60_distance,0.037143714371437146,100
2018-03-02,ema20_60_spread,0.15175517551755174,100
2018-03-02,rsi14_centered,-0.06417041704170416,100
2018-03-02,macd_hist_atr,-0.04303630363036304,100
2018-03-02,breakout_position_60,-0.0487008700870087,100
2018-03-02,trend_r2_20,-0.02316231623162316,100
2018-03-02,realized_vol_5,-0.09899789978997899,100
2018-03-02,realized_vol_20,-0.05668166816681668,100
2018-03-02,vol_ratio_5_20,-0.1006300630063006,100
2018-03-02,parkinson_vol_20,-0.09747374737473745,100
2018-03-02,overnight_vol_20,-0.05826582658265826,100
2018-03-02,downside_vol_20,-0.028190819081908187,100
2018-03-02,volume_zscore_20,0.06529852985298529,100
2018-03-02,volume_trend_5_20,0.04678067806780677,100
2018-03-02,amihud_illiq_20,-0.008964896489648964,100
2018-03-02,signed_volume_pressure_20,0.02544254425442544,100
2018-03-02,volume_cv_20,-0.10145814581458146,100
2018-03-02,return_volume_corr_20,-0.1254125412541254,100
2018-03-02,close_location_value,-0.07119111911191119,100
2018-03-02,body_range_ratio,-0.23811581158115808,100
2018-03-02,gap_followthrough_20,0.1075067506750675,100
2018-03-02,cs_rank_ret20,-0.06717071707170716,100
2018-03-02,cs_rank_ret60,0.09374137413741374,100
2018-03-02,cs_rank_vol20,-0.05668166816681668,100
2018-03-02,cs_rank_amihud20,-0.008964896489648964,100
2018-03-02,return_autocorr_20,0.14976297629762977,100
2018-03-02,revenue_growth_yoy,0.10018996395102003,52
2018-03-02,gross_margin_change_yoy,-0.14281255256343436,50
2018-03-02,operating_profitability,0.1269866791046815,72
2018-03-02,cashflow_to_assets,-0.01157234910043316,59
2018-03-02,debt_to_assets,0.1422927759012447,55
2018-03-02,asset_growth_yoy,0.13974721321498132,78
2018-03-09,ret_1d,0.1876147614761476,100
2018-03-09,ret_5d,-0.1037983798379838,100
2018-03-09,ret_20d,-0.04736873687368736,100
2018-03-09,ret_60d,-0.061134113411341125,100
2018-03-09,ret_120d,0.13418541854185417,100
2018-03-09,momentum_20_5,-0.033603360336033596,100
2018-03-09,overnight_gap,0.21207320732073207,100
2018-03-09,intraday_return,0.09723372337233722,100
2018-03-09,ema20_distance,-0.015277527752775277,100
2018-03-09,ema60_distance,-0.002148214821482148,100
2018-03-09,ema20_60_spread,-0.0069726972697269725,100
2018-03-09,rsi14_centered,-0.021830183018301825,100
2018-03-09,macd_hist_atr,-0.06903090309030903,100
2018-03-09,breakout_position_60,0.008952895289528954,100
2018-03-09,trend_r2_20,0.15027902790279027,100
2018-03-09,realized_vol_5,0.023546354635463545,100
2018-03-09,realized_vol_20,0.1836063606360636,100
2018-03-09,vol_ratio_5_20,-0.1626042604260426,100
2018-03-09,parkinson_vol_20,0.2505370537053705,100
2018-03-09,overnight_vol_20,0.03493549354935493,100
2018-03-09,downside_vol_20,0.16314431443144312,100
2018-03-09,volume_zscore_20,-0.06199819981998199,100
2018-03-09,volume_trend_5_20,-0.05359735973597359,100
2018-03-09,amihud_illiq_20,0.24387638763876385,100
2018-03-09,signed_volume_pressure_20,0.06652265226522652,100
2018-03-09,volume_cv_20,0.13087308730873085,100
2018-03-09,return_volume_corr_20,0.10529852985298528,100
2018-03-09,close_location_value,0.042820282028202816,100
2018-03-09,body_range_ratio,0.03348334833483348,100
2018-03-09,gap_followthrough_20,-0.09599759975997599,100
2018-03-09,cs_rank_ret20,-0.04736873687368736,100
2018-03-09,cs_rank_ret60,-0.061134113411341125,100
2018-03-09,cs_rank_vol20,0.1836063606360636,100
2018-03-09,cs_rank_amihud20,0.24387638763876385,100
2018-03-09,return_autocorr_20,-0.16570057005700567,100
2018-03-09,revenue_growth_yoy,-0.04307271990906657,52
2018-03-09,gross_margin_change_yoy,0.09454322817433962,49
2018-03-09,operating_profitability,-0.11830586130381933,73
2018-03-09,cashflow_to_assets,0.03348198780522905,60
2018-03-09,debt_to_assets,-0.1724181480811482,55
2018-03-09,asset_growth_yoy,-0.09560534227392412,80
2018-03-16,ret_1d,0.07764776477647764,100
2018-03-16,ret_5d,0.14006600660066004,100
2018-03-16,ret_20d,0.22408640864086404,100
2018-03-16,ret_60d,0.23671167116711667,100
2018-03-16,ret_120d,0.14849084908490848,100
2018-03-16,momentum_20_5,0.13404140414041404,100
2018-03-16,overnight_gap,-0.034743578588751,100
2018-03-16,intraday_return,0.08999699969996999,100
2018-03-16,ema20_distance,0.2431323132313231,100
2018-03-16,ema60_distance,0.30261026102610256,100
2018-03-16,ema20_60_spread,0.23384338433843382,100
2018-03-16,rsi14_centered,0.27249924992499247,100
2018-03-16,macd_hist_atr,0.06809480948094808,100
2018-03-16,breakout_position_60,0.32146414641464144,100
2018-03-16,trend_r2_20,-0.009732973297329731,100
2018-03-16,realized_vol_5,0.03792379237923792,100
2018-03-16,realized_vol_20,-0.0381998199819982,100
2018-03-16,vol_ratio_5_20,0.10349834983498349,100
2018-03-16,parkinson_vol_20,-0.04020402040204019,100
2018-03-16,overnight_vol_20,-0.098025802580258,100
2018-03-16,downside_vol_20,-0.15704770477047703,100
2018-03-16,volume_zscore_20,-0.15517551755175518,100
2018-03-16,volume_trend_5_20,0.06648664866486648,100
2018-03-16,amihud_illiq_20,0.15288328832883286,100
2018-03-16,signed_volume_pressure_20,0.09009300930093009,100
2018-03-16,volume_cv_20,0.04121212121212121,100
2018-03-16,return_volume_corr_20,-0.01977797779777977,100
2018-03-16,close_location_value,0.07822382238223821,100
2018-03-16,body_range_ratio,0.09286528652865285,100
2018-03-16,gap_followthrough_20,-0.15027902790279027,100
2018-03-16,cs_rank_ret20,0.22408640864086404,100
2018-03-16,cs_rank_ret60,0.23671167116711667,100
2018-03-16,cs_rank_vol20,-0.0381998199819982,100
2018-03-16,cs_rank_amihud20,0.15288328832883286,100
2018-03-16,return_autocorr_20,0.05268526852685268,100
2018-03-16,revenue_growth_yoy,-0.15918550301378512,52
2018-03-16,gross_margin_change_yoy,-0.34715171316686827,49
2018-03-16,operating_profitability,-0.16760896897457256,73
2018-03-16,cashflow_to_assets,-0.044374053547677005,60
2018-03-16,debt_to_assets,-0.1894110226880159,55
2018-03-16,asset_growth_yoy,-0.08161088614114671,80
2018-03-23,ret_1d,0.038355835583558345,100
2018-03-23,ret_5d,0.06173417341734173,100
2018-03-23,ret_20d,0.07693969396939694,100
2018-03-23,ret_60d,0.12106810681068106,100
2018-03-23,ret_120d,0.04522052205220522,100
2018-03-23,momentum_20_5,0.03821182118211821,100
2018-03-23,overnight_gap,-0.24624801235243182,100
2018-03-23,intraday_return,0.13778577857785776,100
2018-03-23,ema20_distance,0.08454845484548452,100
2018-03-23,ema60_distance,0.11554755475547554,100
2018-03-23,ema20_60_spread,0.10435043504350434,100
2018-03-23,rsi14_centered,0.11077107710771077,100
2018-03-23,macd_hist_atr,0.12745274527452743,100
2018-03-23,breakout_position_60,0.07272945486186455,100
2018-03-23,trend_r2_20,0.09574557455745572,100
2018-03-23,realized_vol_5,0.05444944494449444,100
2018-03-23,realized_vol_20,0.06673867386738673,100
2018-03-23,vol_ratio_5_20,0.00738073807380738,100
2018-03-23,parkinson_vol_20,0.15689168916891685,100
2018-03-23,overnight_vol_20,0.018565856585658562,100
2018-03-23,downside_vol_20,0.07684368436843685,100
2018-03-23,volume_zscore_20,-0.07773177317731773,100
2018-03-23,volume_trend_5_20,-0.19037503750375034,100
2018-03-23,amihud_illiq_20,-0.007164716471647164,100
2018-03-23,signed_volume_pressure_20,0.14214221422142212,100
2018-03-23,volume_cv_20,0.22394239423942391,100
2018-03-23,return_volume_corr_20,-0.06558655865586557,100
2018-03-23,close_location_value,0.1263126312631263,100
2018-03-23,body_range_ratio,0.16604860486048606,100
2018-03-23,gap_followthrough_20,-0.12807680768076807,100
2018-03-23,cs_rank_ret20,0.07693969396939694,100
2018-03-23,cs_rank_ret60,0.12106810681068106,100
2018-03-23,cs_rank_vol20,0.06673867386738673,100
2018-03-23,cs_rank_amihud20,-0.007164716471647164,100
2018-03-23,return_autocorr_20,-0.23878787878787877,100
2018-03-23,revenue_growth_yoy,0.10044609509022162,52
2018-03-23,gross_margin_change_yoy,0.12862573029007565,49
2018-03-23,operating_profitability,-0.13546013406035176,73
2018-03-23,cashflow_to_assets,0.0434849053238037,60
2018-03-23,debt_to_assets,-0.04982411853945713,55
2018-03-23,asset_growth_yoy,0.090776434462614,80
2018-03-29,ret_1d,-0.014893489348934892,100
2018-03-29,ret_5d,0.04972097209720971,100
2018-03-29,ret_20d,-0.024446444644464445,100
2018-03-29,ret_60d,-0.08114011401140113,100
2018-03-29,ret_120d,-0.0806240624062406,100
2018-03-29,momentum_20_5,-0.05615361536153615,100
2018-03-29,overnight_gap,-0.19928052589506404,100
2018-03-29,intraday_return,0.046120612061206115,100
2018-03-29,ema20_distance,0.007044704470447045,100
2018-03-29,ema60_distance,-0.048952895289528946,100
2018-03-29,ema20_60_spread,-0.047044704470447035,100
2018-03-29,rsi14_centered,-0.00792079207920792,100
2018-03-29,macd_hist_atr,0.08704470447044703,100
2018-03-29,breakout_position_60,-0.037227722772277226,100
2018-03-29,trend_r2_20,0.1566756675667567,100
2018-03-29,realized_vol_5,-0.09592559255925591,100
2018-03-29,realized_vol_20,0.15529552955295528,100
2018-03-29,vol_ratio_5_20,-0.22947494749474945,100
2018-03-29,parkinson_vol_20,0.2583738373837383,100
2018-03-29,overnight_vol_20,0.14493849384938493,100
2018-03-29,downside_vol_20,0.131005100510051,100
2018-03-29,volume_zscore_20,0.06393039303930392,100
2018-03-29,volume_trend_5_20,0.04843684368436843,100
2018-03-29,amihud_illiq_20,0.21801380138013798,100
2018-03-29,signed_volume_pressure_20,0.04972097209720971,100
2018-03-29,volume_cv_20,0.21411341134113407,100
2018-03-29,return_volume_corr_20,-0.07987998799879988,100
2018-03-29,close_location_value,-0.012205220522052205,100
2018-03-29,body_range_ratio,0.025634563456345634,100
2018-03-29,gap_followthrough_20,-0.15445544554455443,100
2018-03-29,cs_rank_ret20,-0.024446444644464445,100
2018-03-29,cs_rank_ret60,-0.08114011401140113,100
2018-03-29,cs_rank_vol20,0.15529552955295528,100
2018-03-29,cs_rank_amihud20,0.21801380138013798,100
2018-03-29,return_autocorr_20,-0.10733873387338733,100
2018-03-29,revenue_growth_yoy,0.00046957375520290606,52
2018-03-29,gross_margin_change_yoy,-0.05632796756852183,49
2018-03-29,operating_profitability,-0.06852453200046492,73
2018-03-29,cashflow_to_assets,0.05165395463063967,60
2018-03-29,debt_to_assets,-0.2859565268238503,55
2018-03-29,asset_growth_yoy,0.0184951857433189,80
2018-04-06,ret_1d,0.10478373578595329,100
2018-04-06,ret_5d,0.070543900921983,100
2018-04-06,ret_20d,-0.12057750468920775,100
2018-04-06,ret_60d,-0.14802457876348046,100
2018-04-06,ret_120d,-0.2848519034336962,100
2018-04-06,momentum_20_5,-0.15886179253220295,100
2018-04-06,overnight_gap,0.2889512294030852,100
2018-04-06,intraday_return,0.05985070328307744,100
2018-04-06,ema20_distance,0.01881810762940955,100
2018-04-06,ema60_distance,-0.09700686477584017,100
2018-04-06,ema20_60_spread,-0.1630022562644391,100
2018-04-06,rsi14_centered,-0.01977821516152228,100
2018-04-06,macd_hist_atr,0.1123925879779467,100
2018-04-06,breakout_position_60,-0.09825500456758672,100
2018-04-06,trend_r2_20,-0.13043060823751465,100
2018-04-06,realized_vol_5,-0.02900724881395592,100
2018-04-06,realized_vol_20,-0.06864768854606035,100
2018-04-06,vol_ratio_5_20,0.1297105275884301,100
2018-04-06,parkinson_vol_20,-0.10383562959799199,100
2018-04-06,overnight_vol_20,-0.04414094378888286,100
2018-04-06,downside_vol_20,-0.009253036340736456,100
2018-04-06,volume_zscore_20,-0.1860808410675989,100
2018-04-06,volume_trend_5_20,-0.05829052854339425,100
2018-04-06,amihud_illiq_20,-0.07015985790913791,100
2018-04-06,signed_volume_pressure_20,-0.2701982622248256,100
2018-04-06,volume_cv_20,-0.010213143872849188,100
2018-04-06,return_volume_corr_20,-0.23396620423172143,100
2018-04-06,close_location_value,-0.02999135903437147,100
2018-04-06,body_range_ratio,0.0018962123759226459,100
2018-04-06,gap_followthrough_20,0.0630790648598065,100
2018-04-06,cs_rank_ret20,-0.12057750468920775,100
2018-04-06,cs_rank_ret60,-0.14802457876348046,100
2018-04-06,cs_rank_vol20,-0.06864768854606035,100
2018-04-06,cs_rank_amihud20,-0.07015985790913791,100
2018-04-06,return_autocorr_20,0.37961451685322284,100
2018-04-06,revenue_growth_yoy,0.07150327636044251,52
2018-04-06,gross_margin_change_yoy,-0.18199443869285994,49
2018-04-06,operating_profitability,-0.04228404822451021,73
2018-04-06,cashflow_to_assets,0.10764250685266168,60
2018-04-06,debt_to_assets,-0.004193271723988642,54
2018-04-06,asset_growth_yoy,-0.15002432035138272,80
2018-04-13,ret_1d,0.0559135913591359,100
2018-04-13,ret_5d,0.2132493249324932,100
2018-04-13,ret_20d,0.32291629162916285,100
2018-04-13,ret_60d,0.22514251425142512,100
2018-04-13,ret_120d,0.21078907890789075,100
2018-04-13,momentum_20_5,0.19366336633663364,100
2018-04-13,overnight_gap,0.013177713108634864,100
2018-04-13,intraday_return,0.000636071240024685,100
2018-04-13,ema20_distance,0.3377017701770177,100
2018-04-13,ema60_distance,0.31669966996699667,100
2018-04-13,ema20_60_spread,0.21293729372937292,100
2018-04-13,rsi14_centered,0.3526792679267927,100
2018-04-13,macd_hist_atr,0.08399639963996398,100
2018-04-13,breakout_position_60,0.29766576657665766,100
2018-04-13,trend_r2_20,0.12260426042604258,100
2018-04-13,realized_vol_5,0.0846204620462046,100
2018-04-13,realized_vol_20,0.017677767776777677,100
2018-04-13,vol_ratio_5_20,0.11221122112211221,100
2018-04-13,parkinson_vol_20,-0.013789378937893787,100
2018-04-13,overnight_vol_20,0.226990699069907,100
2018-04-13,downside_vol_20,-0.17695769576957696,100
2018-04-13,volume_zscore_20,0.02964296429642964,100
2018-04-13,volume_trend_5_20,0.1976477647764776,100
2018-04-13,amihud_illiq_20,0.2752355235523552,100
2018-04-13,signed_volume_pressure_20,0.25676567656765675,100
2018-04-13,volume_cv_20,0.31393939393939396,100
2018-04-13,return_volume_corr_20,0.19955595559555955,100
2018-04-13,close_location_value,-0.02161422626540261,100
2018-04-13,body_range_ratio,0.010081129087183689,100
2018-04-13,gap_followthrough_20,0.1112031203120312,100
2018-04-13,cs_rank_ret20,0.32291629162916285,100
2018-04-13,cs_rank_ret60,0.22514251425142512,100
2018-04-13,cs_rank_vol20,0.017677767776777677,100
2018-04-13,cs_rank_amihud20,0.2752355235523552,100
2018-04-13,return_autocorr_20,-0.1144194419441944,100
2018-04-13,revenue_growth_yoy,0.1805724531371175,52
2018-04-13,gross_margin_change_yoy,0.08102247508950422,49
2018-04-13,operating_profitability,0.12367428479237444,73
2018-04-13,cashflow_to_assets,0.11106017033817468,60
2018-04-13,debt_to_assets,0.08760125837932635,54
2018-04-13,asset_growth_yoy,0.1979031757135232,80
2018-04-20,ret_1d,-0.20848484848484847,100
2018-04-20,ret_5d,-0.2094209420942094,100
2018-04-20,ret_20d,0.07818781878187818,100
2018-04-20,ret_60d,-0.0739033903390339,100
2018-04-20,ret_120d,-0.034671467146714666,100
2018-04-20,momentum_20_5,0.25635763576357634,100
2018-04-20,overnight_gap,-0.09417454755610762,100
2018-04-20,intraday_return,-0.14855085508550855,100
2018-04-20,ema20_distance,-0.03276327632763276,100
2018-04-20,ema60_distance,-0.043816381638163815,100
2018-04-20,ema20_60_spread,-0.025562556255625556,100
2018-04-20,rsi14_centered,-0.035283528352835276,100
2018-04-20,macd_hist_atr,-0.036279627962796275,100
2018-04-20,breakout_position_60,-0.07533153315331532,100
2018-04-20,trend_r2_20,0.008652865286528652,100
2018-04-20,realized_vol_5,0.19126312631263126,100
2018-04-20,realized_vol_20,0.01977797779777977,100
2018-04-20,vol_ratio_5_20,0.19170717071707166,100
2018-04-20,parkinson_vol_20,-0.09605760576057605,100
2018-04-20,overnight_vol_20,0.12069606960696068,100
2018-04-20,downside_vol_20,-0.01878187818781878,100
2018-04-20,volume_zscore_20,0.188022802280228,100
2018-04-20,volume_trend_5_20,0.14133813381338134,100
2018-04-20,amihud_illiq_20,-0.24837683768376836,100
2018-04-20,signed_volume_pressure_20,0.11863186318631862,100
2018-04-20,volume_cv_20,0.037875787578757876,100
2018-04-20,return_volume_corr_20,0.038919891989198915,100
2018-04-20,close_location_value,-0.07336355644664418,100
2018-04-20,body_range_ratio,-0.16466846684668468,100
2018-04-20,gap_followthrough_20,0.06407440744074407,100
2018-04-20,cs_rank_ret20,0.07818781878187818,100
2018-04-20,cs_rank_ret60,-0.0739033903390339,100
2018-04-20,cs_rank_vol20,0.01977797779777977,100
2018-04-20,cs_rank_amihud20,-0.24837683768376836,100
2018-04-20,return_autocorr_20,0.257053705370537,100
2018-04-20,revenue_growth_yoy,0.0183560649761136,52
2018-04-20,gross_margin_change_yoy,-0.09398198936704458,49
2018-04-20,operating_profitability,0.23506907217989292,73
2018-04-20,cashflow_to_assets,0.11008766446831326,60
2018-04-20,debt_to_assets,0.10433622462324464,54
2018-04-20,asset_growth_yoy,0.0003985021009333603,80
2018-04-27,ret_1d,-0.04267039505088228,100
2018-04-27,ret_5d,0.2452445244524452,100
2018-04-27,ret_20d,0.031419141914191415,100
2018-04-27,ret_60d,-0.02132613261326132,100
2018-04-27,ret_120d,-0.042484248424842476,100
2018-04-27,momentum_20_5,-0.08252025202520252,100
2018-04-27,overnight_gap,0.014389611637539573,100
2018-04-27,intraday_return,-0.054197419741974194,100
2018-04-27,ema20_distance,0.07943594359435945,100
2018-04-27,ema60_distance,-0.031539153915391534,100
2018-04-27,ema20_60_spread,-0.1258085808580858,100
2018-04-27,rsi14_centered,0.04144014401440144,100
2018-04-27,macd_hist_atr,0.2135373537353735,100
2018-04-27,breakout_position_60,-0.024374437443744373,100
2018-04-27,trend_r2_20,0.025994599459945988,100
2018-04-27,realized_vol_5,-0.018193819381938193,100
2018-04-27,realized_vol_20,0.10177017701770176,100
2018-04-27,vol_ratio_5_20,-0.12705670567056704,100
2018-04-27,parkinson_vol_20,0.09056105610561055,100
2018-04-27,overnight_vol_20,-0.13189318931893187,100
2018-04-27,downside_vol_20,0.1893189318931893,100
2018-04-27,volume_zscore_20,0.010645064506450643,100
2018-04-27,volume_trend_5_20,0.12228022802280228,100
2018-04-27,amihud_illiq_20,-0.10955895589558953,100
2018-04-27,signed_volume_pressure_20,0.175037503750375,100
2018-04-27,volume_cv_20,-0.21521752175217518,100
2018-04-27,return_volume_corr_20,-0.17893789378937894,100
2018-04-27,close_location_value,-0.10504650465046504,100
2018-04-27,body_range_ratio,-0.12268826882688266,100
2018-04-27,gap_followthrough_20,0.08867686768676866,100
2018-04-27,cs_rank_ret20,0.031419141914191415,100
2018-04-27,cs_rank_ret60,-0.02132613261326132,100
2018-04-27,cs_rank_vol20,0.10177017701770176,100
2018-04-27,cs_rank_amihud20,-0.10955895589558953,100
2018-04-27,return_autocorr_20,-0.031227122712271224,100
2018-04-27,revenue_growth_yoy,-0.05314721138432891,52
2018-04-27,gross_margin_change_yoy,-0.023061812808851327,49
2018-04-27,operating_profitability,-0.014053545396763515,73
2018-04-27,cashflow_to_assets,-0.07535531197326238,60
2018-04-27,debt_to_assets,0.03731773549240449,52
2018-04-27,asset_growth_yoy,-0.057431185134513695,80
2018-05-04,ret_1d,0.02207627385630655,100
2018-05-04,ret_5d,0.1702375344668162,100
2018-05-04,ret_20d,0.15161161599713002,100
2018-05-04,ret_60d,0.1304354348503766,100
2018-05-04,ret_120d,0.3024131485556622,100
2018-05-04,momentum_20_5,0.0430904383153404,100
2018-05-04,overnight_gap,-0.14285714285714285,100
2018-05-04,intraday_return,0.09112538591515937,100
2018-05-04,ema20_distance,0.15053750536372995,100
2018-05-04,ema60_distance,0.14912135950069969,100
2018-05-04,ema20_60_spread,0.1284552308893597,100
2018-05-04,rsi14_centered,0.13045943732263135,100
2018-05-04,macd_hist_atr,0.10085838841446058,100
2018-05-04,breakout_position_60,0.13839225440282632,100
2018-05-04,trend_r2_20,-0.13634604364310884,100
2018-05-04,realized_vol_5,-0.027734856690363924,100
2018-05-04,realized_vol_20,-0.01638768793193074,100
2018-05-04,vol_ratio_5_20,-0.0010141044527631985,100
2018-05-04,parkinson_vol_20,0.005640580979866311,100
2018-05-04,overnight_vol_20,-0.027152796738186234,100
2018-05-04,downside_vol_20,-0.08580883831073217,100
2018-05-04,volume_zscore_20,0.08384063558584265,100
2018-05-04,volume_trend_5_20,0.10050435194870302,100
2018-05-04,amihud_illiq_20,-0.021236187327390292,100
2018-05-04,signed_volume_pressure_20,0.1321216085262728,100
2018-05-04,volume_cv_20,-0.0006360655147508818,100
2018-05-04,return_volume_corr_20,0.09647193660990498,100
2018-05-04,close_location_value,0.1701115214874788,100
2018-05-04,body_range_ratio,0.06069025109613603,100
2018-05-04,gap_followthrough_20,-0.09131740569319736,100
2018-05-04,cs_rank_ret20,0.15161161599713002,100
2018-05-04,cs_rank_ret60,0.1304354348503766,100
2018-05-04,cs_rank_vol20,-0.01638768793193074,100
2018-05-04,cs_rank_amihud20,-0.021236187327390292,100
2018-05-04,return_autocorr_20,0.033129412329619044,100
2018-05-04,revenue_growth_yoy,0.07594288277326998,52
2018-05-04,gross_margin_change_yoy,-0.04535829997139122,49
2018-05-04,operating_profitability,0.10602718171019547,73
2018-05-04,cashflow_to_assets,0.032576218302969404,61
2018-05-04,debt_to_assets,-0.05059778082859298,52
2018-05-04,asset_growth_yoy,0.04335493852483034,80
2018-05-11,ret_1d,-0.07581385583537928,100
2018-05-11,ret_5d,-0.047202136298962596,100
2018-05-11,ret_20d,-0.01992859072576338,100
2018-05-11,ret_60d,0.18708632130596958,100
2018-05-11,ret_120d,0.14440277242540503,100
2018-05-11,momentum_20_5,-0.029109784285058164,100
2018-05-11,overnight_gap,-0.12565784343412711,100
2018-05-11,intraday_return,0.0077230271654284205,100
2018-05-11,ema20_distance,0.013747787218525718,100
2018-05-11,ema60_distance,0.09343214622105867,100
2018-05-11,ema20_60_spread,0.14117435272939152,100
2018-05-11,rsi14_centered,0.01709622251662146,100
2018-05-11,macd_hist_atr,-0.10997629696810163,100
2018-05-11,breakout_position_60,0.1005250683041217,100
2018-05-11,trend_r2_20,0.10238531013639711,100
2018-05-11,realized_vol_5,-0.1340274236253915,100
2018-05-11,realized_vol_20,-0.2194245252870412,100
2018-05-11,vol_ratio_5_20,0.004014521889652424,100
2018-05-11,parkinson_vol_20,-0.3001470192475859,100
2018-05-11,overnight_vol_20,-0.12954484088761817,100
2018-05-11,downside_vol_20,-0.20306039794312167,100
2018-05-11,volume_zscore_20,-0.05425305292129681,100
2018-05-11,volume_trend_5_20,-0.07518377392444728,100
2018-05-11,amihud_illiq_20,0.01752227790401357,100
2018-05-11,signed_volume_pressure_20,-0.14527288554050155,100
2018-05-11,volume_cv_20,0.049014371890405084,100
2018-05-11,return_volume_corr_20,0.007963035198159593,100
2018-05-11,close_location_value,0.06383029796746315,100
2018-05-11,body_range_ratio,-0.02138684445810947,100
2018-05-11,gap_followthrough_20,0.011197455674277167,100
2018-05-11,cs_rank_ret20,-0.01992859072576338,100
2018-05-11,cs_rank_ret60,0.18708632130596958,100
2018-05-11,cs_rank_vol20,-0.2194245252870412,100
2018-05-11,cs_rank_amihud20,0.01752227790401357,100
2018-05-11,return_autocorr_20,-0.07002310303490904,100
2018-05-11,revenue_growth_yoy,0.057360342006842265,55
2018-05-11,gross_margin_change_yoy,-0.11875947154313496,52
2018-05-11,operating_profitability,0.30674297702975795,73
2018-05-11,cashflow_to_assets,0.22997321367247417,64
2018-05-11,debt_to_assets,0.0104550909573483,51
2018-05-11,asset_growth_yoy,-0.08519790433549385,80
2018-05-18,ret_1d,-0.11505630253018011,100
2018-05-18,ret_5d,-0.04330162923128834,100
2018-05-18,ret_20d,0.11878544216094133,100
2018-05-18,ret_60d,-0.027735605641216007,100
2018-05-18,ret_120d,-0.08873953617964134,100
2018-05-18,momentum_20_5,0.19814575903785211,100
2018-05-18,overnight_gap,-0.042845569943375655,100
2018-05-18,intraday_return,-0.08839114258281325,100
2018-05-18,ema20_distance,0.06485043058516256,100
2018-05-18,ema60_distance,0.015560022809968216,100
2018-05-18,ema20_60_spread,-0.04620000602157551,100
2018-05-18,rsi14_centered,0.02165081461564417,100
2018-05-18,macd_hist_atr,0.13699780977692805,100
2018-05-18,breakout_position_60,0.00405052657027711,100
2018-05-18,trend_r2_20,-0.28954964158372015,100
2018-05-18,realized_vol_5,-0.11387080325567177,100
2018-05-18,realized_vol_20,-0.13573164517495992,100
2018-05-18,vol_ratio_5_20,-0.05519517539764276,100
2018-05-18,parkinson_vol_20,-0.11294068233953404,100
2018-05-18,overnight_vol_20,0.016664166349125233,100
2018-05-18,downside_vol_20,-0.20519667566018632,100
2018-05-18,volume_zscore_20,0.1309970296728138,100
2018-05-18,volume_trend_5_20,-0.20367247751374132,100
2018-05-18,amihud_illiq_20,-0.05706741879012639,100
2018-05-18,signed_volume_pressure_20,0.00298838849184889,100
2018-05-18,volume_cv_20,0.036814785938740845,100
2018-05-18,return_volume_corr_20,-0.09482432720521318,100
2018-05-18,close_location_value,0.07395361400310387,100
2018-05-18,body_range_ratio,-0.06807789246279405,100
2018-05-18,gap_followthrough_20,-0.018812445626398132,100
2018-05-18,cs_rank_ret20,0.11878544216094133,100
2018-05-18,cs_rank_ret60,-0.027735605641216007,100
2018-05-18,cs_rank_vol20,-0.13573164517495992,100
2018-05-18,cs_rank_amihud20,-0.05706741879012639,100
2018-05-18,return_autocorr_20,0.10605178678001091,100
2018-05-18,revenue_growth_yoy,-0.13532960901186689,56
2018-05-18,gross_margin_change_yoy,0.17436538787393546,53
2018-05-18,operating_profitability,-0.2401629170300878,73
2018-05-18,cashflow_to_assets,-0.032465228111412184,64
2018-05-18,debt_to_assets,-0.029193446932045574,51
2018-05-18,asset_growth_yoy,0.042243698374993935,80
2018-05-25,ret_1d,0.10169969546909825,100
2018-05-25,ret_5d,-0.004398505828348421,100
2018-05-25,ret_20d,0.14131582738284276,100
2018-05-25,ret_60d,0.02367865201073026,100
2018-05-25,ret_120d,0.09499063895840344,100
2018-05-25,momentum_20_5,0.20857136000733964,100
2018-05-25,overnight_gap,-0.029139613312050693,100
2018-05-25,intraday_return,0.13951381098376414,100
2018-05-25,ema20_distance,0.2030147376652372,100
2018-05-25,ema60_distance,0.10537180164937235,100
2018-05-25,ema20_60_spread,0.07662858240674743,100
2018-05-25,rsi14_centered,0.18306850368559519,100
2018-05-25,macd_hist_atr,0.0903701214601109,100
2018-05-25,breakout_position_60,0.14855263790614248,100
2018-05-25,trend_r2_20,0.0145576304556593,100
2018-05-25,realized_vol_5,-0.0653113148719686,100
2018-05-25,realized_vol_20,-0.1534491863199174,100
2018-05-25,vol_ratio_5_20,-0.018602083434684183,100
2018-05-25,parkinson_vol_20,-0.011965340118954922,100
2018-05-25,overnight_vol_20,-0.0835293552938077,100
2018-05-25,downside_vol_20,-0.18129230475118663,100
2018-05-25,volume_zscore_20,-0.0424967596401398,100
2018-05-25,volume_trend_5_20,-0.17133118910551703,100
2018-05-25,amihud_illiq_20,0.07044789016877172,100
2018-05-25,signed_volume_pressure_20,0.15192501561268845,100
2018-05-25,volume_cv_20,0.08879794537627632,100
2018-05-25,return_volume_corr_20,0.10091930296919956,100
2018-05-25,close_location_value,0.11706813585425264,100
2018-05-25,body_range_ratio,0.1545279429929421,100
2018-05-25,gap_followthrough_20,-0.20357880084035343,100
2018-05-25,cs_rank_ret20,0.14131582738284276,100
2018-05-25,cs_rank_ret60,0.02367865201073026,100
2018-05-25,cs_rank_vol20,-0.1534491863199174,100
2018-05-25,cs_rank_amihud20,0.07044789016877172,100
2018-05-25,return_autocorr_20,-0.17553165955851024,100
2018-05-25,revenue_growth_yoy,-0.012850746778768924,56
2018-05-25,gross_margin_change_yoy,-0.12308994879651655,53
2018-05-25,operating_profitability,0.07127099949092143,73
2018-05-25,cashflow_to_assets,-0.29217701870464063,64
2018-05-25,debt_to_assets,-0.06435991056861161,51
2018-05-25,asset_growth_yoy,-0.044937235551284,80
2018-06-01,ret_1d,-0.17260384944967797,100
2018-06-01,ret_5d,-0.1909196740395809,100
2018-06-01,ret_20d,-0.25556862370425787,100
2018-06-01,ret_60d,-0.4059454659214145,100
2018-06-01,ret_120d,-0.36857328023392644,100
2018-06-01,momentum_20_5,-0.2290936585062493,100
2018-06-01,overnight_gap,-0.13446305987238813,100
2018-06-01,intraday_return,-0.15789157855574096,100
2018-06-01,ema20_distance,-0.27783111710512187,100
2018-06-01,ema60_distance,-0.36887331383771166,100
2018-06-01,ema20_60_spread,-0.39356007875716026,100
2018-06-01,rsi14_centered,-0.2926047717555065,100
2018-06-01,macd_hist_atr,0.1123925879779467,100
2018-06-01,breakout_position_60,-0.29237674621662973,100
2018-06-01,trend_r2_20,-0.08807786472719176,100
2018-06-01,realized_vol_5,0.25345638713360985,100
2018-06-01,realized_vol_20,0.04255676636089685,100
2018-06-01,vol_ratio_5_20,0.22930968270097465,100
2018-06-01,parkinson_vol_20,0.05381402717491863,100
2018-06-01,overnight_vol_20,-0.05131774759142553,100
2018-06-01,downside_vol_20,0.22502520283892158,100
2018-06-01,volume_zscore_20,0.08159713888543081,100
2018-06-01,volume_trend_5_20,0.2363184676853976,100
2018-06-01,amihud_illiq_20,-0.2577768710281172,100
2018-06-01,signed_volume_pressure_20,-0.2516801881992013,100
2018-06-01,volume_cv_20,-0.22396908455359757,100
2018-06-01,return_volume_corr_20,-0.2436512889619086,100
2018-06-01,close_location_value,-0.13811188287212448,100
2018-06-01,body_range_ratio,-0.1645164000336042,100
2018-06-01,gap_followthrough_20,0.042568767705048256,100
2018-06-01,cs_rank_ret20,-0.25556862370425787,100
2018-06-01,cs_rank_ret60,-0.4059454659214145,100
2018-06-01,cs_rank_vol20,0.04255676636089685,100
2018-06-01,cs_rank_amihud20,-0.2577768710281172,100
2018-06-01,return_autocorr_20,0.23732658059411596,100
2018-06-01,revenue_growth_yoy,-0.05029897425754787,57
2018-06-01,gross_margin_change_yoy,-0.2626242264730189,53
2018-06-01,operating_profitability,0.04199224024017942,73
2018-06-01,cashflow_to_assets,0.18160361896020455,65
2018-06-01,debt_to_assets,0.11881053983972036,51
2018-06-01,asset_growth_yoy,0.016995340935026235,80
2018-06-08,ret_1d,-0.023594501017107812,100
2018-06-08,ret_5d,0.10654697433883639,100
2018-06-08,ret_20d,0.1075070732290264,100
2018-06-08,ret_60d,-0.0034743578588751,100
2018-06-08,ret_120d,-0.027488831349752732,100
2018-06-08,momentum_20_5,0.1080471288547583,100
2018-06-08,overnight_gap,-0.024537263464985862,100
2018-06-08,intraday_return,0.008803012346776442,100
2018-06-08,ema20_distance,0.12040840206595468,100
2018-06-08,ema60_distance,0.07447967140649006,100
2018-06-08,ema20_60_spread,0.03080117252090827,100
2018-06-08,rsi14_centered,0.11027335815638638,100
2018-06-08,macd_hist_atr,0.1397003891407102,100
2018-06-08,breakout_position_60,0.021080171257734412,100
2018-06-08,trend_r2_20,0.13816423091640617,100
2018-06-08,realized_vol_5,-0.06928313616333662,100
2018-06-08,realized_vol_20,-0.02222028868983505,100
2018-06-08,vol_ratio_5_20,-0.10911523887009468,100
2018-06-08,parkinson_vol_20,0.08105634880429162,100
2018-06-08,overnight_vol_20,-0.19276985529596302,100
2018-06-08,downside_vol_20,-0.07787002061247353,100
2018-06-08,volume_zscore_20,0.008922919060703407,100
2018-06-08,volume_trend_5_20,-0.0007320754037698829,100
2018-06-08,amihud_illiq_20,-0.1237687481816197,100
2018-06-08,signed_volume_pressure_20,0.17703023411491053,100
2018-06-08,volume_cv_20,-0.1639488867360716,100
2018-06-08,return_volume_corr_20,0.04547268368662437,100
2018-06-08,close_location_value,-0.11884224075133223,100
2018-06-08,body_range_ratio,0.021434464964339095,100
2018-06-08,gap_followthrough_20,-0.10706302749231351,100
2018-06-08,cs_rank_ret20,0.1075070732290264,100
2018-06-08,cs_rank_ret60,-0.0034743578588751,100
2018-06-08,cs_rank_vol20,-0.02222028868983505,100
2018-06-08,cs_rank_amihud20,-0.1237687481816197,100
2018-06-08,return_autocorr_20,0.05308746800944388,100
2018-06-08,revenue_growth_yoy,0.008620829350842614,57
2018-06-08,gross_margin_change_yoy,0.16763763181989755,53
2018-06-08,operating_profitability,0.04813069334566649,73
2018-06-08,cashflow_to_assets,-0.011473027459463948,65
2018-06-08,debt_to_assets,0.04426441106617591,51
2018-06-08,asset_growth_yoy,-0.0045476122106512884,80
2018-06-15,ret_1d,0.16584458445844583,100
2018-06-15,ret_5d,0.0957215721572157,100
2018-06-15,ret_20d,0.04277227722772277,100
2018-06-15,ret_60d,-0.02232223222322232,100
2018-06-15,ret_120d,-0.14267069508223557,100
2018-06-15,momentum_20_5,0.03698769876987698,100
2018-06-15,overnight_gap,0.018554078058078547,100
2018-06-15,intraday_return,0.1299853884956,100
2018-06-15,ema20_distance,0.035139513951395134,100
2018-06-15,ema60_distance,-0.033327332733273325,100
2018-06-15,ema20_60_spread,-0.0754995499549955,100
2018-06-15,rsi14_centered,0.02415841584158416,100
2018-06-15,macd_hist_atr,0.18178217821782175,100
2018-06-15,breakout_position_60,-0.060438043804380434,100
2018-06-15,trend_r2_20,-0.08130813081308132,100
2018-06-15,realized_vol_5,-0.10202220222022201,100
2018-06-15,realized_vol_20,-0.0466006600660066,100
2018-06-15,vol_ratio_5_20,-0.0436003600360036,100
2018-06-15,parkinson_vol_20,-0.04079207920792079,100
2018-06-15,overnight_vol_20,0.09555355535553556,100
2018-06-15,downside_vol_20,-0.042100210021002095,100
2018-06-15,volume_zscore_20,0.000204020402040204,100
2018-06-15,volume_trend_5_20,0.05778577857785778,100
2018-06-15,amihud_illiq_20,-0.030147014701470146,100
2018-06-15,signed_volume_pressure_20,0.13142514251425141,100
2018-06-15,volume_cv_20,-0.07771977197719772,100
2018-06-15,return_volume_corr_20,0.10666666666666666,100
2018-06-15,close_location_value,0.05264926492649264,100
2018-06-15,body_range_ratio,0.11326766657016647,100
2018-06-15,gap_followthrough_20,-0.09429342934293429,100
2018-06-15,cs_rank_ret20,0.04277227722772277,100
2018-06-15,cs_rank_ret60,-0.02232223222322232,100
2018-06-15,cs_rank_vol20,-0.0466006600660066,100
2018-06-15,cs_rank_amihud20,-0.030147014701470146,100
2018-06-15,return_autocorr_20,0.06889888988898889,100
2018-06-15,revenue_growth_yoy,0.04313655588711096,57
2018-06-15,gross_margin_change_yoy,0.08180297137146997,53
2018-06-15,operating_profitability,-0.23195291831584655,73
2018-06-15,cashflow_to_assets,-0.09285503557192823,65
2018-06-15,debt_to_assets,0.4020462664758548,51
2018-06-15,asset_growth_yoy,0.16174497037883448,80
2018-06-22,ret_1d,0.11552101778430318,100
2018-06-22,ret_5d,-0.08207867026407452,100
2018-06-22,ret_20d,0.028227669609753373,100
2018-06-22,ret_60d,-0.03629871884978702,100
2018-06-22,ret_120d,0.059401722250626836,100
2018-06-22,momentum_20_5,0.11598307785231997,100
2018-06-22,overnight_gap,-0.18049746475165213,100
2018-06-22,intraday_return,0.14007020919023452,100
2018-06-22,ema20_distance,-0.014239851187063083,100
2018-06-22,ema60_distance,0.017570284144846487,100
2018-06-22,ema20_60_spread,0.01884845030702282,100
2018-06-22,rsi14_centered,0.039437126844238765,100
2018-06-22,macd_hist_atr,0.06405232683131537,100
2018-06-22,breakout_position_60,0.011743526663751561,100
2018-06-22,trend_r2_20,0.10169522042442397,100
2018-06-22,realized_vol_5,-0.14555492220539493,100
2018-06-22,realized_vol_20,-0.2745656936637469,100
2018-06-22,vol_ratio_5_20,0.09322211891741468,100
2018-06-22,parkinson_vol_20,-0.26588256485309364,100
2018-06-22,overnight_vol_20,-0.22940982338028726,100
2018-06-22,downside_vol_20,-0.19845179882316194,100
2018-06-22,volume_zscore_20,0.040745296906935666,100
2018-06-22,volume_trend_5_20,0.10251732729868764,100
2018-06-22,amihud_illiq_20,-0.12179783377320667,100
2018-06-22,signed_volume_pressure_20,0.07533379342705013,100
2018-06-22,volume_cv_20,-0.05316091094234803,100
2018-06-22,return_volume_corr_20,0.02745956975642675,100
2018-06-22,close_location_value,0.033424345179916305,100
2018-06-22,body_range_ratio,0.19366317630007876,100
2018-06-22,gap_followthrough_20,-0.14821926857162165,100
2018-06-22,cs_rank_ret20,0.028227669609753373,100
2018-06-22,cs_rank_ret60,-0.03629871884978702,100
2018-06-22,cs_rank_vol20,-0.2745656936637469,100
2018-06-22,cs_rank_amihud20,-0.12179783377320667,100
2018-06-22,return_autocorr_20,-0.19634552500661784,100
2018-06-22,revenue_growth_yoy,-0.06436558094312106,57
2018-06-22,gross_margin_change_yoy,0.09869773817683344,53
2018-06-22,operating_profitability,-0.06774300563237076,73
2018-06-22,cashflow_to_assets,-0.1012730154070898,65
2018-06-22,debt_to_assets,0.010640947600700055,51
2018-06-22,asset_growth_yoy,0.016163723656802617,80
2018-06-29,ret_1d,-0.06559275605416877,100
2018-06-29,ret_5d,0.00628264711268088,100
2018-06-29,ret_20d,0.062202406848185295,100
2018-06-29,ret_60d,-0.04360049085075385,100
2018-06-29,ret_120d,-0.07021923258127188,100
2018-06-29,momentum_20_5,0.01627967680678436,100
2018-06-29,overnight_gap,0.10559319287844511,100
2018-06-29,intraday_return,-0.061397165845439694,100
2018-06-29,ema20_distance,0.04590472818720987,100
2018-06-29,ema60_distance,0.009672996318664353,100
2018-06-29,ema20_60_spread,-0.05120327393744599,100
2018-06-29,rsi14_centered,0.062448432188796484,100
2018-06-29,macd_hist_atr,0.03453955757458562,100
2018-06-29,breakout_position_60,0.02973306250557188,100
2018-06-29,trend_r2_20,0.12155452011611899,100
2018-06-29,realized_vol_5,-0.10759108188191802,100
2018-06-29,realized_vol_20,0.054743638595021654,100
2018-06-29,vol_ratio_5_20,-0.20625924470313264,100
2018-06-29,parkinson_vol_20,0.21350199070600354,100
2018-06-29,overnight_vol_20,-0.08037827896309492,100
2018-06-29,downside_vol_20,-0.06279046741842667,100
2018-06-29,volume_zscore_20,-0.23399577611669106,99
2018-06-29,volume_trend_5_20,-0.2277114542808157,100
2018-06-29,amihud_illiq_20,0.05104530317063107,99
2018-06-29,signed_volume_pressure_20,0.03772588576640372,100
2018-06-29,volume_cv_20,-0.06054623626260753,100
2018-06-29,return_volume_corr_20,0.2609284506148857,99
2018-06-29,close_location_value,-0.1222745942837615,100
2018-06-29,body_range_ratio,-0.057616663037188015,100
2018-06-29,gap_followthrough_20,-0.03361546239277774,100
2018-06-29,cs_rank_ret20,0.062202406848185295,100
2018-06-29,cs_rank_ret60,-0.04360049085075385,100
2018-06-29,cs_rank_vol20,0.054743638595021654,100
2018-06-29,cs_rank_amihud20,0.05104530317063107,99
2018-06-29,return_autocorr_20,0.046876828313527255,100
2018-06-29,revenue_growth_yoy,0.037562185028671376,57
2018-06-29,gross_margin_change_yoy,0.0799080775052999,53
2018-06-29,operating_profitability,-0.07272054116393327,73
2018-06-29,cashflow_to_assets,-0.06510123581284401,65
2018-06-29,debt_to_assets,-0.10679283218292326,51
2018-06-29,asset_growth_yoy,0.07311341487124418,80
2018-07-06,ret_1d,-0.030909183646054647,100
2018-07-06,ret_5d,-0.031179117911791177,100
2018-07-06,ret_20d,0.21666966696669662,100
2018-07-06,ret_60d,0.126036603660366,100
2018-07-06,ret_120d,0.04631263126312631,100
2018-07-06,momentum_20_5,0.26613861386138615,100
2018-07-06,overnight_gap,-0.07454392716254654,100
2018-07-06,intraday_return,0.06170435554889923,100
2018-07-06,ema20_distance,0.09778577857785778,100
2018-07-06,ema60_distance,0.1421302130213021,100
2018-07-06,ema20_60_spread,0.11051905190519051,100
2018-07-06,rsi14_centered,0.20865286528652863,100
2018-07-06,macd_hist_atr,0.16810081008100808,100
2018-07-06,breakout_position_60,0.15917191719171914,100
2018-07-06,trend_r2_20,0.2059405940594059,100
2018-07-06,realized_vol_5,-0.2375997599759976,100
2018-07-06,realized_vol_20,-0.24291629162916287,100
2018-07-06,vol_ratio_5_20,-0.08291629162916292,100
2018-07-06,parkinson_vol_20,-0.15008700870087008,100
2018-07-06,overnight_vol_20,-0.11362736273627361,100
2018-07-06,downside_vol_20,-0.34526252625262527,100
2018-07-06,volume_zscore_20,-0.09709338280766851,99
2018-07-06,volume_trend_5_20,-0.17017701770177013,100
2018-07-06,amihud_illiq_20,-0.18441558441558442,99
2018-07-06,signed_volume_pressure_20,0.27499549954995495,100
2018-07-06,volume_cv_20,-0.19285928592859283,100
2018-07-06,return_volume_corr_20,0.20666666666666667,99
2018-07-06,close_location_value,0.09527752775277526,100
2018-07-06,body_range_ratio,0.08846711211294578,100
2018-07-06,gap_followthrough_20,-0.03561956195619562,100
2018-07-06,cs_rank_ret20,0.21666966696669662,100
2018-07-06,cs_rank_ret60,0.126036603660366,100
2018-07-06,cs_rank_vol20,-0.24291629162916287,100
2018-07-06,cs_rank_amihud20,-0.18441558441558442,99
2018-07-06,return_autocorr_20,0.02505850585058506,100
2018-07-06,revenue_growth_yoy,-0.17773168481210858,57
2018-07-06,gross_margin_change_yoy,-0.1558650997151813,53
2018-07-06,operating_profitability,-0.034740487632833626,73
2018-07-06,cashflow_to_assets,-0.07438892470860053,65
2018-07-06,debt_to_assets,0.10421242038367501,51
2018-07-06,asset_growth_yoy,-0.014322634333546068,80
2018-07-13,ret_1d,-0.029949444187294633,100
2018-07-13,ret_5d,0.11577131370576543,100
2018-07-13,ret_20d,0.15073688254169895,100
2018-07-13,ret_60d,0.19517785993436704,100
2018-07-13,ret_120d,0.12674619558303205,100
2018-07-13,momentum_20_5,0.14570831934225847,100
2018-07-13,overnight_gap,0.05035779114802175,100
2018-07-13,intraday_return,-0.04140463732236157,100
2018-07-13,ema20_distance,0.1801641784009542,100
2018-07-13,ema60_distance,0.21873649850358318,100
2018-07-13,ema20_60_spread,0.18286448083502124,100
2018-07-13,rsi14_centered,0.22233690174900592,100
2018-07-13,macd_hist_atr,0.07863280688003275,100
2018-07-13,breakout_position_60,0.22444913831965393,100
2018-07-13,trend_r2_20,0.02257452834880061,100
2018-07-13,realized_vol_5,-0.19858624167336722,100
2018-07-13,realized_vol_20,-0.16542652778302372,100
2018-07-13,vol_ratio_5_20,-0.10463971965613639,100
2018-07-13,parkinson_vol_20,-0.20823532237110018,100
2018-07-13,overnight_vol_20,-0.18790504537861308,100
2018-07-13,downside_vol_20,-0.15638951563701267,100
2018-07-13,volume_zscore_20,0.044181127784799226,99
2018-07-13,volume_trend_5_20,-0.035679996162139405,100
2018-07-13,amihud_illiq_20,0.033259533206418,99
2018-07-13,signed_volume_pressure_20,0.08403341174816688,100
2018-07-13,volume_cv_20,-0.1232778071232748,100
2018-07-13,return_volume_corr_20,0.032344246684560464,99
2018-07-13,close_location_value,0.004548523080338476,100
2018-07-13,body_range_ratio,-0.018446065960715862,100
2018-07-13,gap_followthrough_20,0.03206759157256525,100
2018-07-13,cs_rank_ret20,0.15073688254169895,100
2018-07-13,cs_rank_ret60,0.19517785993436704,100
2018-07-13,cs_rank_vol20,-0.16542652778302372,100
2018-07-13,cs_rank_amihud20,0.033259533206418,99
2018-07-13,return_autocorr_20,-0.22472516923513636,100
2018-07-13,revenue_growth_yoy,-0.0004861448711716091,57
2018-07-13,gross_margin_change_yoy,0.04821997339031568,53
2018-07-13,operating_profitability,0.12440029002051745,73
2018-07-13,cashflow_to_assets,0.08835323813069094,65
2018-07-13,debt_to_assets,-0.021186538983301435,51
2018-07-13,asset_growth_yoy,0.04820731607262157,80
2018-07-20,ret_1d,0.3177917791779178,100
2018-07-20,ret_5d,-0.15366336633663366,100
2018-07-20,ret_20d,0.07525952595259526,100
2018-07-20,ret_60d,-0.15701170117011698,100
2018-07-20,ret_120d,-0.21624962496249625,100
2018-07-20,momentum_20_5,0.13143714371437143,100
2018-07-20,overnight_gap,0.14042246784765652,100
2018-07-20,intraday_return,0.26291344632492025,100
2018-07-20,ema20_distance,0.04237623762376237,100
2018-07-20,ema60_distance,-0.10797479747974796,100
2018-07-20,ema20_60_spread,-0.2037083708370837,100
2018-07-20,rsi14_centered,0.04447644764476447,100
2018-07-20,macd_hist_atr,0.000468046804680468,100
2018-07-20,breakout_position_60,0.0565136513651365,100
2018-07-20,trend_r2_20,-0.005904590459045904,100
2018-07-20,realized_vol_5,0.04546054605460545,100
2018-07-20,realized_vol_20,-0.07012301230123011,100
2018-07-20,vol_ratio_5_20,0.11117911791179115,100
2018-07-20,parkinson_vol_20,-0.19056705670567056,100
2018-07-20,overnight_vol_20,0.07516351635163515,100
2018-07-20,downside_vol_20,-0.061806180618061805,100
2018-07-20,volume_zscore_20,0.1316264687693259,99
2018-07-20,volume_trend_5_20,0.1646084608460846,100
2018-07-20,amihud_illiq_20,-0.07784786641929498,99
2018-07-20,signed_volume_pressure_20,-0.030279027902790277,100
2018-07-20,volume_cv_20,-0.022886288628862883,100
2018-07-20,return_volume_corr_20,-0.1928633271490414,99
2018-07-20,close_location_value,0.21315331533153314,100
2018-07-20,body_range_ratio,0.26934616679007556,100
2018-07-20,gap_followthrough_20,0.17838583858385834,100
2018-07-20,cs_rank_ret20,0.07525952595259526,100
2018-07-20,cs_rank_ret60,-0.15701170117011698,100
2018-07-20,cs_rank_vol20,-0.07012301230123011,100
2018-07-20,cs_rank_amihud20,-0.07784786641929498,99
2018-07-20,return_autocorr_20,-0.014665466546654665,100
2018-07-20,revenue_growth_yoy,-0.26275226853235734,56
2018-07-20,gross_margin_change_yoy,-0.040895605225853095,52
2018-07-20,operating_profitability,0.024053187128463344,72
2018-07-20,cashflow_to_assets,0.042720269236650024,64
2018-07-20,debt_to_assets,0.03816293239940835,51
2018-07-20,asset_growth_yoy,-0.4609262829795685,80
2018-07-27,ret_1d,-0.0071947626448403525,100
2018-07-27,ret_5d,0.015439590277868105,100
2018-07-27,ret_20d,-0.12027038785048985,100
2018-07-27,ret_60d,0.02518459401329671,100
2018-07-27,ret_120d,-0.03909402668492448,100
2018-07-27,momentum_20_5,-0.10419473205787087,100
2018-07-27,overnight_gap,-0.02955913326812642,100
2018-07-27,intraday_return,0.031095202806028958,100
2018-07-27,ema20_distance,-0.03345944632312186,100
2018-07-27,ema60_distance,-0.07801403544600204,100
2018-07-27,ema20_60_spread,-0.06576077335995202,100
2018-07-27,rsi14_centered,-0.05641781103479048,100
2018-07-27,macd_hist_atr,-0.019766035901786834,100
2018-07-27,breakout_position_60,0.0025142589686850897,100
2018-07-27,trend_r2_20,-0.02358242899029213,100
2018-07-27,realized_vol_5,0.1488213285975153,100
2018-07-27,realized_vol_20,0.012433280627960635,100
2018-07-27,vol_ratio_5_20,0.1840449566313613,100
2018-07-27,parkinson_vol_20,-0.015739621181052484,100
2018-07-27,overnight_vol_20,-0.09929822771790181,100
2018-07-27,downside_vol_20,0.04639077825036856,100
2018-07-27,volume_zscore_20,0.13108350160125487,100
2018-07-27,volume_trend_5_20,0.17484000852166456,100
2018-07-27,amihud_illiq_20,-0.08066030801208825,100
2018-07-27,signed_volume_pressure_20,-0.2918700626177631,100
2018-07-27,volume_cv_20,-0.08741700395180044,100
2018-07-27,return_volume_corr_20,-0.06053423502648016,100
2018-07-27,close_location_value,0.1369941103939871,100
2018-07-27,body_range_ratio,0.06324051377320325,100
2018-07-27,gap_followthrough_20,0.19311789114365688,100
2018-07-27,cs_rank_ret20,-0.12027038785048985,100
2018-07-27,cs_rank_ret60,0.02518459401329671,100
2018-07-27,cs_rank_vol20,0.012433280627960635,100
2018-07-27,cs_rank_amihud20,-0.08066030801208825,100
2018-07-27,return_autocorr_20,0.081644409374533,100
2018-07-27,revenue_growth_yoy,0.08062338728769913,56
2018-07-27,gross_margin_change_yoy,-0.17954792858031116,52
2018-07-27,operating_profitability,-0.015467356963624156,72
2018-07-27,cashflow_to_assets,0.047312579904265614,65
2018-07-27,debt_to_assets,-0.09303063592026592,51
2018-07-27,asset_growth_yoy,-0.03240759732590416,80
2018-08-03,ret_1d,0.09435400152416155,100
2018-08-03,ret_5d,0.06293467107513397,100
2018-08-03,ret_20d,-0.017167768280210122,100
2018-08-03,ret_60d,0.10663098299172802,100
2018-08-03,ret_120d,0.07521174681025994,100
2018-08-03,momentum_20_5,-0.05009916021372748,100
2018-08-03,overnight_gap,-0.029685948241938147,100
2018-08-03,intraday_return,0.07050747379222197,100
2018-08-03,ema20_distance,0.05885406196864763,100
2018-08-03,ema60_distance,0.08936720482249891,100
2018-08-03,ema20_60_spread,0.1355959663851479,100
2018-08-03,rsi14_centered,0.039832102706758056,100
2018-08-03,macd_hist_atr,-0.010873119931401868,100
2018-08-03,breakout_position_60,0.06057623935292597,100
2018-08-03,trend_r2_20,0.013615402386507084,100
2018-08-03,realized_vol_5,0.10679900029751127,100
2018-08-03,realized_vol_20,-0.001212124848864888,100
2018-08-03,vol_ratio_5_20,0.13017740827363805,100
2018-08-03,parkinson_vol_20,0.00872489866460172,100
2018-08-03,overnight_vol_20,-0.08749501198662839,100
2018-08-03,downside_vol_20,-0.010603092118535929,100
2018-08-03,volume_zscore_20,0.15044149547471095,100
2018-08-03,volume_trend_5_20,0.04517265278343998,100
2018-08-03,amihud_illiq_20,-0.05122727640970074,100
2018-08-03,signed_volume_pressure_20,-0.09656794649892397,100
2018-08-03,volume_cv_20,-0.23279997839882277,100
2018-08-03,return_volume_corr_20,0.08696095697896018,100
2018-08-03,close_location_value,0.04764490742567926,100
2018-08-03,body_range_ratio,0.08250874592706828,100
2018-08-03,gap_followthrough_20,-0.12762714559657082,100
2018-08-03,cs_rank_ret20,-0.017167768280210122,100
2018-08-03,cs_rank_ret60,0.10663098299172802,100
2018-08-03,cs_rank_vol20,-0.001212124848864888,100
2018-08-03,cs_rank_amihud20,-0.05122727640970074,100
2018-08-03,return_autocorr_20,0.04148227267427213,100
2018-08-03,revenue_growth_yoy,0.1886304909560724,58
2018-08-03,gross_margin_change_yoy,0.3338709027133814,53
2018-08-03,operating_profitability,0.0865279299014239,73
2018-08-03,cashflow_to_assets,0.1336819804172313,68
2018-08-03,debt_to_assets,0.04635776104571713,53
2018-08-03,asset_growth_yoy,-0.035671134497905356,81
2018-08-10,ret_1d,-0.014017443796774151,100
2018-08-10,ret_5d,-0.1527872787278728,100
2018-08-10,ret_20d,-0.11102310231023102,100
2018-08-10,ret_60d,0.025742574257425738,100
2018-08-10,ret_120d,-0.28117611761176114,100
2018-08-10,momentum_20_5,-0.05245724572457245,100
2018-08-10,overnight_gap,-0.1273327332733273,100
2018-08-10,intraday_return,0.09582386985902672,100
2018-08-10,ema20_distance,-0.11948394839483947,100
2018-08-10,ema60_distance,-0.11183918391839182,100
2018-08-10,ema20_60_spread,-0.06967896789678968,100
2018-08-10,rsi14_centered,-0.11494749474947494,100
2018-08-10,macd_hist_atr,-0.036495649564956496,100
2018-08-10,breakout_position_60,-0.028550855085508545,100
2018-08-10,trend_r2_20,-0.21489348934893487,100
2018-08-10,realized_vol_5,0.17968196819681964,100
2018-08-10,realized_vol_20,0.11668766876687667,100
2018-08-10,vol_ratio_5_20,0.13026102610261026,100
2018-08-10,parkinson_vol_20,0.06498649864986498,100
2018-08-10,overnight_vol_20,0.09491749174917491,100
2018-08-10,downside_vol_20,0.1452145214521452,100
2018-08-10,volume_zscore_20,0.13591359135913592,100
2018-08-10,volume_trend_5_20,0.08086408640864086,100
2018-08-10,amihud_illiq_20,-0.05140114011401139,100
2018-08-10,signed_volume_pressure_20,-0.13645364536453644,100
2018-08-10,volume_cv_20,0.033711371137113706,100
2018-08-10,return_volume_corr_20,-0.04184818481848185,100
2018-08-10,close_location_value,0.1766096609660966,100
2018-08-10,body_range_ratio,0.06391258299633625,100
2018-08-10,gap_followthrough_20,-0.0695109510951095,100
2018-08-10,cs_rank_ret20,-0.11102310231023102,100
2018-08-10,cs_rank_ret60,0.025742574257425738,100
2018-08-10,cs_rank_vol20,0.11668766876687667,100
2018-08-10,cs_rank_amihud20,-0.05140114011401139,100
2018-08-10,return_autocorr_20,-0.038535853585358534,100
2018-08-10,revenue_growth_yoy,-0.15705465802324547,57
2018-08-10,gross_margin_change_yoy,0.20586328609261703,50
2018-08-10,operating_profitability,0.02628676328878708,73
2018-08-10,cashflow_to_assets,-0.009045656947743107,70
2018-08-10,debt_to_assets,0.014265016966413696,51
2018-08-10,asset_growth_yoy,-0.1053867738655791,81
2018-08-17,ret_1d,0.14310402766140273,100
2018-08-17,ret_5d,0.009744974497449745,100
2018-08-17,ret_20d,-0.04441644164416441,100
2018-08-17,ret_60d,-0.07662766276627662,100
2018-08-17,ret_120d,0.0817161716171617,100
2018-08-17,momentum_20_5,-0.0132013201320132,100
2018-08-17,overnight_gap,0.061086841730672574,100
2018-08-17,intraday_return,0.14105010501050105,100
2018-08-17,ema20_distance,-0.0426042604260426,100
2018-08-17,ema60_distance,-0.03944794479447945,100
2018-08-17,ema20_60_spread,0.02076207620762076,100
2018-08-17,rsi14_centered,-0.018001800180018,100
2018-08-17,macd_hist_atr,0.06822682268226822,100
2018-08-17,breakout_position_60,-0.027446744674467446,100
2018-08-17,trend_r2_20,-0.09512151215121512,100
2018-08-17,realized_vol_5,0.06007800780078007,100
2018-08-17,realized_vol_20,0.0781998199819982,100
2018-08-17,vol_ratio_5_20,-0.015709570957095707,100
2018-08-17,parkinson_vol_20,0.13527752775277527,100
2018-08-17,overnight_vol_20,0.060210021002100204,100
2018-08-17,downside_vol_20,0.09124512451245123,100
2018-08-17,volume_zscore_20,0.13533753375337534,100
2018-08-17,volume_trend_5_20,0.015769576957695767,100
2018-08-17,amihud_illiq_20,-0.07589558955895588,100
2018-08-17,signed_volume_pressure_20,0.025214521452145214,100
2018-08-17,volume_cv_20,0.017125712571257123,100
2018-08-17,return_volume_corr_20,-0.060618061806180616,100
2018-08-17,close_location_value,0.17846984698469845,100
2018-08-17,body_range_ratio,0.05149714971497149,100
2018-08-17,gap_followthrough_20,0.01810981098109811,100
2018-08-17,cs_rank_ret20,-0.04441644164416441,100
2018-08-17,cs_rank_ret60,-0.07662766276627662,100
2018-08-17,cs_rank_vol20,0.0781998199819982,100
2018-08-17,cs_rank_amihud20,-0.07589558955895588,100
2018-08-17,return_autocorr_20,0.05033303330333033,100
2018-08-17,revenue_growth_yoy,-0.09852376400962985,57
2018-08-17,gross_margin_change_yoy,0.030204806846805723,50
2018-08-17,operating_profitability,-0.012001820327861708,73
2018-08-17,cashflow_to_assets,0.09630037880150494,70
2018-08-17,debt_to_assets,0.026821942030915986,51
2018-08-17,asset_growth_yoy,-0.1366990554394836,81
2018-08-24,ret_1d,0.14417214729087813,100
2018-08-24,ret_5d,0.24086408640864082,100
2018-08-24,ret_20d,0.1929312931293129,100
2018-08-24,ret_60d,0.00816081608160816,100
2018-08-24,ret_120d,0.12925292529252924,100
2018-08-24,momentum_20_5,0.10562256225622561,100
2018-08-24,overnight_gap,0.11902225929324284,100
2018-08-24,intraday_return,0.16256274396335982,100
2018-08-24,ema20_distance,0.1553915391539154,100
2018-08-24,ema60_distance,0.07185118511851184,100
2018-08-24,ema20_60_spread,-0.01797779777977798,100
2018-08-24,rsi14_centered,0.11663966396639663,100
2018-08-24,macd_hist_atr,0.382022202220222,100
2018-08-24,breakout_position_60,0.02178217821782178,100
2018-08-24,trend_r2_20,0.21126912691269123,100
2018-08-24,realized_vol_5,0.1904230423042304,100
2018-08-24,realized_vol_20,0.2447044704470447,100
2018-08-24,vol_ratio_5_20,-0.0976057605760576,100
2018-08-24,parkinson_vol_20,0.4098049804980498,100
2018-08-24,overnight_vol_20,0.09459345934593458,100
2018-08-24,downside_vol_20,0.13434143414341432,100
2018-08-24,volume_zscore_20,0.02135013501350135,100
2018-08-24,volume_trend_5_20,-0.09014101410141014,100
2018-08-24,amihud_illiq_20,0.4076207620762075,100
2018-08-24,signed_volume_pressure_20,0.08152415241524151,100
2018-08-24,volume_cv_20,0.023090309030903085,100
2018-08-24,return_volume_corr_20,0.07782778277827782,100
2018-08-24,close_location_value,0.1223042304230423,100
2018-08-24,body_range_ratio,0.1554820146482085,100
2018-08-24,gap_followthrough_20,-0.08961296129612961,100
2018-08-24,cs_rank_ret20,0.1929312931293129,100
2018-08-24,cs_rank_ret60,0.00816081608160816,100
2018-08-24,cs_rank_vol20,0.2447044704470447,100
2018-08-24,cs_rank_amihud20,0.4076207620762075,100
2018-08-24,return_autocorr_20,-0.11857185718571855,100
2018-08-24,revenue_growth_yoy,0.11931167656691719,56
2018-08-24,gross_margin_change_yoy,-0.12903390396810843,49
2018-08-24,operating_profitability,-0.18636759817596052,73
2018-08-24,cashflow_to_assets,-0.07392751448544917,71
2018-08-24,debt_to_assets,-0.028951386752965064,51
2018-08-24,asset_growth_yoy,-0.04190403062414701,81
2018-08-31,ret_1d,0.10396639663966396,100
2018-08-31,ret_5d,0.28768076807680765,100
2018-08-31,ret_20d,0.16741674167416742,100
2018-08-31,ret_60d,0.05449744974497449,100
2018-08-31,ret_120d,0.02256225622562256,100
2018-08-31,momentum_20_5,0.06683468346834683,100
2018-08-31,overnight_gap,0.02431472325075494,100
2018-08-31,intraday_return,0.10172847803369528,100
2018-08-31,ema20_distance,0.27351935193519344,100
2018-08-31,ema60_distance,0.09422142214221421,100
2018-08-31,ema20_60_spread,0.0007560756075607561,100
2018-08-31,rsi14_centered,0.17492949294929488,100
2018-08-31,macd_hist_atr,0.16816081608160813,100
2018-08-31,breakout_position_60,0.10705070507050703,100
2018-08-31,trend_r2_20,-0.045208520852085196,100
2018-08-31,realized_vol_5,0.035283528352835276,100
2018-08-31,realized_vol_20,0.031239123912391233,100
2018-08-31,vol_ratio_5_20,-0.018025802580258023,100
2018-08-31,parkinson_vol_20,0.0006000600060005999,100
2018-08-31,overnight_vol_20,0.047452745274527454,100
2018-08-31,downside_vol_20,-0.027002700270027,100
2018-08-31,volume_zscore_20,0.06558655865586557,100
2018-08-31,volume_trend_5_20,0.02357035703570357,100
2018-08-31,amihud_illiq_20,0.05963396339633963,100
2018-08-31,signed_volume_pressure_20,0.25887788778877885,100
2018-08-31,volume_cv_20,0.030939093909390935,100
2018-08-31,return_volume_corr_20,0.032271227122712264,100
2018-08-31,close_location_value,0.05276927692769277,100
2018-08-31,body_range_ratio,0.16461495534114096,100
2018-08-31,gap_followthrough_20,0.043444344434443435,100
2018-08-31,cs_rank_ret20,0.16741674167416742,100
2018-08-31,cs_rank_ret60,0.05449744974497449,100
2018-08-31,cs_rank_vol20,0.031239123912391233,100
2018-08-31,cs_rank_amihud20,0.05963396339633963,100
2018-08-31,return_autocorr_20,-0.021626162616261626,100
2018-08-31,revenue_growth_yoy,-0.043233783285804676,57
2018-08-31,gross_margin_change_yoy,0.026786397620900328,49
2018-08-31,operating_profitability,0.04664974893503059,73
2018-08-31,cashflow_to_assets,-0.009876004997035512,71
2018-08-31,debt_to_assets,0.2061861023748621,51
2018-08-31,asset_growth_yoy,-0.10167175740765821,81
2018-09-07,ret_1d,0.24531653165316528,100
2018-09-07,ret_5d,0.21455745574557455,100
2018-09-07,ret_20d,0.173021302130213,100
2018-09-07,ret_60d,0.0242064206420642,100
2018-09-07,ret_120d,0.06076207620762076,100
2018-09-07,momentum_20_5,0.032031203120312025,100
2018-09-07,overnight_gap,-0.1130486963814081,100
2018-09-07,intraday_return,0.277995799579958,100
2018-09-07,ema20_distance,0.18450645064506446,100
2018-09-07,ema60_distance,0.08958895889588958,100
2018-09-07,ema20_60_spread,-0.008064806480648064,100
2018-09-07,rsi14_centered,0.13947794779477946,100
2018-09-07,macd_hist_atr,0.10147014701470146,100
2018-09-07,breakout_position_60,0.07753975397539753,100
2018-09-07,trend_r2_20,-0.04436843684368436,100
2018-09-07,realized_vol_5,-0.1346294629462946,100
2018-09-07,realized_vol_20,-0.07697569756975697,100
2018-09-07,vol_ratio_5_20,-0.14587458745874587,100
2018-09-07,parkinson_vol_20,0.04966096609660965,100
2018-09-07,overnight_vol_20,-0.19324332433243324,100
2018-09-07,downside_vol_20,-0.1572157215721572,100
2018-09-07,volume_zscore_20,-0.04829931972789116,99
2018-09-07,volume_trend_5_20,0.015517551755175517,100
2018-09-07,amihud_illiq_20,0.0195299938157081,99
2018-09-07,signed_volume_pressure_20,0.060510051005100506,100
2018-09-07,volume_cv_20,0.04531653165316531,100
2018-09-07,return_volume_corr_20,0.06385899814471242,99
2018-09-07,close_location_value,0.31651965196519644,100
2018-09-07,body_range_ratio,0.2846684668466846,100
2018-09-07,gap_followthrough_20,-0.048004800480048,100
2018-09-07,cs_rank_ret20,0.173021302130213,100
2018-09-07,cs_rank_ret60,0.0242064206420642,100
2018-09-07,cs_rank_vol20,-0.07697569756975697,100
2018-09-07,cs_rank_amihud20,0.0195299938157081,99
2018-09-07,return_autocorr_20,0.05281728172817281,100
2018-09-07,revenue_growth_yoy,0.011732106109041449,57
2018-09-07,gross_margin_change_yoy,0.11245184829802728,49
2018-09-07,operating_profitability,0.11205812707144916,73
2018-09-07,cashflow_to_assets,0.08413886769970151,71
2018-09-07,debt_to_assets,-0.0972738299804972,51
2018-09-07,asset_growth_yoy,-0.056120461385613205,81
2018-09-14,ret_1d,0.09563871154257952,100
2018-09-14,ret_5d,0.0777567087569799,100
2018-09-14,ret_20d,-0.0701358552208351,100
2018-09-14,ret_60d,0.03175555662462862,100
2018-09-14,ret_120d,0.023954682926212664,100
2018-09-14,momentum_20_5,-0.06269502184696141,100
2018-09-14,overnight_gap,0.11184186839168057,100
2018-09-14,intraday_return,0.05072968172800649,100
2018-09-14,ema20_distance,0.0033003696416375166,100
2018-09-14,ema60_distance,-0.05881858768605625,100
2018-09-14,ema20_60_spread,-0.04890547741699229,100
2018-09-14,rsi14_centered,-0.01327348663145852,100
2018-09-14,macd_hist_atr,0.0739642840051346,100
2018-09-14,breakout_position_60,-0.05758244923846111,100
2018-09-14,trend_r2_20,0.016201814604402353,100
2018-09-14,realized_vol_5,0.11569295761958422,100
2018-09-14,realized_vol_20,0.06985982430535267,100
2018-09-14,vol_ratio_5_20,0.15401324949503367,100
2018-09-14,parkinson_vol_20,-0.03266765878013571,100
2018-09-14,overnight_vol_20,0.10508376938973854,100
2018-09-14,downside_vol_20,0.10610388364260831,100
2018-09-14,volume_zscore_20,0.06867122661287942,99
2018-09-14,volume_trend_5_20,0.01386155249487757,100
2018-09-14,amihud_illiq_20,-0.04601170082851431,99
2018-09-14,signed_volume_pressure_20,0.06204694926278532,100
2018-09-14,volume_cv_20,0.06148288608766909,100
2018-09-14,return_volume_corr_20,-0.08398372274882047,99
2018-09-14,close_location_value,0.0435408765813124,100
2018-09-14,body_range_ratio,0.020162258174367377,100
2018-09-14,gap_followthrough_20,0.03805626230411842,100
2018-09-14,cs_rank_ret20,-0.0701358552208351,100
2018-09-14,cs_rank_ret60,0.03175555662462862,100
2018-09-14,cs_rank_vol20,0.06985982430535267,100
2018-09-14,cs_rank_amihud20,-0.04601170082851431,99
2018-09-14,return_autocorr_20,0.034503864435301304,100
2018-09-14,revenue_growth_yoy,0.11897392686820764,57
2018-09-14,gross_margin_change_yoy,0.08648179803319249,49
2018-09-14,operating_profitability,0.1693534702189038,73
2018-09-14,cashflow_to_assets,0.1734267844866614,71
2018-09-14,debt_to_assets,-0.032922753443119866,51
2018-09-14,asset_growth_yoy,0.04602581329960817,81
2018-09-21,ret_1d,0.04623531706333504,100
2018-09-21,ret_5d,-0.08998607844726582,100
2018-09-21,ret_20d,0.26958619367310377,100
2018-09-21,ret_60d,0.3869353367855824,100
2018-09-21,ret_120d,0.24289520428036981,100
2018-09-21,momentum_20_5,0.2962651817216863,100
2018-09-21,overnight_gap,0.06434113645180091,100
2018-09-21,intraday_return,-0.03180394368901744,100
2018-09-21,ema20_distance,0.19729009650501503,100
2018-09-21,ema60_distance,0.3941361432764279,100
2018-09-21,ema20_60_spread,0.38063463110609264,100
2018-09-21,rsi14_centered,0.28041140609767484,100
2018-09-21,macd_hist_atr,-0.1666986702630731,100
2018-09-21,breakout_position_60,0.34721088764441815,100
2018-09-21,trend_r2_20,0.06940377322759912,100
2018-09-21,realized_vol_5,-0.1675867697302774,100
2018-09-21,realized_vol_20,-0.19572992176533185,100
2018-09-21,vol_ratio_5_20,-0.029391291826801013,100
2018-09-21,parkinson_vol_20,-0.08855791849324812,100
2018-09-21,overnight_vol_20,-0.21409197831698784,100
2018-09-21,downside_vol_20,-0.1805842254462535,100
2018-09-21,volume_zscore_20,0.11531373301726854,99
2018-09-21,volume_trend_5_20,-0.00794488982823286,100
2018-09-21,amihud_illiq_20,-0.15836930575491862,99
2018-09-21,signed_volume_pressure_20,0.3092626374376624,100
2018-09-21,volume_cv_20,-0.15222504921647367,100
2018-09-21,return_volume_corr_20,0.06184368390929343,99
2018-09-21,close_location_value,-0.06966201113410204,100
2018-09-21,body_range_ratio,-0.0789937952306086,100
2018-09-21,gap_followthrough_20,-0.13109068216584216,100
2018-09-21,cs_rank_ret20,0.26958619367310377,100
2018-09-21,cs_rank_ret60,0.3869353367855824,100
2018-09-21,cs_rank_vol20,-0.19572992176533185,100
2018-09-21,cs_rank_amihud20,-0.15836930575491862,99
2018-09-21,return_autocorr_20,0.18147232491345777,100
2018-09-21,revenue_growth_yoy,0.0007454221357964674,57
2018-09-21,gross_margin_change_yoy,-0.19990815857951938,49
2018-09-21,operating_profitability,-0.04535427240331364,73
2018-09-21,cashflow_to_assets,-0.0868391488790892,71
2018-09-21,debt_to_assets,0.10169149311340397,51
2018-09-21,asset_growth_yoy,0.06862208170817546,81
2018-09-28,ret_1d,0.1314451161936864,100
2018-09-28,ret_5d,-0.1401877010326103,100
2018-09-28,ret_20d,0.07226009313563449,100
2018-09-28,ret_60d,0.0381642744014811,100
2018-09-28,ret_120d,0.03794825020675573,100
2018-09-28,momentum_20_5,0.16746675628876329,100
2018-09-28,overnight_gap,0.0435001770321866,100
2018-09-28,intraday_return,0.08138209137933104,100
2018-09-28,ema20_distance,0.03739618837579091,100
2018-09-28,ema60_distance,0.09053814027823064,100
2018-09-28,ema20_60_spread,0.10225145217000596,100
2018-09-28,rsi14_centered,0.0485334357482986,100
2018-09-28,macd_hist_atr,-0.13791944698799397,100
2018-09-28,breakout_position_60,0.07943689693817717,100
2018-09-28,trend_r2_20,-0.004632518842443932,100
2018-09-28,realized_vol_5,-0.04646920455425623,100
2018-09-28,realized_vol_20,-0.10181940378055523,100
2018-09-28,vol_ratio_5_20,0.11667706783999977,100
2018-09-28,parkinson_vol_20,-0.13941961500692013,100
2018-09-28,overnight_vol_20,0.08162114157373364,100
2018-09-28,downside_vol_20,-0.09908309731403396,100
2018-09-28,volume_zscore_20,0.10371185791588507,99
2018-09-28,volume_trend_5_20,0.09617877202939294,100
2018-09-28,amihud_illiq_20,-0.13462133113374994,99
2018-09-28,signed_volume_pressure_20,0.1163170275154575,100
2018-09-28,volume_cv_20,-0.11324468341269676,100
2018-09-28,return_volume_corr_20,0.13182599662104985,99
2018-09-28,close_location_value,0.15756564736385076,100
2018-09-28,body_range_ratio,0.06603218799131093,100
2018-09-28,gap_followthrough_20,-0.20020642313380746,100
2018-09-28,cs_rank_ret20,0.07226009313563449,100
2018-09-28,cs_rank_ret60,0.0381642744014811,100
2018-09-28,cs_rank_vol20,-0.10181940378055523,100
2018-09-28,cs_rank_amihud20,-0.13462133113374994,99
2018-09-28,return_autocorr_20,0.11528491191843632,100
2018-09-28,revenue_growth_yoy,0.021225544481358438,58
2018-09-28,gross_margin_change_yoy,0.08189193326190111,49
2018-09-28,operating_profitability,-0.003486497536473384,73
2018-09-28,cashflow_to_assets,0.10563823101224493,71
2018-09-28,debt_to_assets,-0.08830924585666344,51
2018-09-28,asset_growth_yoy,-0.030962933691594058,81
2018-10-05,ret_1d,0.13078907890789077,100
2018-10-05,ret_5d,0.0935013501350135,100
2018-10-05,ret_20d,0.04318031803180317,100
2018-10-05,ret_60d,0.19578757875787578,100
2018-10-05,ret_120d,0.1494269426942694,100
2018-10-05,momentum_20_5,-0.012649264926492649,100
2018-10-05,overnight_gap,0.08146414641464145,100
2018-10-05,intraday_return,0.02219048533595552,100
2018-10-05,ema20_distance,0.0686108610861086,100
2018-10-05,ema60_distance,0.09549354935493548,100
2018-10-05,ema20_60_spread,0.13917791779177915,100
2018-10-05,rsi14_centered,0.11629162916291627,100
2018-10-05,macd_hist_atr,0.02796279627962796,100
2018-10-05,breakout_position_60,0.08741674167416741,100
2018-10-05,trend_r2_20,-0.16874887488748871,100
2018-10-05,realized_vol_5,0.13102910291029102,100
2018-10-05,realized_vol_20,0.05864986498649864,100
2018-10-05,vol_ratio_5_20,0.04927692769276927,100
2018-10-05,parkinson_vol_20,-0.07828382838283829,100
2018-10-05,overnight_vol_20,0.13446144614461444,100
2018-10-05,downside_vol_20,0.037647764776477646,100
2018-10-05,volume_zscore_20,-0.16804080408040803,100
2018-10-05,volume_trend_5_20,-0.0781998199819982,100
2018-10-05,amihud_illiq_20,-0.19426342634263424,100
2018-10-05,signed_volume_pressure_20,0.258049804980498,100
2018-10-05,volume_cv_20,-0.1843264326432643,100
2018-10-05,return_volume_corr_20,0.061050105010501045,100
2018-10-05,close_location_value,0.09094509450945093,100
2018-10-05,body_range_ratio,0.059238634731355565,100
2018-10-05,gap_followthrough_20,0.000984098409840984,100
2018-10-05,cs_rank_ret20,0.04318031803180317,100
2018-10-05,cs_rank_ret60,0.19578757875787578,100
2018-10-05,cs_rank_vol20,0.05864986498649864,100
2018-10-05,cs_rank_amihud20,-0.19426342634263424,100
2018-10-05,return_autocorr_20,0.019261926192619263,100
2018-10-05,revenue_growth_yoy,0.13405724658213916,58
2018-10-05,gross_margin_change_yoy,-0.09566570578892973,49
2018-10-05,operating_profitability,0.10537845071931018,73
2018-10-05,cashflow_to_assets,0.20182932453194644,71
2018-10-05,debt_to_assets,-0.025677030539544652,51
2018-10-05,asset_growth_yoy,0.005950801438675686,81
2018-10-12,ret_1d,-0.08485474003860587,100
2018-10-12,ret_5d,0.2805880588058806,100
2018-10-12,ret_20d,0.09016501650165015,100
2018-10-12,ret_60d,-0.011137113711371134,100
2018-10-12,ret_120d,0.08423642364236424,100
2018-10-12,momentum_20_5,-0.07457545754575458,100
2018-10-12,overnight_gap,-0.374017401740174,100
2018-10-12,intraday_return,0.017197719771977194,100
2018-10-12,ema20_distance,0.21696969696969695,100
2018-10-12,ema60_distance,0.12002400240024003,100
2018-10-12,ema20_60_spread,-0.010465046504650462,100
2018-10-12,rsi14_centered,0.1006300630063006,100
2018-10-12,macd_hist_atr,0.24310831083108309,100
2018-10-12,breakout_position_60,-0.05418541854185418,100
2018-10-12,trend_r2_20,-0.09268526852685266,100
2018-10-12,realized_vol_5,-0.32350435043504344,100
2018-10-12,realized_vol_20,-0.2717071707170717,100
2018-10-12,vol_ratio_5_20,-0.06076207620762076,100
2018-10-12,parkinson_vol_20,-0.23546354635463543,100
2018-10-12,overnight_vol_20,-0.22425442544254423,100
2018-10-12,downside_vol_20,-0.2211341134113411,100
2018-10-12,volume_zscore_20,-0.0141014101410141,100
2018-10-12,volume_trend_5_20,-0.17960996099609958,100
2018-10-12,amihud_illiq_20,-0.16570057005700567,100
2018-10-12,signed_volume_pressure_20,0.05258925892589258,100
2018-10-12,volume_cv_20,-0.12486048604860484,100
2018-10-12,return_volume_corr_20,-0.008952895289528954,100
2018-10-12,close_location_value,0.13488148814881487,100
2018-10-12,body_range_ratio,0.01789378937893789,100
2018-10-12,gap_followthrough_20,-0.05792979297929792,100
2018-10-12,cs_rank_ret20,0.09016501650165015,100
2018-10-12,cs_rank_ret60,-0.011137113711371134,100
2018-10-12,cs_rank_vol20,-0.2717071707170717,100
2018-10-12,cs_rank_amihud20,-0.16570057005700567,100
2018-10-12,return_autocorr_20,-0.10936693669366936,100
2018-10-12,revenue_growth_yoy,-0.11172462588029587,58
2018-10-12,gross_margin_change_yoy,-0.0714814153654883,49
2018-10-12,operating_profitability,0.0236488310573419,73
2018-10-12,cashflow_to_assets,0.10005547025429638,72
2018-10-12,debt_to_assets,0.14586545920259847,51
2018-10-12,asset_growth_yoy,-0.21783094981687415,81
2018-10-19,ret_1d,-0.01068106810681068,100
2018-10-19,ret_5d,0.17515751575157515,100
2018-10-19,ret_20d,0.3473267326732673,100
2018-10-19,ret_60d,0.20829282928292828,100
2018-10-19,ret_120d,0.15990399039903988,100
2018-10-19,momentum_20_5,0.34736273627362735,100
2018-10-19,overnight_gap,-0.03732373237323732,100
2018-10-19,intraday_return,0.034791479147914785,100
2018-10-19,ema20_distance,0.2627662766276627,100
2018-10-19,ema60_distance,0.233039303930393,100
2018-10-19,ema20_60_spread,0.25059705970597057,100
2018-10-19,rsi14_centered,0.2781638163816382,100
2018-10-19,macd_hist_atr,0.16705670567056705,100
2018-10-19,breakout_position_60,0.23350735073507348,100
2018-10-19,trend_r2_20,-0.18755475547554754,100
2018-10-19,realized_vol_5,0.10504650465046504,100
2018-10-19,realized_vol_20,-0.10965496549654964,100
2018-10-19,vol_ratio_5_20,0.2389198919891989,100
2018-10-19,parkinson_vol_20,-0.09946594659465946,100
2018-10-19,overnight_vol_20,0.15205520552055204,100
2018-10-19,downside_vol_20,-0.2441404140414041,100
2018-10-19,volume_zscore_20,-0.13324932493249322,100
2018-10-19,volume_trend_5_20,-0.0025202520252025204,100
2018-10-19,amihud_illiq_20,0.21568556855685567,100
2018-10-19,signed_volume_pressure_20,0.35578757875787576,100
2018-10-19,volume_cv_20,0.06999099909990998,100
2018-10-19,return_volume_corr_20,0.30247824782478244,100
2018-10-19,close_location_value,0.1256045604560456,100
2018-10-19,body_range_ratio,0.10405040504050403,100
2018-10-19,gap_followthrough_20,-0.06907890789078906,100
2018-10-19,cs_rank_ret20,0.3473267326732673,100
2018-10-19,cs_rank_ret60,0.20829282928292828,100
2018-10-19,cs_rank_vol20,-0.10965496549654964,100
2018-10-19,cs_rank_amihud20,0.21568556855685567,100
2018-10-19,return_autocorr_20,-0.06126612661266126,100
2018-10-19,revenue_growth_yoy,-0.04538348018427449,59
2018-10-19,gross_margin_change_yoy,-0.25210689339543724,50
2018-10-19,operating_profitability,-0.04348051448112152,74
2018-10-19,cashflow_to_assets,-0.0032549924025434707,73
2018-10-19,debt_to_assets,0.18386021867822097,51
2018-10-19,asset_growth_yoy,0.014013177581397585,81
2018-10-26,ret_1d,0.1503270327032703,100
2018-10-26,ret_5d,0.2797599759975997,100
2018-10-26,ret_20d,-0.05603360336033603,100
2018-10-26,ret_60d,0.012205220522052205,100
2018-10-26,ret_120d,0.09838583858385838,100
2018-10-26,momentum_20_5,-0.2152655265526552,100
2018-10-26,overnight_gap,-0.07848208365496966,100
2018-10-26,intraday_return,0.24585658565856583,100
2018-10-26,ema20_distance,0.13248124812481246,100
2018-10-26,ema60_distance,0.09719771977197719,100
2018-10-26,ema20_60_spread,0.03674767476747674,100
2018-10-26,rsi14_centered,0.16529252925292526,100
2018-10-26,macd_hist_atr,0.12998499849984996,100
2018-10-26,breakout_position_60,0.21196519651965195,100
2018-10-26,trend_r2_20,-0.02879087908790879,100
2018-10-26,realized_vol_5,-0.07439543954395439,100
2018-10-26,realized_vol_20,0.0974017401740174,100
2018-10-26,vol_ratio_5_20,-0.1851065106510651,100
2018-10-26,parkinson_vol_20,0.17296129612961295,100
2018-10-26,overnight_vol_20,0.15637563756375636,100
2018-10-26,downside_vol_20,0.03971197119711971,100
2018-10-26,volume_zscore_20,-0.0954095409540954,100
2018-10-26,volume_trend_5_20,-0.17869786978697869,100
2018-10-26,amihud_illiq_20,0.2509450945094509,100
2018-10-26,signed_volume_pressure_20,-0.08632463246324631,100
2018-10-26,volume_cv_20,0.24133213321332128,100
2018-10-26,return_volume_corr_20,0.04519651965196519,100
2018-10-26,close_location_value,0.2069366936693669,100
2018-10-26,body_range_ratio,0.27894389438943895,100
2018-10-26,gap_followthrough_20,-0.08546054605460546,100
2018-10-26,cs_rank_ret20,-0.05603360336033603,100
2018-10-26,cs_rank_ret60,0.012205220522052205,100
2018-10-26,cs_rank_vol20,0.0974017401740174,100
2018-10-26,cs_rank_amihud20,0.2509450945094509,100
2018-10-26,return_autocorr_20,0.08932493249324931,100
2018-10-26,revenue_growth_yoy,0.0467569660623562,59
2018-10-26,gross_margin_change_yoy,-0.08302720355823066,50
2018-10-26,operating_profitability,-0.14406622781755796,74
2018-10-26,cashflow_to_assets,-0.3456154018321512,73
2018-10-26,debt_to_assets,0.28481724073556325,52
2018-10-26,asset_growth_yoy,0.01062562458025393,81
2018-11-02,ret_1d,-0.15165916591659162,100
2018-11-02,ret_5d,0.07800780078007799,100
2018-11-02,ret_20d,0.024086408640864084,100
2018-11-02,ret_60d,-0.02125412541254125,100
2018-11-02,ret_120d,0.08877287728772876,100
2018-11-02,momentum_20_5,-0.06018601860186018,100
2018-11-02,overnight_gap,0.11464884067841162,100
2018-11-02,intraday_return,-0.21846984698469846,100
2018-11-02,ema20_distance,0.004644464446444644,100
2018-11-02,ema60_distance,0.005364536453645364,100
2018-11-02,ema20_60_spread,-0.009312931293129312,100
2018-11-02,rsi14_centered,0.026978697869786974,100
2018-11-02,macd_hist_atr,0.12750075007500747,100
2018-11-02,breakout_position_60,-0.020162016201620163,100
2018-11-02,trend_r2_20,-0.01963396339633963,100
2018-11-02,realized_vol_5,0.13976597659765974,100
2018-11-02,realized_vol_20,-0.0198019801980198,100
2018-11-02,vol_ratio_5_20,0.12586858685868588,100
2018-11-02,parkinson_vol_20,-0.09923792379237922,100
2018-11-02,overnight_vol_20,-0.016669666966696667,100
2018-11-02,downside_vol_20,-0.01006900690069007,100
2018-11-02,volume_zscore_20,0.19329132913291328,100
2018-11-02,volume_trend_5_20,0.34157815781578155,100
2018-11-02,amihud_illiq_20,-0.3137593759375937,100
2018-11-02,signed_volume_pressure_20,0.0992259225922592,100
2018-11-02,volume_cv_20,-0.06070207020702069,100
2018-11-02,return_volume_corr_20,-0.09233723372337233,100
2018-11-02,close_location_value,-0.1686168616861686,100
2018-11-02,body_range_ratio,-0.22681068106810678,100
2018-11-02,gap_followthrough_20,0.19989198919891984,100
2018-11-02,cs_rank_ret20,0.024086408640864084,100
2018-11-02,cs_rank_ret60,-0.02125412541254125,100
2018-11-02,cs_rank_vol20,-0.0198019801980198,100
2018-11-02,cs_rank_amihud20,-0.3137593759375937,100
2018-11-02,return_autocorr_20,0.04948094809480948,100
2018-11-02,revenue_growth_yoy,0.13995748761405705,60
2018-11-02,gross_margin_change_yoy,-0.04185615060235518,51
2018-11-02,operating_profitability,0.19093810395269062,74
2018-11-02,cashflow_to_assets,0.22027505457781146,73
2018-11-02,debt_to_assets,0.21488386394178538,52
2018-11-02,asset_growth_yoy,0.06728809444605012,81
2018-11-09,ret_1d,0.05434759780281828,100
2018-11-09,ret_5d,-0.01927398522056446,100
2018-11-09,ret_20d,-0.12595297315680198,100
2018-11-09,ret_60d,-0.05675384564635699,100
2018-11-09,ret_120d,-0.028124896864503614,100
2018-11-09,momentum_20_5,-0.13750416292940054,100
2018-11-09,overnight_gap,-0.00961301898001188,100
2018-11-09,intraday_return,-0.0034323535324292873,100
2018-11-09,ema20_distance,-0.05509167444271553,100
2018-11-09,ema60_distance,-0.04510664598473943,100
2018-11-09,ema20_60_spread,-0.058091983474559315,100
2018-11-09,rsi14_centered,-0.04245437280058952,100
2018-11-09,macd_hist_atr,0.01527757359014854,100
2018-11-09,breakout_position_60,0.025640640986136966,100
2018-11-09,trend_r2_20,0.06666086606950515,100
2018-11-09,realized_vol_5,-0.09807410163290955,100
2018-11-09,realized_vol_20,-0.1414765720875617,100
2018-11-09,vol_ratio_5_20,-0.07892612939168255,100
2018-11-09,parkinson_vol_20,-0.054461609546028335,100
2018-11-09,overnight_vol_20,-0.06039022019295165,100
2018-11-09,downside_vol_20,-0.033555456212140865,100
2018-11-09,volume_zscore_20,0.06280846927261774,100
2018-11-09,volume_trend_5_20,0.044326565636460036,100
2018-11-09,amihud_illiq_20,0.007842807809239646,100
2018-11-09,signed_volume_pressure_20,-0.11168350340135295,100
2018-11-09,volume_cv_20,-0.07818805336984896,100
2018-11-09,return_volume_corr_20,-0.014743518582480346,100
2018-11-09,close_location_value,0.1028205905212864,100
2018-11-09,body_range_ratio,0.026228701556378346,100
2018-11-09,gap_followthrough_20,-0.05706587778566874,100
2018-11-09,cs_rank_ret20,-0.12595297315680198,100
2018-11-09,cs_rank_ret60,-0.05675384564635699,100
2018-11-09,cs_rank_vol20,-0.1414765720875617,100
2018-11-09,cs_rank_amihud20,0.007842807809239646,100
2018-11-09,return_autocorr_20,0.23861457730253602,100
2018-11-09,revenue_growth_yoy,-0.03475195164945857,62
2018-11-09,gross_margin_change_yoy,0.04639417006385511,55
2018-11-09,operating_profitability,-0.02944565356548457,75
2018-11-09,cashflow_to_assets,-0.0074915583261562025,76
2018-11-09,debt_to_assets,0.11440536533520901,52
2018-11-09,asset_growth_yoy,-0.052971266869830204,82
2018-11-16,ret_1d,0.14296472536735622,100
2018-11-16,ret_5d,0.13706570657065703,100
2018-11-16,ret_20d,0.2419441944194419,100
2018-11-16,ret_60d,0.24355235523552354,100
2018-11-16,ret_120d,0.29845784578457846,100
2018-11-16,momentum_20_5,0.18642664266426642,100
2018-11-16,overnight_gap,0.020906090609060905,100
2018-11-16,intraday_return,0.10453676728750108,100
2018-11-16,ema20_distance,0.2488568856885688,100
2018-11-16,ema60_distance,0.3093909390939093,100
2018-11-16,ema20_60_spread,0.2937173717371737,100
2018-11-16,rsi14_centered,0.28716471647164715,100
2018-11-16,macd_hist_atr,0.1877227722772277,100
2018-11-16,breakout_position_60,0.29095709570957096,100
2018-11-16,trend_r2_20,0.13975397539753975,100
2018-11-16,realized_vol_5,-0.14339033903390339,100
2018-11-16,realized_vol_20,-0.22319831983198318,100
2018-11-16,vol_ratio_5_20,0.04238823882388239,100
2018-11-16,parkinson_vol_20,0.0019921992199219917,100
2018-11-16,overnight_vol_20,-0.2809600960096009,100
2018-11-16,downside_vol_20,-0.288040804080408,100
2018-11-16,volume_zscore_20,-0.21305730573057302,100
2018-11-16,volume_trend_5_20,-0.19249924992499245,100
2018-11-16,amihud_illiq_20,0.0031563156315631558,100
2018-11-16,signed_volume_pressure_20,0.13354935493549352,100
2018-11-16,volume_cv_20,-0.12004800480048004,100
2018-11-16,return_volume_corr_20,0.19593159315931594,100
2018-11-16,close_location_value,0.17752175217521748,100
2018-11-16,body_range_ratio,0.0904713185462174,100
2018-11-16,gap_followthrough_20,-0.08874887488748874,100
2018-11-16,cs_rank_ret20,0.2419441944194419,100
2018-11-16,cs_rank_ret60,0.24355235523552354,100
2018-11-16,cs_rank_vol20,-0.22319831983198318,100
2018-11-16,cs_rank_amihud20,0.0031563156315631558,100
2018-11-16,return_autocorr_20,-0.12847284728472844,100
2018-11-16,revenue_growth_yoy,0.02172165084702845,63
2018-11-16,gross_margin_change_yoy,0.30714810578827983,56
2018-11-16,operating_profitability,-0.03924636732935204,75
2018-11-16,cashflow_to_assets,-0.01406708179856374,76
2018-11-16,debt_to_assets,-0.11060324527739213,52
2018-11-16,asset_growth_yoy,0.05526743977313128,82
2018-11-23,ret_1d,-0.031071107110711066,100
2018-11-23,ret_5d,-0.008784878487848783,100
2018-11-23,ret_20d,0.08493249324932492,100
2018-11-23,ret_60d,0.12448844884488448,100
2018-11-23,ret_120d,0.13716171617161715,100
2018-11-23,momentum_20_5,0.05506150615061506,100
2018-11-23,overnight_gap,0.049012901290129,100
2018-11-23,intraday_return,-0.09173717371737174,100
2018-11-23,ema20_distance,0.07273927392739274,100
2018-11-23,ema60_distance,0.1066186618661866,100
2018-11-23,ema20_60_spread,0.11447944794479448,100
2018-11-23,rsi14_centered,0.08429642964296429,100
2018-11-23,macd_hist_atr,0.00606060606060606,100
2018-11-23,breakout_position_60,0.13072907290729072,100
2018-11-23,trend_r2_20,0.07656765676567655,100
2018-11-23,realized_vol_5,-0.13369336933693368,100
2018-11-23,realized_vol_20,-0.04678067806780677,100
2018-11-23,vol_ratio_5_20,-0.11752775277527752,100
2018-11-23,parkinson_vol_20,-0.08264026402640262,100
2018-11-23,overnight_vol_20,-0.09957395739573957,100
2018-11-23,downside_vol_20,-0.08770477047704771,100
2018-11-23,volume_zscore_20,-0.32193219321932187,100
2018-11-23,volume_trend_5_20,-0.09374137413741374,100
2018-11-23,amihud_illiq_20,-0.16027602760276025,100
2018-11-23,signed_volume_pressure_20,0.04787278727872786,100
2018-11-23,volume_cv_20,-0.33639363936393635,100
2018-11-23,return_volume_corr_20,0.09159315931593158,100
2018-11-23,close_location_value,-0.08246024602460245,100
2018-11-23,body_range_ratio,-0.05303330333033302,100
2018-11-23,gap_followthrough_20,0.18807080708070803,100
2018-11-23,cs_rank_ret20,0.08493249324932492,100
2018-11-23,cs_rank_ret60,0.12448844884488448,100
2018-11-23,cs_rank_vol20,-0.04678067806780677,100
2018-11-23,cs_rank_amihud20,-0.16027602760276025,100
2018-11-23,return_autocorr_20,-0.050681068106810674,100
2018-11-23,revenue_growth_yoy,0.16572991908044454,64
2018-11-23,gross_margin_change_yoy,-0.10322308827982601,57
2018-11-23,operating_profitability,0.14724144553320878,75
2018-11-23,cashflow_to_assets,0.22566114601447193,76
2018-11-23,debt_to_assets,-0.15011966160863496,52
2018-11-23,asset_growth_yoy,0.20359053335884084,82
2018-11-30,ret_1d,0.05748574857485748,100
2018-11-30,ret_5d,0.1629162916291629,100
2018-11-30,ret_20d,0.3098589858985898,100
2018-11-30,ret_60d,0.15227122712271224,100
2018-11-30,ret_120d,0.032607260726072604,100
2018-11-30,momentum_20_5,0.2502850285028502,100
2018-11-30,overnight_gap,0.10141918453963472,100
2018-11-30,intraday_return,0.0245064506450645,100
2018-11-30,ema20_distance,0.3242604260426042,100
2018-11-30,ema60_distance,0.21486948694869484,100
2018-11-30,ema20_60_spread,0.1007140714071407,100
2018-11-30,rsi14_centered,0.2685388538853885,100
2018-11-30,macd_hist_atr,0.24438043804380435,100
2018-11-30,breakout_position_60,0.16908490849084906,100
2018-11-30,trend_r2_20,-0.019405940594059406,100
2018-11-30,realized_vol_5,0.0045004500450045,100
2018-11-30,realized_vol_20,-0.1465466546654665,100
2018-11-30,vol_ratio_5_20,0.12183618361836182,100
2018-11-30,parkinson_vol_20,-0.025322532253225317,100
2018-11-30,overnight_vol_20,-0.09466546654665466,100
2018-11-30,downside_vol_20,-0.24616861686168612,100
2018-11-30,volume_zscore_20,-0.09626162616261624,100
2018-11-30,volume_trend_5_20,-0.0053165316531653154,100
2018-11-30,amihud_illiq_20,0.3226522652265226,100
2018-11-30,signed_volume_pressure_20,0.11013501350135012,100
2018-11-30,volume_cv_20,0.10538253825382536,100
2018-11-30,return_volume_corr_20,0.1334173417341734,100
2018-11-30,close_location_value,0.041476147614761476,100
2018-11-30,body_range_ratio,0.0,100
2018-11-30,gap_followthrough_20,-0.21539753975397535,100
2018-11-30,cs_rank_ret20,0.3098589858985898,100
2018-11-30,cs_rank_ret60,0.15227122712271224,100
2018-11-30,cs_rank_vol20,-0.1465466546654665,100
2018-11-30,cs_rank_amihud20,0.3226522652265226,100
2018-11-30,return_autocorr_20,-0.12088808880888088,100
2018-11-30,revenue_growth_yoy,-0.11284469832124758,64
2018-11-30,gross_margin_change_yoy,0.11657565103376268,57
2018-11-30,operating_profitability,-0.16763988364494883,75
2018-11-30,cashflow_to_assets,-0.24802630230451111,76
2018-11-30,debt_to_assets,0.10368759290312173,53
2018-11-30,asset_growth_yoy,-0.03966021081789886,82
2018-12-07,ret_1d,-0.01993399339933993,100
2018-12-07,ret_5d,0.05154515451545154,100
2018-12-07,ret_20d,-0.04025202520252025,100
2018-12-07,ret_60d,-0.06309030903090308,100
2018-12-07,ret_120d,-0.046240624062406234,100
2018-12-07,momentum_20_5,-0.09477347734773477,100
2018-12-07,overnight_gap,0.023966684270364077,100
2018-12-07,intraday_return,-0.005064506450645064,100
2018-12-07,ema20_distance,-0.02334233423342334,100
2018-12-07,ema60_distance,-0.08326432643264325,100
2018-12-07,ema20_60_spread,-0.12297629762976298,100
2018-12-07,rsi14_centered,-0.05585358535853585,100
2018-12-07,macd_hist_atr,0.09641764176417641,100
2018-12-07,breakout_position_60,-0.08022802280228021,100
2018-12-07,trend_r2_20,-0.020546054605460544,100
2018-12-07,realized_vol_5,-0.03831983198319831,100
2018-12-07,realized_vol_20,-0.028130813081308128,100
2018-12-07,vol_ratio_5_20,-0.005232523252325231,100
2018-12-07,parkinson_vol_20,-0.043552355235523546,100
2018-12-07,overnight_vol_20,-0.012961296129612962,100
2018-12-07,downside_vol_20,0.018841884188418843,100
2018-12-07,volume_zscore_20,-0.012457245724572456,100
2018-12-07,volume_trend_5_20,0.014173417341734173,100
2018-12-07,amihud_illiq_20,0.06557455745574557,100
2018-12-07,signed_volume_pressure_20,-0.03223522352235223,100
2018-12-07,volume_cv_20,-0.00054005400540054,100
2018-12-07,return_volume_corr_20,-0.13338133813381337,100
2018-12-07,close_location_value,0.005628562856285628,100
2018-12-07,body_range_ratio,-0.014389438943894389,100
2018-12-07,gap_followthrough_20,0.011773177317731772,100
2018-12-07,cs_rank_ret20,-0.04025202520252025,100
2018-12-07,cs_rank_ret60,-0.06309030903090308,100
2018-12-07,cs_rank_vol20,-0.028130813081308128,100
2018-12-07,cs_rank_amihud20,0.06557455745574557,100
2018-12-07,return_autocorr_20,-0.08848484848484847,100
2018-12-07,revenue_growth_yoy,0.14948336074618032,63
2018-12-07,gross_margin_change_yoy,0.0019379546890029296,58
2018-12-07,operating_profitability,0.25190790831297405,75
2018-12-07,cashflow_to_assets,0.15527995215614937,77
2018-12-07,debt_to_assets,0.06326153528097077,53
2018-12-07,asset_growth_yoy,0.20128318849237692,82
2018-12-14,ret_1d,0.2643264326432643,100
2018-12-14,ret_5d,0.2985658565856585,100
2018-12-14,ret_20d,-0.011017101710171015,100
2018-12-14,ret_60d,0.12429642964296428,100
2018-12-14,ret_120d,0.2008400840084008,100
2018-12-14,momentum_20_5,-0.16321632163216318,100
2018-12-14,overnight_gap,-0.017077707770777075,100
2018-12-14,intraday_return,0.24438043804380435,100
2018-12-14,ema20_distance,0.12356435643564355,100
2018-12-14,ema60_distance,0.09053705370537053,100
2018-12-14,ema20_60_spread,0.0653105310531053,100
2018-12-14,rsi14_centered,0.08056405640564056,100
2018-12-14,macd_hist_atr,0.08872487248724871,100
2018-12-14,breakout_position_60,0.09158115811581156,100
2018-12-14,trend_r2_20,0.037815781578157806,100
2018-12-14,realized_vol_5,-0.1693249324932493,100
2018-12-14,realized_vol_20,-0.17444944494449444,100
2018-12-14,vol_ratio_5_20,-0.015217521752175217,100
2018-12-14,parkinson_vol_20,-0.24338433843384336,100
2018-12-14,overnight_vol_20,-0.017905790579057907,100
2018-12-14,downside_vol_20,-0.12523252325232523,100
2018-12-14,volume_zscore_20,-0.006744674467446744,100
2018-12-14,volume_trend_5_20,-0.1272367236723672,100
2018-12-14,amihud_illiq_20,-0.18001800180018002,100
2018-12-14,signed_volume_pressure_20,-0.020774077407740774,100
2018-12-14,volume_cv_20,0.06013801380138013,100
2018-12-14,return_volume_corr_20,-0.0989138913891389,100
2018-12-14,close_location_value,0.11705970597059706,100
2018-12-14,body_range_ratio,0.1708250825082508,100
2018-12-14,gap_followthrough_20,-0.01255325532553255,100
2018-12-14,cs_rank_ret20,-0.011017101710171015,100
2018-12-14,cs_rank_ret60,0.12429642964296428,100
2018-12-14,cs_rank_vol20,-0.17444944494449444,100
2018-12-14,cs_rank_amihud20,-0.18001800180018002,100
2018-12-14,return_autocorr_20,-0.06306630663066305,100
2018-12-14,revenue_growth_yoy,0.22916941689218526,63
2018-12-14,gross_margin_change_yoy,-0.0207638002393171,58
2018-12-14,operating_profitability,0.40367285685840965,75
2018-12-14,cashflow_to_assets,0.21959763656316186,77
2018-12-14,debt_to_assets,0.029371427094736422,53
2018-12-14,asset_growth_yoy,0.14271798695255428,82
2018-12-21,ret_1d,0.04332433243324332,100
2018-12-21,ret_5d,0.07305130513051304,100
2018-12-21,ret_20d,0.11207920792079207,100
2018-12-21,ret_60d,-0.058673867386738666,100
2018-12-21,ret_120d,-0.15485148514851482,100
2018-12-21,momentum_20_5,0.04408040804080408,100
2018-12-21,overnight_gap,0.08214821482148213,100
2018-12-21,intraday_return,0.010225022502250224,100
2018-12-21,ema20_distance,0.06415841584158416,100
2018-12-21,ema60_distance,0.01134113411341134,100
2018-12-21,ema20_60_spread,-0.0978097809780978,100
2018-12-21,rsi14_centered,0.09404140414041404,100
2018-12-21,macd_hist_atr,0.11797179717971797,100
2018-12-21,breakout_position_60,0.028610946927662306,100
2018-12-21,trend_r2_20,-0.13401740174017399,100
2018-12-21,realized_vol_5,0.12025202520252024,100
2018-12-21,realized_vol_20,0.23815181518151812,100
2018-12-21,vol_ratio_5_20,-0.018925892589258923,100
2018-12-21,parkinson_vol_20,0.21938193819381938,100
2018-12-21,overnight_vol_20,0.13113711371137113,100
2018-12-21,downside_vol_20,0.10237023702370235,100
2018-12-21,volume_zscore_20,0.11494749474947494,100
2018-12-21,volume_trend_5_20,0.09954995499549953,100
2018-12-21,amihud_illiq_20,0.3211761176117611,100
2018-12-21,signed_volume_pressure_20,0.19793579357935792,100
2018-12-21,volume_cv_20,0.4155415541554155,100
2018-12-21,return_volume_corr_20,-0.06148214821482148,100
2018-12-21,close_location_value,0.15180318031803178,100
2018-12-21,body_range_ratio,0.02125412541254125,100
2018-12-21,gap_followthrough_20,-0.01887788778877888,100
2018-12-21,cs_rank_ret20,0.11207920792079207,100
2018-12-21,cs_rank_ret60,-0.058673867386738666,100
2018-12-21,cs_rank_vol20,0.23815181518151812,100
2018-12-21,cs_rank_amihud20,0.3211761176117611,100
2018-12-21,return_autocorr_20,0.03779177917791779,100
2018-12-21,revenue_growth_yoy,0.13945059825550862,63
2018-12-21,gross_margin_change_yoy,0.13224233663529514,58
2018-12-21,operating_profitability,-0.20603275983991845,75
2018-12-21,cashflow_to_assets,-0.27175634731873627,77
2018-12-21,debt_to_assets,-0.013757770108935606,53
2018-12-21,asset_growth_yoy,0.046418989884286124,82
2018-12-28,ret_1d,-0.017113916759909448,100
2018-12-28,ret_5d,-0.06427842784278427,100
2018-12-28,ret_20d,-0.16703270327032702,100
2018-12-28,ret_60d,-0.29662166216621655,100
2018-12-28,ret_120d,-0.297017701770177,100
2018-12-28,momentum_20_5,-0.1666126612661266,100
2018-12-28,overnight_gap,0.16357635763576356,100
2018-12-28,intraday_return,-0.11530753075307529,100
2018-12-28,ema20_distance,-0.1595919591959196,100
2018-12-28,ema60_distance,-0.24558055805580556,100
2018-12-28,ema20_60_spread,-0.261014101410141,100
2018-12-28,rsi14_centered,-0.12416441644164417,100
2018-12-28,macd_hist_atr,0.049864986498649864,100
2018-12-28,breakout_position_60,-0.2067086708670867,100
2018-12-28,trend_r2_20,0.18142214221422143,100
2018-12-28,realized_vol_5,-0.020390039003900386,100
2018-12-28,realized_vol_20,0.050057005700570055,100
2018-12-28,vol_ratio_5_20,-0.0527092709270927,100
2018-12-28,parkinson_vol_20,0.19284728472847282,100
2018-12-28,overnight_vol_20,0.1877347734773477,100
2018-12-28,downside_vol_20,0.07636363636363636,100
2018-12-28,volume_zscore_20,0.015313531353135313,100
2018-12-28,volume_trend_5_20,0.07132313231323131,100
2018-12-28,amihud_illiq_20,0.18865886588658864,100
2018-12-28,signed_volume_pressure_20,-0.1089108910891089,100
2018-12-28,volume_cv_20,0.0023642364236423643,100
2018-12-28,return_volume_corr_20,0.0637143714371437,100
2018-12-28,close_location_value,0.020120072367544404,100
2018-12-28,body_range_ratio,-0.08684068406840684,100
2018-12-28,gap_followthrough_20,-0.18268226822682268,100
2018-12-28,cs_rank_ret20,-0.16703270327032702,100
2018-12-28,cs_rank_ret60,-0.29662166216621655,100
2018-12-28,cs_rank_vol20,0.050057005700570055,100
2018-12-28,cs_rank_amihud20,0.18865886588658864,100
2018-12-28,return_autocorr_20,0.016357635763576354,100
2018-12-28,revenue_growth_yoy,-0.22278493167084873,63
2018-12-28,gross_margin_change_yoy,-0.07108909978231381,58
2018-12-28,operating_profitability,-0.06543432030265292,75
2018-12-28,cashflow_to_assets,-0.18736649775956601,77
2018-12-28,debt_to_assets,-0.028040029987420074,53
2018-12-28,asset_growth_yoy,-0.10078308237479237,82
2019-01-04,ret_1d,0.06192619261926192,100
2019-01-04,ret_5d,0.1798379837983798,100
2019-01-04,ret_20d,-0.12266426642664265,100
2019-01-04,ret_60d,-0.015685568556855684,100
2019-01-04,ret_120d,-0.13788178817881788,100
2019-01-04,momentum_20_5,-0.2238103810381038,100
2019-01-04,overnight_gap,-0.02022202220222022,100
2019-01-04,intraday_return,0.09339333933393339,100
2019-01-04,ema20_distance,-0.033867386738673864,100
2019-01-04,ema60_distance,-0.04,100
2019-01-04,ema20_60_spread,-0.08825682568256825,100
2019-01-04,rsi14_centered,-0.012193219321932191,100
2019-01-04,macd_hist_atr,0.04265226522652264,100
2019-01-04,breakout_position_60,-0.04345634563456345,100
2019-01-04,trend_r2_20,0.0012721272127212719,100
2019-01-04,realized_vol_5,0.08841284128412841,100
2019-01-04,realized_vol_20,0.12758475847584758,100
2019-01-04,vol_ratio_5_20,0.0631983198319832,100
2019-01-04,parkinson_vol_20,0.049528952895289524,100
2019-01-04,overnight_vol_20,0.13308130813081306,100
2019-01-04,downside_vol_20,0.14125412541254123,100
2019-01-04,volume_zscore_20,0.14255025502550253,100
2019-01-04,volume_trend_5_20,0.19225922592259226,100
2019-01-04,amihud_illiq_20,0.08783678367836784,100
2019-01-04,signed_volume_pressure_20,-0.07134713471347134,100
2019-01-04,volume_cv_20,-0.030747074707470744,100
2019-01-04,return_volume_corr_20,-0.10885088508850883,100
2019-01-04,close_location_value,-0.018697869786978696,100
2019-01-04,body_range_ratio,0.039027902790279026,100
2019-01-04,gap_followthrough_20,0.023402340234023402,100
2019-01-04,cs_rank_ret20,-0.12266426642664265,100
2019-01-04,cs_rank_ret60,-0.015685568556855684,100
2019-01-04,cs_rank_vol20,0.12758475847584758,100
2019-01-04,cs_rank_amihud20,0.08783678367836784,100
2019-01-04,return_autocorr_20,0.1775097509750975,100
2019-01-04,revenue_growth_yoy,0.08191822579105867,63
2019-01-04,gross_margin_change_yoy,-0.022886322041558407,58
2019-01-04,operating_profitability,-0.08458097141729876,75
2019-01-04,cashflow_to_assets,0.17499720672604896,77
2019-01-04,debt_to_assets,-0.09634473612943761,53
2019-01-04,asset_growth_yoy,-0.0771001463869362,82
2019-01-11,ret_1d,-0.015464010328302387,100
2019-01-11,ret_5d,0.05134867535090552,100
2019-01-11,ret_20d,-0.05606528851273932,100
2019-01-11,ret_60d,0.02153079901356188,100
2019-01-11,ret_120d,-0.19608749146214094,100
2019-01-11,momentum_20_5,-0.1554442078169752,100
2019-01-11,overnight_gap,-0.08807945036818876,100
2019-01-11,intraday_return,-0.008041045339513078,100
2019-01-11,ema20_distance,0.01845839960025539,100
2019-01-11,ema60_distance,-0.03823097004331181,100
2019-01-11,ema20_60_spread,-0.07218938465249426,100
2019-01-11,rsi14_centered,-0.025677338065504825,100
2019-01-11,macd_hist_atr,0.04743016594291893,100
2019-01-11,breakout_position_60,-0.008407092925864047,100
2019-01-11,trend_r2_20,-0.07480572477788808,100
2019-01-11,realized_vol_5,0.2334783522908767,100
2019-01-11,realized_vol_20,0.2564193346289054,100
2019-01-11,vol_ratio_5_20,0.1206756878937373,100
2019-01-11,parkinson_vol_20,0.22223889115587078,100
2019-01-11,overnight_vol_20,0.03664076331572153,100
2019-01-11,downside_vol_20,0.1978637223729587,100
2019-01-11,volume_zscore_20,-0.07896426539003923,100
2019-01-11,volume_trend_5_20,0.08245671941063373,100
2019-01-11,amihud_illiq_20,-0.06194005223466715,100
2019-01-11,signed_volume_pressure_20,-0.2208587117319245,100
2019-01-11,volume_cv_20,-0.004470581177565107,100
2019-01-11,return_volume_corr_20,-0.06608059050650598,100
2019-01-11,close_location_value,-0.06873893609262857,100
2019-01-11,body_range_ratio,-0.028515707054750858,100
2019-01-11,gap_followthrough_20,0.047298148780628414,100
2019-01-11,cs_rank_ret20,-0.05606528851273932,100
2019-01-11,cs_rank_ret60,0.02153079901356188,100
2019-01-11,cs_rank_vol20,0.2564193346289054,100
2019-01-11,cs_rank_amihud20,-0.06194005223466715,100
2019-01-11,return_autocorr_20,-0.01924450179389436,100
2019-01-11,revenue_growth_yoy,0.2608883503245169,63
2019-01-11,gross_margin_change_yoy,-0.18279421058330572,58
2019-01-11,operating_profitability,0.24464074880154765,75
2019-01-11,cashflow_to_assets,0.18838360273664126,77
2019-01-11,debt_to_assets,0.12491177388819863,53
2019-01-11,asset_growth_yoy,0.12020222360478032,82
2019-01-18,ret_1d,0.2590776802150281,100
2019-01-18,ret_5d,0.00918091809180918,100
2019-01-18,ret_20d,0.11847584758475846,100
2019-01-18,ret_60d,-0.3169276927692769,100
2019-01-18,ret_120d,-0.40668466846684664,100
2019-01-18,momentum_20_5,0.14403840384038402,100
2019-01-18,overnight_gap,0.2108254073978455,100
2019-01-18,intraday_return,0.15602028270697016,100
2019-01-18,ema20_distance,-0.018385838583858383,100
2019-01-18,ema60_distance,-0.24118811881188118,100
2019-01-18,ema20_60_spread,-0.34640264026402634,100
2019-01-18,rsi14_centered,-0.1161116111611161,100
2019-01-18,macd_hist_atr,0.08706870687068706,100
2019-01-18,breakout_position_60,-0.24151215121512146,100
2019-01-18,trend_r2_20,0.001956195619561956,100
2019-01-18,realized_vol_5,0.14846684668466847,100
2019-01-18,realized_vol_20,0.12024002400240023,100
2019-01-18,vol_ratio_5_20,0.13264926492649262,100
2019-01-18,parkinson_vol_20,0.09557755775577557,100
2019-01-18,overnight_vol_20,0.3493069306930693,100
2019-01-18,downside_vol_20,0.04858085808580858,100
2019-01-18,volume_zscore_20,0.016225622562256223,100
2019-01-18,volume_trend_5_20,-0.043240324032403236,100
2019-01-18,amihud_illiq_20,0.08642064206420641,100
2019-01-18,signed_volume_pressure_20,-0.025778577857785773,100
2019-01-18,volume_cv_20,0.24597659765976596,100
2019-01-18,return_volume_corr_20,-0.1333333333333333,100
2019-01-18,close_location_value,0.04924092409240924,100
2019-01-18,body_range_ratio,0.1099702961879975,100
2019-01-18,gap_followthrough_20,-0.2223582358235823,100
2019-01-18,cs_rank_ret20,0.11847584758475846,100
2019-01-18,cs_rank_ret60,-0.3169276927692769,100
2019-01-18,cs_rank_vol20,0.12024002400240023,100
2019-01-18,cs_rank_amihud20,0.08642064206420641,100
2019-01-18,return_autocorr_20,-0.012925292529252922,100
2019-01-18,revenue_growth_yoy,-0.08199023126347976,63
2019-01-18,gross_margin_change_yoy,-0.0437424058374947,58
2019-01-18,operating_profitability,0.1218358594330918,75
2019-01-18,cashflow_to_assets,-0.055497499196077424,77
2019-01-18,debt_to_assets,-0.12252887923999248,53
2019-01-18,asset_growth_yoy,-0.024227121097871257,82
2019-01-25,ret_1d,0.07169538462493902,100
2019-01-25,ret_5d,0.0722112211221122,100
2019-01-25,ret_20d,0.07263126312631263,100
2019-01-25,ret_60d,0.19793579357935792,100
2019-01-25,ret_120d,0.1522232223222322,100
2019-01-25,momentum_20_5,0.055229522952295225,100
2019-01-25,overnight_gap,-0.05822982298229823,100
2019-01-25,intraday_return,0.09735373537353735,100
2019-01-25,ema20_distance,0.10299429942994298,100
2019-01-25,ema60_distance,0.2175577557755775,100
2019-01-25,ema20_60_spread,0.18786678667866785,100
2019-01-25,rsi14_centered,0.12847284728472844,100
2019-01-25,macd_hist_atr,-0.0785118511851185,100
2019-01-25,breakout_position_60,0.15450345034503446,100
2019-01-25,trend_r2_20,-0.025418541854185413,100
2019-01-25,realized_vol_5,-0.0378997899789979,100
2019-01-25,realized_vol_20,0.03447944794479448,100
2019-01-25,vol_ratio_5_20,-0.11728772877287728,100
2019-01-25,parkinson_vol_20,-0.08513651365136513,100
2019-01-25,overnight_vol_20,0.2127212721272127,100
2019-01-25,downside_vol_20,-0.0022802280228022796,100
2019-01-25,volume_zscore_20,-0.14322232223222323,100
2019-01-25,volume_trend_5_20,-0.13414941494149416,100
2019-01-25,amihud_illiq_20,0.08942094209420941,100
2019-01-25,signed_volume_pressure_20,-0.003672367236723672,100
2019-01-25,volume_cv_20,0.09642964296429642,100
2019-01-25,return_volume_corr_20,0.08153615361536153,100
2019-01-25,close_location_value,0.1125112511251125,100
2019-01-25,body_range_ratio,0.10097809780978098,100
2019-01-25,gap_followthrough_20,0.13346534653465345,100
2019-01-25,cs_rank_ret20,0.07263126312631263,100
2019-01-25,cs_rank_ret60,0.19793579357935792,100
2019-01-25,cs_rank_vol20,0.03447944794479448,100
2019-01-25,cs_rank_amihud20,0.08942094209420941,100
2019-01-25,return_autocorr_20,-0.08823282328232822,100
2019-01-25,revenue_growth_yoy,-0.13285009661690883,63
2019-01-25,gross_margin_change_yoy,0.030084439457854998,58
2019-01-25,operating_profitability,-0.10375607223642401,75
2019-01-25,cashflow_to_assets,-0.07340076634554626,77
2019-01-25,debt_to_assets,0.0672557266029198,53
2019-01-25,asset_growth_yoy,0.06845848683989678,82
2019-02-01,ret_1d,-0.02117011701170117,100
2019-02-01,ret_5d,0.18855085508550853,100
2019-02-01,ret_20d,-0.03579957995799579,100
2019-02-01,ret_60d,-0.09266126612661264,100
2019-02-01,ret_120d,0.005844584458445844,100
2019-02-01,momentum_20_5,-0.16123612361236123,100
2019-02-01,overnight_gap,0.03905802297654236,100
2019-02-01,intraday_return,-0.043900390039003895,100
2019-02-01,ema20_distance,0.031803180318031796,100
2019-02-01,ema60_distance,-0.10317431743174317,100
2019-02-01,ema20_60_spread,-0.16270027002700269,100
2019-02-01,rsi14_centered,-0.04945694569456945,100
2019-02-01,macd_hist_atr,0.11330333033303329,100
2019-02-01,breakout_position_60,-0.15588358835883584,100
2019-02-01,trend_r2_20,-0.0435043504350435,100
2019-02-01,realized_vol_5,0.25219321932193217,100
2019-02-01,realized_vol_20,0.2215301530153015,100
2019-02-01,vol_ratio_5_20,0.15017101710171016,100
2019-02-01,parkinson_vol_20,0.16324032403240324,100
2019-02-01,overnight_vol_20,0.016609660966096607,100
2019-02-01,downside_vol_20,0.17797779777977796,100
2019-02-01,volume_zscore_20,0.00246024602460246,100
2019-02-01,volume_trend_5_20,0.11353135313531351,100
2019-02-01,amihud_illiq_20,-0.039687968796879684,100
2019-02-01,signed_volume_pressure_20,-0.06803480348034803,100
2019-02-01,volume_cv_20,0.03981998199819981,100
2019-02-01,return_volume_corr_20,0.06213021302130212,100
2019-02-01,close_location_value,-0.012817281728172817,100
2019-02-01,body_range_ratio,0.0006000600060005999,100
2019-02-01,gap_followthrough_20,0.023594359435943593,100
2019-02-01,cs_rank_ret20,-0.03579957995799579,100
2019-02-01,cs_rank_ret60,-0.09266126612661264,100
2019-02-01,cs_rank_vol20,0.2215301530153015,100
2019-02-01,cs_rank_amihud20,-0.039687968796879684,100
2019-02-01,return_autocorr_20,-0.04525652565256525,100
2019-02-01,revenue_growth_yoy,0.0690497475533512,62
2019-02-01,gross_margin_change_yoy,0.026700709048484806,58
2019-02-01,operating_profitability,0.3785517678030868,75
2019-02-01,cashflow_to_assets,0.15343967506295875,77
2019-02-01,debt_to_assets,-0.12764870486243635,52
2019-02-01,asset_growth_yoy,0.1196771893945159,82
2019-02-08,ret_1d,-0.26198619861986194,100
2019-02-08,ret_5d,0.000816081608160816,100
2019-02-08,ret_20d,-0.03728772877287729,100
2019-02-08,ret_60d,-0.10585058505850582,100
2019-02-08,ret_120d,-0.021542154215421536,100
2019-02-08,momentum_20_5,0.0018001800180018,100
2019-02-08,overnight_gap,-0.028106810681068104,100
2019-02-08,intraday_return,-0.1672127212721272,100
2019-02-08,ema20_distance,-0.049756975697569754,100
2019-02-08,ema60_distance,-0.034287428742874285,100
2019-02-08,ema20_60_spread,-0.010993099309930992,100
2019-02-08,rsi14_centered,-0.04169216921692169,100
2019-02-08,macd_hist_atr,-0.046300630063006304,100
2019-02-08,breakout_position_60,-0.0077527752775277525,100
2019-02-08,trend_r2_20,0.031071107110711066,100
2019-02-08,realized_vol_5,-0.13527752775277527,100
2019-02-08,realized_vol_20,-0.011473147314731471,100
2019-02-08,vol_ratio_5_20,-0.20498049804980495,100
2019-02-08,parkinson_vol_20,-0.003432343234323432,100
2019-02-08,overnight_vol_20,-0.046624662466246615,100
2019-02-08,downside_vol_20,-0.02489048904890489,100
2019-02-08,volume_zscore_20,0.03061506150615061,100
2019-02-08,volume_trend_5_20,-0.14012601260126012,100
2019-02-08,amihud_illiq_20,0.006216621662166216,100
2019-02-08,signed_volume_pressure_20,-0.0761956195619562,100
2019-02-08,volume_cv_20,-0.05834983498349834,100
2019-02-08,return_volume_corr_20,0.23356735673567355,100
2019-02-08,close_location_value,-0.11318331833183318,100
2019-02-08,body_range_ratio,-0.1229162916291629,100
2019-02-08,gap_followthrough_20,0.04736873687368736,100
2019-02-08,cs_rank_ret20,-0.03728772877287729,100
2019-02-08,cs_rank_ret60,-0.10585058505850582,100
2019-02-08,cs_rank_vol20,-0.011473147314731471,100
2019-02-08,cs_rank_amihud20,0.006216621662166216,100
2019-02-08,return_autocorr_20,-0.11986798679867985,100
2019-02-08,revenue_growth_yoy,0.20996965539746262,62
2019-02-08,gross_margin_change_yoy,0.2471353646261831,58
2019-02-08,operating_profitability,-0.04778127867317634,75
2019-02-08,cashflow_to_assets,0.02035557317595861,76
2019-02-08,debt_to_assets,-0.001324333952722733,52
2019-02-08,asset_growth_yoy,-0.038463003575865684,82
2019-02-15,ret_1d,-0.12694907575537412,100
2019-02-15,ret_5d,-0.07633963396339634,100
2019-02-15,ret_20d,0.12448844884488448,100
2019-02-15,ret_60d,0.03242724272427242,100
2019-02-15,ret_120d,0.0628022802280228,100
2019-02-15,momentum_20_5,0.2171377137713771,100
2019-02-15,overnight_gap,0.13304530453045305,100
2019-02-15,intraday_return,-0.1481068106810681,100
2019-02-15,ema20_distance,0.044440444044404434,100
2019-02-15,ema60_distance,0.05695769576957695,100
2019-02-15,ema20_60_spread,0.021854185418541852,100
2019-02-15,rsi14_centered,0.09525352535253524,100
2019-02-15,macd_hist_atr,0.19117911791179118,100
2019-02-15,breakout_position_60,0.08930093009300928,100
2019-02-15,trend_r2_20,0.14486648664866486,100
2019-02-15,realized_vol_5,-0.06633063306330632,100
2019-02-15,realized_vol_20,0.05902190219021902,100
2019-02-15,vol_ratio_5_20,-0.16788478847884786,100
2019-02-15,parkinson_vol_20,-0.001164116411641164,100
2019-02-15,overnight_vol_20,0.05262526252625262,100
2019-02-15,downside_vol_20,-0.03411941194119412,100
2019-02-15,volume_zscore_20,-0.10273027302730273,100
2019-02-15,volume_trend_5_20,-0.08937293729372936,100
2019-02-15,amihud_illiq_20,0.021698169816981694,100
2019-02-15,signed_volume_pressure_20,0.09316531653165316,100
2019-02-15,volume_cv_20,-0.003948394839483948,100
2019-02-15,return_volume_corr_20,0.16848484848484846,100
2019-02-15,close_location_value,-0.11221122112211221,100
2019-02-15,body_range_ratio,-0.14807080708070805,100
2019-02-15,gap_followthrough_20,-0.05438943894389438,100
2019-02-15,cs_rank_ret20,0.12448844884488448,100
2019-02-15,cs_rank_ret60,0.03242724272427242,100
2019-02-15,cs_rank_vol20,0.05902190219021902,100
2019-02-15,cs_rank_amihud20,0.021698169816981694,100
2019-02-15,return_autocorr_20,-0.1597119711971197,100
2019-02-15,revenue_growth_yoy,-0.025105908050819626,63
2019-02-15,gross_margin_change_yoy,-0.06659796669351338,58
2019-02-15,operating_profitability,0.25607001903714993,74
2019-02-15,cashflow_to_assets,0.19741761734991153,76
2019-02-15,debt_to_assets,0.06903092274600826,53
2019-02-15,asset_growth_yoy,0.10975671723705441,81
2019-02-22,ret_1d,0.09102937602614036,100
2019-02-22,ret_5d,0.16508900416817227,100
2019-02-22,ret_20d,0.04157828256329113,100
2019-02-22,ret_60d,-0.0807263148107888,100
2019-02-22,ret_120d,-0.05147930236837562,100
2019-02-22,momentum_20_5,0.020876150243569036,100
2019-02-22,overnight_gap,0.02789771040565402,100
2019-02-22,intraday_return,0.12120648426842512,100
2019-02-22,ema20_distance,0.03130522443825803,100
2019-02-22,ema60_distance,-0.02239430661368199,100
2019-02-22,ema20_60_spread,-0.08125436920039333,100
2019-02-22,rsi14_centered,0.07761199403573496,100
2019-02-22,macd_hist_atr,0.11020135073962212,100
2019-02-22,breakout_position_60,0.05681985244505754,100
2019-02-22,trend_r2_20,0.0824724946673219,100
2019-02-22,realized_vol_5,-0.0783620712936959,100
2019-02-22,realized_vol_20,-0.06610280858958222,100
2019-02-22,vol_ratio_5_20,-0.08308455770981803,100
2019-02-22,parkinson_vol_20,-0.03197129304332734,100
2019-02-22,overnight_vol_20,0.02980506992233613,100
2019-02-22,downside_vol_20,-0.12342671295198952,100
2019-02-22,volume_zscore_20,0.047656908661806635,100
2019-02-22,volume_trend_5_20,-0.0819864446041632,100
2019-02-22,amihud_illiq_20,0.059724151587882336,100
2019-02-22,signed_volume_pressure_20,0.08157240195776876,100
2019-02-22,volume_cv_20,-0.04919906750417435,100
2019-02-22,return_volume_corr_20,0.06014419485234046,100
2019-02-22,close_location_value,0.15858433418713497,100
2019-02-22,body_range_ratio,0.17305782495674937,100
2019-02-22,gap_followthrough_20,-0.1543658996883626,100
2019-02-22,cs_rank_ret20,0.04157828256329113,100
2019-02-22,cs_rank_ret60,-0.0807263148107888,100
2019-02-22,cs_rank_vol20,-0.06610280858958222,100
2019-02-22,cs_rank_amihud20,0.059724151587882336,100
2019-02-22,return_autocorr_20,0.08350460097427614,100
2019-02-22,revenue_growth_yoy,-0.11417667743570645,63
2019-02-22,gross_margin_change_yoy,-0.3068820794102582,57
2019-02-22,operating_profitability,-0.04522802834650719,74
2019-02-22,cashflow_to_assets,-0.08635907794726215,75
2019-02-22,debt_to_assets,-0.07876570495132325,54
2019-02-22,asset_growth_yoy,0.06945612836678206,81
2019-03-01,ret_1d,0.0008640967789014589,100
2019-03-01,ret_5d,-0.1375714080076031,100
2019-03-01,ret_20d,0.029727329463040464,100
2019-03-01,ret_60d,-0.005568623686253845,100
2019-03-01,ret_120d,-0.18039220393983096,100
2019-03-01,momentum_20_5,0.11245259469870374,100
2019-03-01,overnight_gap,0.0011641303826866877,100
2019-03-01,intraday_return,-0.007074813603851006,100
2019-03-01,ema20_distance,0.04112860640687917,100
2019-03-01,ema60_distance,-0.018698094187895455,100
2019-03-01,ema20_60_spread,-0.06159089818503176,100
2019-03-01,rsi14_centered,0.025310834815321898,100
2019-03-01,macd_hist_atr,-0.044392972016062446,100
2019-03-01,breakout_position_60,-0.05267389948053476,100
2019-03-01,trend_r2_20,0.1707551245862494,100
2019-03-01,realized_vol_5,-0.008256924776169496,100
2019-03-01,realized_vol_20,0.11814123182647168,100
2019-03-01,vol_ratio_5_20,-0.1219696606107712,100
2019-03-01,parkinson_vol_20,0.1910373962021309,100
2019-03-01,overnight_vol_20,0.08765781768189243,100
2019-03-01,downside_vol_20,0.055590226109327186,100
2019-03-01,volume_zscore_20,-0.13725937305966648,100
2019-03-01,volume_trend_5_20,-0.07478037540743042,100
2019-03-01,amihud_illiq_20,0.1257620853626165,100
2019-03-01,signed_volume_pressure_20,0.01484566271529312,100
2019-03-01,volume_cv_20,0.13057462436733158,100
2019-03-01,return_volume_corr_20,0.0008160914022958223,100
2019-03-01,close_location_value,-0.0974149104769881,100
2019-03-01,body_range_ratio,-0.013483550608866166,100
2019-03-01,gap_followthrough_20,-0.10299553550739333,100
2019-03-01,cs_rank_ret20,0.029727329463040464,100
2019-03-01,cs_rank_ret60,-0.005568623686253845,100
2019-03-01,cs_rank_vol20,0.11814123182647168,100
2019-03-01,cs_rank_amihud20,0.1257620853626165,100
2019-03-01,return_autocorr_20,-0.08616965100711771,100
2019-03-01,revenue_growth_yoy,0.11132046036300326,63
2019-03-01,gross_margin_change_yoy,0.08995369026758122,56
2019-03-01,operating_profitability,-0.02840019437479872,73
2019-03-01,cashflow_to_assets,-0.09670875531537924,73
2019-03-01,debt_to_assets,0.1376796189857792,55
2019-03-01,asset_growth_yoy,-0.0668077051564751,80
2019-03-08,ret_1d,0.20554517115355386,100
2019-03-08,ret_5d,0.04012013237381506,100
2019-03-08,ret_20d,-0.017233775078910687,100
2019-03-08,ret_60d,-0.009234951200015162,100
2019-03-08,ret_120d,-0.06597079499218109,100
2019-03-08,momentum_20_5,-0.03758187093287522,100
2019-03-08,overnight_gap,-0.013399420338555885,100
2019-03-08,intraday_return,0.15351565430646336,100
2019-03-08,ema20_distance,-0.004662480235485238,100
2019-03-08,ema60_distance,-0.020324093381709783,100
2019-03-08,ema20_60_spread,-0.04822696737785695,100
2019-03-08,rsi14_centered,-0.013933435143882525,100
2019-03-08,macd_hist_atr,0.009775006825747043,100
2019-03-08,breakout_position_60,-0.02052211377781147,100
2019-03-08,trend_r2_20,-0.04997314723439004,100
2019-03-08,realized_vol_5,0.0814943939229408,100
2019-03-08,realized_vol_20,-0.05387954959385065,100
2019-03-08,vol_ratio_5_20,0.07305152430733242,100
2019-03-08,parkinson_vol_20,0.12177054236641176,100
2019-03-08,overnight_vol_20,-0.11444378771064924,100
2019-03-08,downside_vol_20,0.038067920996033906,100
2019-03-08,volume_zscore_20,0.03977209652612119,100
2019-03-08,volume_trend_5_20,0.10941526977327905,100
2019-03-08,amihud_illiq_20,0.15604607274619514,100
2019-03-08,signed_volume_pressure_20,-0.07038724988705514,100
2019-03-08,volume_cv_20,-0.07269148722351115,100
2019-03-08,return_volume_corr_20,0.002082214468099585,100
2019-03-08,close_location_value,0.09918421597469178,100
2019-03-08,body_range_ratio,0.12144796652106914,100
2019-03-08,gap_followthrough_20,-0.14507094230771056,100
2019-03-08,cs_rank_ret20,-0.017233775078910687,100
2019-03-08,cs_rank_ret60,-0.009234951200015162,100
2019-03-08,cs_rank_vol20,-0.05387954959385065,100
2019-03-08,cs_rank_amihud20,0.15604607274619514,100
2019-03-08,return_autocorr_20,-0.11179151452649932,100
2019-03-08,revenue_growth_yoy,-0.04921382445469107,65
2019-03-08,gross_margin_change_yoy,0.059373531468961155,57
2019-03-08,operating_profitability,-0.10477762522561439,73
2019-03-08,cashflow_to_assets,-0.1739043240825016,73
2019-03-08,debt_to_assets,-0.07750484372405611,55
2019-03-08,asset_growth_yoy,-0.2049719288786788,80
2019-03-15,ret_1d,-0.07566756675667566,100
2019-03-15,ret_5d,0.13586558655865585,100
2019-03-15,ret_20d,0.17208520852085207,100
2019-03-15,ret_60d,-0.040912091209120906,100
2019-03-15,ret_120d,0.19285928592859283,100
2019-03-15,momentum_20_5,0.18389438943894387,100
2019-03-15,overnight_gap,-0.06610280858958222,100
2019-03-15,intraday_return,-0.046714811625807685,100
2019-03-15,ema20_distance,0.16746474647464743,100
2019-03-15,ema60_distance,0.14846684668466847,100
2019-03-15,ema20_60_spread,0.12735673567356734,100
2019-03-15,rsi14_centered,0.2375157515751575,100
2019-03-15,macd_hist_atr,0.11242724272427242,100
2019-03-15,breakout_position_60,0.2608340834083408,100
2019-03-15,trend_r2_20,-0.08963696369636963,100
2019-03-15,realized_vol_5,-0.19669966996699667,100
2019-03-15,realized_vol_20,-0.26088208820882086,100
2019-03-15,vol_ratio_5_20,-0.0729072907290729,100
2019-03-15,parkinson_vol_20,-0.33161716171617156,100
2019-03-15,overnight_vol_20,0.007356735673567355,100
2019-03-15,downside_vol_20,-0.2733993399339934,100
2019-03-15,volume_zscore_20,0.10233423342334232,100
2019-03-15,volume_trend_5_20,-0.05392139213921392,100
2019-03-15,amihud_illiq_20,-0.3936633663366337,100
2019-03-15,signed_volume_pressure_20,0.14202220222022202,100
2019-03-15,volume_cv_20,-0.19531953195319532,100
2019-03-15,return_volume_corr_20,-0.01003300330033003,100
2019-03-15,close_location_value,0.04303630363036304,100
2019-03-15,body_range_ratio,0.010951127966229806,100
2019-03-15,gap_followthrough_20,-0.007776777677767775,100
2019-03-15,cs_rank_ret20,0.17208520852085207,100
2019-03-15,cs_rank_ret60,-0.040912091209120906,100
2019-03-15,cs_rank_vol20,-0.26088208820882086,100
2019-03-15,cs_rank_amihud20,-0.3936633663366337,100
2019-03-15,return_autocorr_20,-0.10685868586858685,100
2019-03-15,revenue_growth_yoy,-0.08283061848778124,64
2019-03-15,gross_margin_change_yoy,0.20579799390169393,57
2019-03-15,operating_profitability,0.23753731286428606,73
2019-03-15,cashflow_to_assets,0.30930141076301704,73
2019-03-15,debt_to_assets,0.055453942956670846,56
2019-03-15,asset_growth_yoy,-0.10473572864530906,80
2019-03-22,ret_1d,0.2342641292063625,100
2019-03-22,ret_5d,0.13622603128183508,100
2019-03-22,ret_20d,0.09731202313882124,100
2019-03-22,ret_60d,-0.026102688577040907,100
2019-03-22,ret_120d,0.09195947182601193,100
2019-03-22,momentum_20_5,0.05389155082997801,100
2019-03-22,overnight_gap,0.11787614124307852,100
2019-03-22,intraday_return,0.19123369707165902,100
2019-03-22,ema20_distance,0.1568861592751114,100
2019-03-22,ema60_distance,0.10400871289789655,100
2019-03-22,ema20_60_spread,0.05646581597929998,100
2019-03-22,rsi14_centered,0.1609725801764826,100
2019-03-22,macd_hist_atr,0.07367558858595592,100
2019-03-22,breakout_position_60,0.12823320802100324,100
2019-03-22,trend_r2_20,0.010285059361160486,100
2019-03-22,realized_vol_5,-0.12891727848026366,100
2019-03-22,realized_vol_20,-0.1278791715552457,100
2019-03-22,vol_ratio_5_20,0.04906705390677322,100
2019-03-22,parkinson_vol_20,-0.08520277588629974,100
2019-03-22,overnight_vol_20,-0.13065745771873305,100
2019-03-22,downside_vol_20,-0.18160870569750415,100
2019-03-22,volume_zscore_20,0.044542587886752784,100
2019-03-22,volume_trend_5_20,0.12458483223828122,100
2019-03-22,amihud_illiq_20,-0.1663191308712282,100
2019-03-22,signed_volume_pressure_20,0.07167138215268426,100
2019-03-22,volume_cv_20,-0.22549122559725132,100
2019-03-22,return_volume_corr_20,0.13050144164907715,100
2019-03-22,close_location_value,0.10795111896573929,100
2019-03-22,body_range_ratio,0.18015055550802808,100
2019-03-22,gap_followthrough_20,-0.10270657877807637,100
2019-03-22,cs_rank_ret20,0.09731202313882124,100
2019-03-22,cs_rank_ret60,-0.026102688577040907,100
2019-03-22,cs_rank_vol20,-0.1278791715552457,100
2019-03-22,cs_rank_amihud20,-0.1663191308712282,100
2019-03-22,return_autocorr_20,-0.12418879144607785,100
2019-03-22,revenue_growth_yoy,-0.006822422418286017,64
2019-03-22,gross_margin_change_yoy,0.20437199205418613,57
2019-03-22,operating_profitability,0.1901470917239375,73
2019-03-22,cashflow_to_assets,0.18456269717549803,73
2019-03-22,debt_to_assets,0.03880408462134489,56
2019-03-22,asset_growth_yoy,-0.02482433675814286,80
2019-03-29,ret_1d,0.011257260814021784,100
2019-03-29,ret_5d,0.06091809180918091,100
2019-03-29,ret_20d,-0.023402340234023402,100
2019-03-29,ret_60d,-0.188022802280228,100
2019-03-29,ret_120d,-0.11228322832283229,100
2019-03-29,momentum_20_5,-0.05371737173717371,100
2019-03-29,overnight_gap,-0.04356435643564356,100
2019-03-29,intraday_return,0.0006960716953877574,100
2019-03-29,ema20_distance,0.014245424542454244,100
2019-03-29,ema60_distance,-0.12172817281728171,100
2019-03-29,ema20_60_spread,-0.22247824782478245,100
2019-03-29,rsi14_centered,-0.009000900090009,100
2019-03-29,macd_hist_atr,0.2877767776777677,100
2019-03-29,breakout_position_60,-0.07431143114311431,100
2019-03-29,trend_r2_20,0.04967296729672967,100
2019-03-29,realized_vol_5,-0.0793159315931593,100
2019-03-29,realized_vol_20,0.052469246924692466,100
2019-03-29,vol_ratio_5_20,-0.151995199519952,100
2019-03-29,parkinson_vol_20,0.10174617461746174,100
2019-03-29,overnight_vol_20,-0.044776477647764774,100
2019-03-29,downside_vol_20,0.02477047704770477,100
2019-03-29,volume_zscore_20,-0.14820282028202816,100
2019-03-29,volume_trend_5_20,-0.13382538253825382,100
2019-03-29,amihud_illiq_20,-0.04752475247524752,100
2019-03-29,signed_volume_pressure_20,-0.05442544254425442,100
2019-03-29,volume_cv_20,-0.07834383438343834,100
2019-03-29,return_volume_corr_20,-0.08429642964296429,100
2019-03-29,close_location_value,0.04913291329132913,100
2019-03-29,body_range_ratio,-0.0030603152124806586,100
2019-03-29,gap_followthrough_20,-0.11758775877587757,100
2019-03-29,cs_rank_ret20,-0.023402340234023402,100
2019-03-29,cs_rank_ret60,-0.188022802280228,100
2019-03-29,cs_rank_vol20,0.052469246924692466,100
2019-03-29,cs_rank_amihud20,-0.04752475247524752,100
2019-03-29,return_autocorr_20,0.029450945094509445,100
2019-03-29,revenue_growth_yoy,-0.04636042079539994,64
2019-03-29,gross_margin_change_yoy,-0.12242177756021122,56
2019-03-29,operating_profitability,0.11599188566220073,73
2019-03-29,cashflow_to_assets,0.0826243569100608,73
2019-03-29,debt_to_assets,-0.018051591788608018,56
2019-03-29,asset_growth_yoy,0.04630828825846196,80
2019-04-05,ret_1d,0.010501081611453238,100
2019-04-05,ret_5d,0.019892048881124277,100
2019-04-05,ret_20d,0.21017764829872065,100
2019-04-05,ret_60d,0.23458816258180165,100
2019-04-05,ret_120d,0.22260492830861758,100
2019-04-05,momentum_20_5,0.21194783062750847,100
2019-04-05,overnight_gap,-0.06921020498249315,100
2019-04-05,intraday_return,0.006324651439126693,100
2019-04-05,ema20_distance,0.2810929525753803,100
2019-04-05,ema60_distance,0.33916093357768484,100
2019-04-05,ema20_60_spread,0.2896558345522624,100
2019-04-05,rsi14_centered,0.34253328092947727,100
2019-04-05,macd_hist_atr,0.013369377045895893,100
2019-04-05,breakout_position_60,0.317012652304614,100
2019-04-05,trend_r2_20,0.02525060081199727,100
2019-04-05,realized_vol_5,-0.23622633131318835,100
2019-04-05,realized_vol_20,-0.26777158047399385,100
2019-04-05,vol_ratio_5_20,-0.10525684145514358,100
2019-04-05,parkinson_vol_20,-0.3287498612371869,100
2019-04-05,overnight_vol_20,-0.04540667688792381,100
2019-04-05,downside_vol_20,-0.3337063717577929,100
2019-04-05,volume_zscore_20,-0.20297090600423187,100
2019-04-05,volume_trend_5_20,-0.19188176382253724,100
2019-04-05,amihud_illiq_20,-0.11597394531688955,100
2019-04-05,signed_volume_pressure_20,0.19505609077822797,100
2019-04-05,volume_cv_20,-0.04424255698356841,100
2019-04-05,return_volume_corr_20,0.2887497412246456,100
2019-04-05,close_location_value,0.1941319955964201,100
2019-04-05,body_range_ratio,0.09709600088852849,100
2019-04-05,gap_followthrough_20,0.11905226238356127,100
2019-04-05,cs_rank_ret20,0.21017764829872065,100
2019-04-05,cs_rank_ret60,0.23458816258180165,100
2019-04-05,cs_rank_vol20,-0.26777158047399385,100
2019-04-05,cs_rank_amihud20,-0.11597394531688955,100
2019-04-05,return_autocorr_20,0.016843734904770997,100
2019-04-05,revenue_growth_yoy,-0.07955677148840237,64
2019-04-05,gross_margin_change_yoy,-0.19928570210876373,56
2019-04-05,operating_profitability,0.12099007304809688,73
2019-04-05,cashflow_to_assets,0.040710544788209575,73
2019-04-05,debt_to_assets,-0.008949999740343202,55
2019-04-05,asset_growth_yoy,-0.210221578892375,80
2019-04-12,ret_1d,0.06796279627962795,100
2019-04-12,ret_5d,0.10168616861686167,100
2019-04-12,ret_20d,0.3414701470147014,100
2019-04-12,ret_60d,0.1081068106810681,100
2019-04-12,ret_120d,0.10060606060606059,100
2019-04-12,momentum_20_5,0.34075007500750076,100
2019-04-12,overnight_gap,0.04289228922892289,100
2019-04-12,intraday_return,0.06456064974721451,100
2019-04-12,ema20_distance,0.2882568256825682,100
2019-04-12,ema60_distance,0.18425442544254422,100
2019-04-12,ema20_60_spread,0.09232523252325231,100
2019-04-12,rsi14_centered,0.24004800480048005,100
2019-04-12,macd_hist_atr,0.31642364236423637,100
2019-04-12,breakout_position_60,0.13388538853885387,100
2019-04-12,trend_r2_20,0.026762676267626757,100
2019-04-12,realized_vol_5,0.1081068106810681,100
2019-04-12,realized_vol_20,0.12915691569156915,100
2019-04-12,vol_ratio_5_20,0.033531353135313524,100
2019-04-12,parkinson_vol_20,0.09824182418241822,100
2019-04-12,overnight_vol_20,0.06785478547854784,100
2019-04-12,downside_vol_20,-0.08655265526552655,100
2019-04-12,volume_zscore_20,0.085004500450045,100
2019-04-12,volume_trend_5_20,0.1072067206720672,100
2019-04-12,amihud_illiq_20,0.026378637863786376,100
2019-04-12,signed_volume_pressure_20,0.2639063906390639,100
2019-04-12,volume_cv_20,0.07432343234323432,100
2019-04-12,return_volume_corr_20,0.35207920792079206,100
2019-04-12,close_location_value,-0.05774977497749774,100
2019-04-12,body_range_ratio,0.025844662000302346,100
2019-04-12,gap_followthrough_20,0.12616861686168615,100
2019-04-12,cs_rank_ret20,0.3414701470147014,100
2019-04-12,cs_rank_ret60,0.1081068106810681,100
2019-04-12,cs_rank_vol20,0.12915691569156915,100
2019-04-12,cs_rank_amihud20,0.026378637863786376,100
2019-04-12,return_autocorr_20,-0.1181038103810381,100
2019-04-12,revenue_growth_yoy,-0.05728087547164972,64
2019-04-12,gross_margin_change_yoy,0.04108067465867501,56
2019-04-12,operating_profitability,-0.0592994824425455,73
2019-04-12,cashflow_to_assets,-0.07958533556740173,73
2019-04-12,debt_to_assets,-0.172323583710237,55
2019-04-12,asset_growth_yoy,0.1560135725154106,80
2019-04-18,ret_1d,-0.031108137393613775,100
2019-04-18,ret_5d,-0.046612801118725004,100
2019-04-18,ret_20d,-0.16613311171125394,100
2019-04-18,ret_60d,-0.20719534112106794,100
2019-04-18,ret_120d,-0.24222094875881223,100
2019-04-18,momentum_20_5,-0.19589017668908054,100
2019-04-18,overnight_gap,0.1236071023528494,100
2019-04-18,intraday_return,-0.05001515156083585,100
2019-04-18,ema20_distance,-0.11685003555418795,100
2019-04-18,ema60_distance,-0.15140759498296463,100
2019-04-18,ema20_60_spread,-0.16054653629396082,100
2019-04-18,rsi14_centered,-0.12858124386869715,100
2019-04-18,macd_hist_atr,0.03184528006398991,100
2019-04-18,breakout_position_60,-0.10848517397340748,100
2019-04-18,trend_r2_20,-0.07513373877543199,100
2019-04-18,realized_vol_5,0.012067242926075694,100
2019-04-18,realized_vol_20,0.06357054776670606,100
2019-04-18,vol_ratio_5_20,0.02442251551920839,100
2019-04-18,parkinson_vol_20,0.1218905547276855,100
2019-04-18,overnight_vol_20,-0.0299670866100557,100
2019-04-18,downside_vol_20,0.13035142619748497,100
2019-04-18,volume_zscore_20,0.11676602690129632,100
2019-04-18,volume_trend_5_20,0.12538291444075167,100
2019-04-18,amihud_illiq_20,-0.07439566275359843,100
2019-04-18,signed_volume_pressure_20,-0.06434462749692176,100
2019-04-18,volume_cv_20,0.025076582888150335,100
2019-04-18,return_volume_corr_20,-0.18553310991115582,100
2019-04-18,close_location_value,-0.036507760299475146,100
2019-04-18,body_range_ratio,-0.03106519971571052,100
2019-04-18,gap_followthrough_20,-0.04373850506621866,100
2019-04-18,cs_rank_ret20,-0.16613311171125394,100
2019-04-18,cs_rank_ret60,-0.20719534112106794,100
2019-04-18,cs_rank_vol20,0.06357054776670606,100
2019-04-18,cs_rank_amihud20,-0.07439566275359843,100
2019-04-18,return_autocorr_20,0.06162634751407129,100
2019-04-18,revenue_growth_yoy,0.03943547032138828,63
2019-04-18,gross_margin_change_yoy,-0.08636675204733214,55
2019-04-18,operating_profitability,0.09527482529349152,73
2019-04-18,cashflow_to_assets,0.2529657683229718,73
2019-04-18,debt_to_assets,-0.14318945519418247,54
2019-04-18,asset_growth_yoy,-0.14818504670706403,80
2019-04-26,ret_1d,0.21624086770854528,100
2019-04-26,ret_5d,0.08758502125758369,100
2019-04-26,ret_20d,-0.04124224795172463,100
2019-04-26,ret_60d,0.06501669672005476,100
2019-04-26,ret_120d,-0.07551177771344432,100
2019-04-26,momentum_20_5,-0.1390107351379246,100
2019-04-26,overnight_gap,0.10712024703190577,100
2019-04-26,intraday_return,0.17814088293359095,100
2019-04-26,ema20_distance,0.055163681859479785,100
2019-04-26,ema60_distance,0.06424261698983907,100
2019-04-26,ema20_60_spread,0.027704853600045487,100
2019-04-26,rsi14_centered,0.03835595066309091,100
2019-04-26,macd_hist_atr,0.04441657490741535,100
2019-04-26,breakout_position_60,-0.005862603848222751,100
2019-04-26,trend_r2_20,0.002670275038340967,100
2019-04-26,realized_vol_5,0.019303988310882893,100
2019-04-26,realized_vol_20,0.10565288224734697,100
2019-04-26,vol_ratio_5_20,-0.01815186964265488,100
2019-04-26,parkinson_vol_20,0.16339682987421242,100
2019-04-26,overnight_vol_20,-0.03465956993585937,100
2019-04-26,downside_vol_20,0.11206154233936527,100
2019-04-26,volume_zscore_20,-0.06739894209133873,100
2019-04-26,volume_trend_5_20,-0.11288962763215417,100
2019-04-26,amihud_illiq_20,0.23059175095138573,100
2019-04-26,signed_volume_pressure_20,-0.11069940203890818,100
2019-04-26,volume_cv_20,0.13949636812654484,100
2019-04-26,return_volume_corr_20,-0.014773521672798785,100
2019-04-26,close_location_value,0.11665201515808625,100
2019-04-26,body_range_ratio,0.17502055217853094,100
2019-04-26,gap_followthrough_20,-0.12955334399501453,100
2019-04-26,cs_rank_ret20,-0.04124224795172463,100
2019-04-26,cs_rank_ret60,0.06501669672005476,100
2019-04-26,cs_rank_vol20,0.10565288224734697,100
2019-04-26,cs_rank_amihud20,0.23059175095138573,100
2019-04-26,return_autocorr_20,-0.24138686284795965,100
2019-04-26,revenue_growth_yoy,0.13510280657320542,62
2019-04-26,gross_margin_change_yoy,0.12042064252757201,55
2019-04-26,operating_profitability,-0.0947341627678647,73
2019-04-26,cashflow_to_assets,-0.1026762386379458,72
2019-04-26,debt_to_assets,0.030772753138691742,54
2019-04-26,asset_growth_yoy,-0.14579316569147263,80
2019-05-03,ret_1d,-0.03410253564967343,100
2019-05-03,ret_5d,0.06330222931830108,100
2019-05-03,ret_20d,0.17249842487286787,100
2019-05-03,ret_60d,0.13480152425882222,100
2019-05-03,ret_120d,0.23117405273089686,100
2019-05-03,momentum_20_5,0.24366767690766272,100
2019-05-03,overnight_gap,-0.09397221643042894,100
2019-05-03,intraday_return,-0.04225749349317246,100
2019-05-03,ema20_distance,0.16497344662230862,100
2019-05-03,ema60_distance,0.16318521415128254,100
2019-05-03,ema20_60_spread,0.12518227375192711,100
2019-05-03,rsi14_centered,0.21174352675377495,100
2019-05-03,macd_hist_atr,0.17378859259525242,100
2019-05-03,breakout_position_60,0.16856791390467304,100
2019-05-03,trend_r2_20,0.12413213723370711,100
2019-05-03,realized_vol_5,-0.23380239441649892,100
2019-05-03,realized_vol_20,-0.19769570053004354,100
2019-05-03,vol_ratio_5_20,-0.1706561853809048,100
2019-05-03,parkinson_vol_20,-0.22888775551122933,100
2019-05-03,overnight_vol_20,-0.13375738852070634,100
2019-05-03,downside_vol_20,-0.24926040396469717,100
2019-05-03,volume_zscore_20,-0.06374628704600553,100
2019-05-03,volume_trend_5_20,-0.23119805585131334,100
2019-05-03,amihud_illiq_20,-0.1800654085841559,100
2019-05-03,signed_volume_pressure_20,0.20403852510009227,100
2019-05-03,volume_cv_20,-0.24034324472998342,100
2019-05-03,return_volume_corr_20,0.12291997965267604,100
2019-05-03,close_location_value,-0.06693870206139431,100
2019-05-03,body_range_ratio,-0.045251882765125456,100
2019-05-03,gap_followthrough_20,0.025407302960819677,100
2019-05-03,cs_rank_ret20,0.17249842487286787,100
2019-05-03,cs_rank_ret60,0.13480152425882222,100
2019-05-03,cs_rank_vol20,-0.19769570053004354,100
2019-05-03,cs_rank_amihud20,-0.1800654085841559,100
2019-05-03,return_autocorr_20,0.06032584238666043,100
2019-05-03,revenue_growth_yoy,0.10763438566174596,62
2019-05-03,gross_margin_change_yoy,0.17297875464071374,57
2019-05-03,operating_profitability,-0.15896696197584795,73
2019-05-03,cashflow_to_assets,0.03755100790462092,73
2019-05-03,debt_to_assets,0.025274473998436856,54
2019-05-03,asset_growth_yoy,-0.06627243912658594,80
2019-05-10,ret_1d,0.1067519562267844,100
2019-05-10,ret_5d,0.19151744996818723,100
2019-05-10,ret_20d,0.18125630071873242,100
2019-05-10,ret_60d,0.19804618118655382,100
2019-05-10,ret_120d,0.0321275982933223,100
2019-05-10,momentum_20_5,0.12408189718141921,100
2019-05-10,overnight_gap,0.02793921301062789,100
2019-05-10,intraday_return,0.10571701183280886,100
2019-05-10,ema20_distance,0.19317363546108168,100
2019-05-10,ema60_distance,0.22918966925946058,100
2019-05-10,ema20_60_spread,0.16841486247672463,100
2019-05-10,rsi14_centered,0.21095962749347005,100
2019-05-10,macd_hist_atr,0.02711103643803327,100
2019-05-10,breakout_position_60,0.27036628104294536,100
2019-05-10,trend_r2_20,0.07878882435400109,100
2019-05-10,realized_vol_5,-0.1710431568458832,100
2019-05-10,realized_vol_20,-0.24337525804642618,100
2019-05-10,vol_ratio_5_20,0.02034227833663851,100
2019-05-10,parkinson_vol_20,-0.27268254046416734,100
2019-05-10,overnight_vol_20,-0.14668042821852265,100
2019-05-10,downside_vol_20,-0.2209807498598967,100
2019-05-10,volume_zscore_20,-0.018206039077687683,100
2019-05-10,volume_trend_5_20,-0.12533003697316578,100
2019-05-10,amihud_illiq_20,-0.2587249772160785,100
2019-05-10,signed_volume_pressure_20,0.29450098413142917,100
2019-05-10,volume_cv_20,-0.1367793192936101,100
2019-05-10,return_volume_corr_20,0.08492151121537116,100
2019-05-10,close_location_value,0.17189525228063327,100
2019-05-10,body_range_ratio,0.15294371803274107,100
2019-05-10,gap_followthrough_20,-0.019106139889043368,100
2019-05-10,cs_rank_ret20,0.18125630071873242,100
2019-05-10,cs_rank_ret60,0.19804618118655382,100
2019-05-10,cs_rank_vol20,-0.24337525804642618,100
2019-05-10,cs_rank_amihud20,-0.2587249772160785,100
2019-05-10,return_autocorr_20,-0.15814171188311837,100
2019-05-10,revenue_growth_yoy,0.20619967118985794,63
2019-05-10,gross_margin_change_yoy,0.036359721307959725,58
2019-05-10,operating_profitability,0.03745403594714894,75
2019-05-10,cashflow_to_assets,0.1517850429635114,76
2019-05-10,debt_to_assets,-0.14916643626702866,52
2019-05-10,asset_growth_yoy,-0.03110562088846184,82
2019-05-17,ret_1d,0.022058205820582055,100
2019-05-17,ret_5d,-0.16439243924392438,100
2019-05-17,ret_20d,0.11253525352535253,100
2019-05-17,ret_60d,-0.08465646564656465,100
2019-05-17,ret_120d,0.11530753075307529,100
2019-05-17,momentum_20_5,0.22748274827482745,100
2019-05-17,overnight_gap,-0.0064086408640864085,100
2019-05-17,intraday_return,-0.03324372329940335,100
2019-05-17,ema20_distance,0.04216021602160215,100
2019-05-17,ema60_distance,0.023558355835583557,100
2019-05-17,ema20_60_spread,-0.030459045904590455,100
2019-05-17,rsi14_centered,0.01614161416141614,100
2019-05-17,macd_hist_atr,0.10383438343834384,100
2019-05-17,breakout_position_60,-0.01879387938793879,100
2019-05-17,trend_r2_20,0.17536153615361533,100
2019-05-17,realized_vol_5,0.009372937293729372,100
2019-05-17,realized_vol_20,-0.017797779777977796,100
2019-05-17,vol_ratio_5_20,-0.03176717671767176,100
2019-05-17,parkinson_vol_20,-0.040228022802280224,100
2019-05-17,overnight_vol_20,0.03978397839783978,100
2019-05-17,downside_vol_20,-0.01638163816381638,100
2019-05-17,volume_zscore_20,0.3488268826882688,100
2019-05-17,volume_trend_5_20,0.17162916291629163,100
2019-05-17,amihud_illiq_20,0.12380438043804377,100
2019-05-17,signed_volume_pressure_20,0.1786378637863786,100
2019-05-17,volume_cv_20,0.08253225322532251,100
2019-05-17,return_volume_corr_20,0.007800780078007801,100
2019-05-17,close_location_value,0.038895889588958885,100
2019-05-17,body_range_ratio,0.029979357690220063,100
2019-05-17,gap_followthrough_20,-0.023546354635463545,100
2019-05-17,cs_rank_ret20,0.11253525352535253,100
2019-05-17,cs_rank_ret60,-0.08465646564656465,100
2019-05-17,cs_rank_vol20,-0.017797779777977796,100
2019-05-17,cs_rank_amihud20,0.12380438043804377,100
2019-05-17,return_autocorr_20,-0.21005700570057004,100
2019-05-17,revenue_growth_yoy,0.049748737969582256,64
2019-05-17,gross_margin_change_yoy,-0.02830029069655072,58
2019-05-17,operating_profitability,0.0028591953001811383,75
2019-05-17,cashflow_to_assets,-0.07405382128553914,76
2019-05-17,debt_to_assets,-0.015120053299402593,53
2019-05-17,asset_growth_yoy,0.31717284952118785,82
2019-05-24,ret_1d,-0.026834763980810788,100
2019-05-24,ret_5d,0.2114137756198403,100
2019-05-24,ret_20d,0.07513973939349569,100
2019-05-24,ret_60d,0.021518216376383608,100
2019-05-24,ret_120d,0.013879429581309338,100
2019-05-24,momentum_20_5,0.02475855013077489,100
2019-05-24,overnight_gap,-0.14821526617308287,100
2019-05-24,intraday_return,0.05363352425323945,100
2019-05-24,ema20_distance,0.11574592183046943,100
2019-05-24,ema60_distance,0.03685579614716902,100
2019-05-24,ema20_60_spread,-0.03641175041045615,100
2019-05-24,rsi14_centered,0.06365455641959768,100
2019-05-24,macd_hist_atr,0.05576974428391223,100
2019-05-24,breakout_position_60,0.09674196442277093,100
2019-05-24,trend_r2_20,0.1189922562029244,100
2019-05-24,realized_vol_5,-0.23094578741714333,100
2019-05-24,realized_vol_20,-0.2968625768467512,100
2019-05-24,vol_ratio_5_20,0.09952625120432194,100
2019-05-24,parkinson_vol_20,-0.3201389743157953,100
2019-05-24,overnight_vol_20,-0.20791541528871044,100
2019-05-24,downside_vol_20,-0.29373625483557003,100
2019-05-24,volume_zscore_20,0.04503463856797517,100
2019-05-24,volume_trend_5_20,0.20072067423034906,100
2019-05-24,amihud_illiq_20,-0.14936738484131087,100
2019-05-24,signed_volume_pressure_20,-0.022106276946624988,100
2019-05-24,volume_cv_20,-0.11840419563268302,100
2019-05-24,return_volume_corr_20,-0.010327063687606297,100
2019-05-24,close_location_value,0.058782054551883386,100
2019-05-24,body_range_ratio,0.038715987746912164,100
2019-05-24,gap_followthrough_20,0.03407750998368168,100
2019-05-24,cs_rank_ret20,0.07513973939349569,100
2019-05-24,cs_rank_ret60,0.021518216376383608,100
2019-05-24,cs_rank_vol20,-0.2968625768467512,100
2019-05-24,cs_rank_amihud20,-0.14936738484131087,100
2019-05-24,return_autocorr_20,-0.16734523656011882,100
2019-05-24,revenue_growth_yoy,0.16641864511550172,64
2019-05-24,gross_margin_change_yoy,0.19382921127107178,58
2019-05-24,operating_profitability,0.0668430560889913,75
2019-05-24,cashflow_to_assets,0.11864823852684249,76
2019-05-24,debt_to_assets,-0.05959317007071208,53
2019-05-24,asset_growth_yoy,-0.009697431432303004,82
2019-05-31,ret_1d,-0.09673596380470724,100
2019-05-31,ret_5d,-0.11344768511207712,100
2019-05-31,ret_20d,-0.0872009817015077,100
2019-05-31,ret_60d,-0.07600982901273039,100
2019-05-31,ret_120d,-0.01453949756831497,100
2019-05-31,momentum_20_5,-0.017095760863445872,100
2019-05-31,overnight_gap,0.19922051971442714,100
2019-05-31,intraday_return,-0.1783503700889218,100
2019-05-31,ema20_distance,-0.11787614124307852,100
2019-05-31,ema60_distance,-0.07337555768277156,100
2019-05-31,ema20_60_spread,-0.025910668799002903,100
2019-05-31,rsi14_centered,-0.08716497799312557,100
2019-05-31,macd_hist_atr,-0.0848367381844148,100
2019-05-31,breakout_position_60,-0.0512452782638918,100
2019-05-31,trend_r2_20,-0.0018361891274883948,100
2019-05-31,realized_vol_5,-0.024548528498545826,100
2019-05-31,realized_vol_20,0.1033186418205725,100
2019-05-31,vol_ratio_5_20,-0.0886891349813022,100
2019-05-31,parkinson_vol_20,0.016453694730631303,100
2019-05-31,overnight_vol_20,0.08969723881600171,100
2019-05-31,downside_vol_20,0.10748307075677166,100
2019-05-31,volume_zscore_20,0.04843698901008602,100
2019-05-31,volume_trend_5_20,-0.02172823800861267,100
2019-05-31,amihud_illiq_20,-0.10672099226268335,100
2019-05-31,signed_volume_pressure_20,0.03467157117198675,100
2019-05-31,volume_cv_20,0.014749519200544034,100
2019-05-31,return_volume_corr_20,-0.14101452449665777,100
2019-05-31,close_location_value,-0.13461786564076683,100
2019-05-31,body_range_ratio,-0.19008757902149467,100
2019-05-31,gap_followthrough_20,0.1753560616751417,100
2019-05-31,cs_rank_ret20,-0.0872009817015077,100
2019-05-31,cs_rank_ret60,-0.07600982901273039,100
2019-05-31,cs_rank_vol20,0.1033186418205725,100
2019-05-31,cs_rank_amihud20,-0.10672099226268335,100
2019-05-31,return_autocorr_20,-0.09281756020911924,100
2019-05-31,revenue_growth_yoy,0.1766294238489308,63
2019-05-31,gross_margin_change_yoy,-0.04349631635317686,58
2019-05-31,operating_profitability,0.1477535402138382,75
2019-05-31,cashflow_to_assets,0.12317240719636473,76
2019-05-31,debt_to_assets,-0.3087313283027351,53
2019-05-31,asset_growth_yoy,-0.011928537611530503,82
2019-06-07,ret_1d,0.0035883696020851635,100
2019-06-07,ret_5d,-0.11716806831156339,100
2019-06-07,ret_20d,0.2374504573981806,100
2019-06-07,ret_60d,0.17216373286525993,100
2019-06-07,ret_120d,0.08759702249371107,100
2019-06-07,momentum_20_5,0.310964029296417,100
2019-06-07,overnight_gap,-0.009907050147315615,100
2019-06-07,intraday_return,-0.03131131899981398,100
2019-06-07,ema20_distance,0.17037554868228105,100
2019-06-07,ema60_distance,0.19299787878238314,100
2019-06-07,ema20_60_spread,0.2127039085035331,100
2019-06-07,rsi14_centered,0.20384699624153024,100
2019-06-07,macd_hist_atr,0.0749897239419035,100
2019-06-07,breakout_position_60,0.26770557367529335,100
2019-06-07,trend_r2_20,-0.11593194099044375,100
2019-06-07,realized_vol_5,-0.2590526824274558,100
2019-06-07,realized_vol_20,-0.38710587190654855,100
2019-06-07,vol_ratio_5_20,0.06562275914448722,100
2019-06-07,parkinson_vol_20,-0.3962088095091625,100
2019-06-07,overnight_vol_20,-0.22295896477437516,100
2019-06-07,downside_vol_20,-0.3771988514834004,100
2019-06-07,volume_zscore_20,0.10030033093453765,100
2019-06-07,volume_trend_5_20,-0.04229235611286996,100
2019-06-07,amihud_illiq_20,-0.1268230627760367,100
2019-06-07,signed_volume_pressure_20,0.17738427058066814,100
2019-06-07,volume_cv_20,-0.13806222040932348,100
2019-06-07,return_volume_corr_20,0.17541606785577857,100
2019-06-07,close_location_value,0.08518477403210867,100
2019-06-07,body_range_ratio,0.056477986666586655,100
2019-06-07,gap_followthrough_20,-0.23176787209186853,100
2019-06-07,cs_rank_ret20,0.2374504573981806,100
2019-06-07,cs_rank_ret60,0.17216373286525993,100
2019-06-07,cs_rank_vol20,-0.38710587190654855,100
2019-06-07,cs_rank_amihud20,-0.1268230627760367,100
2019-06-07,return_autocorr_20,-0.2958904767204338,100
2019-06-07,revenue_growth_yoy,0.04373132358374126,63
2019-06-07,gross_margin_change_yoy,0.02115752714321618,59
2019-06-07,operating_profitability,0.1127319539996792,75
2019-06-07,cashflow_to_assets,0.1533571658078601,76
2019-06-07,debt_to_assets,0.11040194739168176,52
2019-06-07,asset_growth_yoy,-0.11060018175946437,82
2019-06-14,ret_1d,0.061860557219065214,100
2019-06-14,ret_5d,-0.018319886948438138,100
2019-06-14,ret_20d,0.020024062478525406,100
2019-06-14,ret_60d,-0.05333965400332435,100
2019-06-14,ret_120d,-0.008466872087863155,100
2019-06-14,momentum_20_5,0.03904602174041498,100
2019-06-14,overnight_gap,0.0040924706342887075,100
2019-06-14,intraday_return,0.15198411031569345,100
2019-06-14,ema20_distance,0.036783788730404776,100
2019-06-14,ema60_distance,-0.0018541909816794575,100
2019-06-14,ema20_60_spread,-0.01680773119638887,100
2019-06-14,rsi14_centered,0.012697307822762887,100
2019-06-14,macd_hist_atr,-0.017461798565330814,100
2019-06-14,breakout_position_60,0.017569809690477188,100
2019-06-14,trend_r2_20,0.021836249133759048,100
2019-06-14,realized_vol_5,0.03621973063241814,100
2019-06-14,realized_vol_20,-0.014503493859932843,100
2019-06-14,vol_ratio_5_20,0.0785060861272244,100
2019-06-14,parkinson_vol_20,-0.06453064665689608,100
2019-06-14,overnight_vol_20,0.14439287246651386,100
2019-06-14,downside_vol_20,-0.059982178164620904,100
2019-06-14,volume_zscore_20,0.1827368218934774,100
2019-06-14,volume_trend_5_20,0.19532011797303023,100
2019-06-14,amihud_illiq_20,-0.005214537097344494,100
2019-06-14,signed_volume_pressure_20,0.014899534652136222,100
2019-06-14,volume_cv_20,0.019952055061761155,100
2019-06-14,return_volume_corr_20,-0.06201638768821098,100
2019-06-14,close_location_value,0.15521198683534257,100
2019-06-14,body_range_ratio,0.14822171150141913,100
2019-06-14,gap_followthrough_20,-0.055031668262078656,100
2019-06-14,cs_rank_ret20,0.020024062478525406,100
2019-06-14,cs_rank_ret60,-0.05333965400332435,100
2019-06-14,cs_rank_vol20,-0.014503493859932843,100
2019-06-14,cs_rank_amihud20,-0.005214537097344494,100
2019-06-14,return_autocorr_20,-0.09426370916246796,100
2019-06-14,revenue_growth_yoy,-0.038101233946109286,62
2019-06-14,gross_margin_change_yoy,0.1621447028423773,58
2019-06-14,operating_profitability,-0.03493648558300971,75
2019-06-14,cashflow_to_assets,0.06957032905439584,76
2019-06-14,debt_to_assets,-0.13200418458433102,52
2019-06-14,asset_growth_yoy,-0.20618197649107528,82
2019-06-21,ret_1d,0.04806538332639366,100
2019-06-21,ret_5d,-0.13202678700965206,100
2019-06-21,ret_20d,-0.20711919736501913,100
2019-06-21,ret_60d,-0.28739618839379494,100
2019-06-21,ret_120d,-0.08684172627959662,100
2019-06-21,momentum_20_5,-0.18329652922447198,100
2019-06-21,overnight_gap,-0.19641399838196216,100
2019-06-21,intraday_return,0.08890702447103442,100
2019-06-21,ema20_distance,-0.22273294610600244,100
2019-06-21,ema60_distance,-0.28517593972578426,100
2019-06-21,ema20_60_spread,-0.2591450242613778,100
2019-06-21,rsi14_centered,-0.262025346857716,100
2019-06-21,macd_hist_atr,-0.05763045461506675,100
2019-06-21,breakout_position_60,-0.2735706399313716,100
2019-06-21,trend_r2_20,-0.24033891797611964,100
2019-06-21,realized_vol_5,0.36016033798378866,100
2019-06-21,realized_vol_20,0.31129086459925054,100
2019-06-21,vol_ratio_5_20,0.2338101867577531,100
2019-06-21,parkinson_vol_20,0.3695453891101906,100
2019-06-21,overnight_vol_20,0.21008352937041722,100
2019-06-21,downside_vol_20,0.28425183622612576,100
2019-06-21,volume_zscore_20,-0.09236234458924483,100
2019-06-21,volume_trend_5_20,-0.050981709955186076,100
2019-06-21,amihud_illiq_20,0.3868153233440683,100
2019-06-21,signed_volume_pressure_20,-0.15022082474318835,100
2019-06-21,volume_cv_20,0.28760021124436896,100
2019-06-21,return_volume_corr_20,0.10051125726805163,100
2019-06-21,close_location_value,0.23862272576246815,100
2019-06-21,body_range_ratio,0.10059647396277138,100
2019-06-21,gap_followthrough_20,-0.025622869763258536,100
2019-06-21,cs_rank_ret20,-0.20711919736501913,100
2019-06-21,cs_rank_ret60,-0.28739618839379494,100
2019-06-21,cs_rank_vol20,0.31129086459925054,100
2019-06-21,cs_rank_amihud20,0.3868153233440683,100
2019-06-21,return_autocorr_20,0.12141759877980637,100
2019-06-21,revenue_growth_yoy,-0.16834550491060182,62
2019-06-21,gross_margin_change_yoy,0.11277224067921744,58
2019-06-21,operating_profitability,-0.29434901674612307,75
2019-06-21,cashflow_to_assets,-0.4328240884057115,76
2019-06-21,debt_to_assets,-0.06326574178656945,52
2019-06-21,asset_growth_yoy,0.049304244198628645,82
2019-06-28,ret_1d,0.07425231626476841,100
2019-06-28,ret_5d,-0.07625654073805374,100
2019-06-28,ret_20d,-0.1391675867797405,100
2019-06-28,ret_60d,-0.025646872451561355,100
2019-06-28,ret_120d,0.07595650713426852,100
2019-06-28,momentum_20_5,-0.10180740243640383,100
2019-06-28,overnight_gap,-0.08824588354531149,100
2019-06-28,intraday_return,0.14616612459945033,100
2019-06-28,ema20_distance,-0.06954778935741604,100
2019-06-28,ema60_distance,-0.044164946477185676,100
2019-06-28,ema20_60_spread,-0.0006600739283275033,100
2019-06-28,rsi14_centered,-0.039496423602287514,100
2019-06-28,macd_hist_atr,-0.0072488118674511265,100
2019-06-28,breakout_position_60,-0.11172051270546779,100
2019-06-28,trend_r2_20,-0.007116797081785626,100
2019-06-28,realized_vol_5,0.001512169363077553,100
2019-06-28,realized_vol_20,0.15634151026040702,100
2019-06-28,vol_ratio_5_20,-0.1856847967106024,100
2019-06-28,parkinson_vol_20,0.22207287217767493,100
2019-06-28,overnight_vol_20,0.04922951370908034,100
2019-06-28,downside_vol_20,0.1492247131786214,100
2019-06-28,volume_zscore_20,-0.20005040565983914,100
2019-06-28,volume_trend_5_20,-0.14515625751129366,100
2019-06-28,amihud_illiq_20,0.17262733427386923,100
2019-06-28,signed_volume_pressure_20,-0.1679828140872739,100
2019-06-28,volume_cv_20,-0.04309682684771026,100
2019-06-28,return_volume_corr_20,-0.03332773270846321,100
2019-06-28,close_location_value,0.15065287313263906,100
2019-06-28,body_range_ratio,0.12391536550532266,100
2019-06-28,gap_followthrough_20,-0.17136719313797125,100
2019-06-28,cs_rank_ret20,-0.1391675867797405,100
2019-06-28,cs_rank_ret60,-0.025646872451561355,100
2019-06-28,cs_rank_vol20,0.15634151026040702,100
2019-06-28,cs_rank_amihud20,0.17262733427386923,100
2019-06-28,return_autocorr_20,0.08301329749529711,100
2019-06-28,revenue_growth_yoy,0.11467999648357456,62
2019-06-28,gross_margin_change_yoy,0.16272667150516662,58
2019-06-28,operating_profitability,-0.17680571859354163,75
2019-06-28,cashflow_to_assets,-0.2569329095861321,76
2019-06-28,debt_to_assets,0.1863979850565236,52
2019-06-28,asset_growth_yoy,0.09612695027865083,82
2019-07-05,ret_1d,-0.022664606430657548,100
2019-07-05,ret_5d,0.012577295461489136,100
2019-07-05,ret_20d,0.0768199124513282,100
2019-07-05,ret_60d,-0.0092649542903336,100
2019-07-05,ret_120d,-0.17267378540067335,100
2019-07-05,momentum_20_5,0.08427868070449185,100
2019-07-05,overnight_gap,-0.10494480931583183,100
2019-07-05,intraday_return,0.033975907230707716,100
2019-07-05,ema20_distance,0.04735087714055857,100
2019-07-05,ema60_distance,-0.07932817080194961,100
2019-07-05,ema20_60_spread,-0.13686809741464964,100
2019-07-05,rsi14_centered,-0.028394924677369555,100
2019-07-05,macd_hist_atr,0.09014728517077829,100
2019-07-05,breakout_position_60,-0.05244540187662931,100
2019-07-05,trend_r2_20,-0.038055919759906534,100
2019-07-05,realized_vol_5,0.12136250033808099,100
2019-07-05,realized_vol_20,0.06262845073070711,100
2019-07-05,vol_ratio_5_20,0.06846705210667511,100
2019-07-05,parkinson_vol_20,0.10354666530699262,100
2019-07-05,overnight_vol_20,-0.15578804616945655,100
2019-07-05,downside_vol_20,-0.015055550721792101,100
2019-07-05,volume_zscore_20,-0.22481315575605462,100
2019-07-05,volume_trend_5_20,0.08218446500026488,100
2019-07-05,amihud_illiq_20,-0.03669377945944946,100
2019-07-05,signed_volume_pressure_20,0.05510367567884291,100
2019-07-05,volume_cv_20,0.004374450568428234,100
2019-07-05,return_volume_corr_20,0.06394858670471837,100
2019-07-05,close_location_value,-0.2216388288003639,100
2019-07-05,body_range_ratio,0.02264660436041874,100
2019-07-05,gap_followthrough_20,0.017851838739470504,100
2019-07-05,cs_rank_ret20,0.0768199124513282,100
2019-07-05,cs_rank_ret60,-0.0092649542903336,100
2019-07-05,cs_rank_vol20,0.06262845073070711,100
2019-07-05,cs_rank_amihud20,-0.03669377945944946,100
2019-07-05,return_autocorr_20,-0.12880926735511727,100
2019-07-05,revenue_growth_yoy,0.19175057305735943,63
2019-07-05,gross_margin_change_yoy,-0.04909485212140755,58
2019-07-05,operating_profitability,0.08061223764242045,75
2019-07-05,cashflow_to_assets,0.14227028209684436,76
2019-07-05,debt_to_assets,-0.18194236942939201,52
2019-07-05,asset_growth_yoy,-0.1072915362905727,82
2019-07-12,ret_1d,0.17545754575457545,100
2019-07-12,ret_5d,0.05468946894689468,100
2019-07-12,ret_20d,-0.04667266726672666,100
2019-07-12,ret_60d,-0.21047704770477044,100
2019-07-12,ret_120d,-0.26598259825982595,100
2019-07-12,momentum_20_5,-0.03488748874887489,100
2019-07-12,overnight_gap,0.07329132913291328,100
2019-07-12,intraday_return,0.1601985004462669,100
2019-07-12,ema20_distance,-0.08831683168316831,100
2019-07-12,ema60_distance,-0.20075607560756076,100
2019-07-12,ema20_60_spread,-0.25368136813681363,100
2019-07-12,rsi14_centered,-0.13839783978397838,100
2019-07-12,macd_hist_atr,0.03158715871587158,100
2019-07-12,breakout_position_60,-0.1908910891089109,100
2019-07-12,trend_r2_20,-0.02387038703870387,100
2019-07-12,realized_vol_5,0.14948694869486948,100
2019-07-12,realized_vol_20,0.12697269726972696,100
2019-07-12,vol_ratio_5_20,0.02658265826582658,100
2019-07-12,parkinson_vol_20,0.21426942694269424,100
2019-07-12,overnight_vol_20,0.09239723972397239,100
2019-07-12,downside_vol_20,0.1255205520552055,100
2019-07-12,volume_zscore_20,0.07024302430243023,100
2019-07-12,volume_trend_5_20,-0.14111011101110107,100
2019-07-12,amihud_illiq_20,0.33920192019201917,100
2019-07-12,signed_volume_pressure_20,-0.020642064206420636,100
2019-07-12,volume_cv_20,0.2772397239723972,100
2019-07-12,return_volume_corr_20,0.22919891989198918,100
2019-07-12,close_location_value,-0.024962496249624957,100
2019-07-12,body_range_ratio,0.14546098248185027,100
2019-07-12,gap_followthrough_20,0.009768976897689768,100
2019-07-12,cs_rank_ret20,-0.04667266726672666,100
2019-07-12,cs_rank_ret60,-0.21047704770477044,100
2019-07-12,cs_rank_vol20,0.12697269726972696,100
2019-07-12,cs_rank_amihud20,0.33920192019201917,100
2019-07-12,return_autocorr_20,-0.05554155415541554,100
2019-07-12,revenue_growth_yoy,0.06622103280326133,63
2019-07-12,gross_margin_change_yoy,-0.040112585943806664,58
2019-07-12,operating_profitability,-0.2147099197061398,75
2019-07-12,cashflow_to_assets,-0.23182660169100477,76
2019-07-12,debt_to_assets,-0.17869797241469615,52
2019-07-12,asset_growth_yoy,0.07142973754057909,82
2019-07-19,ret_1d,-0.06802900698802593,100
2019-07-19,ret_5d,-0.23003900390039003,100
2019-07-19,ret_20d,-0.01104110411041104,100
2019-07-19,ret_60d,-0.06543054305430542,100
2019-07-19,ret_120d,-0.25231323132313227,100
2019-07-19,momentum_20_5,0.11267926792679267,100
2019-07-19,overnight_gap,-0.1561420826352141,100
2019-07-19,intraday_return,0.024434443444344433,100
2019-07-19,ema20_distance,-0.10303030303030301,100
2019-07-19,ema60_distance,-0.1323132313231323,100
2019-07-19,ema20_60_spread,-0.10244224422442243,100
2019-07-19,rsi14_centered,-0.09128112811281126,100
2019-07-19,macd_hist_atr,0.06165016501650165,100
2019-07-19,breakout_position_60,-0.11177917791779177,100
2019-07-19,trend_r2_20,0.01714971497149715,100
2019-07-19,realized_vol_5,0.08225622562256224,100
2019-07-19,realized_vol_20,0.16355235523552353,100
2019-07-19,vol_ratio_5_20,-0.12507650765076506,100
2019-07-19,parkinson_vol_20,0.20967296729672966,100
2019-07-19,overnight_vol_20,-0.07437143714371436,100
2019-07-19,downside_vol_20,0.15619561956195618,100
2019-07-19,volume_zscore_20,-0.09554155415541554,100
2019-07-19,volume_trend_5_20,-0.2283108310831083,100
2019-07-19,amihud_illiq_20,0.05350135013501349,100
2019-07-19,signed_volume_pressure_20,-0.037275727572757274,100
2019-07-19,volume_cv_20,0.047068706870687066,100
2019-07-19,return_volume_corr_20,-0.0967056705670567,100
2019-07-19,close_location_value,-0.020102010201020096,100
2019-07-19,body_range_ratio,0.13516951695169516,100
2019-07-19,gap_followthrough_20,0.09246924692469245,100
2019-07-19,cs_rank_ret20,-0.01104110411041104,100
2019-07-19,cs_rank_ret60,-0.06543054305430542,100
2019-07-19,cs_rank_vol20,0.16355235523552353,100
2019-07-19,cs_rank_amihud20,0.05350135013501349,100
2019-07-19,return_autocorr_20,-0.04978097809780978,100
2019-07-19,revenue_growth_yoy,-0.0055444213764238364,63
2019-07-19,gross_margin_change_yoy,-0.1788762939135244,58
2019-07-19,operating_profitability,0.1947809017183101,75
2019-07-19,cashflow_to_assets,0.023663866465805476,76
2019-07-19,debt_to_assets,-0.23824973340812694,52
2019-07-19,asset_growth_yoy,-0.10953357894383484,82
2019-07-26,ret_1d,0.17906990699069905,100
2019-07-26,ret_5d,-0.22725472547254721,100
2019-07-26,ret_20d,-0.09857785778577859,100
2019-07-26,ret_60d,0.10420642064206419,100
2019-07-26,ret_120d,0.06413441344134413,100
2019-07-26,momentum_20_5,0.01242124212421242,100
2019-07-26,overnight_gap,-0.0986018601860186,100
2019-07-26,intraday_return,0.19157515751575155,100
2019-07-26,ema20_distance,-0.07897989798979896,100
2019-07-26,ema60_distance,0.022106210621062106,100
2019-07-26,ema20_60_spread,0.12524452445244524,100
2019-07-26,rsi14_centered,-0.0025442544254425437,100
2019-07-26,macd_hist_atr,-0.2455445544554455,100
2019-07-26,breakout_position_60,0.0009120912091209121,100
2019-07-26,trend_r2_20,0.19530753075307528,100
2019-07-26,realized_vol_5,0.1734413441344134,100
2019-07-26,realized_vol_20,0.02042604260426042,100
2019-07-26,vol_ratio_5_20,0.09160516051605158,100
2019-07-26,parkinson_vol_20,0.030987098709870986,100
2019-07-26,overnight_vol_20,-0.08888088808880887,100
2019-07-26,downside_vol_20,-0.008184818481848183,100
2019-07-26,volume_zscore_20,0.2301110111011101,100
2019-07-26,volume_trend_5_20,0.23327932793279327,100
2019-07-26,amihud_illiq_20,-0.07507950795079507,100
2019-07-26,signed_volume_pressure_20,-0.11617161716171616,100
2019-07-26,volume_cv_20,-0.011677167716771675,100
2019-07-26,return_volume_corr_20,-0.08626462646264625,100
2019-07-26,close_location_value,0.11087908790879088,100
2019-07-26,body_range_ratio,0.15108310831083105,100
2019-07-26,gap_followthrough_20,0.03157515751575157,100
2019-07-26,cs_rank_ret20,-0.09857785778577859,100
2019-07-26,cs_rank_ret60,0.10420642064206419,100
2019-07-26,cs_rank_vol20,0.02042604260426042,100
2019-07-26,cs_rank_amihud20,-0.07507950795079507,100
2019-07-26,return_autocorr_20,-0.018313831383138312,100
2019-07-26,revenue_growth_yoy,-0.22035508649665406,64
2019-07-26,gross_margin_change_yoy,-0.2289630181866005,59
2019-07-26,operating_profitability,0.2043400024233933,75
2019-07-26,cashflow_to_assets,0.15790948673975683,76
2019-07-26,debt_to_assets,0.25960569307073145,53
2019-07-26,asset_growth_yoy,-0.07074406430196009,82
2019-08-02,ret_1d,-0.030519143471914954,100
2019-08-02,ret_5d,0.07363358425951011,100
2019-08-02,ret_20d,-0.00954095409540954,100
2019-08-02,ret_60d,0.07963996399639962,100
2019-08-02,ret_120d,0.2257305730573057,100
2019-08-02,momentum_20_5,-0.12888088808880888,100
2019-08-02,overnight_gap,0.010921124875911367,100
2019-08-02,intraday_return,0.010453045304530452,100
2019-08-02,ema20_distance,0.027950795079507946,100
2019-08-02,ema60_distance,0.11319531953195318,100
2019-08-02,ema20_60_spread,0.06442244224422441,100
2019-08-02,rsi14_centered,0.056069606960696065,100
2019-08-02,macd_hist_atr,0.025298529852985297,100
2019-08-02,breakout_position_60,0.04584458445844584,100
2019-08-02,trend_r2_20,-0.06403840384038403,100
2019-08-02,realized_vol_5,-0.24396039603960393,100
2019-08-02,realized_vol_20,-0.2074887488748875,100
2019-08-02,vol_ratio_5_20,-0.1590879087908791,100
2019-08-02,parkinson_vol_20,-0.18097809780978094,100
2019-08-02,overnight_vol_20,-0.010921092109210918,100
2019-08-02,downside_vol_20,-0.17693369336933693,100
2019-08-02,volume_zscore_20,-0.16987698769876985,100
2019-08-02,volume_trend_5_20,-0.23284728472847285,100
2019-08-02,amihud_illiq_20,-0.055109510951095106,100
2019-08-02,signed_volume_pressure_20,0.11683168316831681,100
2019-08-02,volume_cv_20,0.033135313531353135,100
2019-08-02,return_volume_corr_20,-0.0051845184518451845,100
2019-08-02,close_location_value,-0.05285344390496007,100
2019-08-02,body_range_ratio,-0.020726072607260723,100
2019-08-02,gap_followthrough_20,-0.20409240924092406,100
2019-08-02,cs_rank_ret20,-0.00954095409540954,100
2019-08-02,cs_rank_ret60,0.07963996399639962,100
2019-08-02,cs_rank_vol20,-0.2074887488748875,100
2019-08-02,cs_rank_amihud20,-0.055109510951095106,100
2019-08-02,return_autocorr_20,0.16237623762376238,100
2019-08-02,revenue_growth_yoy,0.10262349895170039,65
2019-08-02,gross_margin_change_yoy,0.20581002794467348,60
2019-08-02,operating_profitability,-0.09130932652668024,75
2019-08-02,cashflow_to_assets,-0.12596121641590505,76
2019-08-02,debt_to_assets,0.10544290297761574,52
2019-08-02,asset_growth_yoy,0.02060284826517084,82
2019-08-09,ret_1d,-0.13789420310354025,100
2019-08-09,ret_5d,0.05302746182880701,100
2019-08-09,ret_20d,-0.005328548840554558,100
2019-08-09,ret_60d,-0.18913948136743203,100
2019-08-09,ret_120d,-0.25415017746942314,100
2019-08-09,momentum_20_5,-0.01835589065682026,100
2019-08-09,overnight_gap,-0.15840779122586993,100
2019-08-09,intraday_return,-0.054197582351226084,100
2019-08-09,ema20_distance,0.029799069304272445,100
2019-08-09,ema60_distance,-0.12103846696264187,100
2019-08-09,ema20_60_spread,-0.21436607970717456,100
2019-08-09,rsi14_centered,-0.024878562492048645,100
2019-08-09,macd_hist_atr,0.14415884836203005,100
2019-08-09,breakout_position_60,-0.08643290258935568,100
2019-08-09,trend_r2_20,-0.03372947413598781,100
2019-08-09,realized_vol_5,0.18335488555403723,100
2019-08-09,realized_vol_20,0.12015637610727979,100
2019-08-09,vol_ratio_5_20,0.19371195233196195,100
2019-08-09,parkinson_vol_20,0.09230150705564212,100
2019-08-09,overnight_vol_20,-0.027230804773014167,100
2019-08-09,downside_vol_20,0.13340574079190193,100
2019-08-09,volume_zscore_20,0.09680197060340781,100
2019-08-09,volume_trend_5_20,0.16854536017285635,100
2019-08-09,amihud_illiq_20,0.03213330973104691,100
2019-08-09,signed_volume_pressure_20,-0.05588975664518597,100
2019-08-09,volume_cv_20,0.020654127375212595,100
2019-08-09,return_volume_corr_20,0.025418618117780522,100
2019-08-09,close_location_value,0.06177036234759979,100
2019-08-09,body_range_ratio,-0.04903705081645478,100
2019-08-09,gap_followthrough_20,0.16360685150644144,100
2019-08-09,cs_rank_ret20,-0.005328548840554558,100
2019-08-09,cs_rank_ret60,-0.18913948136743203,100
2019-08-09,cs_rank_vol20,0.12015637610727979,100
2019-08-09,cs_rank_amihud20,0.03213330973104691,100
2019-08-09,return_autocorr_20,0.2294876372276672,100
2019-08-09,revenue_growth_yoy,-0.03805527722110889,66
2019-08-09,gross_margin_change_yoy,0.08355135251902165,63
2019-08-09,operating_profitability,-0.08893440873981136,75
2019-08-09,cashflow_to_assets,0.008325415758333643,76
2019-08-09,debt_to_assets,-0.023907916226358645,53
2019-08-09,asset_growth_yoy,-0.051686983021332164,82
2019-08-16,ret_1d,0.024110411041104108,100
2019-08-16,ret_5d,0.26545454545454544,100
2019-08-16,ret_20d,0.03923192319231923,100
2019-08-16,ret_60d,0.1184038403840384,100
2019-08-16,ret_120d,0.1891509150915091,100
2019-08-16,momentum_20_5,-0.04816081608160815,100
2019-08-16,overnight_gap,-0.004236423642364236,100
2019-08-16,intraday_return,0.02498657361719502,100
2019-08-16,ema20_distance,0.1394059405940594,100
2019-08-16,ema60_distance,0.11607560756075605,100
2019-08-16,ema20_60_spread,0.12373237323732371,100
2019-08-16,rsi14_centered,0.11738373837383737,100
2019-08-16,macd_hist_atr,0.12436843684368436,100
2019-08-16,breakout_position_60,0.12446444644464445,100
2019-08-16,trend_r2_20,0.05524152415241524,100
2019-08-16,realized_vol_5,-0.22730273027302728,100
2019-08-16,realized_vol_20,-0.2813321332133213,100
2019-08-16,vol_ratio_5_20,-0.07524752475247523,100
2019-08-16,parkinson_vol_20,-0.41881788178817875,100
2019-08-16,overnight_vol_20,-0.07467146714671466,100
2019-08-16,downside_vol_20,-0.24679267926792678,100
2019-08-16,volume_zscore_20,0.16748874887488746,100
2019-08-16,volume_trend_5_20,0.2150975097509751,100
2019-08-16,amihud_illiq_20,-0.11096309630963094,100
2019-08-16,signed_volume_pressure_20,0.033027302730273024,100
2019-08-16,volume_cv_20,0.0050765076507650764,100
2019-08-16,return_volume_corr_20,-0.0787038703870387,100
2019-08-16,close_location_value,0.05812181218121812,100
2019-08-16,body_range_ratio,0.14286271486027355,100
2019-08-16,gap_followthrough_20,-0.021530153015301527,100
2019-08-16,cs_rank_ret20,0.03923192319231923,100
2019-08-16,cs_rank_ret60,0.1184038403840384,100
2019-08-16,cs_rank_vol20,-0.2813321332133213,100
2019-08-16,cs_rank_amihud20,-0.11096309630963094,100
2019-08-16,return_autocorr_20,0.22924692469246924,100
2019-08-16,revenue_growth_yoy,-0.1880199146320411,66
2019-08-16,gross_margin_change_yoy,0.030194294768576563,63
2019-08-16,operating_profitability,-0.07842161039750555,75
2019-08-16,cashflow_to_assets,-0.08553715336599935,76
2019-08-16,debt_to_assets,-0.06442769025113043,53
2019-08-16,asset_growth_yoy,-0.05598576411835119,82
2019-08-23,ret_1d,0.03903402050428761,100
2019-08-23,ret_5d,-0.03929804769908986,100
2019-08-23,ret_20d,-0.1721277291568778,100
2019-08-23,ret_60d,-0.2623710242166751,100
2019-08-23,ret_120d,-0.1712636401557068,100
2019-08-23,momentum_20_5,-0.13697610853979605,100
2019-08-23,overnight_gap,-0.07455767944131798,100
2019-08-23,intraday_return,0.07461168500389119,100
2019-08-23,ema20_distance,-0.2085514808034613,100
2019-08-23,ema60_distance,-0.2701838289355963,100
2019-08-23,ema20_60_spread,-0.2806609080747947,100
2019-08-23,rsi14_centered,-0.2408828109306099,100
2019-08-23,macd_hist_atr,-0.0443925724351606,100
2019-08-23,breakout_position_60,-0.25839261444045025,100
2019-08-23,trend_r2_20,0.14754319694994986,100
2019-08-23,realized_vol_5,0.06442863614981338,100
2019-08-23,realized_vol_20,0.10824514925085997,100
2019-08-23,vol_ratio_5_20,-0.1086711931333818,100
2019-08-23,parkinson_vol_20,0.1451069460160927,100
2019-08-23,overnight_vol_20,0.021596224411211545,100
2019-08-23,downside_vol_20,0.12655303496317075,100
2019-08-23,volume_zscore_20,0.12657103681736181,100
2019-08-23,volume_trend_5_20,-0.10473478768360275,100
2019-08-23,amihud_illiq_20,0.07206142232682397,100
2019-08-23,signed_volume_pressure_20,-0.14863530943754097,100
2019-08-23,volume_cv_20,0.01912396976897227,100
2019-08-23,return_volume_corr_20,-0.0845967134618673,100
2019-08-23,close_location_value,0.012349271975069008,100
2019-08-23,body_range_ratio,0.030981191062818894,100
2019-08-23,gap_followthrough_20,0.009901019805084482,100
2019-08-23,cs_rank_ret20,-0.1721277291568778,100
2019-08-23,cs_rank_ret60,-0.2623710242166751,100
2019-08-23,cs_rank_vol20,0.10824514925085997,100
2019-08-23,cs_rank_amihud20,0.07206142232682397,100
2019-08-23,return_autocorr_20,-0.05318947851652657,100
2019-08-23,revenue_growth_yoy,-0.018575580760069054,65
2019-08-23,gross_margin_change_yoy,-0.18766053890707626,62
2019-08-23,operating_profitability,-0.032973442011977404,75
2019-08-23,cashflow_to_assets,-0.05928994244623987,76
2019-08-23,debt_to_assets,0.15732285055106857,53
2019-08-23,asset_growth_yoy,0.0065193730953417494,82
2019-08-30,ret_1d,-0.03429953285203812,100
2019-08-30,ret_5d,-0.20465646564656462,100
2019-08-30,ret_20d,-0.1763336333633363,100
2019-08-30,ret_60d,-0.2381398139813981,100
2019-08-30,ret_120d,-0.19495949594959494,100
2019-08-30,momentum_20_5,-0.1578037803780378,100
2019-08-30,overnight_gap,-0.044092409240924085,100
2019-08-30,intraday_return,-0.03416151863657331,100
2019-08-30,ema20_distance,-0.19390339033903387,100
2019-08-30,ema60_distance,-0.21186918691869183,100
2019-08-30,ema20_60_spread,-0.19276327632763274,100
2019-08-30,rsi14_centered,-0.17076507650765077,100
2019-08-30,macd_hist_atr,0.02797479747974797,100
2019-08-30,breakout_position_60,-0.1662046204620462,100
2019-08-30,trend_r2_20,0.014329432943294328,100
2019-08-30,realized_vol_5,0.17914191419141912,100
2019-08-30,realized_vol_20,0.09868586858685865,100
2019-08-30,vol_ratio_5_20,0.0794959495949595,100
2019-08-30,parkinson_vol_20,0.03132313231323132,100
2019-08-30,overnight_vol_20,0.07012301230123011,100
2019-08-30,downside_vol_20,0.11536753675367535,100
2019-08-30,volume_zscore_20,0.16514851485148513,100
2019-08-30,volume_trend_5_20,0.1871107110711071,100
2019-08-30,amihud_illiq_20,-0.07249924992499249,100
2019-08-30,signed_volume_pressure_20,-0.14568256825682566,100
2019-08-30,volume_cv_20,0.08459645964596459,100
2019-08-30,return_volume_corr_20,-0.2075247524752475,100
2019-08-30,close_location_value,-0.05112511251125111,100
2019-08-30,body_range_ratio,-0.030441135437087017,100
2019-08-30,gap_followthrough_20,0.21735373537353733,100
2019-08-30,cs_rank_ret20,-0.1763336333633363,100
2019-08-30,cs_rank_ret60,-0.2381398139813981,100
2019-08-30,cs_rank_vol20,0.09868586858685865,100
2019-08-30,cs_rank_amihud20,-0.07249924992499249,100
2019-08-30,return_autocorr_20,0.11637563756375637,100
2019-08-30,revenue_growth_yoy,-0.18751891785718056,66
2019-08-30,gross_margin_change_yoy,0.14016444014659113,62
2019-08-30,operating_profitability,-0.06476575224738668,75
2019-08-30,cashflow_to_assets,-0.15764602270453731,77
2019-08-30,debt_to_assets,0.151755836110923,53
2019-08-30,asset_growth_yoy,-0.13010377610240476,82
2019-09-06,ret_1d,0.03600403245422745,100
2019-09-06,ret_5d,0.02826282628262826,100
2019-09-06,ret_20d,-0.09016501650165015,100
2019-09-06,ret_60d,-0.09345334533453344,100
2019-09-06,ret_120d,-0.07425142514251425,100
2019-09-06,momentum_20_5,-0.15243924392439243,100
2019-09-06,overnight_gap,0.0657247696515699,100
2019-09-06,intraday_return,-0.009576957695769576,100
2019-09-06,ema20_distance,0.009564956495649566,100
2019-09-06,ema60_distance,-0.0885208520852085,100
2019-09-06,ema20_60_spread,-0.127992799279928,100
2019-09-06,rsi14_centered,-0.0457005700570057,100
2019-09-06,macd_hist_atr,0.04583258325832583,100
2019-09-06,breakout_position_60,-0.08117611761176118,100
2019-09-06,trend_r2_20,-0.1401020102010201,100
2019-09-06,realized_vol_5,0.18384638463846384,100
2019-09-06,realized_vol_20,0.13855385538553852,100
2019-09-06,vol_ratio_5_20,0.08087608760876086,100
2019-09-06,parkinson_vol_20,-0.0174017401740174,100
2019-09-06,overnight_vol_20,0.07128712871287128,100
2019-09-06,downside_vol_20,0.16874887488748871,100
2019-09-06,volume_zscore_20,0.1878187818781878,100
2019-09-06,volume_trend_5_20,0.007872787278727872,100
2019-09-06,amihud_illiq_20,0.014941494149414938,100
2019-09-06,signed_volume_pressure_20,-0.10402640264026401,100
2019-09-06,volume_cv_20,0.02388238823882388,100
2019-09-06,return_volume_corr_20,-0.02467446744674467,100
2019-09-06,close_location_value,0.038061920377970224,100
2019-09-06,body_range_ratio,-0.00348034803480348,100
2019-09-06,gap_followthrough_20,0.2121212121212121,100
2019-09-06,cs_rank_ret20,-0.09016501650165015,100
2019-09-06,cs_rank_ret60,-0.09345334533453344,100
2019-09-06,cs_rank_vol20,0.13855385538553852,100
2019-09-06,cs_rank_amihud20,0.014941494149414938,100
2019-09-06,return_autocorr_20,-0.04786078607860785,100
2019-09-06,revenue_growth_yoy,-0.0552140195627566,66
2019-09-06,gross_margin_change_yoy,-0.0027196837110729146,62
2019-09-06,operating_profitability,-0.1828747003936752,75
2019-09-06,cashflow_to_assets,-0.22822064922839796,77
2019-09-06,debt_to_assets,0.11212353353466442,53
2019-09-06,asset_growth_yoy,0.0645077029411873,82
2019-09-13,ret_1d,-0.04267626762676267,100
2019-09-13,ret_5d,0.13136513651365136,100
2019-09-13,ret_20d,-0.010201020102010199,100
2019-09-13,ret_60d,-0.04228022802280228,100
2019-09-13,ret_120d,-0.10780678067806779,100
2019-09-13,momentum_20_5,-0.05088508850885088,100
2019-09-13,overnight_gap,0.0940185300821393,100
2019-09-13,intraday_return,-0.12207620762076207,100
2019-09-13,ema20_distance,0.042004200420042,100
2019-09-13,ema60_distance,-0.03732373237323732,100
2019-09-13,ema20_60_spread,-0.0393039303930393,100
2019-09-13,rsi14_centered,0.024218421842184215,100
2019-09-13,macd_hist_atr,0.0025202520252025204,100
2019-09-13,breakout_position_60,0.020858085808580853,100
2019-09-13,trend_r2_20,-0.048760876087608755,100
2019-09-13,realized_vol_5,-0.028946894689468945,100
2019-09-13,realized_vol_20,-0.08802880288028801,100
2019-09-13,vol_ratio_5_20,0.0451005100510051,100
2019-09-13,parkinson_vol_20,0.02143414341434143,100
2019-09-13,overnight_vol_20,-0.04406840684068406,100
2019-09-13,downside_vol_20,-0.08084008400840081,100
2019-09-13,volume_zscore_20,0.2596459645964596,100
2019-09-13,volume_trend_5_20,0.13508550855085505,100
2019-09-13,amihud_illiq_20,0.09377737773777377,100
2019-09-13,signed_volume_pressure_20,-0.02575457545754575,100
2019-09-13,volume_cv_20,0.06757875787578757,100
2019-09-13,return_volume_corr_20,0.06399039903990399,100
2019-09-13,close_location_value,-0.07416741674167417,100
2019-09-13,body_range_ratio,-0.08948094809480947,100
2019-09-13,gap_followthrough_20,0.003972397239723972,100
2019-09-13,cs_rank_ret20,-0.010201020102010199,100
2019-09-13,cs_rank_ret60,-0.04228022802280228,100
2019-09-13,cs_rank_vol20,-0.08802880288028801,100
2019-09-13,cs_rank_amihud20,0.09377737773777377,100
2019-09-13,return_autocorr_20,-0.12513651365136513,100
2019-09-13,revenue_growth_yoy,0.08475195441390994,66
2019-09-13,gross_margin_change_yoy,-0.10732677756104408,62
2019-09-13,operating_profitability,0.1854778483535416,75
2019-09-13,cashflow_to_assets,-0.003930306077599989,77
2019-09-13,debt_to_assets,-0.038745313098458294,53
2019-09-13,asset_growth_yoy,0.10422233227008768,82
2019-09-20,ret_1d,-0.20308674573014568,100
2019-09-20,ret_5d,0.15469546954695465,100
2019-09-20,ret_20d,-0.04066006600660066,100
2019-09-20,ret_60d,-0.08165616561656165,100
2019-09-20,ret_120d,-0.08681668166816679,100
2019-09-20,momentum_20_5,-0.06622262226222622,100
2019-09-20,overnight_gap,-0.04518451845184518,100
2019-09-20,intraday_return,-0.14636663666366634,100
2019-09-20,ema20_distance,-0.010393039303930391,100
2019-09-20,ema60_distance,-0.09416141614161415,100
2019-09-20,ema20_60_spread,-0.07843984398439842,100
2019-09-20,rsi14_centered,0.00864086408640864,100
2019-09-20,macd_hist_atr,0.06525052505250524,100
2019-09-20,breakout_position_60,-0.08247224722472246,100
2019-09-20,trend_r2_20,-0.03253525352535253,100
2019-09-20,realized_vol_5,-0.1387098709870987,100
2019-09-20,realized_vol_20,-0.06594659465946594,100
2019-09-20,vol_ratio_5_20,-0.0914011401140114,100
2019-09-20,parkinson_vol_20,-0.17305730573057304,100
2019-09-20,overnight_vol_20,-0.0336993699369937,100
2019-09-20,downside_vol_20,-0.03537953795379538,100
2019-09-20,volume_zscore_20,-0.0534053405340534,100
2019-09-20,volume_trend_5_20,-0.028250825082508247,100
2019-09-20,amihud_illiq_20,-0.17540954095409542,100
2019-09-20,signed_volume_pressure_20,-0.004116411641164116,100
2019-09-20,volume_cv_20,-0.13417341734173416,100
2019-09-20,return_volume_corr_20,-0.032187218721872184,100
2019-09-20,close_location_value,-0.19260726072607257,100
2019-09-20,body_range_ratio,-0.14580258025802578,100
2019-09-20,gap_followthrough_20,0.07843984398439842,100
2019-09-20,cs_rank_ret20,-0.04066006600660066,100
2019-09-20,cs_rank_ret60,-0.08165616561656165,100
2019-09-20,cs_rank_vol20,-0.06594659465946594,100
2019-09-20,cs_rank_amihud20,-0.17540954095409542,100
2019-09-20,return_autocorr_20,0.057221722172217215,100
2019-09-20,revenue_growth_yoy,-0.17927796387772757,68
2019-09-20,gross_margin_change_yoy,0.06706109664817403,63
2019-09-20,operating_profitability,0.08773888861451373,75
2019-09-20,cashflow_to_assets,0.2040210054529412,77
2019-09-20,debt_to_assets,0.12982300538713393,53
2019-09-20,asset_growth_yoy,-0.13379335114830698,82
2019-09-27,ret_1d,-0.0682148214821482,100
2019-09-27,ret_5d,-0.002568256825682568,100
2019-09-27,ret_20d,-0.11929192919291928,100
2019-09-27,ret_60d,-0.15953195319531951,100
2019-09-27,ret_120d,0.09084908490849083,100
2019-09-27,momentum_20_5,-0.1659285928592859,100
2019-09-27,overnight_gap,-0.008826909171684409,100
2019-09-27,intraday_return,-0.057653765376537644,100
2019-09-27,ema20_distance,-0.09152115211521152,100
2019-09-27,ema60_distance,-0.13044104410441043,100
2019-09-27,ema20_60_spread,-0.1264086408640864,100
2019-09-27,rsi14_centered,-0.09803780378037803,100
2019-09-27,macd_hist_atr,0.038835883588358835,100
2019-09-27,breakout_position_60,-0.12904890489048904,100
2019-09-27,trend_r2_20,0.14647464746474645,100
2019-09-27,realized_vol_5,-0.09326132613261325,100
2019-09-27,realized_vol_20,-0.07680768076807679,100
2019-09-27,vol_ratio_5_20,-0.03743174317431743,100
2019-09-27,parkinson_vol_20,-0.09059705970597058,100
2019-09-27,overnight_vol_20,0.21081308130813078,100
2019-09-27,downside_vol_20,-0.02748274827482748,100
2019-09-27,volume_zscore_20,-0.18827482748274826,100
2019-09-27,volume_trend_5_20,0.08565256525652565,100
2019-09-27,amihud_illiq_20,-0.24310831083108309,100
2019-09-27,signed_volume_pressure_20,-0.11702370237023701,100
2019-09-27,volume_cv_20,-0.1614041404140414,100
2019-09-27,return_volume_corr_20,-0.14642664266426642,100
2019-09-27,close_location_value,0.027710854218109173,100
2019-09-27,body_range_ratio,-0.058685868586858675,100
2019-09-27,gap_followthrough_20,-0.03199519951995199,100
2019-09-27,cs_rank_ret20,-0.11929192919291928,100
2019-09-27,cs_rank_ret60,-0.15953195319531951,100
2019-09-27,cs_rank_vol20,-0.07680768076807679,100
2019-09-27,cs_rank_amihud20,-0.24310831083108309,100
2019-09-27,return_autocorr_20,-0.11217521752175218,100
2019-09-27,revenue_growth_yoy,0.02977740023325017,69
2019-09-27,gross_margin_change_yoy,0.1739892231934909,63
2019-09-27,operating_profitability,0.21893470082133282,75
2019-09-27,cashflow_to_assets,0.2701000979348647,77
2019-09-27,debt_to_assets,0.09942345692070567,53
2019-09-27,asset_growth_yoy,0.006737011661986661,82
2019-10-04,ret_1d,-0.26274227422742275,100
2019-10-04,ret_5d,-0.19465946594659464,100
2019-10-04,ret_20d,0.12079207920792077,100
2019-10-04,ret_60d,-0.08294029402940294,100
2019-10-04,ret_120d,-0.19759975997599757,100
2019-10-04,momentum_20_5,0.19173117311731172,100
2019-10-04,overnight_gap,-0.08429744131949789,100
2019-10-04,intraday_return,-0.24934893489348933,100
2019-10-04,ema20_distance,-0.1382058205820582,100
2019-10-04,ema60_distance,-0.05435343534353435,100
2019-10-04,ema20_60_spread,-0.02856285628562856,100
2019-10-04,rsi14_centered,-0.0806960696069607,100
2019-10-04,macd_hist_atr,-0.17056105610561054,100
2019-10-04,breakout_position_60,-0.0577137713771377,100
2019-10-04,trend_r2_20,-0.07079507950795079,100
2019-10-04,realized_vol_5,-0.06035403540354035,100
2019-10-04,realized_vol_20,0.1435223522352235,100
2019-10-04,vol_ratio_5_20,-0.2448244824482448,100
2019-10-04,parkinson_vol_20,0.15828382838283825,100
2019-10-04,overnight_vol_20,-0.06448244824482448,100
2019-10-04,downside_vol_20,0.06744674467446744,100
2019-10-04,volume_zscore_20,0.019705970597059707,100
2019-10-04,volume_trend_5_20,-0.06979897989798979,100
2019-10-04,amihud_illiq_20,0.22269426942694268,100
2019-10-04,signed_volume_pressure_20,-0.009216921692169215,100
2019-10-04,volume_cv_20,0.008052805280528052,100
2019-10-04,return_volume_corr_20,0.16925292529252925,100
2019-10-04,close_location_value,-0.28435643564356433,100
2019-10-04,body_range_ratio,-0.2399279927992799,100
2019-10-04,gap_followthrough_20,0.012037203720372036,100
2019-10-04,cs_rank_ret20,0.12079207920792077,100
2019-10-04,cs_rank_ret60,-0.08294029402940294,100
2019-10-04,cs_rank_vol20,0.1435223522352235,100
2019-10-04,cs_rank_amihud20,0.22269426942694268,100
2019-10-04,return_autocorr_20,0.09887788778877886,100
2019-10-04,revenue_growth_yoy,0.1064861754353468,69
2019-10-04,gross_margin_change_yoy,0.013324328347122355,64
2019-10-04,operating_profitability,-0.18611796670432842,75
2019-10-04,cashflow_to_assets,-0.24907649146329952,79
2019-10-04,debt_to_assets,-0.07112042903816902,53
2019-10-04,asset_growth_yoy,0.1583578670143876,82
2019-10-11,ret_1d,-0.027657595499862516,100
2019-10-11,ret_5d,0.2049266405555012,100
2019-10-11,ret_20d,0.17843919717594092,100
2019-10-11,ret_60d,0.07290347748488386,100
2019-10-11,ret_120d,0.1750067509563876,100
2019-10-11,momentum_20_5,0.1295208377672017,100
2019-10-11,overnight_gap,-0.11171652319829477,100
2019-10-11,intraday_return,0.030796003494314262,100
2019-10-11,ema20_distance,0.24730414965075592,100
2019-10-11,ema60_distance,0.1238320982285014,100
2019-10-11,ema20_60_spread,0.0959284707443702,100
2019-10-11,rsi14_centered,0.18586816294483438,100
2019-10-11,macd_hist_atr,0.11403282431848284,100
2019-10-11,breakout_position_60,0.09787272349810322,100
2019-10-11,trend_r2_20,-0.07500975130142795,100
2019-10-11,realized_vol_5,-0.161895046428898,100
2019-10-11,realized_vol_20,-0.13488553518027982,100
2019-10-11,vol_ratio_5_20,-0.06603258426567306,100
2019-10-11,parkinson_vol_20,-0.267898826968076,100
2019-10-11,overnight_vol_20,-0.04716013083823379,100
2019-10-11,downside_vol_20,-0.20297638702166404,100
2019-10-11,volume_zscore_20,0.0016142098480067299,100
2019-10-11,volume_trend_5_20,0.11395481417712937,100
2019-10-11,amihud_illiq_20,-0.14068228876085417,100
2019-10-11,signed_volume_pressure_20,0.18915659044188898,100
2019-10-11,volume_cv_20,-0.04060727896454105,100
2019-10-11,return_volume_corr_20,-0.039071079257887796,100
2019-10-11,close_location_value,0.041183353854536,100
2019-10-11,body_range_ratio,0.010939422129800255,100
2019-10-11,gap_followthrough_20,0.12350205532277511,100
2019-10-11,cs_rank_ret20,0.17843919717594092,100
2019-10-11,cs_rank_ret60,0.07290347748488386,100
2019-10-11,cs_rank_vol20,-0.13488553518027982,100
2019-10-11,cs_rank_amihud20,-0.14068228876085417,100
2019-10-11,return_autocorr_20,-0.007891025836910221,100
2019-10-11,revenue_growth_yoy,-0.04556291392439257,69
2019-10-11,gross_margin_change_yoy,0.11041919457863046,64
2019-10-11,operating_profitability,0.09730075751708303,75
2019-10-11,cashflow_to_assets,-0.09414843442521005,79
2019-10-11,debt_to_assets,-0.1327258800417531,53
2019-10-11,asset_growth_yoy,-0.10057848137737911,82
2019-10-18,ret_1d,-0.20681192206373875,100
2019-10-18,ret_5d,0.018523907962603513,100
2019-10-18,ret_20d,0.03517562308933651,100
2019-10-18,ret_60d,0.08880914734257596,100
2019-10-18,ret_120d,-0.12340871109779845,100
2019-10-18,momentum_20_5,0.008508876414308968,100
2019-10-18,overnight_gap,-0.2187825346020486,100
2019-10-18,intraday_return,-0.1254144226636862,100
2019-10-18,ema20_distance,0.07476170045548336,100
2019-10-18,ema60_distance,0.09632192115831277,100
2019-10-18,ema20_60_spread,0.07072928511668533,100
2019-10-18,rsi14_centered,0.06352254282219656,100
2019-10-18,macd_hist_atr,0.0047464888883768635,100
2019-10-18,breakout_position_60,0.09958625738495883,100
2019-10-18,trend_r2_20,0.1114194762065507,100
2019-10-18,realized_vol_5,0.1745759813268623,100
2019-10-18,realized_vol_20,0.17373589479794607,100
2019-10-18,vol_ratio_5_20,0.11072940512922662,100
2019-10-18,parkinson_vol_20,0.2524760050296543,100
2019-10-18,overnight_vol_20,-0.046510790611642316,100
2019-10-18,downside_vol_20,0.12792717649975519,100
2019-10-18,volume_zscore_20,-0.07775600886926347,100
2019-10-18,volume_trend_5_20,0.020960158896460662,100
2019-10-18,amihud_illiq_20,0.157546227262117,100
2019-10-18,signed_volume_pressure_20,-0.012517289280852259,100
2019-10-18,volume_cv_20,0.04239436661995265,100
2019-10-18,return_volume_corr_20,0.004110423373625982,100
2019-10-18,close_location_value,-0.21030966189612177,100
2019-10-18,body_range_ratio,-0.1246283322632583,100
2019-10-18,gap_followthrough_20,0.1043747505997815,100
2019-10-18,cs_rank_ret20,0.03517562308933651,100
2019-10-18,cs_rank_ret60,0.08880914734257596,100
2019-10-18,cs_rank_vol20,0.17373589479794607,100
2019-10-18,cs_rank_amihud20,0.157546227262117,100
2019-10-18,return_autocorr_20,0.08445269862833878,100
2019-10-18,revenue_growth_yoy,0.08624485061421722,69
2019-10-18,gross_margin_change_yoy,0.06609507893151587,64
2019-10-18,operating_profitability,0.03054075775865126,75
2019-10-18,cashflow_to_assets,-0.04272176935006172,80
2019-10-18,debt_to_assets,-0.1761883644539675,53
2019-10-18,asset_growth_yoy,0.20655090035732285,82
2019-10-25,ret_1d,0.2789387306905164,100
2019-10-25,ret_5d,0.11578757875787578,100
2019-10-25,ret_20d,0.004332433243324332,100
2019-10-25,ret_60d,-0.02917491749174917,100
2019-10-25,ret_120d,-0.15000300030002997,100
2019-10-25,momentum_20_5,-0.10726672667266725,100
2019-10-25,overnight_gap,-0.009780978097809782,100
2019-10-25,intraday_return,0.315284474302272,100
2019-10-25,ema20_distance,0.06467446744674467,100
2019-10-25,ema60_distance,-0.033219321932193215,100
2019-10-25,ema20_60_spread,-0.05195319531953196,100
2019-10-25,rsi14_centered,0.06427842784278427,100
2019-10-25,macd_hist_atr,0.07636363636363636,100
2019-10-25,breakout_position_60,-0.03438343834383438,100
2019-10-25,trend_r2_20,0.10459045904590457,100
2019-10-25,realized_vol_5,0.08888088808880887,100
2019-10-25,realized_vol_20,0.10559855985598558,100
2019-10-25,vol_ratio_5_20,0.011989198919891988,100
2019-10-25,parkinson_vol_20,0.22027002700270024,100
2019-10-25,overnight_vol_20,-0.2045364536453645,100
2019-10-25,downside_vol_20,0.10743474347434742,100
2019-10-25,volume_zscore_20,-0.23615961596159615,100
2019-10-25,volume_trend_5_20,-0.24499249924992494,100
2019-10-25,amihud_illiq_20,0.09273327332733272,100
2019-10-25,signed_volume_pressure_20,0.020558055805580556,100
2019-10-25,volume_cv_20,-0.15698769876987695,100
2019-10-25,return_volume_corr_20,0.09200120012001199,100
2019-10-25,close_location_value,0.38521452145214513,100
2019-10-25,body_range_ratio,0.3227612444096268,100
2019-10-25,gap_followthrough_20,0.11477947794779475,100
2019-10-25,cs_rank_ret20,0.004332433243324332,100
2019-10-25,cs_rank_ret60,-0.02917491749174917,100
2019-10-25,cs_rank_vol20,0.10559855985598558,100
2019-10-25,cs_rank_amihud20,0.09273327332733272,100
2019-10-25,return_autocorr_20,-0.05009300930093009,100
2019-10-25,revenue_growth_yoy,0.08160337331581013,70
2019-10-25,gross_margin_change_yoy,-0.14683289809550146,65
2019-10-25,operating_profitability,-0.15630267640990222,75
2019-10-25,cashflow_to_assets,-0.30695746927696366,81
2019-10-25,debt_to_assets,-0.007942587596666268,53
2019-10-25,asset_growth_yoy,0.02700246515894815,82
2019-11-01,ret_1d,0.2759297319303484,100
2019-11-01,ret_5d,0.07945418378128705,100
2019-11-01,ret_20d,0.19827242206036455,100
2019-11-01,ret_60d,0.09392167393283776,100
2019-11-01,ret_120d,-0.0862288815751903,100
2019-11-01,momentum_20_5,0.19680227063476105,100
2019-11-01,overnight_gap,0.049253220841409186,100
2019-11-01,intraday_return,0.2893258005587596,100
2019-11-01,ema20_distance,0.2262773065635944,100
2019-11-01,ema60_distance,0.14280270867963668,100
2019-11-01,ema20_60_spread,0.11471381552351516,100
2019-11-01,rsi14_centered,0.20521513716005102,100
2019-11-01,macd_hist_atr,0.0660127993186269,100
2019-11-01,breakout_position_60,0.18115265872466388,100
2019-11-01,trend_r2_20,0.10399671166176917,100
2019-11-01,realized_vol_5,0.23773848706523762,100
2019-11-01,realized_vol_20,0.20704532566947573,100
2019-11-01,vol_ratio_5_20,0.11490583530155317,100
2019-11-01,parkinson_vol_20,0.2227549437602098,100
2019-11-01,overnight_vol_20,0.12201656770702293,100
2019-11-01,downside_vol_20,0.10318062760510767,100
2019-11-01,volume_zscore_20,-0.04747088950183233,100
2019-11-01,volume_trend_5_20,0.02621670032025097,100
2019-11-01,amihud_illiq_20,0.025478624298417397,100
2019-11-01,signed_volume_pressure_20,0.08291053978597109,100
2019-11-01,volume_cv_20,0.03695180603618803,100
2019-11-01,return_volume_corr_20,-0.03277537586386148,100
2019-11-01,close_location_value,0.19761835469142258,100
2019-11-01,body_range_ratio,0.27472629680980776,100
2019-11-01,gap_followthrough_20,0.044590592831262287,100
2019-11-01,cs_rank_ret20,0.19827242206036455,100
2019-11-01,cs_rank_ret60,0.09392167393283776,100
2019-11-01,cs_rank_vol20,0.20704532566947573,100
2019-11-01,cs_rank_amihud20,0.025478624298417397,100
2019-11-01,return_autocorr_20,-0.015577604493332918,100
2019-11-01,revenue_growth_yoy,0.03922700749872349,70
2019-11-01,gross_margin_change_yoy,-0.02360165648804012,65
2019-11-01,operating_profitability,0.13503652231154004,75
2019-11-01,cashflow_to_assets,0.2113494317413526,81
2019-11-01,debt_to_assets,0.04170668716665811,52
2019-11-01,asset_growth_yoy,-0.08578534074277684,82
2019-11-08,ret_1d,0.11456414379924271,100
2019-11-08,ret_5d,-0.004392452422619297,100
2019-11-08,ret_20d,-0.03303940305866373,100
2019-11-08,ret_60d,0.011269160723605245,100
2019-11-08,ret_120d,-0.08399665165549852,100
2019-11-08,momentum_20_5,-0.020030063096589095,100
2019-11-08,overnight_gap,-0.01941800005409296,100
2019-11-08,intraday_return,0.12313868328493252,100
2019-11-08,ema20_distance,-0.026528732459562724,100
2019-11-08,ema60_distance,-0.029163003789521563,100
2019-11-08,ema20_60_spread,-0.018475903018094014,100
2019-11-08,rsi14_centered,-0.050957248596834794,100
2019-11-08,macd_hist_atr,-0.0480169457456279,100
2019-11-08,breakout_position_60,0.017431795475012377,100
2019-11-08,trend_r2_20,-0.08298854782079902,100
2019-11-08,realized_vol_5,-0.07621385002689576,100
2019-11-08,realized_vol_20,0.06262245011264343,100
2019-11-08,vol_ratio_5_20,-0.20306691589325088,100
2019-11-08,parkinson_vol_20,-0.09728802066656649,100
2019-11-08,overnight_vol_20,-0.0037563869078684154,100
2019-11-08,downside_vol_20,0.06638483763857553,100
2019-11-08,volume_zscore_20,-0.13497790272458807,100
2019-11-08,volume_trend_5_20,-0.2993948376696274,100
2019-11-08,amihud_illiq_20,-0.05551171770717366,100
2019-11-08,signed_volume_pressure_20,-0.08558081482431204,100
2019-11-08,volume_cv_20,0.0003600370838212539,100
2019-11-08,return_volume_corr_20,0.014647508693461344,100
2019-11-08,close_location_value,0.20656527622438076,100
2019-11-08,body_range_ratio,0.11734808685347402,100
2019-11-08,gap_followthrough_20,0.050585210276886165,100
2019-11-08,cs_rank_ret20,-0.03303940305866373,100
2019-11-08,cs_rank_ret60,0.011269160723605245,100
2019-11-08,cs_rank_vol20,0.06262245011264343,100
2019-11-08,cs_rank_amihud20,-0.05551171770717366,100
2019-11-08,return_autocorr_20,0.09336361645291483,100
2019-11-08,revenue_growth_yoy,2.5151327151696043e-05,71
2019-11-08,gross_margin_change_yoy,-0.01932555123216602,67
2019-11-08,operating_profitability,-0.019353049118764135,75
2019-11-08,cashflow_to_assets,0.029443647737666417,81
2019-11-08,debt_to_assets,0.08887750530295004,52
2019-11-08,asset_growth_yoy,-0.01587396604266434,82
2019-11-15,ret_1d,0.03181518151815181,100
2019-11-15,ret_5d,-0.011773177317731772,100
2019-11-15,ret_20d,0.06071407140714071,100
2019-11-15,ret_60d,-0.02035403540354035,100
2019-11-15,ret_120d,-0.17185718571857184,100
2019-11-15,momentum_20_5,0.0542094209420942,100
2019-11-15,overnight_gap,0.09536153615361535,100
2019-11-15,intraday_return,0.013369497384669792,100
2019-11-15,ema20_distance,0.01498949894989499,100
2019-11-15,ema60_distance,-0.04291629162916291,100
2019-11-15,ema20_60_spread,-0.12163216321632163,100
2019-11-15,rsi14_centered,0.000264026402640264,100
2019-11-15,macd_hist_atr,-0.00474047404740474,100
2019-11-15,breakout_position_60,-0.019501950195019498,100
2019-11-15,trend_r2_20,-0.11973597359735973,100
2019-11-15,realized_vol_5,-0.000816081608160816,100
2019-11-15,realized_vol_20,0.14121812181218119,100
2019-11-15,vol_ratio_5_20,-0.1698529852985298,100
2019-11-15,parkinson_vol_20,0.0806960696069607,100
2019-11-15,overnight_vol_20,0.09200120012001199,100
2019-11-15,downside_vol_20,0.06695469546954694,100
2019-11-15,volume_zscore_20,-0.000504050405040504,100
2019-11-15,volume_trend_5_20,0.032871287128712866,100
2019-11-15,amihud_illiq_20,0.04714071407140714,100
2019-11-15,signed_volume_pressure_20,0.15000300030002997,100
2019-11-15,volume_cv_20,0.008796879687968795,100
2019-11-15,return_volume_corr_20,-0.016069606960696068,100
2019-11-15,close_location_value,-6.000600060006e-05,100
2019-11-15,body_range_ratio,0.036808122512371866,100
2019-11-15,gap_followthrough_20,0.08168016801680167,100
2019-11-15,cs_rank_ret20,0.06071407140714071,100
2019-11-15,cs_rank_ret60,-0.02035403540354035,100
2019-11-15,cs_rank_vol20,0.14121812181218119,100
2019-11-15,cs_rank_amihud20,0.04714071407140714,100
2019-11-15,return_autocorr_20,-0.06988298829882987,100
2019-11-15,revenue_growth_yoy,0.11680178405662031,71
2019-11-15,gross_margin_change_yoy,0.13676407499358728,67
2019-11-15,operating_profitability,0.15911919715336426,75
2019-11-15,cashflow_to_assets,0.22931475449075114,81
2019-11-15,debt_to_assets,-0.12234530749195716,52
2019-11-15,asset_growth_yoy,0.13438107106712327,82
2019-11-22,ret_1d,0.010669194950602735,100
2019-11-22,ret_5d,-0.10200573066315798,100
2019-11-22,ret_20d,0.012697422112190883,100
2019-11-22,ret_60d,0.05674235514786247,100
2019-11-22,ret_120d,-0.11218856512737276,100
2019-11-22,momentum_20_5,0.05315395324659114,100
2019-11-22,overnight_gap,-0.009025010801859683,100
2019-11-22,intraday_return,0.021110364362328694,100
2019-11-22,ema20_distance,-0.07638855552371925,100
2019-11-22,ema60_distance,-0.014101579377905753,100
2019-11-22,ema20_60_spread,-0.020366281024941327,100
2019-11-22,rsi14_centered,-0.03455186981190694,100
2019-11-22,macd_hist_atr,-0.10824012290155913,100
2019-11-22,breakout_position_60,-0.0041524650763875666,100
2019-11-22,trend_r2_20,-0.07432432432967688,100
2019-11-22,realized_vol_5,-0.024338725939057757,100
2019-11-22,realized_vol_20,-0.013357496040518385,100
2019-11-22,vol_ratio_5_20,-0.04590514137914,100
2019-11-22,parkinson_vol_20,0.031107484040452518,100
2019-11-22,overnight_vol_20,0.03438385099378722,100
2019-11-22,downside_vol_20,0.008664970477317407,100
2019-11-22,volume_zscore_20,-0.041212615815939026,100
2019-11-22,volume_trend_5_20,-0.05434208631758064,100
2019-11-22,amihud_illiq_20,0.11235658394549246,100
2019-11-22,signed_volume_pressure_20,0.04381690749679481,100
2019-11-22,volume_cv_20,-0.06195093850957404,100
2019-11-22,return_volume_corr_20,0.06172291297069726,100
2019-11-22,close_location_value,0.02245458227787147,100
2019-11-22,body_range_ratio,0.018530075369775727,100
2019-11-22,gap_followthrough_20,-0.09099419135598417,100
2019-11-22,cs_rank_ret20,0.012697422112190883,100
2019-11-22,cs_rank_ret60,0.05674235514786247,100
2019-11-22,cs_rank_vol20,-0.013357496040518385,100
2019-11-22,cs_rank_amihud20,0.11235658394549246,100
2019-11-22,return_autocorr_20,0.16749075897706608,100
2019-11-22,revenue_growth_yoy,0.21021302996236707,71
2019-11-22,gross_margin_change_yoy,-0.024243996369595643,67
2019-11-22,operating_profitability,-0.12815260530021763,75
2019-11-22,cashflow_to_assets,-0.12806151830982737,81
2019-11-22,debt_to_assets,-0.19197438651430687,52
2019-11-22,asset_growth_yoy,0.08033304309969524,82
2019-11-29,ret_1d,0.10131443538730085,100
2019-11-29,ret_5d,0.008580858085808581,100
2019-11-29,ret_20d,-0.09424542454245424,100
2019-11-29,ret_60d,0.047272727272727265,100
2019-11-29,ret_120d,-0.041476147614761476,100
2019-11-29,momentum_20_5,-0.05261326132613261,100
2019-11-29,overnight_gap,-0.031257219493748524,100
2019-11-29,intraday_return,0.07253612405111692,100
2019-11-29,ema20_distance,-0.1397299729972997,100
2019-11-29,ema60_distance,-0.05164116411641164,100
2019-11-29,ema20_60_spread,0.05777377737773777,100
2019-11-29,rsi14_centered,-0.10945094509450942,100
2019-11-29,macd_hist_atr,-0.18845484548454844,100
2019-11-29,breakout_position_60,-0.07169516951695169,100
2019-11-29,trend_r2_20,-0.12007200720072005,100
2019-11-29,realized_vol_5,0.23003900390039003,100
2019-11-29,realized_vol_20,0.16636063606360632,100
2019-11-29,vol_ratio_5_20,0.18393039303930392,100
2019-11-29,parkinson_vol_20,0.21539753975397535,100
2019-11-29,overnight_vol_20,0.13934593459345931,100
2019-11-29,downside_vol_20,0.1822262226222622,100
2019-11-29,volume_zscore_20,0.04036003600360036,100
2019-11-29,volume_trend_5_20,-0.024050405040504052,100
2019-11-29,amihud_illiq_20,0.19582358235823583,100
2019-11-29,signed_volume_pressure_20,-0.0527092709270927,100
2019-11-29,volume_cv_20,0.04226822682268226,100
2019-11-29,return_volume_corr_20,0.01894989498949895,100
2019-11-29,close_location_value,0.05801380138013801,100
2019-11-29,body_range_ratio,0.10060726802126291,100
2019-11-29,gap_followthrough_20,-0.11089108910891088,100
2019-11-29,cs_rank_ret20,-0.09424542454245424,100
2019-11-29,cs_rank_ret60,0.047272727272727265,100
2019-11-29,cs_rank_vol20,0.16636063606360632,100
2019-11-29,cs_rank_amihud20,0.19582358235823583,100
2019-11-29,return_autocorr_20,0.08493249324932492,100
2019-11-29,revenue_growth_yoy,-0.01757224658216166,71
2019-11-29,gross_margin_change_yoy,-0.17383843322791542,67
2019-11-29,operating_profitability,-0.12924700744997922,75
2019-11-29,cashflow_to_assets,-0.20833450957033475,81
2019-11-29,debt_to_assets,-0.04286293703837916,52
2019-11-29,asset_growth_yoy,0.007128824941197517,82
2019-12-06,ret_1d,-0.3227722772277227,100
2019-12-06,ret_5d,-0.20406840684068403,100
2019-12-06,ret_20d,0.20411641164116412,100
2019-12-06,ret_60d,-0.1597119711971197,100
2019-12-06,ret_120d,-0.10723072307230722,100
2019-12-06,momentum_20_5,0.25675367536753674,100
2019-12-06,overnight_gap,-0.22737473747374734,100
2019-12-06,intraday_return,-0.2004080408040804,100
2019-12-06,ema20_distance,-0.054917491749174915,100
2019-12-06,ema60_distance,-0.2302070207020702,100
2019-12-06,ema20_60_spread,-0.26275427542754276,100
2019-12-06,rsi14_centered,0.01003300330033003,100
2019-12-06,macd_hist_atr,0.24694869486948692,100
2019-12-06,breakout_position_60,-0.013189318931893188,100
2019-12-06,trend_r2_20,0.09875787578757873,100
2019-12-06,realized_vol_5,-0.1390819081908191,100
2019-12-06,realized_vol_20,-0.28408040804080403,100
2019-12-06,vol_ratio_5_20,0.1036063606360636,100
2019-12-06,parkinson_vol_20,-0.3247284728472847,100
2019-12-06,overnight_vol_20,-0.23437143714371433,100
2019-12-06,downside_vol_20,-0.3231683168316831,100
2019-12-06,volume_zscore_20,-0.1417101710171017,100
2019-12-06,volume_trend_5_20,-0.007272727272727272,100
2019-12-06,amihud_illiq_20,-0.17706570657065704,100
2019-12-06,signed_volume_pressure_20,0.008328832883288327,100
2019-12-06,volume_cv_20,-0.01704170417041704,100
2019-12-06,return_volume_corr_20,-0.0616141614161416,100
2019-12-06,close_location_value,-0.013429342934293428,100
2019-12-06,body_range_ratio,-0.16960096009600958,100
2019-12-06,gap_followthrough_20,-0.06869486948694868,100
2019-12-06,cs_rank_ret20,0.20411641164116412,100
2019-12-06,cs_rank_ret60,-0.1597119711971197,100
2019-12-06,cs_rank_vol20,-0.28408040804080403,100
2019-12-06,cs_rank_amihud20,-0.17706570657065704,100
2019-12-06,return_autocorr_20,-0.09512151215121512,100
2019-12-06,revenue_growth_yoy,-0.05191190402516459,71
2019-12-06,gross_margin_change_yoy,-0.02693777374399516,67
2019-12-06,operating_profitability,0.19189325671364954,75
2019-12-06,cashflow_to_assets,0.2321377153250375,81
2019-12-06,debt_to_assets,0.018699169743834728,52
2019-12-06,asset_growth_yoy,0.01990629132435154,82
2019-12-13,ret_1d,-0.10923492349234923,100
2019-12-13,ret_5d,-0.11101143417821996,100
2019-12-13,ret_20d,-0.07284728472847284,100
2019-12-13,ret_60d,-0.08885688568856885,100
2019-12-13,ret_120d,0.03197119711971197,100
2019-12-13,momentum_20_5,0.016297629762976294,100
2019-12-13,overnight_gap,0.055302193849693364,100
2019-12-13,intraday_return,-0.11991599159915992,100
2019-12-13,ema20_distance,-0.11948394839483947,100
2019-12-13,ema60_distance,-0.11258325832583256,100
2019-12-13,ema20_60_spread,-0.09993399339933992,100
2019-12-13,rsi14_centered,-0.1475427542754275,100
2019-12-13,macd_hist_atr,0.02624662466246624,100
2019-12-13,breakout_position_60,-0.14599459945994597,100
2019-12-13,trend_r2_20,-0.015817581758175818,100
2019-12-13,realized_vol_5,0.026258625862586257,100
2019-12-13,realized_vol_20,0.14142214221422142,100
2019-12-13,vol_ratio_5_20,-0.1751455145514551,100
2019-12-13,parkinson_vol_20,0.1294209420942094,100
2019-12-13,overnight_vol_20,0.0546054605460546,100
2019-12-13,downside_vol_20,0.1387098709870987,100
2019-12-13,volume_zscore_20,-0.1459225922592259,100
2019-12-13,volume_trend_5_20,0.10934293429342931,100
2019-12-13,amihud_illiq_20,0.12969696969696967,100
2019-12-13,signed_volume_pressure_20,-0.07035103510351035,100
2019-12-13,volume_cv_20,0.08186018601860186,100
2019-12-13,return_volume_corr_20,-0.1247164716471647,100
2019-12-13,close_location_value,-0.13922033969561518,100
2019-12-13,body_range_ratio,-0.13707770777077707,100
2019-12-13,gap_followthrough_20,-0.0141014101410141,100
2019-12-13,cs_rank_ret20,-0.07284728472847284,100
2019-12-13,cs_rank_ret60,-0.08885688568856885,100
2019-12-13,cs_rank_vol20,0.14142214221422142,100
2019-12-13,cs_rank_amihud20,0.12969696969696967,100
2019-12-13,return_autocorr_20,0.13393339333933393,100
2019-12-13,revenue_growth_yoy,0.008264263491998769,72
2019-12-13,gross_margin_change_yoy,-0.015763586116856427,67
2019-12-13,operating_profitability,0.18153756428314274,75
2019-12-13,cashflow_to_assets,0.025745402808691774,81
2019-12-13,debt_to_assets,0.07741081744591458,52
2019-12-13,asset_growth_yoy,0.0764144731483172,82
2019-12-20,ret_1d,-0.006168635369470816,100
2019-12-20,ret_5d,-0.14638507766365813,100
2019-12-20,ret_20d,-0.09223550025694155,100
2019-12-20,ret_60d,-0.050489200387867174,100
2019-12-20,ret_120d,0.03885400196237698,100
2019-12-20,momentum_20_5,-0.1038947011546865,100
2019-12-20,overnight_gap,0.08104434756816425,100
2019-12-20,intraday_return,-0.05165332029222256,100
2019-12-20,ema20_distance,-0.10388269991855913,100
2019-12-20,ema60_distance,-0.09116739024160517,100
2019-12-20,ema20_60_spread,-0.008364861580780465,100
2019-12-20,rsi14_centered,0.003780389380123166,100
2019-12-20,macd_hist_atr,-0.023462416629018375,100
2019-12-20,breakout_position_60,-0.012619299787934949,100
2019-12-20,trend_r2_20,-0.029937083519737263,100
2019-12-20,realized_vol_5,-0.14699114008809058,100
2019-12-20,realized_vol_20,-0.29081995445661785,100
2019-12-20,vol_ratio_5_20,0.14000642066195826,100
2019-12-20,parkinson_vol_20,-0.23359205998322952,100
2019-12-20,overnight_vol_20,-0.13670008010886642,100
2019-12-20,downside_vol_20,-0.2860314612417951,100
2019-12-20,volume_zscore_20,-0.017551807836286126,100
2019-12-20,volume_trend_5_20,-0.056813851826993854,100
2019-12-20,amihud_illiq_20,-0.28731559350742425,100
2019-12-20,signed_volume_pressure_20,-0.13300369938163487,100
2019-12-20,volume_cv_20,-0.1458210195656715,100
2019-12-20,return_volume_corr_20,0.0064386631823367575,100
2019-12-20,close_location_value,-0.06743494579972086,100
2019-12-20,body_range_ratio,-0.03438354150492975,100
2019-12-20,gap_followthrough_20,-0.28058890065803055,100
2019-12-20,cs_rank_ret20,-0.09223550025694155,100
2019-12-20,cs_rank_ret60,-0.050489200387867174,100
2019-12-20,cs_rank_vol20,-0.29081995445661785,100
2019-12-20,cs_rank_amihud20,-0.28731559350742425,100
2019-12-20,return_autocorr_20,0.018403895601329764,100
2019-12-20,revenue_growth_yoy,0.17297071332086142,72
2019-12-20,gross_margin_change_yoy,0.018850003654128245,66
2019-12-20,operating_profitability,0.027070086345467214,75
2019-12-20,cashflow_to_assets,-0.054844792737045366,81
2019-12-20,debt_to_assets,0.43590018494503147,52
2019-12-20,asset_growth_yoy,-0.04813887679582063,82
2019-12-27,ret_1d,-0.04966618184111839,100
2019-12-27,ret_5d,0.029498949894989496,100
2019-12-27,ret_20d,-0.03683168316831683,100
2019-12-27,ret_60d,-0.10100210021002098,100
2019-12-27,ret_120d,-0.03945994599459946,100
2019-12-27,momentum_20_5,-0.09732973297329732,100
2019-12-27,overnight_gap,-0.10047404740474046,100
2019-12-27,intraday_return,-0.03348344879537661,100
2019-12-27,ema20_distance,0.018289828982898288,100
2019-12-27,ema60_distance,-0.03885988598859886,100
2019-12-27,ema20_60_spread,-0.07794779477947794,100
2019-12-27,rsi14_centered,-0.03342334233423342,100
2019-12-27,macd_hist_atr,0.019189918991899188,100
2019-12-27,breakout_position_60,-0.02534653465346534,100
2019-12-27,trend_r2_20,-0.012637263726372637,100
2019-12-27,realized_vol_5,0.019609960996099605,100
2019-12-27,realized_vol_20,0.04564056405640563,100
2019-12-27,vol_ratio_5_20,0.0063006300630063005,100
2019-12-27,parkinson_vol_20,0.06226222622262225,100
2019-12-27,overnight_vol_20,-0.020210021002100204,100
2019-12-27,downside_vol_20,0.03411941194119412,100
2019-12-27,volume_zscore_20,0.08978097809780977,100
2019-12-27,volume_trend_5_20,0.05695769576957695,100
2019-12-27,amihud_illiq_20,0.09994599459945992,100
2019-12-27,signed_volume_pressure_20,0.06197419741974197,100
2019-12-27,volume_cv_20,0.13843384338433842,100
2019-12-27,return_volume_corr_20,0.021506150615061503,100
2019-12-27,close_location_value,-0.03617161716171617,100
2019-12-27,body_range_ratio,-0.004212433880708671,100
2019-12-27,gap_followthrough_20,0.21640564056405637,100
2019-12-27,cs_rank_ret20,-0.03683168316831683,100
2019-12-27,cs_rank_ret60,-0.10100210021002098,100
2019-12-27,cs_rank_vol20,0.04564056405640563,100
2019-12-27,cs_rank_amihud20,0.09994599459945992,100
2019-12-27,return_autocorr_20,0.09248124812481247,100
2019-12-27,revenue_growth_yoy,-0.11354519217995196,72
2019-12-27,gross_margin_change_yoy,0.02832719264524034,66
2019-12-27,operating_profitability,-0.18315919743846934,75
2019-12-27,cashflow_to_assets,-0.1327469102714827,81
2019-12-27,debt_to_assets,-0.138810020693143,52
2019-12-27,asset_growth_yoy,-0.11910035317789988,82
2020-01-03,ret_1d,0.07708370837083708,100
2020-01-03,ret_5d,-0.08142814281428142,100
2020-01-03,ret_20d,-0.08556855685568555,100
2020-01-03,ret_60d,-0.31099909990999103,100
2020-01-03,ret_120d,-0.059249924992499245,100
2020-01-03,momentum_20_5,-0.06996699669966996,100
2020-01-03,overnight_gap,0.1522232223222322,100
2020-01-03,intraday_return,0.001884188418841884,100
2020-01-03,ema20_distance,-0.16834083408340836,100
2020-01-03,ema60_distance,-0.19123912391239123,100
2020-01-03,ema20_60_spread,-0.1387218721872187,100
2020-01-03,rsi14_centered,-0.14808280828082807,100
2020-01-03,macd_hist_atr,-0.07807980798079807,100
2020-01-03,breakout_position_60,-0.10857485748574856,100
2020-01-03,trend_r2_20,-0.14864686468646865,100
2020-01-03,realized_vol_5,-0.1454065406540654,100
2020-01-03,realized_vol_20,-0.20777677767776778,100
2020-01-03,vol_ratio_5_20,0.12524452445244524,100
2020-01-03,parkinson_vol_20,-0.22126612661266123,100
2020-01-03,overnight_vol_20,-0.21963396339633962,100
2020-01-03,downside_vol_20,-0.08577257725772576,100
2020-01-03,volume_zscore_20,-0.055102040816326525,99
2020-01-03,volume_trend_5_20,-0.07919591959195918,100
2020-01-03,amihud_illiq_20,-0.1426468769325912,99
2020-01-03,signed_volume_pressure_20,-0.023438343834383438,100
2020-01-03,volume_cv_20,-0.2035523552355235,100
2020-01-03,return_volume_corr_20,-0.10133580705009276,99
2020-01-03,close_location_value,0.0025082508250825076,100
2020-01-03,body_range_ratio,0.005148514851485149,100
2020-01-03,gap_followthrough_20,0.05327332733273327,100
2020-01-03,cs_rank_ret20,-0.08556855685568555,100
2020-01-03,cs_rank_ret60,-0.31099909990999103,100
2020-01-03,cs_rank_vol20,-0.20777677767776778,100
2020-01-03,cs_rank_amihud20,-0.1426468769325912,99
2020-01-03,return_autocorr_20,-0.010237023702370236,100
2020-01-03,revenue_growth_yoy,0.10685660538487124,72
2020-01-03,gross_margin_change_yoy,-0.1315325282665139,66
2020-01-03,operating_profitability,0.2537998136608551,75
2020-01-03,cashflow_to_assets,0.20935077547067785,81
2020-01-03,debt_to_assets,0.056830555995869995,52
2020-01-03,asset_growth_yoy,-0.008369566992031893,82
2020-01-10,ret_1d,0.04346247663528903,100
2020-01-10,ret_5d,0.09890189018901888,100
2020-01-10,ret_20d,-0.18084608460846083,100
2020-01-10,ret_60d,-0.1108070807080708,100
2020-01-10,ret_120d,0.09116111611161115,100
2020-01-10,momentum_20_5,-0.23949594959495946,100
2020-01-10,overnight_gap,-0.22010867119412356,100
2020-01-10,intraday_return,0.21188118811881185,100
2020-01-10,ema20_distance,-0.005916591659165916,100
2020-01-10,ema60_distance,-0.06568256825682568,100
2020-01-10,ema20_60_spread,-0.056813681368136804,100
2020-01-10,rsi14_centered,-0.030735073507350736,100
2020-01-10,macd_hist_atr,0.05296129612961295,100
2020-01-10,breakout_position_60,-0.058709870987098706,100
2020-01-10,trend_r2_20,-0.22571857185718572,100
2020-01-10,realized_vol_5,-0.01939393939393939,100
2020-01-10,realized_vol_20,-0.215013501350135,100
2020-01-10,vol_ratio_5_20,0.1282328232823282,100
2020-01-10,parkinson_vol_20,-0.2395079507950795,100
2020-01-10,overnight_vol_20,-0.04438043804380437,100
2020-01-10,downside_vol_20,-0.09041704170417039,100
2020-01-10,volume_zscore_20,0.01572047000618429,99
2020-01-10,volume_trend_5_20,0.14485448544854485,100
2020-01-10,amihud_illiq_20,-0.14056895485466914,99
2020-01-10,signed_volume_pressure_20,-0.17137713771377136,100
2020-01-10,volume_cv_20,-0.016405640564056405,100
2020-01-10,return_volume_corr_20,-0.3042424242424242,99
2020-01-10,close_location_value,0.15314731473147314,100
2020-01-10,body_range_ratio,0.1851065106510651,100
2020-01-10,gap_followthrough_20,0.08883288328832882,100
2020-01-10,cs_rank_ret20,-0.18084608460846083,100
2020-01-10,cs_rank_ret60,-0.1108070807080708,100
2020-01-10,cs_rank_vol20,-0.215013501350135,100
2020-01-10,cs_rank_amihud20,-0.14056895485466914,99
2020-01-10,return_autocorr_20,0.06485448544854484,100
2020-01-10,revenue_growth_yoy,0.15057359455752622,72
2020-01-10,gross_margin_change_yoy,-0.008141197591483958,66
2020-01-10,operating_profitability,0.0397584620099815,75
2020-01-10,cashflow_to_assets,0.026118033638817578,81
2020-01-10,debt_to_assets,0.0025196987436484296,52
2020-01-10,asset_growth_yoy,0.14969444006294755,82
2020-01-17,ret_1d,0.33334933514954057,100
2020-01-17,ret_5d,-0.0008400840084008401,100
2020-01-17,ret_20d,-0.014083450595474714,100
2020-01-17,ret_60d,-0.13394539453945392,100
2020-01-17,ret_120d,-0.07039903990399039,100
2020-01-17,momentum_20_5,-0.11559555955595559,100
2020-01-17,overnight_gap,0.0834325935575119,100
2020-01-17,intraday_return,0.3435823582358235,100
2020-01-17,ema20_distance,0.03655565556555655,100
2020-01-17,ema60_distance,-0.03441944194419441,100
2020-01-17,ema20_60_spread,-0.13107710771077105,100
2020-01-17,rsi14_centered,0.09408940894089407,100
2020-01-17,macd_hist_atr,0.10363036303630362,100
2020-01-17,breakout_position_60,0.016801680168016798,100
2020-01-17,trend_r2_20,-0.12783678367836782,100
2020-01-17,realized_vol_5,-0.20256825682568255,100
2020-01-17,realized_vol_20,-0.24595259525952595,100
2020-01-17,vol_ratio_5_20,-0.136009600960096,100
2020-01-17,parkinson_vol_20,-0.3251605160516052,100
2020-01-17,overnight_vol_20,0.06529852985298529,100
2020-01-17,downside_vol_20,-0.16470447044704467,100
2020-01-17,volume_zscore_20,0.07837971552257265,99
2020-01-17,volume_trend_5_20,0.030771077107710765,100
2020-01-17,amihud_illiq_20,-0.06242424242424242,99
2020-01-17,signed_volume_pressure_20,0.001668166816681668,100
2020-01-17,volume_cv_20,-0.07157515751575157,100
2020-01-17,return_volume_corr_20,-0.2126777983920841,99
2020-01-17,close_location_value,0.16646864686468643,100
2020-01-17,body_range_ratio,0.2941614161416141,100
2020-01-17,gap_followthrough_20,-0.05138913891389139,100
2020-01-17,cs_rank_ret20,-0.014083450595474714,100
2020-01-17,cs_rank_ret60,-0.13394539453945392,100
2020-01-17,cs_rank_vol20,-0.24595259525952595,100
2020-01-17,cs_rank_amihud20,-0.06242424242424242,99
2020-01-17,return_autocorr_20,-0.03485148514851485,100
2020-01-17,revenue_growth_yoy,0.25882901496925326,72
2020-01-17,gross_margin_change_yoy,-0.04256385099752768,66
2020-01-17,operating_profitability,-0.12177896002413297,75
2020-01-17,cashflow_to_assets,0.0314816592239617,81
2020-01-17,debt_to_assets,0.07751276643596441,52
2020-01-17,asset_growth_yoy,0.054102883637699016,82
2020-01-24,ret_1d,0.06448244824482448,100
2020-01-24,ret_5d,0.09125712571257125,100
2020-01-24,ret_20d,0.13336933693369335,100
2020-01-24,ret_60d,-0.059141914191419134,100
2020-01-24,ret_120d,-0.21423342334233422,100
2020-01-24,momentum_20_5,0.04319231923192318,100
2020-01-24,overnight_gap,0.17541164611699617,100
2020-01-24,intraday_return,0.05551755175517551,100
2020-01-24,ema20_distance,0.08980498049804979,100
2020-01-24,ema60_distance,0.04012001200120011,100
2020-01-24,ema20_60_spread,-0.05846984698469846,100
2020-01-24,rsi14_centered,0.09615361536153615,100
2020-01-24,macd_hist_atr,0.0648064806480648,100
2020-01-24,breakout_position_60,0.07956795679567956,100
2020-01-24,trend_r2_20,0.0706990699069907,100
2020-01-24,realized_vol_5,-0.039375937593759375,100
2020-01-24,realized_vol_20,-0.18135013501350133,100
2020-01-24,vol_ratio_5_20,0.13818181818181816,100
2020-01-24,parkinson_vol_20,-0.2957455745574557,100
2020-01-24,overnight_vol_20,0.1266366636663666,100
2020-01-24,downside_vol_20,-0.15535553555355536,100
2020-01-24,volume_zscore_20,0.11672232529375386,99
2020-01-24,volume_trend_5_20,0.03943594359435943,100
2020-01-24,amihud_illiq_20,-0.06578849721706864,99
2020-01-24,signed_volume_pressure_20,0.15896789678967896,100
2020-01-24,volume_cv_20,0.20267626762676266,100
2020-01-24,return_volume_corr_20,-0.04032158317872603,99
2020-01-24,close_location_value,-0.11003900390039002,100
2020-01-24,body_range_ratio,0.058061806180618056,100
2020-01-24,gap_followthrough_20,-0.000816081608160816,100
2020-01-24,cs_rank_ret20,0.13336933693369335,100
2020-01-24,cs_rank_ret60,-0.059141914191419134,100
2020-01-24,cs_rank_vol20,-0.18135013501350133,100
2020-01-24,cs_rank_amihud20,-0.06578849721706864,99
2020-01-24,return_autocorr_20,-0.004092409240924091,100
2020-01-24,revenue_growth_yoy,-0.028892765554711652,72
2020-01-24,gross_margin_change_yoy,0.14000772370790493,66
2020-01-24,operating_profitability,0.07278856891058151,75
2020-01-24,cashflow_to_assets,0.0643070478050437,81
2020-01-24,debt_to_assets,-0.11052509065359555,52
2020-01-24,asset_growth_yoy,0.03831063174506146,82
2020-01-31,ret_1d,0.09690969096909689,100
2020-01-31,ret_5d,0.1366936693669367,100
2020-01-31,ret_20d,0.12705670567056704,100
2020-01-31,ret_60d,0.057425742574257414,100
2020-01-31,ret_120d,-0.021830183018301825,100
2020-01-31,momentum_20_5,0.08829282928292828,100
2020-01-31,overnight_gap,-0.15396339633963393,100
2020-01-31,intraday_return,0.16434443444344432,100
2020-01-31,ema20_distance,0.11487548754875486,100
2020-01-31,ema60_distance,0.10618661866186618,100
2020-01-31,ema20_60_spread,0.05908190819081908,100
2020-01-31,rsi14_centered,0.0851005100510051,100
2020-01-31,macd_hist_atr,0.08615661566156614,100
2020-01-31,breakout_position_60,0.10187818781878187,100
2020-01-31,trend_r2_20,8.4008400840084e-05,100
2020-01-31,realized_vol_5,-0.14495049504950494,100
2020-01-31,realized_vol_20,-0.1987278727872787,100
2020-01-31,vol_ratio_5_20,-0.012733273327332732,100
2020-01-31,parkinson_vol_20,-0.19327932793279326,100
2020-01-31,overnight_vol_20,-0.2192139213921392,100
2020-01-31,downside_vol_20,-0.1714131413141314,100
2020-01-31,volume_zscore_20,0.05891389138913891,100
2020-01-31,volume_trend_5_20,0.11948394839483947,100
2020-01-31,amihud_illiq_20,-0.24585658565856583,100
2020-01-31,signed_volume_pressure_20,0.1662526252625262,100
2020-01-31,volume_cv_20,-0.02125412541254125,100
2020-01-31,return_volume_corr_20,0.07416741674167417,100
2020-01-31,close_location_value,0.11111344468530264,100
2020-01-31,body_range_ratio,0.015433543354335432,100
2020-01-31,gap_followthrough_20,0.07794779477947794,100
2020-01-31,cs_rank_ret20,0.12705670567056704,100
2020-01-31,cs_rank_ret60,0.057425742574257414,100
2020-01-31,cs_rank_vol20,-0.1987278727872787,100
2020-01-31,cs_rank_amihud20,-0.24585658565856583,100
2020-01-31,return_autocorr_20,-0.1661326132613261,100
2020-01-31,revenue_growth_yoy,0.13780739764576158,72
2020-01-31,gross_margin_change_yoy,-0.07987548762756491,67
2020-01-31,operating_profitability,-0.023243408559681492,75
2020-01-31,cashflow_to_assets,0.04215245117756421,81
2020-01-31,debt_to_assets,0.027930219971967346,52
2020-01-31,asset_growth_yoy,0.02677390741274182,82
2020-02-07,ret_1d,-0.07648364836483648,100
2020-02-07,ret_5d,-0.14421842184218422,100
2020-02-07,ret_20d,0.19207920792079208,100
2020-02-07,ret_60d,0.14238223822382237,100
2020-02-07,ret_120d,0.017929792979297927,100
2020-02-07,momentum_20_5,0.3532433243324332,100
2020-02-07,overnight_gap,0.2826882688268827,100
2020-02-07,intraday_return,-0.18142214221422143,100
2020-02-07,ema20_distance,0.10118211821182116,100
2020-02-07,ema60_distance,0.12736873687368735,100
2020-02-07,ema20_60_spread,0.21382538253825384,100
2020-02-07,rsi14_centered,0.13110111011101108,100
2020-02-07,macd_hist_atr,-0.01408940894089409,100
2020-02-07,breakout_position_60,0.13125151890703812,100
2020-02-07,trend_r2_20,0.07752775277527753,100
2020-02-07,realized_vol_5,-0.3114911491149115,100
2020-02-07,realized_vol_20,-0.29196519651965197,100
2020-02-07,vol_ratio_5_20,-0.1902190219021902,100
2020-02-07,parkinson_vol_20,-0.21592559255925592,100
2020-02-07,overnight_vol_20,-0.09012901290129012,100
2020-02-07,downside_vol_20,-0.3361536153615361,100
2020-02-07,volume_zscore_20,-0.19791179117911792,100
2020-02-07,volume_trend_5_20,-0.21038103810381034,100
2020-02-07,amihud_illiq_20,-0.12498049804980496,100
2020-02-07,signed_volume_pressure_20,0.2238343834383438,100
2020-02-07,volume_cv_20,-0.06222622262226221,100
2020-02-07,return_volume_corr_20,0.04859285928592859,100
2020-02-07,close_location_value,-0.11326166595210278,100
2020-02-07,body_range_ratio,-0.12004800480048004,100
2020-02-07,gap_followthrough_20,-0.21264926492649264,100
2020-02-07,cs_rank_ret20,0.19207920792079208,100
2020-02-07,cs_rank_ret60,0.14238223822382237,100
2020-02-07,cs_rank_vol20,-0.29196519651965197,100
2020-02-07,cs_rank_amihud20,-0.12498049804980496,100
2020-02-07,return_autocorr_20,-0.11427542754275426,100
2020-02-07,revenue_growth_yoy,0.010664073307495052,71
2020-02-07,gross_margin_change_yoy,0.12427292953896434,67
2020-02-07,operating_profitability,-7.112426119853579e-05,75
2020-02-07,cashflow_to_assets,0.005228123465098374,81
2020-02-07,debt_to_assets,0.15204628843072357,52
2020-02-07,asset_growth_yoy,0.044492574594832746,82
2020-02-14,ret_1d,0.12156015601560155,100
2020-02-14,ret_5d,-0.03644764476447644,100
2020-02-14,ret_20d,0.047080708070807074,100
2020-02-14,ret_60d,-0.0810921092109211,100
2020-02-14,ret_120d,-0.04853285328532853,100
2020-02-14,momentum_20_5,0.023426342634263426,100
2020-02-14,overnight_gap,0.06408640864086408,100
2020-02-14,intraday_return,0.06357035703570356,100
2020-02-14,ema20_distance,0.002964296429642964,100
2020-02-14,ema60_distance,-0.03216321632163216,100
2020-02-14,ema20_60_spread,-0.04422442244224422,100
2020-02-14,rsi14_centered,0.01962196219621962,100
2020-02-14,macd_hist_atr,-0.043684368436843674,100
2020-02-14,breakout_position_60,0.018817881788178815,100
2020-02-14,trend_r2_20,0.055217521752175217,100
2020-02-14,realized_vol_5,-0.05762976297629763,100
2020-02-14,realized_vol_20,-0.15758775877587758,100
2020-02-14,vol_ratio_5_20,0.05834983498349834,100
2020-02-14,parkinson_vol_20,-0.13647764776477647,100
2020-02-14,overnight_vol_20,-0.14517851785178515,100
2020-02-14,downside_vol_20,-0.12778877887788778,100
2020-02-14,volume_zscore_20,0.08733273327332731,100
2020-02-14,volume_trend_5_20,-0.0010441044104410441,100
2020-02-14,amihud_illiq_20,-0.116015601560156,100
2020-02-14,signed_volume_pressure_20,0.14275427542754274,100
2020-02-14,volume_cv_20,0.022826282628262827,100
2020-02-14,return_volume_corr_20,-0.010705070507050704,100
2020-02-14,close_location_value,0.14064206420642061,100
2020-02-14,body_range_ratio,0.062442244224422426,100
2020-02-14,gap_followthrough_20,0.03507950795079508,100
2020-02-14,cs_rank_ret20,0.047080708070807074,100
2020-02-14,cs_rank_ret60,-0.0810921092109211,100
2020-02-14,cs_rank_vol20,-0.15758775877587758,100
2020-02-14,cs_rank_amihud20,-0.116015601560156,100
2020-02-14,return_autocorr_20,-0.03858385838583858,100
2020-02-14,revenue_growth_yoy,-0.17392835285950656,71
2020-02-14,gross_margin_change_yoy,0.040127305925314265,67
2020-02-14,operating_profitability,0.033030106900600015,75
2020-02-14,cashflow_to_assets,0.14149808885777046,81
2020-02-14,debt_to_assets,-0.14904127632327152,53
2020-02-14,asset_growth_yoy,0.056617018845968675,82
2020-02-21,ret_1d,-0.12295229522952295,100
2020-02-21,ret_5d,-0.1844344434443444,100
2020-02-21,ret_20d,-0.3627482748274827,100
2020-02-21,ret_60d,-0.2739753975397539,100
2020-02-21,ret_120d,-0.014473447344734472,100
2020-02-21,momentum_20_5,-0.29426942694269426,100
2020-02-21,overnight_gap,-0.08149439392294082,100
2020-02-21,intraday_return,-0.05572157215721572,100
2020-02-21,ema20_distance,-0.3192439243924392,100
2020-02-21,ema60_distance,-0.3404740474047404,100
2020-02-21,ema20_60_spread,-0.2721032103210321,100
2020-02-21,rsi14_centered,-0.36076807680768075,100
2020-02-21,macd_hist_atr,-0.2018001800180018,100
2020-02-21,breakout_position_60,-0.33330933093309334,100
2020-02-21,trend_r2_20,-0.05046504650465046,100
2020-02-21,realized_vol_5,0.13207320732073205,100
2020-02-21,realized_vol_20,0.2668466846684668,100
2020-02-21,vol_ratio_5_20,-0.02622262226222622,100
2020-02-21,parkinson_vol_20,0.26499849984998497,100
2020-02-21,overnight_vol_20,0.17953795379537948,100
2020-02-21,downside_vol_20,0.3598799879987999,100
2020-02-21,volume_zscore_20,-0.1477827782778278,100
2020-02-21,volume_trend_5_20,0.11569156915691568,100
2020-02-21,amihud_illiq_20,0.13482148214821482,100
2020-02-21,signed_volume_pressure_20,-0.3621362136213621,100
2020-02-21,volume_cv_20,-0.13155715571557156,100
2020-02-21,return_volume_corr_20,-0.21503750375037503,100
2020-02-21,close_location_value,-0.09482148214821481,100
2020-02-21,body_range_ratio,-0.0842124212421242,100
2020-02-21,gap_followthrough_20,-0.10586258625862584,100
2020-02-21,cs_rank_ret20,-0.3627482748274827,100
2020-02-21,cs_rank_ret60,-0.2739753975397539,100
2020-02-21,cs_rank_vol20,0.2668466846684668,100
2020-02-21,cs_rank_amihud20,0.13482148214821482,100
2020-02-21,return_autocorr_20,0.0311071107110711,100
2020-02-21,revenue_growth_yoy,-0.17843878638107283,71
2020-02-21,gross_margin_change_yoy,-0.16861050973093267,67
2020-02-21,operating_profitability,-0.16500828598060302,75
2020-02-21,cashflow_to_assets,-0.17844500025691057,81
2020-02-21,debt_to_assets,0.01879921598187736,54
2020-02-21,asset_growth_yoy,-0.2080528512609645,82
2020-02-28,ret_1d,0.11332733273327332,100
2020-02-28,ret_5d,0.12940894089408939,100
2020-02-28,ret_20d,0.000252025202520252,100
2020-02-28,ret_60d,-0.13554155415541552,100
2020-02-28,ret_120d,0.06562256225622562,100
2020-02-28,momentum_20_5,-0.13149714971497148,100
2020-02-28,overnight_gap,0.030915091509150908,100
2020-02-28,intraday_return,0.07369936993699369,100
2020-02-28,ema20_distance,0.0586978697869787,100
2020-02-28,ema60_distance,0.011737173717371735,100
2020-02-28,ema20_60_spread,-0.09353735373537353,100
2020-02-28,rsi14_centered,-0.0023642364236423643,100
2020-02-28,macd_hist_atr,0.07638763876387637,100
2020-02-28,breakout_position_60,0.026642664266426638,100
2020-02-28,trend_r2_20,-0.04793279327932793,100
2020-02-28,realized_vol_5,-0.05279327932793279,100
2020-02-28,realized_vol_20,-0.025562556255625556,100
2020-02-28,vol_ratio_5_20,-0.02028202820282028,100
2020-02-28,parkinson_vol_20,-0.016357635763576354,100
2020-02-28,overnight_vol_20,-0.14501050105010502,100
2020-02-28,downside_vol_20,-0.012985298529852984,100
2020-02-28,volume_zscore_20,0.2131173117311731,100
2020-02-28,volume_trend_5_20,-0.0255025502550255,100
2020-02-28,amihud_illiq_20,-0.18165016501650164,100
2020-02-28,signed_volume_pressure_20,0.09612961296129613,100
2020-02-28,volume_cv_20,-0.20939693969396936,100
2020-02-28,return_volume_corr_20,-0.07229522952295228,100
2020-02-28,close_location_value,0.09810981098109808,100
2020-02-28,body_range_ratio,0.07978397839783978,100
2020-02-28,gap_followthrough_20,0.09423342334233423,100
2020-02-28,cs_rank_ret20,0.000252025202520252,100
2020-02-28,cs_rank_ret60,-0.13554155415541552,100
2020-02-28,cs_rank_vol20,-0.025562556255625556,100
2020-02-28,cs_rank_amihud20,-0.18165016501650164,100
2020-02-28,return_autocorr_20,-0.0071887188718871885,100
2020-02-28,revenue_growth_yoy,0.0073776607787701615,71
2020-02-28,gross_margin_change_yoy,-0.05299757560300084,67
2020-02-28,operating_profitability,0.4046685965151892,75
2020-02-28,cashflow_to_assets,0.3236919811026134,81
2020-02-28,debt_to_assets,-0.05826612985863815,54
2020-02-28,asset_growth_yoy,-0.0764144731483172,82
2020-03-06,ret_1d,0.241032103210321,100
2020-03-06,ret_5d,0.23357935793579354,100
2020-03-06,ret_20d,0.21576957695769575,100
2020-03-06,ret_60d,0.050669066906690666,100
2020-03-06,ret_120d,0.053477347734773466,100
2020-03-06,momentum_20_5,0.13828982898289827,100
2020-03-06,overnight_gap,-0.1494167346850439,100
2020-03-06,intraday_return,0.3045304530453045,100
2020-03-06,ema20_distance,0.267014701470147,100
2020-03-06,ema60_distance,0.18540654065406537,100
2020-03-06,ema20_60_spread,0.07885988598859886,100
2020-03-06,rsi14_centered,0.2451365136513651,100
2020-03-06,macd_hist_atr,0.2881848184818481,100
2020-03-06,breakout_position_60,0.21899789978997897,100
2020-03-06,trend_r2_20,-0.16205220522052205,100
2020-03-06,realized_vol_5,0.04369636963696369,100
2020-03-06,realized_vol_20,0.07831983198319832,100
2020-03-06,vol_ratio_5_20,-0.04352835283528353,100
2020-03-06,parkinson_vol_20,0.09746174617461743,100
2020-03-06,overnight_vol_20,0.028778877887788778,100
2020-03-06,downside_vol_20,-0.00492049204920492,100
2020-03-06,volume_zscore_20,-0.12790879087908788,100
2020-03-06,volume_trend_5_20,-0.09764176417641764,100
2020-03-06,amihud_illiq_20,-0.06383438343834383,100
2020-03-06,signed_volume_pressure_20,0.22421842184218418,100
2020-03-06,volume_cv_20,-0.11144314431443143,100
2020-03-06,return_volume_corr_20,0.08735673567356733,100
2020-03-06,close_location_value,0.18599459945994598,100
2020-03-06,body_range_ratio,0.2779597959795979,100
2020-03-06,gap_followthrough_20,-0.10784278427842783,100
2020-03-06,cs_rank_ret20,0.21576957695769575,100
2020-03-06,cs_rank_ret60,0.050669066906690666,100
2020-03-06,cs_rank_vol20,0.07831983198319832,100
2020-03-06,cs_rank_amihud20,-0.06383438343834383,100
2020-03-06,return_autocorr_20,-0.03991599159915991,100
2020-03-06,revenue_growth_yoy,-0.11770722424310574,71
2020-03-06,gross_margin_change_yoy,0.05452514899732334,66
2020-03-06,operating_profitability,-0.16637160883238164,76
2020-03-06,cashflow_to_assets,-0.04067321970039815,81
2020-03-06,debt_to_assets,0.06755752259693949,54
2020-03-06,asset_growth_yoy,-0.1464402131050574,82
2020-03-13,ret_1d,-0.034167416741674166,100
2020-03-13,ret_5d,-0.17204920492049203,100
2020-03-13,ret_20d,-0.11644764476447644,100
2020-03-13,ret_60d,-0.2148214821482148,100
2020-03-13,ret_120d,-0.2522052205220522,100
2020-03-13,momentum_20_5,-0.0264026402640264,100
2020-03-13,overnight_gap,-0.0009720972097209719,100
2020-03-13,intraday_return,-0.02412241224122412,100
2020-03-13,ema20_distance,-0.17178517851785177,100
2020-03-13,ema60_distance,-0.21395739573957392,100
2020-03-13,ema20_60_spread,-0.1964236423642364,100
2020-03-13,rsi14_centered,-0.14855085508550855,100
2020-03-13,macd_hist_atr,-0.031527152715271525,100
2020-03-13,breakout_position_60,-0.16999699969996995,100
2020-03-13,trend_r2_20,0.042904290429042896,100
2020-03-13,realized_vol_5,0.05653765376537653,100
2020-03-13,realized_vol_20,0.04656465646564656,100
2020-03-13,vol_ratio_5_20,0.039003900390038995,100
2020-03-13,parkinson_vol_20,0.08595259525952594,100
2020-03-13,overnight_vol_20,0.06375037503750373,100
2020-03-13,downside_vol_20,0.1522232223222322,100
2020-03-13,volume_zscore_20,-0.07285928592859284,100
2020-03-13,volume_trend_5_20,-0.09668166816681667,100
2020-03-13,amihud_illiq_20,0.19817581758175817,100
2020-03-13,signed_volume_pressure_20,-0.033219321932193215,100
2020-03-13,volume_cv_20,0.17004500450045001,100
2020-03-13,return_volume_corr_20,0.035967596759675965,100
2020-03-13,close_location_value,-0.06219021902190218,100
2020-03-13,body_range_ratio,-0.1171197119711971,100
2020-03-13,gap_followthrough_20,-0.002052205220522052,100
2020-03-13,cs_rank_ret20,-0.11644764476447644,100
2020-03-13,cs_rank_ret60,-0.2148214821482148,100
2020-03-13,cs_rank_vol20,0.04656465646564656,100
2020-03-13,cs_rank_amihud20,0.19817581758175817,100
2020-03-13,return_autocorr_20,-0.018277827782778276,100
2020-03-13,revenue_growth_yoy,0.016650038984815384,71
2020-03-13,gross_margin_change_yoy,0.001043743280959482,66
2020-03-13,operating_profitability,-0.11987778453994696,76
2020-03-13,cashflow_to_assets,-0.08546796221885442,81
2020-03-13,debt_to_assets,-0.11054709727236665,56
2020-03-13,asset_growth_yoy,0.021244986694988633,82
2020-03-20,ret_1d,-0.03170755124802298,100
2020-03-20,ret_5d,0.11560894821052435,100
2020-03-20,ret_20d,0.19052133840362026,100
2020-03-20,ret_60d,0.15482934089732947,100
2020-03-20,ret_120d,0.17267533965047485,100
2020-03-20,momentum_20_5,0.266777879141674,100
2020-03-20,overnight_gap,-0.2436392876177572,100
2020-03-20,intraday_return,0.044248955886245535,100
2020-03-20,ema20_distance,0.1247179684214439,100
2020-03-20,ema60_distance,0.15218904518401943,100
2020-03-20,ema20_60_spread,0.17411550094864398,100
2020-03-20,rsi14_centered,0.11558494552222154,100
2020-03-20,macd_hist_atr,0.10867217129100987,100
2020-03-20,breakout_position_60,-0.01207938913023925,100
2020-03-20,trend_r2_20,-0.17843598484315126,100
2020-03-20,realized_vol_5,-0.2398588642100633,100
2020-03-20,realized_vol_20,-0.17279535309198898,100
2020-03-20,vol_ratio_5_20,-0.21540012482949142,100
2020-03-20,parkinson_vol_20,-0.12016945898805982,100
2020-03-20,overnight_vol_20,-0.18246843647802474,100
2020-03-20,downside_vol_20,-0.22233690174900592,100
2020-03-20,volume_zscore_20,0.011845326677440832,100
2020-03-20,volume_trend_5_20,0.05752244251770407,100
2020-03-20,amihud_illiq_20,-0.19970236667944827,100
2020-03-20,signed_volume_pressure_20,0.0799769574249906,100
2020-03-20,volume_cv_20,0.0765925783742932,100
2020-03-20,return_volume_corr_20,0.02473477029605426,100
2020-03-20,close_location_value,-0.11452882723689754,100
2020-03-20,body_range_ratio,-0.003228361576729062,100
2020-03-20,gap_followthrough_20,-0.04346886851640395,100
2020-03-20,cs_rank_ret20,0.19052133840362026,100
2020-03-20,cs_rank_ret60,0.15482934089732947,100
2020-03-20,cs_rank_vol20,-0.17279535309198898,100
2020-03-20,cs_rank_amihud20,-0.19970236667944827,100
2020-03-20,return_autocorr_20,0.09709087418490003,100
2020-03-20,revenue_growth_yoy,-0.010462952095105553,71
2020-03-20,gross_margin_change_yoy,-0.07080828323313294,66
2020-03-20,operating_profitability,0.13502484637941112,76
2020-03-20,cashflow_to_assets,0.03979268058582415,81
2020-03-20,debt_to_assets,0.12705737803382403,56
2020-03-20,asset_growth_yoy,-0.0173269481932956,82
2020-03-27,ret_1d,0.2695695743748837,100
2020-03-27,ret_5d,-0.35406646884788473,100
2020-03-27,ret_20d,0.42008526878457536,100
2020-03-27,ret_60d,0.2498057299913133,100
2020-03-27,ret_120d,0.20852147771314286,100
2020-03-27,momentum_20_5,0.4531246718432391,100
2020-03-27,overnight_gap,0.2290615933451454,100
2020-03-27,intraday_return,0.18800162019393724,100
2020-03-27,ema20_distance,0.26948175662214485,100
2020-03-27,ema60_distance,0.3494639947930364,100
2020-03-27,ema20_60_spread,0.31623857257439836,100
2020-03-27,rsi14_centered,0.26243703101537563,100
2020-03-27,macd_hist_atr,-0.07698192913904778,100
2020-03-27,breakout_position_60,0.1083291579037516,100
2020-03-27,trend_r2_20,-0.3012490286513068,100
2020-03-27,realized_vol_5,-0.2062412428489416,100
2020-03-27,realized_vol_20,-0.3443574688208383,100
2020-03-27,vol_ratio_5_20,0.06974518375424056,100
2020-03-27,parkinson_vol_20,-0.16420091269474651,100
2020-03-27,overnight_vol_20,-0.2008766903000049,100
2020-03-27,downside_vol_20,-0.41367060807449335,100
2020-03-27,volume_zscore_20,-0.09761205404200561,100
2020-03-27,volume_trend_5_20,-0.22838352350394872,100
2020-03-27,amihud_illiq_20,-0.14792123588796216,100
2020-03-27,signed_volume_pressure_20,0.026498729369244283,100
2020-03-27,volume_cv_20,-0.046054743638802055,100
2020-03-27,return_volume_corr_20,0.17127564139183415,100
2020-03-27,close_location_value,0.17201371741366772,100
2020-03-27,body_range_ratio,0.23584512219860568,100
2020-03-27,gap_followthrough_20,-0.33449845334219963,100
2020-03-27,cs_rank_ret20,0.42008526878457536,100
2020-03-27,cs_rank_ret60,0.2498057299913133,100
2020-03-27,cs_rank_vol20,-0.3443574688208383,100
2020-03-27,cs_rank_amihud20,-0.14792123588796216,100
2020-03-27,return_autocorr_20,0.040714193562120124,100
2020-03-27,revenue_growth_yoy,-0.14857602763791453,71
2020-03-27,gross_margin_change_yoy,0.09592000752017639,66
2020-03-27,operating_profitability,-0.01313756852451845,76
2020-03-27,cashflow_to_assets,0.03412414322654953,81
2020-03-27,debt_to_assets,-0.04491616753738089,56
2020-03-27,asset_growth_yoy,-0.17123421854592943,82
2020-04-03,ret_1d,0.2308430843084308,100
2020-04-03,ret_5d,0.12645664566456644,100
2020-04-03,ret_20d,0.162028202820282,100
2020-04-03,ret_60d,0.05124512451245124,100
2020-04-03,ret_120d,0.08618061806180616,100
2020-04-03,momentum_20_5,0.16494449444944492,100
2020-04-03,overnight_gap,-0.060774259749027656,100
2020-04-03,intraday_return,0.21369401048404157,100
2020-04-03,ema20_distance,0.10783078307830782,100
2020-04-03,ema60_distance,0.08554455445544554,100
2020-04-03,ema20_60_spread,0.036015601560156006,100
2020-04-03,rsi14_centered,0.11737173717371735,100
2020-04-03,macd_hist_atr,-0.024002400240024,100
2020-04-03,breakout_position_60,0.03935193519351935,100
2020-04-03,trend_r2_20,-0.14687068706870685,100
2020-04-03,realized_vol_5,-0.08427242724272427,100
2020-04-03,realized_vol_20,-0.15213921392139212,100
2020-04-03,vol_ratio_5_20,-0.05138913891389139,100
2020-04-03,parkinson_vol_20,-0.0718031803180318,100
2020-04-03,overnight_vol_20,-0.10426642664266425,100
2020-04-03,downside_vol_20,-0.15427542754275428,100
2020-04-03,volume_zscore_20,-0.09545754575457545,100
2020-04-03,volume_trend_5_20,-0.015589558955895588,100
2020-04-03,amihud_illiq_20,-0.024878487848784877,100
2020-04-03,signed_volume_pressure_20,0.009732973297329731,100
2020-04-03,volume_cv_20,-0.010489048904890488,100
2020-04-03,return_volume_corr_20,0.021650165016501646,100
2020-04-03,close_location_value,0.18187818781878184,100
2020-04-03,body_range_ratio,0.23085577814618796,100
2020-04-03,gap_followthrough_20,-0.034251425142514245,100
2020-04-03,cs_rank_ret20,0.162028202820282,100
2020-04-03,cs_rank_ret60,0.05124512451245124,100
2020-04-03,cs_rank_vol20,-0.15213921392139212,100
2020-04-03,cs_rank_amihud20,-0.024878487848784877,100
2020-04-03,return_autocorr_20,-0.042256225622562246,100
2020-04-03,revenue_growth_yoy,0.10553408395813497,71
2020-04-03,gross_margin_change_yoy,0.14804454697129293,66
2020-04-03,operating_profitability,-0.04371868570632346,76
2020-04-03,cashflow_to_assets,-0.09223177637780457,81
2020-04-03,debt_to_assets,0.21636150534476786,55
2020-04-03,asset_growth_yoy,0.17090677565133525,82
2020-04-09,ret_1d,-0.17784031755350832,100
2020-04-09,ret_5d,-0.10587490511570338,100
2020-04-09,ret_20d,-0.07053726533864732,100
2020-04-09,ret_60d,-0.09863215911283249,100
2020-04-09,ret_120d,-0.028964983393419876,100
2020-04-09,momentum_20_5,-0.00028202904899331553,100
2020-04-09,overnight_gap,-0.023858457421221755,100
2020-04-09,intraday_return,-0.11161149598458871,100
2020-04-09,ema20_distance,-0.16259274705367827,100
2020-04-09,ema60_distance,-0.15725819759506002,100
2020-04-09,ema20_60_spread,-0.08556281297012097,100
2020-04-09,rsi14_centered,-0.17995253511192638,100
2020-04-09,macd_hist_atr,-0.009030930185849783,100
2020-04-09,breakout_position_60,-0.1015784625821031,100
2020-04-09,trend_r2_20,-0.010285059361160486,100
2020-04-09,realized_vol_5,-0.02037809894428297,100
2020-04-09,realized_vol_20,0.0851247678514718,100
2020-04-09,vol_ratio_5_20,-0.08953522212828216,100
2020-04-09,parkinson_vol_20,0.05389155082997801,100
2020-04-09,overnight_vol_20,0.0931775972929405,100
2020-04-09,downside_vol_20,0.11748010045087515,100
2020-04-09,volume_zscore_20,-0.02153621823057467,100
2020-04-09,volume_trend_5_20,-0.04627076588909482,100
2020-04-09,amihud_illiq_20,-0.06865907188471312,100
2020-04-09,signed_volume_pressure_20,-0.06916312380206287,100
2020-04-09,volume_cv_20,0.07380160156529335,100
2020-04-09,return_volume_corr_20,-0.24597133504861696,100
2020-04-09,close_location_value,-0.06727292911200129,100
2020-04-09,body_range_ratio,-0.09759405218781456,100
2020-04-09,gap_followthrough_20,-0.038992016177841794,100
2020-04-09,cs_rank_ret20,-0.07053726533864732,100
2020-04-09,cs_rank_ret60,-0.09863215911283249,100
2020-04-09,cs_rank_vol20,0.0851247678514718,100
2020-04-09,cs_rank_amihud20,-0.06865907188471312,100
2020-04-09,return_autocorr_20,-0.15602207027394038,100
2020-04-09,revenue_growth_yoy,0.0913999228692634,71
2020-04-09,gross_margin_change_yoy,-0.21294672678690718,66
2020-04-09,operating_profitability,0.035229463150555716,76
2020-04-09,cashflow_to_assets,0.05859370589098793,81
2020-04-09,debt_to_assets,-0.0673954614447131,55
2020-04-09,asset_growth_yoy,0.00952329124945581,82
2020-04-17,ret_1d,0.15187518751875184,100
2020-04-17,ret_5d,-0.03677167716771677,100
2020-04-17,ret_20d,0.2148334833483348,100
2020-04-17,ret_60d,-0.07033903390339033,100
2020-04-17,ret_120d,-0.07488748874887488,100
2020-04-17,momentum_20_5,0.18359435943594357,100
2020-04-17,overnight_gap,0.07711971197119712,100
2020-04-17,intraday_return,0.13123351705284705,100
2020-04-17,ema20_distance,0.07992799279927992,100
2020-04-17,ema60_distance,-0.012853285328532851,100
2020-04-17,ema20_60_spread,-0.049912991299129905,100
2020-04-17,rsi14_centered,0.029474947494749472,100
2020-04-17,macd_hist_atr,-0.03404740474047404,100
2020-04-17,breakout_position_60,0.04729672967296729,100
2020-04-17,trend_r2_20,0.05200120012001199,100
2020-04-17,realized_vol_5,0.191023102310231,100
2020-04-17,realized_vol_20,0.20646864686468644,100
2020-04-17,vol_ratio_5_20,0.04950495049504951,100
2020-04-17,parkinson_vol_20,0.12385238523852383,100
2020-04-17,overnight_vol_20,0.15323132313231322,100
2020-04-17,downside_vol_20,0.1062106210621062,100
2020-04-17,volume_zscore_20,0.0693069306930693,100
2020-04-17,volume_trend_5_20,-0.07522352235223523,100
2020-04-17,amihud_illiq_20,-0.07120312031203119,100
2020-04-17,signed_volume_pressure_20,0.01206120612061206,100
2020-04-17,volume_cv_20,-0.024338433843384338,100
2020-04-17,return_volume_corr_20,-0.09128112811281126,100
2020-04-17,close_location_value,0.05410141014101409,100
2020-04-17,body_range_ratio,0.12501687673886672,100
2020-04-17,gap_followthrough_20,0.20036003600360036,100
2020-04-17,cs_rank_ret20,0.2148334833483348,100
2020-04-17,cs_rank_ret60,-0.07033903390339033,100
2020-04-17,cs_rank_vol20,0.20646864686468644,100
2020-04-17,cs_rank_amihud20,-0.07120312031203119,100
2020-04-17,return_autocorr_20,-0.022862286228622863,100
2020-04-17,revenue_growth_yoy,-0.023056330442658046,72
2020-04-17,gross_margin_change_yoy,-0.14171264379989157,67
2020-04-17,operating_profitability,0.20071224000632926,76
2020-04-17,cashflow_to_assets,0.03306251729116207,81
2020-04-17,debt_to_assets,0.058302516697873084,55
2020-04-17,asset_growth_yoy,-0.17545616317106136,82
2020-04-24,ret_1d,-0.027050705070507046,100
2020-04-24,ret_5d,0.07515151515151515,100
2020-04-24,ret_20d,0.36954095409540955,100
2020-04-24,ret_60d,0.5683648364836483,100
2020-04-24,ret_120d,0.5502430243024302,100
2020-04-24,momentum_20_5,0.42642664266426633,100
2020-04-24,overnight_gap,0.14543097939153182,100
2020-04-24,intraday_return,-0.08975697569756974,100
2020-04-24,ema20_distance,0.2569456945694569,100
2020-04-24,ema60_distance,0.48632463246324625,100
2020-04-24,ema20_60_spread,0.5807980798079808,100
2020-04-24,rsi14_centered,0.36788478847884787,100
2020-04-24,macd_hist_atr,-0.16541254125412538,100
2020-04-24,breakout_position_60,0.4929492949294929,100
2020-04-24,trend_r2_20,0.22886288628862883,100
2020-04-24,realized_vol_5,-0.30381038103810376,100
2020-04-24,realized_vol_20,-0.283012301230123,100
2020-04-24,vol_ratio_5_20,-0.21550555055505546,100
2020-04-24,parkinson_vol_20,-0.1124152415241524,100
2020-04-24,overnight_vol_20,-0.3296009600960096,100
2020-04-24,downside_vol_20,-0.3556795679567956,100
2020-04-24,volume_zscore_20,-0.16376837683768378,100
2020-04-24,volume_trend_5_20,-0.2505250525052505,100
2020-04-24,amihud_illiq_20,-0.15404740474047404,100
2020-04-24,signed_volume_pressure_20,0.3139513951395139,100
2020-04-24,volume_cv_20,0.0381038103810381,100
2020-04-24,return_volume_corr_20,0.05035703570357035,100
2020-04-24,close_location_value,0.14825082508250825,100
2020-04-24,body_range_ratio,-0.08493249324932492,100
2020-04-24,gap_followthrough_20,-0.2575337533753375,100
2020-04-24,cs_rank_ret20,0.36954095409540955,100
2020-04-24,cs_rank_ret60,0.5683648364836483,100
2020-04-24,cs_rank_vol20,-0.283012301230123,100
2020-04-24,cs_rank_amihud20,-0.15404740474047404,100
2020-04-24,return_autocorr_20,-0.007404740474047404,100
2020-04-24,revenue_growth_yoy,-0.01283051024633272,72
2020-04-24,gross_margin_change_yoy,0.08727838693054432,67
2020-04-24,operating_profitability,0.029774639608621794,76
2020-04-24,cashflow_to_assets,0.19263884733170247,81
2020-04-24,debt_to_assets,0.12068188016979299,55
2020-04-24,asset_growth_yoy,0.08919193953147123,82
2020-05-01,ret_1d,-0.05113711371137113,100
2020-05-01,ret_5d,0.02605460546054605,100
2020-05-01,ret_20d,0.022598259825982594,100
2020-05-01,ret_60d,-0.13714971497149714,100
2020-05-01,ret_120d,-0.18318631863186316,100
2020-05-01,momentum_20_5,-0.025670567056705666,100
2020-05-01,overnight_gap,-0.12294029402940294,100
2020-05-01,intraday_return,0.01194119411941194,100
2020-05-01,ema20_distance,-0.09972997299729973,100
2020-05-01,ema60_distance,-0.1468226822682268,100
2020-05-01,ema20_60_spread,-0.15714371437143715,100
2020-05-01,rsi14_centered,-0.12079207920792077,100
2020-05-01,macd_hist_atr,0.10649864986498647,100
2020-05-01,breakout_position_60,-0.22918691869186916,100
2020-05-01,trend_r2_20,-0.06987098709870986,100
2020-05-01,realized_vol_5,0.2402280228022802,100
2020-05-01,realized_vol_20,0.14815481548154813,100
2020-05-01,vol_ratio_5_20,0.27446744674467444,100
2020-05-01,parkinson_vol_20,0.21339333933393337,100
2020-05-01,overnight_vol_20,0.06238223822382238,100
2020-05-01,downside_vol_20,0.2076207620762076,100
2020-05-01,volume_zscore_20,0.023246324632463244,100
2020-05-01,volume_trend_5_20,0.02424242424242424,100
2020-05-01,amihud_illiq_20,0.18643864386438644,100
2020-05-01,signed_volume_pressure_20,0.11573957395739573,100
2020-05-01,volume_cv_20,-0.10755475547554753,100
2020-05-01,return_volume_corr_20,-0.03259525952595259,100
2020-05-01,close_location_value,0.1096069606960696,100
2020-05-01,body_range_ratio,0.03199519951995199,100
2020-05-01,gap_followthrough_20,-0.11846384638463844,100
2020-05-01,cs_rank_ret20,0.022598259825982594,100
2020-05-01,cs_rank_ret60,-0.13714971497149714,100
2020-05-01,cs_rank_vol20,0.14815481548154813,100
2020-05-01,cs_rank_amihud20,0.18643864386438644,100
2020-05-01,return_autocorr_20,0.278043804380438,100
2020-05-01,revenue_growth_yoy,0.1050558320169649,72
2020-05-01,gross_margin_change_yoy,0.0025141922161062147,67
2020-05-01,operating_profitability,-0.18068476203266956,76
2020-05-01,cashflow_to_assets,-0.15537576431912228,81
2020-05-01,debt_to_assets,-0.06369960955259109,54
2020-05-01,asset_growth_yoy,-0.1072153503751706,82
2020-05-08,ret_1d,-0.051869809422390355,100
2020-05-08,ret_5d,0.3416302626140129,100
2020-05-08,ret_20d,0.46787240174268574,100
2020-05-08,ret_60d,0.2557126398340748,100
2020-05-08,ret_120d,0.3263405501651176,100
2020-05-08,momentum_20_5,0.38007056793097643,100
2020-05-08,overnight_gap,-0.025616945949821834,100
2020-05-08,intraday_return,-0.07696462004298689,100
2020-05-08,ema20_distance,0.45554702129918856,100
2020-05-08,ema60_distance,0.4643920119387771,100
2020-05-08,ema20_60_spread,0.29739330807191877,100
2020-05-08,rsi14_centered,0.3952162642500548,100
2020-05-08,macd_hist_atr,0.19784215833597985,100
2020-05-08,breakout_position_60,0.2613772742735399,100
2020-05-08,trend_r2_20,0.20453890837246616,100
2020-05-08,realized_vol_5,0.09807498440531558,100
2020-05-08,realized_vol_20,0.12010945226730278,100
2020-05-08,vol_ratio_5_20,0.027363064665212863,100
2020-05-08,parkinson_vol_20,0.14611636504340642,100
2020-05-08,overnight_vol_20,0.039736450485315704,100
2020-05-08,downside_vol_20,0.006576736594972214,100
2020-05-08,volume_zscore_20,0.10812010946004505,100
2020-05-08,volume_trend_5_20,0.040504536511005884,100
2020-05-08,amihud_illiq_20,0.0667514761701377,100
2020-05-08,signed_volume_pressure_20,0.4575272430841711,100
2020-05-08,volume_cv_20,-0.024386731315663393,100
2020-05-08,return_volume_corr_20,0.31045077050865194,100
2020-05-08,close_location_value,-0.16650664875665053,100
2020-05-08,body_range_ratio,-0.19360568385053245,100
2020-05-08,gap_followthrough_20,0.021662426193293522,100
2020-05-08,cs_rank_ret20,0.46787240174268574,100
2020-05-08,cs_rank_ret60,0.2557126398340748,100
2020-05-08,cs_rank_vol20,0.12010945226730278,100
2020-05-08,cs_rank_amihud20,0.0667514761701377,100
2020-05-08,return_autocorr_20,0.0941745475561076,100
2020-05-08,revenue_growth_yoy,0.011801496893243378,72
2020-05-08,gross_margin_change_yoy,-0.17276092227815562,67
2020-05-08,operating_profitability,0.06170923929904443,76
2020-05-08,cashflow_to_assets,0.03254309249765337,81
2020-05-08,debt_to_assets,-0.07947100014166003,53
2020-05-08,asset_growth_yoy,0.018197550078904196,82
2020-05-15,ret_1d,-0.06177636296566348,100
2020-05-15,ret_5d,0.11635798487296556,100
2020-05-15,ret_20d,-0.05072922511041467,100
2020-05-15,ret_60d,0.06289247792550937,100
2020-05-15,ret_120d,0.1490013471394259,100
2020-05-15,momentum_20_5,-0.0940476869121752,100
2020-05-15,overnight_gap,0.0009120966822483182,100
2020-05-15,intraday_return,-0.04732144196774302,100
2020-05-15,ema20_distance,-0.04683482398708144,100
2020-05-15,ema60_distance,0.015193564937256914,100
2020-05-15,ema20_60_spread,0.06862306817633099,100
2020-05-15,rsi14_centered,-0.038956012469459664,100
2020-05-15,macd_hist_atr,-0.057179889528878806,100
2020-05-15,breakout_position_60,0.01436547964446803,100
2020-05-15,trend_r2_20,-0.15526599239791572,100
2020-05-15,realized_vol_5,-0.20733935595459643,100
2020-05-15,realized_vol_20,-0.26759756255014694,100
2020-05-15,vol_ratio_5_20,0.045412677505987493,100
2020-05-15,parkinson_vol_20,-0.16699120009436125,100
2020-05-15,overnight_vol_20,-0.16260474828980562,100
2020-05-15,downside_vol_20,-0.23139583377191986,100
2020-05-15,volume_zscore_20,0.1661091092389992,100
2020-05-15,volume_trend_5_20,-0.01441348458897753,100
2020-05-15,amihud_illiq_20,-0.0055025667644014965,100
2020-05-15,signed_volume_pressure_20,-0.04558669542983443,100
2020-05-15,volume_cv_20,0.1257489521426366,100
2020-05-15,return_volume_corr_20,0.08372062322456889,100
2020-05-15,close_location_value,-0.07076528882506745,100
2020-05-15,body_range_ratio,0.0012661456067960663,100
2020-05-15,gap_followthrough_20,-0.28472332650391124,100
2020-05-15,cs_rank_ret20,-0.05072922511041467,100
2020-05-15,cs_rank_ret60,0.06289247792550937,100
2020-05-15,cs_rank_vol20,-0.26759756255014694,100
2020-05-15,cs_rank_amihud20,-0.0055025667644014965,100
2020-05-15,return_autocorr_20,-0.12783716722879987,100
2020-05-15,revenue_growth_yoy,0.010836796874722122,72
2020-05-15,gross_margin_change_yoy,0.31570710108607386,68
2020-05-15,operating_profitability,-0.10065687393860527,76
2020-05-15,cashflow_to_assets,-0.06222934863100893,81
2020-05-15,debt_to_assets,-0.06616535323818575,53
2020-05-15,asset_growth_yoy,-0.0658463983118244,82
2020-05-22,ret_1d,0.1750756084807567,100
2020-05-22,ret_5d,-0.16816081608160813,100
2020-05-22,ret_20d,0.115007500750075,100
2020-05-22,ret_60d,0.3471827182718271,100
2020-05-22,ret_120d,0.44416441644164417,100
2020-05-22,momentum_20_5,0.21674167416741671,100
2020-05-22,overnight_gap,0.0869246924692469,100
2020-05-22,intraday_return,0.1403244534193337,100
2020-05-22,ema20_distance,0.1343054305430543,100
2020-05-22,ema60_distance,0.32369636963696363,100
2020-05-22,ema20_60_spread,0.3783738373837383,100
2020-05-22,rsi14_centered,0.2183018301830183,100
2020-05-22,macd_hist_atr,-0.010969096909690968,100
2020-05-22,breakout_position_60,0.29776177617761773,100
2020-05-22,trend_r2_20,0.21870987098709868,100
2020-05-22,realized_vol_5,-0.23589558955895587,100
2020-05-22,realized_vol_20,-0.16180018001800178,100
2020-05-22,vol_ratio_5_20,0.00384038403840384,100
2020-05-22,parkinson_vol_20,-0.06084608460846084,100
2020-05-22,overnight_vol_20,-0.21156915691569153,100
2020-05-22,downside_vol_20,-0.22732673267326728,100
2020-05-22,volume_zscore_20,-0.155019501950195,100
2020-05-22,volume_trend_5_20,0.007872787278727872,100
2020-05-22,amihud_illiq_20,-0.24038403840384034,100
2020-05-22,signed_volume_pressure_20,0.13393339333933393,100
2020-05-22,volume_cv_20,-0.042904290429042896,100
2020-05-22,return_volume_corr_20,0.14580258025802578,100
2020-05-22,close_location_value,0.0937893789378938,100
2020-05-22,body_range_ratio,0.13392779456344275,100
2020-05-22,gap_followthrough_20,0.10633063306330633,100
2020-05-22,cs_rank_ret20,0.115007500750075,100
2020-05-22,cs_rank_ret60,0.3471827182718271,100
2020-05-22,cs_rank_vol20,-0.16180018001800178,100
2020-05-22,cs_rank_amihud20,-0.24038403840384034,100
2020-05-22,return_autocorr_20,0.17575757575757575,100
2020-05-22,revenue_growth_yoy,-0.016319508646651267,72
2020-05-22,gross_margin_change_yoy,-0.04055846622380188,68
2020-05-22,operating_profitability,0.1637878591142781,76
2020-05-22,cashflow_to_assets,0.22331878567872684,81
2020-05-22,debt_to_assets,-0.314335828059047,53
2020-05-22,asset_growth_yoy,0.18963762713805424,82
2020-05-29,ret_1d,0.0549054905490549,100
2020-05-29,ret_5d,0.15486348634863484,100
2020-05-29,ret_20d,0.04924092409240924,100
2020-05-29,ret_60d,-0.025298529852985297,100
2020-05-29,ret_120d,-0.032607260726072604,100
2020-05-29,momentum_20_5,-0.03812781278127812,100
2020-05-29,overnight_gap,0.00402040204020402,100
2020-05-29,intraday_return,0.04632463246324632,100
2020-05-29,ema20_distance,0.10166216621662165,100
2020-05-29,ema60_distance,-0.030435043504350435,100
2020-05-29,ema20_60_spread,-0.06423042304230422,100
2020-05-29,rsi14_centered,0.11115511551155113,100
2020-05-29,macd_hist_atr,0.22017401740174014,100
2020-05-29,breakout_position_60,0.019513951395139513,100
2020-05-29,trend_r2_20,0.07795979597959796,100
2020-05-29,realized_vol_5,-0.144002400240024,100
2020-05-29,realized_vol_20,-0.14546654665466544,100
2020-05-29,vol_ratio_5_20,-0.05632163216321632,100
2020-05-29,parkinson_vol_20,-0.11338733873387338,100
2020-05-29,overnight_vol_20,-0.08328832883288327,100
2020-05-29,downside_vol_20,-0.14687068706870685,100
2020-05-29,volume_zscore_20,0.1559195919591959,100
2020-05-29,volume_trend_5_20,0.04184818481848185,100
2020-05-29,amihud_illiq_20,-0.026330633063306328,100
2020-05-29,signed_volume_pressure_20,0.09951395139513951,100
2020-05-29,volume_cv_20,0.040384038403840375,100
2020-05-29,return_volume_corr_20,-0.02946294629462946,100
2020-05-29,close_location_value,-0.002388238823882388,100
2020-05-29,body_range_ratio,0.019861986198619862,100
2020-05-29,gap_followthrough_20,-0.027278727872787276,100
2020-05-29,cs_rank_ret20,0.04924092409240924,100
2020-05-29,cs_rank_ret60,-0.025298529852985297,100
2020-05-29,cs_rank_vol20,-0.14546654665466544,100
2020-05-29,cs_rank_amihud20,-0.026330633063306328,100
2020-05-29,return_autocorr_20,-0.08928892889288928,100
2020-05-29,revenue_growth_yoy,-0.0032317450620462113,72
2020-05-29,gross_margin_change_yoy,-0.04294425835461376,68
2020-05-29,operating_profitability,0.17573599273132834,76
2020-05-29,cashflow_to_assets,-0.010377204026836728,81
2020-05-29,debt_to_assets,0.14779376794458146,54
2020-05-29,asset_growth_yoy,0.025141352082696584,82
2020-06-05,ret_1d,-0.046591938745507024,100
2020-06-05,ret_5d,0.13401780383439807,100
2020-06-05,ret_20d,0.14695513637970845,100
2020-06-05,ret_60d,0.09709600088852849,100
2020-06-05,ret_120d,0.013039343052393078,100
2020-06-05,momentum_20_5,0.13497830770061625,100
2020-06-05,overnight_gap,-0.12330069997265208,100
2020-06-05,intraday_return,0.15342380265236363,100
2020-06-05,ema20_distance,0.08093633644301787,100
2020-06-05,ema60_distance,0.06555675234578665,100
2020-06-05,ema20_60_spread,0.04522065772794949,100
2020-06-05,rsi14_centered,0.1797005091532515,100
2020-06-05,macd_hist_atr,0.11281161959732622,100
2020-06-05,breakout_position_60,0.1304714385587587,100
2020-06-05,trend_r2_20,0.22376304759490928,100
2020-06-05,realized_vol_5,-0.03388549020564368,100
2020-06-05,realized_vol_20,-0.04763890680761557,100
2020-06-05,vol_ratio_5_20,0.08702696377766074,100
2020-06-05,parkinson_vol_20,-0.04548468492275174,100
2020-06-05,overnight_vol_20,-0.036045712708571195,100
2020-06-05,downside_vol_20,-0.12249661715211795,100
2020-06-05,volume_zscore_20,0.035277633596419194,100
2020-06-05,volume_trend_5_20,0.21297393631639902,100
2020-06-05,amihud_illiq_20,0.05677184750054804,100
2020-06-05,signed_volume_pressure_20,0.24033675468681434,100
2020-06-05,volume_cv_20,0.14213063945650367,100
2020-06-05,return_volume_corr_20,-0.06894710155177013,100
2020-06-05,close_location_value,0.11147948238718758,100
2020-06-05,body_range_ratio,0.13853026861829112,100
2020-06-05,gap_followthrough_20,-0.06682288275722471,100
2020-06-05,cs_rank_ret20,0.14695513637970845,100
2020-06-05,cs_rank_ret60,0.09709600088852849,100
2020-06-05,cs_rank_vol20,-0.04763890680761557,100
2020-06-05,cs_rank_amihud20,0.05677184750054804,100
2020-06-05,return_autocorr_20,-0.06378056939893513,100
2020-06-05,revenue_growth_yoy,-0.1568104159803525,73
2020-06-05,gross_margin_change_yoy,0.14919789669245143,68
2020-06-05,operating_profitability,-0.038072714100097195,76
2020-06-05,cashflow_to_assets,-0.020155940356804743,81
2020-06-05,debt_to_assets,0.032054512994733504,53
2020-06-05,asset_growth_yoy,-0.11756575116765737,82
2020-06-12,ret_1d,-0.183030303030303,100
2020-06-12,ret_5d,0.2356195619561956,100
2020-06-12,ret_20d,-0.19271527152715268,100
2020-06-12,ret_60d,-0.21651365136513648,100
2020-06-12,ret_120d,0.2025322532253225,100
2020-06-12,momentum_20_5,-0.23582358235823578,100
2020-06-12,overnight_gap,-0.22107410741074104,100
2020-06-12,intraday_return,0.025784655819665464,100
2020-06-12,ema20_distance,0.06429042904290427,100
2020-06-12,ema60_distance,0.15993999399939993,100
2020-06-12,ema20_60_spread,0.15312331233123314,100
2020-06-12,rsi14_centered,0.010393039303930391,100
2020-06-12,macd_hist_atr,-0.12052805280528052,100
2020-06-12,breakout_position_60,0.0035403540354035402,100
2020-06-12,trend_r2_20,-0.060210021002100204,100
2020-06-12,realized_vol_5,-0.22199819981998198,100
2020-06-12,realized_vol_20,-0.1938073807380738,100
2020-06-12,vol_ratio_5_20,-0.08194419441944194,100
2020-06-12,parkinson_vol_20,-0.1886948694869487,100
2020-06-12,overnight_vol_20,-0.17592559255925588,100
2020-06-12,downside_vol_20,-0.19745574557455742,100
2020-06-12,volume_zscore_20,0.06545454545454545,100
2020-06-12,volume_trend_5_20,0.10196219621962196,100
2020-06-12,amihud_illiq_20,0.054581458145814575,100
2020-06-12,signed_volume_pressure_20,-0.1323132313231323,100
2020-06-12,volume_cv_20,-0.0886168616861686,100
2020-06-12,return_volume_corr_20,-0.029882988298829877,100
2020-06-12,close_location_value,-0.025376613791334712,100
2020-06-12,body_range_ratio,-0.03896201308752336,100
2020-06-12,gap_followthrough_20,-0.10912691269126912,100
2020-06-12,cs_rank_ret20,-0.19271527152715268,100
2020-06-12,cs_rank_ret60,-0.21651365136513648,100
2020-06-12,cs_rank_vol20,-0.1938073807380738,100
2020-06-12,cs_rank_amihud20,0.054581458145814575,100
2020-06-12,return_autocorr_20,-0.020570057005700568,100
2020-06-12,revenue_growth_yoy,0.1767260330025498,73
2020-06-12,gross_margin_change_yoy,0.17175794708140854,68
2020-06-12,operating_profitability,-0.08242024894416014,76
2020-06-12,cashflow_to_assets,0.09470469006863944,81
2020-06-12,debt_to_assets,0.12007338326832247,53
2020-06-12,asset_growth_yoy,0.03458840559255833,82
2020-06-19,ret_1d,0.20466969498766865,100
2020-06-19,ret_5d,0.06581497638749707,100
2020-06-19,ret_20d,-0.2573065025709228,100
2020-06-19,ret_60d,0.15538600475918948,100
2020-06-19,ret_120d,0.27962280114977683,100
2020-06-19,momentum_20_5,-0.32977596692607747,100
2020-06-19,overnight_gap,-0.2514198962504453,100
2020-06-19,intraday_return,0.2561483832846311,100
2020-06-19,ema20_distance,-0.04538867503373274,100
2020-06-19,ema60_distance,0.08076831913723462,100
2020-06-19,ema20_60_spread,0.20075067732066748,100
2020-06-19,rsi14_centered,-0.049913141053753156,100
2020-06-19,macd_hist_atr,-0.11249358683995078,100
2020-06-19,breakout_position_60,0.06259844764038867,100
2020-06-19,trend_r2_20,0.16060654247459769,100
2020-06-19,realized_vol_5,-0.1011404174634539,100
2020-06-19,realized_vol_20,-0.19391597334612734,100
2020-06-19,vol_ratio_5_20,0.17984452398678,100
2020-06-19,parkinson_vol_20,-0.17059157093257377,100
2020-06-19,overnight_vol_20,-0.23127582141064612,100
2020-06-19,downside_vol_20,-0.16996750665395027,100
2020-06-19,volume_zscore_20,0.18143468777365723,100
2020-06-19,volume_trend_5_20,0.24886963357337805,100
2020-06-19,amihud_illiq_20,0.10552086864994584,100
2020-06-19,signed_volume_pressure_20,-0.11871622777199478,100
2020-06-19,volume_cv_20,-0.047422884557322825,100
2020-06-19,return_volume_corr_20,-0.14768721178347835,100
2020-06-19,close_location_value,0.2941142937735823,100
2020-06-19,body_range_ratio,0.19541012724398557,100
2020-06-19,gap_followthrough_20,-0.06793899771707061,100
2020-06-19,cs_rank_ret20,-0.2573065025709228,100
2020-06-19,cs_rank_ret60,0.15538600475918948,100
2020-06-19,cs_rank_vol20,-0.19391597334612734,100
2020-06-19,cs_rank_amihud20,0.10552086864994584,100
2020-06-19,return_autocorr_20,-0.1662771265447824,100
2020-06-19,revenue_growth_yoy,0.05373092883698689,73
2020-06-19,gross_margin_change_yoy,-0.007291050331151109,68
2020-06-19,operating_profitability,0.20655101231732495,76
2020-06-19,cashflow_to_assets,0.24804932305016997,81
2020-06-19,debt_to_assets,-0.07330349606513181,53
2020-06-19,asset_growth_yoy,0.0508815846756639,82
2020-06-26,ret_1d,0.30561056105610557,100
2020-06-26,ret_5d,0.2152415241524152,100
2020-06-26,ret_20d,0.0918091809180918,100
2020-06-26,ret_60d,0.05348934893489348,100
2020-06-26,ret_120d,0.38901890189018895,100
2020-06-26,momentum_20_5,-0.01975397539753975,100
2020-06-26,overnight_gap,0.32270123822898983,100
2020-06-26,intraday_return,0.1877653398308476,100
2020-06-26,ema20_distance,0.3175397539753975,100
2020-06-26,ema60_distance,0.3024542454245424,100
2020-06-26,ema20_60_spread,0.28090009000900085,100
2020-06-26,rsi14_centered,0.25335733573357333,100
2020-06-26,macd_hist_atr,0.1846384638463846,100
2020-06-26,breakout_position_60,0.2334353435343534,100
2020-06-26,trend_r2_20,0.053009300930093005,100
2020-06-26,realized_vol_5,-0.21304530453045303,100
2020-06-26,realized_vol_20,-0.27360336033603355,100
2020-06-26,vol_ratio_5_20,-0.03633963396339633,100
2020-06-26,parkinson_vol_20,-0.21640564056405637,100
2020-06-26,overnight_vol_20,-0.25888988898889886,100
2020-06-26,downside_vol_20,-0.2733153315331533,100
2020-06-26,volume_zscore_20,-0.020246024602460243,100
2020-06-26,volume_trend_5_20,0.017989798979897987,100
2020-06-26,amihud_illiq_20,0.035895589558955894,100
2020-06-26,signed_volume_pressure_20,-0.04336033603360335,100
2020-06-26,volume_cv_20,0.06617461746174617,100
2020-06-26,return_volume_corr_20,-0.03755175517551755,100
2020-06-26,close_location_value,0.06253825382538253,100
2020-06-26,body_range_ratio,0.1484372890414393,100
2020-06-26,gap_followthrough_20,-0.0446084608460846,100
2020-06-26,cs_rank_ret20,0.0918091809180918,100
2020-06-26,cs_rank_ret60,0.05348934893489348,100
2020-06-26,cs_rank_vol20,-0.27360336033603355,100
2020-06-26,cs_rank_amihud20,0.035895589558955894,100
2020-06-26,return_autocorr_20,-0.026318631863186313,100
2020-06-26,revenue_growth_yoy,0.12194651631329921,73
2020-06-26,gross_margin_change_yoy,-0.03536698254715524,68
2020-06-26,operating_profitability,0.14263938919943056,76
2020-06-26,cashflow_to_assets,0.24941423563087012,81
2020-06-26,debt_to_assets,0.1467830751668583,53
2020-06-26,asset_growth_yoy,-0.1121892022807084,82
2020-07-02,ret_1d,-0.2294389438943894,100
2020-07-02,ret_5d,-0.2235223522352235,100
2020-07-02,ret_20d,-0.412073207320732,100
2020-07-02,ret_60d,-0.3719411941194119,100
2020-07-02,ret_120d,-0.43716771677167715,100
2020-07-02,momentum_20_5,-0.2484728472847284,100
2020-07-02,overnight_gap,0.13624962496249624,100
2020-07-02,intraday_return,-0.3937473747374737,100
2020-07-02,ema20_distance,-0.4405760576057606,100
2020-07-02,ema60_distance,-0.4648544854485448,100
2020-07-02,ema20_60_spread,-0.422106210621062,100
2020-07-02,rsi14_centered,-0.4234383438343834,100
2020-07-02,macd_hist_atr,-0.2712391239123912,100
2020-07-02,breakout_position_60,-0.44355235523552344,100
2020-07-02,trend_r2_20,0.19715571557155717,100
2020-07-02,realized_vol_5,0.12906090609060905,100
2020-07-02,realized_vol_20,0.20649264926492647,100
2020-07-02,vol_ratio_5_20,-0.07973597359735972,100
2020-07-02,parkinson_vol_20,0.21266126612661265,100
2020-07-02,overnight_vol_20,0.22957095709570954,100
2020-07-02,downside_vol_20,0.277095709570957,100
2020-07-02,volume_zscore_20,-0.015157515751575154,100
2020-07-02,volume_trend_5_20,-0.03848784878487849,100
2020-07-02,amihud_illiq_20,-0.12176417641764176,100
2020-07-02,signed_volume_pressure_20,-0.13756975697569754,100
2020-07-02,volume_cv_20,-0.1845424542454245,100
2020-07-02,return_volume_corr_20,0.01942994299429943,100
2020-07-02,close_location_value,-0.4018841884188419,100
2020-07-02,body_range_ratio,-0.3052985298529853,100
2020-07-02,gap_followthrough_20,-0.05156915691569156,100
2020-07-02,cs_rank_ret20,-0.412073207320732,100
2020-07-02,cs_rank_ret60,-0.3719411941194119,100
2020-07-02,cs_rank_vol20,0.20649264926492647,100
2020-07-02,cs_rank_amihud20,-0.12176417641764176,100
2020-07-02,return_autocorr_20,0.21576957695769575,100
2020-07-02,revenue_growth_yoy,-0.29060448757873886,73
2020-07-02,gross_margin_change_yoy,0.23151726837398437,68
2020-07-02,operating_profitability,-0.034936237100720774,75
2020-07-02,cashflow_to_assets,-0.22608528729632751,81
2020-07-02,debt_to_assets,0.1695263868135913,53
2020-07-02,asset_growth_yoy,-0.06751160474847052,82
2020-07-10,ret_1d,-0.03457649495990623,100
2020-07-10,ret_5d,0.004614599900063848,100
2020-07-10,ret_20d,-0.003828497706424883,100
2020-07-10,ret_60d,-0.01904647605045859,100
2020-07-10,ret_120d,0.11066638668007475,100
2020-07-10,momentum_20_5,0.07108524111333724,100
2020-07-10,overnight_gap,0.09820606144197266,100
2020-07-10,intraday_return,-0.033154310075231154,100
2020-07-10,ema20_distance,-0.020390650793780177,100
2020-07-10,ema60_distance,0.025161270976550996,100
2020-07-10,ema20_60_spread,0.05495514419347819,100
2020-07-10,rsi14_centered,-0.004332563235170479,100
2020-07-10,macd_hist_atr,0.02156680369418657,100
2020-07-10,breakout_position_60,0.029451828750992674,100
2020-07-10,trend_r2_20,0.0207807015005476,100
2020-07-10,realized_vol_5,-0.10257133431962465,100
2020-07-10,realized_vol_20,-0.19686159209557166,100
2020-07-10,vol_ratio_5_20,0.07379759372039689,100
2020-07-10,parkinson_vol_20,-0.16436136705168897,100
2020-07-10,overnight_vol_20,-0.14145638939428493,100
2020-07-10,downside_vol_20,-0.1616130097640046,100
2020-07-10,volume_zscore_20,-0.03536859793364931,100
2020-07-10,volume_trend_5_20,-0.1878604219394003,100
2020-07-10,amihud_illiq_20,0.12197785717633008,100
2020-07-10,signed_volume_pressure_20,0.012535629637494643,100
2020-07-10,volume_cv_20,-0.03764889437321272,100
2020-07-10,return_volume_corr_20,-0.3157430467381788,100
2020-07-10,close_location_value,0.03454049027928154,100
2020-07-10,body_range_ratio,0.06763479255347157,100
2020-07-10,gap_followthrough_20,-0.11992559038072302,100
2020-07-10,cs_rank_ret20,-0.003828497706424883,100
2020-07-10,cs_rank_ret60,-0.01904647605045859,100
2020-07-10,cs_rank_vol20,-0.19686159209557166,100
2020-07-10,cs_rank_amihud20,0.12197785717633008,100
2020-07-10,return_autocorr_20,0.17718503413418107,100
2020-07-10,revenue_growth_yoy,0.0671844989882371,73
2020-07-10,gross_margin_change_yoy,-0.0486855806646084,69
2020-07-10,operating_profitability,0.003997211909130997,75
2020-07-10,cashflow_to_assets,-0.09487621038540238,81
2020-07-10,debt_to_assets,0.09625582429211284,53
2020-07-10,asset_growth_yoy,0.12256403839310315,82
2020-07-17,ret_1d,-0.16589308698870642,100
2020-07-17,ret_5d,-0.24940368858104622,100
2020-07-17,ret_20d,-0.19457545754575456,100
2020-07-17,ret_60d,-0.026798679867986796,100
2020-07-17,ret_120d,-0.16829282928292827,100
2020-07-17,momentum_20_5,-0.08186018601860186,100
2020-07-17,overnight_gap,0.041800681679358076,100
2020-07-17,intraday_return,-0.1797173633381173,100
2020-07-17,ema20_distance,-0.1659285928592859,100
2020-07-17,ema60_distance,-0.13791779177917793,100
2020-07-17,ema20_60_spread,-0.054653465346534646,100
2020-07-17,rsi14_centered,-0.17063306330633063,100
2020-07-17,macd_hist_atr,-0.1452505250525052,100
2020-07-17,breakout_position_60,-0.11957995799579957,100
2020-07-17,trend_r2_20,-0.19977197719771975,100
2020-07-17,realized_vol_5,0.03485148514851485,100
2020-07-17,realized_vol_20,0.05555355535553555,100
2020-07-17,vol_ratio_5_20,0.04487248724872486,100
2020-07-17,parkinson_vol_20,-0.0198019801980198,100
2020-07-17,overnight_vol_20,0.03445544554455445,100
2020-07-17,downside_vol_20,0.18477047704770477,100
2020-07-17,volume_zscore_20,0.13555355535553557,100
2020-07-17,volume_trend_5_20,0.01887788778877888,100
2020-07-17,amihud_illiq_20,-0.13008100810081008,100
2020-07-17,signed_volume_pressure_20,0.05326132613261326,100
2020-07-17,volume_cv_20,0.04376837683768376,100
2020-07-17,return_volume_corr_20,-0.02557455745574557,100
2020-07-17,close_location_value,-0.02695469546954695,100
2020-07-17,body_range_ratio,-0.14797323658735298,100
2020-07-17,gap_followthrough_20,0.08237623762376238,100
2020-07-17,cs_rank_ret20,-0.19457545754575456,100
2020-07-17,cs_rank_ret60,-0.026798679867986796,100
2020-07-17,cs_rank_vol20,0.05555355535553555,100
2020-07-17,cs_rank_amihud20,-0.13008100810081008,100
2020-07-17,return_autocorr_20,-0.242052205220522,100
2020-07-17,revenue_growth_yoy,0.14237120797665256,73
2020-07-17,gross_margin_change_yoy,-0.11251472885680235,69
2020-07-17,operating_profitability,-0.09866357513460883,75
2020-07-17,cashflow_to_assets,-0.061947052547580296,81
2020-07-17,debt_to_assets,0.0585218945746626,54
2020-07-17,asset_growth_yoy,0.15453768754208175,82
2020-07-24,ret_1d,-0.037395851772900904,100
2020-07-24,ret_5d,-0.15101755480882495,100
2020-07-24,ret_20d,0.07696369636963696,100
2020-07-24,ret_60d,-0.018085808580858086,100
2020-07-24,ret_120d,0.24446444644464443,100
2020-07-24,momentum_20_5,0.24998499849984993,100
2020-07-24,overnight_gap,0.18679867986798676,100
2020-07-24,intraday_return,-0.14162616261626162,100
2020-07-24,ema20_distance,0.003852385238523852,100
2020-07-24,ema60_distance,0.033939393939393936,100
2020-07-24,ema20_60_spread,0.08388838883888387,100
2020-07-24,rsi14_centered,0.08556855685568555,100
2020-07-24,macd_hist_atr,0.03725172517251725,100
2020-07-24,breakout_position_60,0.0718151815181518,100
2020-07-24,trend_r2_20,0.07644764476447645,100
2020-07-24,realized_vol_5,-0.16068406840684066,100
2020-07-24,realized_vol_20,-0.1796459645964596,100
2020-07-24,vol_ratio_5_20,-0.03341134113411341,100
2020-07-24,parkinson_vol_20,-0.1309210921092109,100
2020-07-24,overnight_vol_20,-0.3015181518151815,100
2020-07-24,downside_vol_20,-0.24098409840984097,100
2020-07-24,volume_zscore_20,-0.005004500450045004,100
2020-07-24,volume_trend_5_20,-0.12734473447344732,100
2020-07-24,amihud_illiq_20,-0.2396399639963996,100
2020-07-24,signed_volume_pressure_20,0.06967896789678968,100
2020-07-24,volume_cv_20,-0.07193519351935193,100
2020-07-24,return_volume_corr_20,-0.030951095109510943,100
2020-07-24,close_location_value,-0.0731113111311131,100
2020-07-24,body_range_ratio,-0.150999099909991,100
2020-07-24,gap_followthrough_20,0.0986018601860186,100
2020-07-24,cs_rank_ret20,0.07696369636963696,100
2020-07-24,cs_rank_ret60,-0.018085808580858086,100
2020-07-24,cs_rank_vol20,-0.1796459645964596,100
2020-07-24,cs_rank_amihud20,-0.2396399639963996,100
2020-07-24,return_autocorr_20,-0.013969396939693967,100
2020-07-24,revenue_growth_yoy,-0.16287303216139318,73
2020-07-24,gross_margin_change_yoy,0.07091771024875901,69
2020-07-24,operating_profitability,0.1254062973452583,75
2020-07-24,cashflow_to_assets,0.06359566167480354,81
2020-07-24,debt_to_assets,0.07595302247743409,55
2020-07-24,asset_growth_yoy,0.1690783136816846,82
2020-07-31,ret_1d,-0.01249324932493249,100
2020-07-31,ret_5d,-0.2296069606960696,100
2020-07-31,ret_20d,-0.09332133213321331,100
2020-07-31,ret_60d,-0.24019201920192013,100
2020-07-31,ret_120d,-0.29021302130213017,100
2020-07-31,momentum_20_5,0.000948094809480948,100
2020-07-31,overnight_gap,-0.1273207320732073,100
2020-07-31,intraday_return,0.015601560156015602,100
2020-07-31,ema20_distance,-0.10863486348634863,100
2020-07-31,ema60_distance,-0.22851485148514847,100
2020-07-31,ema20_60_spread,-0.2998259825982598,100
2020-07-31,rsi14_centered,-0.16441644164416439,100
2020-07-31,macd_hist_atr,0.09008100810081007,100
2020-07-31,breakout_position_60,-0.22673867386738672,100
2020-07-31,trend_r2_20,0.013933393339333931,100
2020-07-31,realized_vol_5,-0.027038703870387034,100
2020-07-31,realized_vol_20,0.05536153615361535,100
2020-07-31,vol_ratio_5_20,-0.032187218721872184,100
2020-07-31,parkinson_vol_20,0.06858685868586857,100
2020-07-31,overnight_vol_20,0.07891989198919892,100
2020-07-31,downside_vol_20,0.1294209420942094,100
2020-07-31,volume_zscore_20,0.2223462346234623,100
2020-07-31,volume_trend_5_20,0.18018601860186018,100
2020-07-31,amihud_illiq_20,0.017029702970297027,100
2020-07-31,signed_volume_pressure_20,-0.0574017401740174,100
2020-07-31,volume_cv_20,-0.3364416441644164,100
2020-07-31,return_volume_corr_20,-0.1072187218721872,100
2020-07-31,close_location_value,-0.14928292829282924,100
2020-07-31,body_range_ratio,0.03359135913591359,100
2020-07-31,gap_followthrough_20,0.13166516651665167,100
2020-07-31,cs_rank_ret20,-0.09332133213321331,100
2020-07-31,cs_rank_ret60,-0.24019201920192013,100
2020-07-31,cs_rank_vol20,0.05536153615361535,100
2020-07-31,cs_rank_amihud20,0.017029702970297027,100
2020-07-31,return_autocorr_20,-0.09844584458445843,100
2020-07-31,revenue_growth_yoy,-0.07511164932693914,73
2020-07-31,gross_margin_change_yoy,0.10690634734047855,69
2020-07-31,operating_profitability,-0.09345727921487602,75
2020-07-31,cashflow_to_assets,-0.15942428167339903,80
2020-07-31,debt_to_assets,-0.06090745984809157,56
2020-07-31,asset_growth_yoy,-0.12313820669421177,82
2020-08-07,ret_1d,0.322040204020402,100
2020-08-07,ret_5d,0.2607740774077408,100
2020-08-07,ret_20d,-0.01837383738373837,100
2020-08-07,ret_60d,-0.11698769876987698,100
2020-08-07,ret_120d,-0.14585058505850584,100
2020-08-07,momentum_20_5,-0.1986678667866786,100
2020-08-07,overnight_gap,-0.03786378637863786,100
2020-08-07,intraday_return,0.33171317131713174,100
2020-08-07,ema20_distance,0.10652265226522652,100
2020-08-07,ema60_distance,-0.04864086408640864,100
2020-08-07,ema20_60_spread,-0.17789378937893788,100
2020-08-07,rsi14_centered,-0.01968196819681968,100
2020-08-07,macd_hist_atr,0.1413981398139814,100
2020-08-07,breakout_position_60,-0.10807080708070807,100
2020-08-07,trend_r2_20,-0.15735973597359737,100
2020-08-07,realized_vol_5,0.224998499849985,100
2020-08-07,realized_vol_20,0.19479147914791478,100
2020-08-07,vol_ratio_5_20,0.08123612361236122,100
2020-08-07,parkinson_vol_20,0.28837683768376837,100
2020-08-07,overnight_vol_20,0.01894989498949895,100
2020-08-07,downside_vol_20,0.2117131713171317,100
2020-08-07,volume_zscore_20,-0.04871287128712871,100
2020-08-07,volume_trend_5_20,0.009024902490249025,100
2020-08-07,amihud_illiq_20,0.1701170117011701,100
2020-08-07,signed_volume_pressure_20,-0.09896189618961895,100
2020-08-07,volume_cv_20,-0.07974797479747973,100
2020-08-07,return_volume_corr_20,-0.043168316831683165,100
2020-08-07,close_location_value,0.20406840684068403,100
2020-08-07,body_range_ratio,0.21172517251725168,100
2020-08-07,gap_followthrough_20,0.047188718871887185,100
2020-08-07,cs_rank_ret20,-0.01837383738373837,100
2020-08-07,cs_rank_ret60,-0.11698769876987698,100
2020-08-07,cs_rank_vol20,0.19479147914791478,100
2020-08-07,cs_rank_amihud20,0.1701170117011701,100
2020-08-07,return_autocorr_20,0.08897689768976896,100
2020-08-07,revenue_growth_yoy,-0.1371481859664387,72
2020-08-07,gross_margin_change_yoy,0.035805968299224625,68
2020-08-07,operating_profitability,-0.3717238387280274,75
2020-08-07,cashflow_to_assets,-0.22112178341790517,80
2020-08-07,debt_to_assets,0.0210693509126147,57
2020-08-07,asset_growth_yoy,0.03758142369764126,82
2020-08-14,ret_1d,-0.03844076665506523,100
2020-08-14,ret_5d,-0.04771748751299677,100
2020-08-14,ret_20d,-0.0709399452789795,100
2020-08-14,ret_60d,0.027339061976910047,100
2020-08-14,ret_120d,-0.0389443617713227,100
2020-08-14,momentum_20_5,-0.08879794537627632,100
2020-08-14,overnight_gap,0.2477197446292363,100
2020-08-14,intraday_return,-0.1336109644376381,100
2020-08-14,ema20_distance,-0.03345974749412871,100
2020-08-14,ema60_distance,-0.024026690991121123,100
2020-08-14,ema20_60_spread,-0.032643656091832896,100
2020-08-14,rsi14_centered,0.01863808746713841,100
2020-08-14,macd_hist_atr,-0.08649368729920576,100
2020-08-14,breakout_position_60,0.07529643320594101,100
2020-08-14,trend_r2_20,0.00070807930493314,100
2020-08-14,realized_vol_5,-0.15800969709745288,100
2020-08-14,realized_vol_20,-0.12608612165470454,100
2020-08-14,vol_ratio_5_20,-0.05381402717491863,100
2020-08-14,parkinson_vol_20,-0.16899092699599225,100
2020-08-14,overnight_vol_20,-0.0038644328167537463,100
2020-08-14,downside_vol_20,-0.0785728001592757,100
2020-08-14,volume_zscore_20,0.10559982718824913,100
2020-08-14,volume_trend_5_20,-0.05185780807823894,100
2020-08-14,amihud_illiq_20,-0.015121693630775531,100
2020-08-14,signed_volume_pressure_20,-0.006480725841760942,100
2020-08-14,volume_cv_20,-0.007848879075021584,100
2020-08-14,return_volume_corr_20,-0.14297201287573721,100
2020-08-14,close_location_value,-0.10214344007264328,100
2020-08-14,body_range_ratio,-0.06839566031888075,100
2020-08-14,gap_followthrough_20,-0.08745379483131849,100
2020-08-14,cs_rank_ret20,-0.0709399452789795,100
2020-08-14,cs_rank_ret60,0.027339061976910047,100
2020-08-14,cs_rank_vol20,-0.12608612165470454,100
2020-08-14,cs_rank_amihud20,-0.015121693630775531,100
2020-08-14,return_autocorr_20,-0.038908357738868464,100
2020-08-14,revenue_growth_yoy,-0.07537583407026288,72
2020-08-14,gross_margin_change_yoy,0.19511962362631843,68
2020-08-14,operating_profitability,0.17906371356633805,75
2020-08-14,cashflow_to_assets,0.2375086440300519,80
2020-08-14,debt_to_assets,-0.176913984735821,57
2020-08-14,asset_growth_yoy,-0.1146277753591641,82
2020-08-21,ret_1d,0.02768676867686768,100
2020-08-21,ret_5d,-0.087008700870087,100
2020-08-21,ret_20d,-0.02665466546654665,100
2020-08-21,ret_60d,0.06378637863786378,100
2020-08-21,ret_120d,-0.505094509450945,100
2020-08-21,momentum_20_5,0.007308730873087308,100
2020-08-21,overnight_gap,-0.13587758775877587,100
2020-08-21,intraday_return,0.05925063607550698,100
2020-08-21,ema20_distance,-0.036495649564956496,100
2020-08-21,ema60_distance,-0.06485448544854484,100
2020-08-21,ema20_60_spread,-0.07397539753975396,100
2020-08-21,rsi14_centered,-0.07169516951695169,100
2020-08-21,macd_hist_atr,0.025514551455145515,100
2020-08-21,breakout_position_60,-0.15056705670567055,100
2020-08-21,trend_r2_20,-0.010057005700570056,100
2020-08-21,realized_vol_5,0.12706870687068705,100
2020-08-21,realized_vol_20,0.18771077107710768,100
2020-08-21,vol_ratio_5_20,0.05282928292829283,100
2020-08-21,parkinson_vol_20,0.1841224122412241,100
2020-08-21,overnight_vol_20,0.25309330933093305,100
2020-08-21,downside_vol_20,0.19385538553855383,100
2020-08-21,volume_zscore_20,-0.1208160816081608,100
2020-08-21,volume_trend_5_20,-0.00414041404140414,100
2020-08-21,amihud_illiq_20,0.011389138913891388,100
2020-08-21,signed_volume_pressure_20,-0.056417641764176414,100
2020-08-21,volume_cv_20,0.0454005400540054,100
2020-08-21,return_volume_corr_20,0.08112811281128111,100
2020-08-21,close_location_value,0.00018001800180018,100
2020-08-21,body_range_ratio,0.051749795980876256,100
2020-08-21,gap_followthrough_20,-0.14598259825982599,100
2020-08-21,cs_rank_ret20,-0.02665466546654665,100
2020-08-21,cs_rank_ret60,0.06378637863786378,100
2020-08-21,cs_rank_vol20,0.18771077107710768,100
2020-08-21,cs_rank_amihud20,0.011389138913891388,100
2020-08-21,return_autocorr_20,0.23623162316231622,100
2020-08-21,revenue_growth_yoy,-0.32748349962068274,72
2020-08-21,gross_margin_change_yoy,-0.04534913682247213,68
2020-08-21,operating_profitability,-0.12954572934701308,75
2020-08-21,cashflow_to_assets,-0.15439612281162224,80
2020-08-21,debt_to_assets,0.24551394656484743,57
2020-08-21,asset_growth_yoy,-0.011961188718131406,82
2020-08-28,ret_1d,0.1995199519951995,100
2020-08-28,ret_5d,-0.059969996999699966,100
2020-08-28,ret_20d,0.07944818316322337,100
2020-08-28,ret_60d,-0.10420642064206419,100
2020-08-28,ret_120d,-0.2738193819381938,100
2020-08-28,momentum_20_5,0.08757275727572755,100
2020-08-28,overnight_gap,-0.08715897737506188,100
2020-08-28,intraday_return,0.2708070807080708,100
2020-08-28,ema20_distance,0.10523852385238522,100
2020-08-28,ema60_distance,-0.00234023402340234,100
2020-08-28,ema20_60_spread,-0.17228922892289225,100
2020-08-28,rsi14_centered,0.06153015301530152,100
2020-08-28,macd_hist_atr,0.11476747674767475,100
2020-08-28,breakout_position_60,-0.036495649564956496,100
2020-08-28,trend_r2_20,-0.054917491749174915,100
2020-08-28,realized_vol_5,-0.06225022502250224,100
2020-08-28,realized_vol_20,-0.07720372037203718,100
2020-08-28,vol_ratio_5_20,0.057293729372937294,100
2020-08-28,parkinson_vol_20,-0.09876987698769875,100
2020-08-28,overnight_vol_20,0.1042304230423042,100
2020-08-28,downside_vol_20,-0.11125112511251123,100
2020-08-28,volume_zscore_20,-0.021854185418541852,100
2020-08-28,volume_trend_5_20,-0.03606360636063606,100
2020-08-28,amihud_illiq_20,-0.02953495349534953,100
2020-08-28,signed_volume_pressure_20,0.027338733873387335,100
2020-08-28,volume_cv_20,0.05388538853885388,100
2020-08-28,return_volume_corr_20,0.06323432343234323,100
2020-08-28,close_location_value,0.3106270627062706,100
2020-08-28,body_range_ratio,0.2701710171017101,100
2020-08-28,gap_followthrough_20,-0.0695109510951095,100
2020-08-28,cs_rank_ret20,0.07944818316322337,100
2020-08-28,cs_rank_ret60,-0.10420642064206419,100
2020-08-28,cs_rank_vol20,-0.07720372037203718,100
2020-08-28,cs_rank_amihud20,-0.02953495349534953,100
2020-08-28,return_autocorr_20,-0.018457845784578455,100
2020-08-28,revenue_growth_yoy,-0.3162929794058361,72
2020-08-28,gross_margin_change_yoy,0.045520913855890584,68
2020-08-28,operating_profitability,-0.06689948008334275,75
2020-08-28,cashflow_to_assets,-0.25812387555457045,80
2020-08-28,debt_to_assets,0.20693344034789576,57
2020-08-28,asset_growth_yoy,-0.2385489848262094,82
2020-09-04,ret_1d,0.0634023402340234,100
2020-09-04,ret_5d,0.030699069906990697,100
2020-09-04,ret_20d,0.07529552955295529,100
2020-09-04,ret_60d,-0.023798379837983795,100
2020-09-04,ret_120d,-0.11685568556855686,100
2020-09-04,momentum_20_5,0.04219621962196219,100
2020-09-04,overnight_gap,0.0025982676215767155,100
2020-09-04,intraday_return,0.15426342634263426,100
2020-09-04,ema20_distance,0.003192319231923192,100
2020-09-04,ema60_distance,-0.013489348934893487,100
2020-09-04,ema20_60_spread,-0.02613861386138614,100
2020-09-04,rsi14_centered,0.014857485748574857,100
2020-09-04,macd_hist_atr,-0.050561056105610555,100
2020-09-04,breakout_position_60,0.003396339633963396,100
2020-09-04,trend_r2_20,0.06781878187818781,100
2020-09-04,realized_vol_5,-0.010765076507650764,100
2020-09-04,realized_vol_20,-0.14219021902190215,100
2020-09-04,vol_ratio_5_20,0.1454065406540654,100
2020-09-04,parkinson_vol_20,-0.2407320732073207,100
2020-09-04,overnight_vol_20,-0.06759075907590759,100
2020-09-04,downside_vol_20,-0.15774377437743772,100
2020-09-04,volume_zscore_20,0.04193219321932192,100
2020-09-04,volume_trend_5_20,0.047044704470447035,100
2020-09-04,amihud_illiq_20,-0.2736993699369936,100
2020-09-04,signed_volume_pressure_20,0.10809480948094809,100
2020-09-04,volume_cv_20,-0.04896489648964897,100
2020-09-04,return_volume_corr_20,0.00774077407740774,100
2020-09-04,close_location_value,0.06574257425742573,100
2020-09-04,body_range_ratio,0.0841044104410441,100
2020-09-04,gap_followthrough_20,-0.017125712571257123,100
2020-09-04,cs_rank_ret20,0.07529552955295529,100
2020-09-04,cs_rank_ret60,-0.023798379837983795,100
2020-09-04,cs_rank_vol20,-0.14219021902190215,100
2020-09-04,cs_rank_amihud20,-0.2736993699369936,100
2020-09-04,return_autocorr_20,-0.018841884188418843,100
2020-09-04,revenue_growth_yoy,0.09338296179285768,72
2020-09-04,gross_margin_change_yoy,-0.05344174373018601,68
2020-09-04,operating_profitability,0.11964523218817688,75
2020-09-04,cashflow_to_assets,0.003375547207906111,80
2020-09-04,debt_to_assets,0.15886290588111482,57
2020-09-04,asset_growth_yoy,-0.09882401597873809,82
2020-09-11,ret_1d,0.13874587458745874,100
2020-09-11,ret_5d,-0.05366936693669366,100
2020-09-11,ret_20d,-0.10189018901890187,100
2020-09-11,ret_60d,-0.029618961896189615,100
2020-09-11,ret_120d,-0.07548754875487548,100
2020-09-11,momentum_20_5,-0.018145814581458142,100
2020-09-11,overnight_gap,0.1942034203420342,100
2020-09-11,intraday_return,0.07201920192019201,100
2020-09-11,ema20_distance,-0.1963516351635163,100
2020-09-11,ema60_distance,-0.1459225922592259,100
2020-09-11,ema20_60_spread,-0.05957395739573957,100
2020-09-11,rsi14_centered,-0.15344734473447344,100
2020-09-11,macd_hist_atr,-0.2115091509150915,100
2020-09-11,breakout_position_60,-0.14847884788478846,100
2020-09-11,trend_r2_20,0.07677167716771677,100
2020-09-11,realized_vol_5,-0.042256225622562246,100
2020-09-11,realized_vol_20,0.04319231923192318,100
2020-09-11,vol_ratio_5_20,-0.01849384938493849,100
2020-09-11,parkinson_vol_20,-0.08693669366936692,100
2020-09-11,overnight_vol_20,0.08702070207020701,100
2020-09-11,downside_vol_20,0.07197119711971196,100
2020-09-11,volume_zscore_20,-0.07480348034803479,100
2020-09-11,volume_trend_5_20,-0.1241164116411641,100
2020-09-11,amihud_illiq_20,0.13683768376837682,100
2020-09-11,signed_volume_pressure_20,0.019213921392139212,100
2020-09-11,volume_cv_20,0.04315631563156315,100
2020-09-11,return_volume_corr_20,-0.05254125412541254,100
2020-09-11,close_location_value,0.004704470447044704,100
2020-09-11,body_range_ratio,0.04729672967296729,100
2020-09-11,gap_followthrough_20,0.021794179417941793,100
2020-09-11,cs_rank_ret20,-0.10189018901890187,100
2020-09-11,cs_rank_ret60,-0.029618961896189615,100
2020-09-11,cs_rank_vol20,0.04319231923192318,100
2020-09-11,cs_rank_amihud20,0.13683768376837682,100
2020-09-11,return_autocorr_20,-0.10927092709270926,100
2020-09-11,revenue_growth_yoy,0.23860247124759093,72
2020-09-11,gross_margin_change_yoy,0.005886402410724868,67
2020-09-11,operating_profitability,0.11872945133190095,76
2020-09-11,cashflow_to_assets,0.18222094597679273,80
2020-09-11,debt_to_assets,-0.18900828487916355,57
2020-09-11,asset_growth_yoy,-0.12737196685012908,82
2020-09-18,ret_1d,-0.09838583858385838,100
2020-09-18,ret_5d,0.07584758475847583,100
2020-09-18,ret_20d,0.18721872187218722,100
2020-09-18,ret_60d,0.08363636363636363,100
2020-09-18,ret_120d,-0.02827482748274827,100
2020-09-18,momentum_20_5,0.1555355535553555,100
2020-09-18,overnight_gap,-0.0497991293105431,100
2020-09-18,intraday_return,-0.07204320432043203,100
2020-09-18,ema20_distance,0.10004200420042003,100
2020-09-18,ema60_distance,0.08919291929192917,100
2020-09-18,ema20_60_spread,0.08936093609360936,100
2020-09-18,rsi14_centered,0.13544554455445545,100
2020-09-18,macd_hist_atr,0.057965796579657954,100
2020-09-18,breakout_position_60,0.15059105910591059,100
2020-09-18,trend_r2_20,-0.0908130813081308,100
2020-09-18,realized_vol_5,-0.045892589258925885,100
2020-09-18,realized_vol_20,0.07123912391239123,100
2020-09-18,vol_ratio_5_20,-0.1611041104110411,100
2020-09-18,parkinson_vol_20,-0.03181518151815181,100
2020-09-18,overnight_vol_20,0.030819081908190816,100
2020-09-18,downside_vol_20,0.020474047404740472,100
2020-09-18,volume_zscore_20,-0.14916291629162914,100
2020-09-18,volume_trend_5_20,-0.2565376537653765,100
2020-09-18,amihud_illiq_20,-0.07992799279927992,100
2020-09-18,signed_volume_pressure_20,0.20322832283228318,100
2020-09-18,volume_cv_20,-0.13078907890789077,100
2020-09-18,return_volume_corr_20,-0.022142214221422138,100
2020-09-18,close_location_value,-0.11607560756075605,100
2020-09-18,body_range_ratio,-0.08176417641764176,100
2020-09-18,gap_followthrough_20,0.18591059105910587,100
2020-09-18,cs_rank_ret20,0.18721872187218722,100
2020-09-18,cs_rank_ret60,0.08363636363636363,100
2020-09-18,cs_rank_vol20,0.07123912391239123,100
2020-09-18,cs_rank_amihud20,-0.07992799279927992,100
2020-09-18,return_autocorr_20,-0.28999699969996995,100
2020-09-18,revenue_growth_yoy,-0.029793152238664824,72
2020-09-18,gross_margin_change_yoy,-0.12213786154592175,67
2020-09-18,operating_profitability,-0.010649423441283919,76
2020-09-18,cashflow_to_assets,-0.12136733103426313,80
2020-09-18,debt_to_assets,-0.10515226824695705,57
2020-09-18,asset_growth_yoy,0.09864987674353327,82
2020-09-25,ret_1d,-0.09242235131000187,100
2020-09-25,ret_5d,-0.4924452445244524,100
2020-09-25,ret_20d,-0.1494269426942694,100
2020-09-25,ret_60d,-0.039675967596759676,100
2020-09-25,ret_120d,-0.03054305430543054,100
2020-09-25,momentum_20_5,0.14941494149414938,100
2020-09-25,overnight_gap,-0.14652309187912294,100
2020-09-25,intraday_return,-0.01968196819681968,100
2020-09-25,ema20_distance,-0.29372937293729373,100
2020-09-25,ema60_distance,-0.14444644464446443,100
2020-09-25,ema20_60_spread,0.005592559255925592,100
2020-09-25,rsi14_centered,-0.20711671167116708,100
2020-09-25,macd_hist_atr,-0.2097209720972097,100
2020-09-25,breakout_position_60,-0.06677467746774676,100
2020-09-25,trend_r2_20,-0.0456045604560456,100
2020-09-25,realized_vol_5,0.25886588658865883,100
2020-09-25,realized_vol_20,0.23366336633663362,100
2020-09-25,vol_ratio_5_20,0.12310831083108309,100
2020-09-25,parkinson_vol_20,0.33658565856585654,100
2020-09-25,overnight_vol_20,0.11842784278427841,100
2020-09-25,downside_vol_20,0.25238523852385236,100
2020-09-25,volume_zscore_20,-0.08595259525952594,100
2020-09-25,volume_trend_5_20,0.06375037503750373,100
2020-09-25,amihud_illiq_20,0.20898889888988897,100
2020-09-25,signed_volume_pressure_20,-0.006144614461446144,100
2020-09-25,volume_cv_20,0.07443144314431442,100
2020-09-25,return_volume_corr_20,0.1329012901290129,100
2020-09-25,close_location_value,-0.14227422742274226,100
2020-09-25,body_range_ratio,-0.0902010201020102,100
2020-09-25,gap_followthrough_20,0.1229042904290429,100
2020-09-25,cs_rank_ret20,-0.1494269426942694,100
2020-09-25,cs_rank_ret60,-0.039675967596759676,100
2020-09-25,cs_rank_vol20,0.23366336633663362,100
2020-09-25,cs_rank_amihud20,0.20898889888988897,100
2020-09-25,return_autocorr_20,0.3037383738373837,100
2020-09-25,revenue_growth_yoy,-0.23533856951826065,72
2020-09-25,gross_margin_change_yoy,-0.1409525990883656,68
2020-09-25,operating_profitability,-0.3940560085943633,76
2020-09-25,cashflow_to_assets,-0.34090682669846234,80
2020-09-25,debt_to_assets,-0.011321857808188384,58
2020-09-25,asset_growth_yoy,-0.0778293544343564,82
2020-10-02,ret_1d,-0.18706326751739616,100
2020-10-02,ret_5d,0.026150615061506146,100
2020-10-02,ret_20d,0.14415841584158415,100
2020-10-02,ret_60d,0.18850285028502847,100
2020-10-02,ret_120d,0.4029882988298829,100
2020-10-02,momentum_20_5,0.1298169816981698,100
2020-10-02,overnight_gap,0.07362736273627363,100
2020-10-02,intraday_return,-0.23306330633063305,100
2020-10-02,ema20_distance,0.13149714971497148,100
2020-10-02,ema60_distance,0.18696669666966695,100
2020-10-02,ema20_60_spread,0.2141254125412541,100
2020-10-02,rsi14_centered,0.14923492349234924,100
2020-10-02,macd_hist_atr,0.1663486348634863,100
2020-10-02,breakout_position_60,0.12745274527452743,100
2020-10-02,trend_r2_20,-0.2415241524152415,100
2020-10-02,realized_vol_5,-0.016777677767776777,100
2020-10-02,realized_vol_20,-0.09022502250225023,100
2020-10-02,vol_ratio_5_20,-0.013141314131413142,100
2020-10-02,parkinson_vol_20,-0.03379537953795379,100
2020-10-02,overnight_vol_20,-0.11332733273327332,100
2020-10-02,downside_vol_20,-0.09155715571557155,100
2020-10-02,volume_zscore_20,-0.0658025802580258,100
2020-10-02,volume_trend_5_20,0.1442304230423042,100
2020-10-02,amihud_illiq_20,0.035127512751275125,100
2020-10-02,signed_volume_pressure_20,0.05971797179717971,100
2020-10-02,volume_cv_20,0.02334233423342334,100
2020-10-02,return_volume_corr_20,0.11429942994299429,100
2020-10-02,close_location_value,-0.20865286528652863,100
2020-10-02,body_range_ratio,-0.2650945094509451,100
2020-10-02,gap_followthrough_20,-0.034707470747074705,100
2020-10-02,cs_rank_ret20,0.14415841584158415,100
2020-10-02,cs_rank_ret60,0.18850285028502847,100
2020-10-02,cs_rank_vol20,-0.09022502250225023,100
2020-10-02,cs_rank_amihud20,0.035127512751275125,100
2020-10-02,return_autocorr_20,-0.14223822382238221,100
2020-10-02,revenue_growth_yoy,0.3240266578876483,72
2020-10-02,gross_margin_change_yoy,0.059950184663040806,68
2020-10-02,operating_profitability,-0.005563947805651547,76
2020-10-02,cashflow_to_assets,0.054383816127376236,80
2020-10-02,debt_to_assets,-0.1285707711424436,58
2020-10-02,asset_growth_yoy,0.18038648026779794,82
2020-10-09,ret_1d,-0.029966996699669964,100
2020-10-09,ret_5d,0.035775577557755775,100
2020-10-09,ret_20d,0.023894389438943894,100
2020-10-09,ret_60d,-0.05302130213021301,100
2020-10-09,ret_120d,-0.09827782778277827,100
2020-10-09,momentum_20_5,0.03716771677167716,100
2020-10-09,overnight_gap,-0.18660666066606657,100
2020-10-09,intraday_return,0.05588958895889588,100
2020-10-09,ema20_distance,-0.00034803480348034795,100
2020-10-09,ema60_distance,-0.04024002400240023,100
2020-10-09,ema20_60_spread,-0.11775577557755774,100
2020-10-09,rsi14_centered,0.052097209720972086,100
2020-10-09,macd_hist_atr,0.15248724872487246,100
2020-10-09,breakout_position_60,0.08160816081608159,100
2020-10-09,trend_r2_20,-0.036207620762076204,100
2020-10-09,realized_vol_5,-0.021998199819981995,100
2020-10-09,realized_vol_20,-0.026198619861986197,100
2020-10-09,vol_ratio_5_20,-0.04330033003300329,100
2020-10-09,parkinson_vol_20,-0.12304830483048301,100
2020-10-09,overnight_vol_20,0.13225322532253223,100
2020-10-09,downside_vol_20,-0.05166516651665166,100
2020-10-09,volume_zscore_20,-0.08624062406240622,100
2020-10-09,volume_trend_5_20,-0.06781878187818781,100
2020-10-09,amihud_illiq_20,0.20825682568256823,100
2020-10-09,signed_volume_pressure_20,0.1249204920492049,100
2020-10-09,volume_cv_20,0.06532253225322532,100
2020-10-09,return_volume_corr_20,0.13938193819381936,100
2020-10-09,close_location_value,0.07762376237623762,100
2020-10-09,body_range_ratio,0.06795079507950795,100
2020-10-09,gap_followthrough_20,-0.06083408340834083,100
2020-10-09,cs_rank_ret20,0.023894389438943894,100
2020-10-09,cs_rank_ret60,-0.05302130213021301,100
2020-10-09,cs_rank_vol20,-0.026198619861986197,100
2020-10-09,cs_rank_amihud20,0.20825682568256823,100
2020-10-09,return_autocorr_20,-0.04608460846084608,100
2020-10-09,revenue_growth_yoy,-0.03680330570658596,72
2020-10-09,gross_margin_change_yoy,-0.12694322769623825,68
2020-10-09,operating_profitability,-0.15547611398937358,76
2020-10-09,cashflow_to_assets,-0.15640035396631646,80
2020-10-09,debt_to_assets,-0.10998201176384872,57
2020-10-09,asset_growth_yoy,-0.10213266144762978,82
2020-10-16,ret_1d,-0.4257905790579058,100
2020-10-16,ret_5d,-0.21710171017101706,100
2020-10-16,ret_20d,-0.13164116411641164,100
2020-10-16,ret_60d,-0.15567956795679566,100
2020-10-16,ret_120d,0.015517551755175517,100
2020-10-16,momentum_20_5,0.0030963096309630962,100
2020-10-16,overnight_gap,0.013477509482032475,100
2020-10-16,intraday_return,-0.4333273327332733,100
2020-10-16,ema20_distance,-0.1874947494749475,100
2020-10-16,ema60_distance,-0.16120012001200118,100
2020-10-16,ema20_60_spread,-0.09530153015301529,100
2020-10-16,rsi14_centered,-0.18435043504350432,100
2020-10-16,macd_hist_atr,-0.15809180918091806,100
2020-10-16,breakout_position_60,-0.19647164716471646,100
2020-10-16,trend_r2_20,-0.07625562556255625,100
2020-10-16,realized_vol_5,0.07637563756375637,100
2020-10-16,realized_vol_20,0.04333633363336333,100
2020-10-16,vol_ratio_5_20,0.0614101410141014,100
2020-10-16,parkinson_vol_20,0.0942094209420942,100
2020-10-16,overnight_vol_20,-0.1048184818481848,100
2020-10-16,downside_vol_20,0.05438943894389438,100
2020-10-16,volume_zscore_20,-0.011605160516051604,100
2020-10-16,volume_trend_5_20,-0.257977797779778,100
2020-10-16,amihud_illiq_20,0.11221122112211221,100
2020-10-16,signed_volume_pressure_20,-0.12057605760576057,100
2020-10-16,volume_cv_20,0.1439303930393039,100
2020-10-16,return_volume_corr_20,-0.06688268826882687,100
2020-10-16,close_location_value,-0.24810081008100807,100
2020-10-16,body_range_ratio,-0.3665166516651665,100
2020-10-16,gap_followthrough_20,0.03992799279927992,100
2020-10-16,cs_rank_ret20,-0.13164116411641164,100
2020-10-16,cs_rank_ret60,-0.15567956795679566,100
2020-10-16,cs_rank_vol20,0.04333633363336333,100
2020-10-16,cs_rank_amihud20,0.11221122112211221,100
2020-10-16,return_autocorr_20,-0.04799279927992799,100
2020-10-16,revenue_growth_yoy,0.2479439830936051,72
2020-10-16,gross_margin_change_yoy,-0.11602584290564313,68
2020-10-16,operating_profitability,0.086644474673758,76
2020-10-16,cashflow_to_assets,0.2783654381519796,80
2020-10-16,debt_to_assets,-0.24401549795409758,57
2020-10-16,asset_growth_yoy,0.14607016723024713,82
2020-10-23,ret_1d,0.046330772069731685,100
2020-10-23,ret_5d,-0.07577557755775577,100
2020-10-23,ret_20d,-0.20950495049504947,100
2020-10-23,ret_60d,-0.10964296429642963,100
2020-10-23,ret_120d,-0.31669966996699667,100
2020-10-23,momentum_20_5,-0.15731173117311728,100
2020-10-23,overnight_gap,0.10826282628262825,100
2020-10-23,intraday_return,-0.01003300330033003,100
2020-10-23,ema20_distance,-0.11627962796279627,100
2020-10-23,ema60_distance,-0.18201020102010199,100
2020-10-23,ema20_60_spread,-0.1762136213621362,100
2020-10-23,rsi14_centered,-0.13213321332133213,100
2020-10-23,macd_hist_atr,-0.16908490849084906,100
2020-10-23,breakout_position_60,-0.13287728772877286,100
2020-10-23,trend_r2_20,-0.09968196819681968,100
2020-10-23,realized_vol_5,-0.2141254125412541,100
2020-10-23,realized_vol_20,-0.32969696969696966,100
2020-10-23,vol_ratio_5_20,0.06652265226522652,100
2020-10-23,parkinson_vol_20,-0.35890789078907887,100
2020-10-23,overnight_vol_20,-0.23045904590459043,100
2020-10-23,downside_vol_20,-0.224038403840384,100
2020-10-23,volume_zscore_20,-0.08898889888988898,100
2020-10-23,volume_trend_5_20,0.05108910891089109,100
2020-10-23,amihud_illiq_20,-0.19585958595859587,100
2020-10-23,signed_volume_pressure_20,-0.177029702970297,100
2020-10-23,volume_cv_20,-0.026678667866786673,100
2020-10-23,return_volume_corr_20,-0.13876987698769874,100
2020-10-23,close_location_value,0.03137113711371137,100
2020-10-23,body_range_ratio,-0.06324632463246324,100
2020-10-23,gap_followthrough_20,-0.022538253825382538,100
2020-10-23,cs_rank_ret20,-0.20950495049504947,100
2020-10-23,cs_rank_ret60,-0.10964296429642963,100
2020-10-23,cs_rank_vol20,-0.32969696969696966,100
2020-10-23,cs_rank_amihud20,-0.19585958595859587,100
2020-10-23,return_autocorr_20,0.04796879687968796,100
2020-10-23,revenue_growth_yoy,-0.19673449044376834,72
2020-10-23,gross_margin_change_yoy,-0.013627644651197432,68
2020-10-23,operating_profitability,-0.046425471125289074,76
2020-10-23,cashflow_to_assets,-0.057360861234348984,80
2020-10-23,debt_to_assets,0.20045056314401427,57
2020-10-23,asset_growth_yoy,-0.03531761363997854,82
2020-10-30,ret_1d,-0.04182418241824182,100
2020-10-30,ret_5d,-0.0020882088208820882,100
2020-10-30,ret_20d,-0.11929192919291928,100
2020-10-30,ret_60d,0.00768076807680768,100
2020-10-30,ret_120d,0.010657065706570656,100
2020-10-30,momentum_20_5,-0.01284128412841284,100
2020-10-30,overnight_gap,-0.12754875487548753,100
2020-10-30,intraday_return,0.05812181218121812,100
2020-10-30,ema20_distance,-0.11581158115811581,100
2020-10-30,ema60_distance,-0.08352835283528352,100
2020-10-30,ema20_60_spread,-0.008484848484848484,100
2020-10-30,rsi14_centered,-0.07726372637263725,100
2020-10-30,macd_hist_atr,-0.08697269726972696,100
2020-10-30,breakout_position_60,-0.05062106210621061,100
2020-10-30,trend_r2_20,0.04781278127812781,100
2020-10-30,realized_vol_5,-0.07601560156015602,100
2020-10-30,realized_vol_20,0.01722172217221722,100
2020-10-30,vol_ratio_5_20,-0.16444044404440442,100
2020-10-30,parkinson_vol_20,-0.004344434443444344,100
2020-10-30,overnight_vol_20,0.11317131713171316,100
2020-10-30,downside_vol_20,0.02593459345934593,100
2020-10-30,volume_zscore_20,0.04702070207020702,100
2020-10-30,volume_trend_5_20,0.034323432343234324,100
2020-10-30,amihud_illiq_20,-0.15001500150015,100
2020-10-30,signed_volume_pressure_20,-0.09414941494149415,100
2020-10-30,volume_cv_20,-0.01794179417941794,100
2020-10-30,return_volume_corr_20,-0.06455445544554454,100
2020-10-30,close_location_value,0.028910891089108905,100
2020-10-30,body_range_ratio,0.04267626762676267,100
2020-10-30,gap_followthrough_20,0.12078007800780077,100
2020-10-30,cs_rank_ret20,-0.11929192919291928,100
2020-10-30,cs_rank_ret60,0.00768076807680768,100
2020-10-30,cs_rank_vol20,0.01722172217221722,100
2020-10-30,cs_rank_amihud20,-0.15001500150015,100
2020-10-30,return_autocorr_20,-0.08555655565556554,100
2020-10-30,revenue_growth_yoy,0.16051000474829513,72
2020-10-30,gross_margin_change_yoy,0.23783484593637422,68
2020-10-30,operating_profitability,-0.12583818071504296,76
2020-10-30,cashflow_to_assets,-0.13855091774677544,81
2020-10-30,debt_to_assets,-0.11714559107413772,57
2020-10-30,asset_growth_yoy,0.1204934670595385,82
2020-11-06,ret_1d,0.06148214821482148,100
2020-11-06,ret_5d,0.2084608460846084,100
2020-11-06,ret_20d,0.06325832583258326,100
2020-11-06,ret_60d,0.03583558355835583,100
2020-11-06,ret_120d,0.049384938493849374,100
2020-11-06,momentum_20_5,-0.07961596159615959,100
2020-11-06,overnight_gap,0.06251425142514251,100
2020-11-06,intraday_return,0.0010441044104410441,100
2020-11-06,ema20_distance,0.16454845484548453,100
2020-11-06,ema60_distance,0.07495949594959495,100
2020-11-06,ema20_60_spread,-0.04902490249024902,100
2020-11-06,rsi14_centered,0.10167416741674165,100
2020-11-06,macd_hist_atr,0.12466846684668464,100
2020-11-06,breakout_position_60,0.12285628562856285,100
2020-11-06,trend_r2_20,-0.019609960996099605,100
2020-11-06,realized_vol_5,0.06762676267626762,100
2020-11-06,realized_vol_20,0.18927092709270926,100
2020-11-06,vol_ratio_5_20,-0.021314131413141313,100
2020-11-06,parkinson_vol_20,0.08812481248124811,100
2020-11-06,overnight_vol_20,0.049384938493849374,100
2020-11-06,downside_vol_20,0.12774077407740775,100
2020-11-06,volume_zscore_20,-0.0498049804980498,100
2020-11-06,volume_trend_5_20,-0.033831383138313825,100
2020-11-06,amihud_illiq_20,-0.0066006600660066,100
2020-11-06,signed_volume_pressure_20,0.0842124212421242,100
2020-11-06,volume_cv_20,0.009864986498649865,100
2020-11-06,return_volume_corr_20,-0.03272727272727272,100
2020-11-06,close_location_value,-0.02387038703870387,100
2020-11-06,body_range_ratio,-0.009264926492649263,100
2020-11-06,gap_followthrough_20,0.23438343834383435,100
2020-11-06,cs_rank_ret20,0.06325832583258326,100
2020-11-06,cs_rank_ret60,0.03583558355835583,100
2020-11-06,cs_rank_vol20,0.18927092709270926,100
2020-11-06,cs_rank_amihud20,-0.0066006600660066,100
2020-11-06,return_autocorr_20,0.2916171617161716,100
2020-11-06,revenue_growth_yoy,-0.29548761567306103,72
2020-11-06,gross_margin_change_yoy,-0.029851031140718187,68
2020-11-06,operating_profitability,-0.24948906008142685,76
2020-11-06,cashflow_to_assets,-0.15863910704355735,81
2020-11-06,debt_to_assets,0.023002648977421793,56
2020-11-06,asset_growth_yoy,-0.07836265584217118,82
2020-11-13,ret_1d,-0.2891449144914491,100
2020-11-13,ret_5d,-0.3665166516651665,100
2020-11-13,ret_20d,-0.2545094509450945,100
2020-11-13,ret_60d,-0.2352955295529553,100
2020-11-13,ret_120d,0.00174017401740174,100
2020-11-13,momentum_20_5,0.0008640864086408639,100
2020-11-13,overnight_gap,0.01968196819681968,100
2020-11-13,intraday_return,-0.32505250525052504,100
2020-11-13,ema20_distance,-0.3695769576957695,100
2020-11-13,ema60_distance,-0.3055625562556255,100
2020-11-13,ema20_60_spread,-0.16638463846384635,100
2020-11-13,rsi14_centered,-0.30853885388538854,100
2020-11-13,macd_hist_atr,-0.3257845784578457,100
2020-11-13,breakout_position_60,-0.28589258925892586,100
2020-11-13,trend_r2_20,-0.083012301230123,100
2020-11-13,realized_vol_5,-0.1584038403840384,100
2020-11-13,realized_vol_20,-0.15365136513651365,100
2020-11-13,vol_ratio_5_20,-0.06868286828682867,100
2020-11-13,parkinson_vol_20,0.010249024902490246,100
2020-11-13,overnight_vol_20,-0.07679567956795678,100
2020-11-13,downside_vol_20,-0.06715871587158716,100
2020-11-13,volume_zscore_20,0.009384938493849384,100
2020-11-13,volume_trend_5_20,-0.08476447644764476,100
2020-11-13,amihud_illiq_20,0.22277827782778276,100
2020-11-13,signed_volume_pressure_20,-0.17912991299129913,100
2020-11-13,volume_cv_20,0.0005520552055205519,100
2020-11-13,return_volume_corr_20,-0.1422022202220222,100
2020-11-13,close_location_value,-0.34211821182118207,100
2020-11-13,body_range_ratio,-0.33580558055805576,100
2020-11-13,gap_followthrough_20,-0.5147314731473147,100
2020-11-13,cs_rank_ret20,-0.2545094509450945,100
2020-11-13,cs_rank_ret60,-0.2352955295529553,100
2020-11-13,cs_rank_vol20,-0.15365136513651365,100
2020-11-13,cs_rank_amihud20,0.22277827782778276,100
2020-11-13,return_autocorr_20,-0.20098409840984097,100
2020-11-13,revenue_growth_yoy,0.29548761567306103,72
2020-11-13,gross_margin_change_yoy,0.07195549066528617,68
2020-11-13,operating_profitability,0.12181901448688191,76
2020-11-13,cashflow_to_assets,0.021059287823776387,81
2020-11-13,debt_to_assets,-0.05420832285020945,56
2020-11-13,asset_growth_yoy,0.05039154118739619,82
2020-11-20,ret_1d,0.15168316831683165,100
2020-11-20,ret_5d,0.13304530453045305,100
2020-11-20,ret_20d,0.025658565856585658,100
2020-11-20,ret_60d,0.13584158415841582,100
2020-11-20,ret_120d,0.1624122412241224,100
2020-11-20,momentum_20_5,-0.03945994599459946,100
2020-11-20,overnight_gap,0.112019201920192,100
2020-11-20,intraday_return,0.09858985898589859,100
2020-11-20,ema20_distance,0.05207320732073207,100
2020-11-20,ema60_distance,0.08544854485448544,100
2020-11-20,ema20_60_spread,0.10653465346534652,100
2020-11-20,rsi14_centered,0.019405940594059406,100
2020-11-20,macd_hist_atr,-0.09702970297029702,100
2020-11-20,breakout_position_60,0.010693069306930692,100
2020-11-20,trend_r2_20,-0.1129192919291929,100
2020-11-20,realized_vol_5,0.1674407440744074,100
2020-11-20,realized_vol_20,0.21354935493549354,100
2020-11-20,vol_ratio_5_20,0.01887788778877888,100
2020-11-20,parkinson_vol_20,0.2978217821782178,100
2020-11-20,overnight_vol_20,0.026762676267626757,100
2020-11-20,downside_vol_20,0.29875787578757873,100
2020-11-20,volume_zscore_20,-0.024338433843384338,100
2020-11-20,volume_trend_5_20,0.054125412541254116,100
2020-11-20,amihud_illiq_20,0.15177917791779177,100
2020-11-20,signed_volume_pressure_20,0.16055205520552052,100
2020-11-20,volume_cv_20,0.09918991899189919,100
2020-11-20,return_volume_corr_20,0.06442244224422441,100
2020-11-20,close_location_value,0.17488148814881485,100
2020-11-20,body_range_ratio,0.13102910291029102,100
2020-11-20,gap_followthrough_20,0.08349234923492349,100
2020-11-20,cs_rank_ret20,0.025658565856585658,100
2020-11-20,cs_rank_ret60,0.13584158415841582,100
2020-11-20,cs_rank_vol20,0.21354935493549354,100
2020-11-20,cs_rank_amihud20,0.15177917791779177,100
2020-11-20,return_autocorr_20,-0.13164116411641164,100
2020-11-20,revenue_growth_yoy,-0.08950808338513065,72
2020-11-20,gross_margin_change_yoy,0.15068663098207807,68
2020-11-20,operating_profitability,-0.10943178828006714,75
2020-11-20,cashflow_to_assets,-0.10012951318452051,80
2020-11-20,debt_to_assets,0.18467059795692412,56
2020-11-20,asset_growth_yoy,-0.08792958406635212,81
2020-11-27,ret_1d,-0.2549414941494149,100
2020-11-27,ret_5d,0.15264326432643263,100
2020-11-27,ret_20d,0.23245124512451243,100
2020-11-27,ret_60d,0.18607860786078606,100
2020-11-27,ret_120d,-0.014209420942094207,100
2020-11-27,momentum_20_5,0.18965496549654964,100
2020-11-27,overnight_gap,-0.18318631863186316,100
2020-11-27,intraday_return,-0.1698289828982898,100
2020-11-27,ema20_distance,0.2182298229822982,100
2020-11-27,ema60_distance,0.2188178817881788,100
2020-11-27,ema20_60_spread,0.16501650165016502,100
2020-11-27,rsi14_centered,0.16645664566456642,100
2020-11-27,macd_hist_atr,0.15440744074407436,100
2020-11-27,breakout_position_60,0.1818421842184218,100
2020-11-27,trend_r2_20,0.2249264926492649,100
2020-11-27,realized_vol_5,0.16434443444344432,100
2020-11-27,realized_vol_20,0.22519051905190515,100
2020-11-27,vol_ratio_5_20,0.001644164416441644,100
2020-11-27,parkinson_vol_20,0.22929492949294927,100
2020-11-27,overnight_vol_20,0.1691209120912091,100
2020-11-27,downside_vol_20,0.06147014701470147,100
2020-11-27,volume_zscore_20,-0.09058505850585058,100
2020-11-27,volume_trend_5_20,-0.037035703570357036,100
2020-11-27,amihud_illiq_20,0.059213921392139206,100
2020-11-27,signed_volume_pressure_20,0.052013201320132006,100
2020-11-27,volume_cv_20,-0.05258925892589258,100
2020-11-27,return_volume_corr_20,0.311995199519952,100
2020-11-27,close_location_value,-0.09728172817281729,100
2020-11-27,body_range_ratio,-0.11956795679567955,100
2020-11-27,gap_followthrough_20,0.175025502550255,100
2020-11-27,cs_rank_ret20,0.23245124512451243,100
2020-11-27,cs_rank_ret60,0.18607860786078606,100
2020-11-27,cs_rank_vol20,0.22519051905190515,100
2020-11-27,cs_rank_amihud20,0.059213921392139206,100
2020-11-27,return_autocorr_20,0.14373837383738372,100
2020-11-27,revenue_growth_yoy,-0.32949329132593536,72
2020-11-27,gross_margin_change_yoy,-0.07468483686293495,68
2020-11-27,operating_profitability,-0.10246161068261064,75
2020-11-27,cashflow_to_assets,-0.10041080878517936,80
2020-11-27,debt_to_assets,-0.14891908112128788,56
2020-11-27,asset_growth_yoy,-0.07315985298136579,81
2020-12-04,ret_1d,-0.20152415241524152,100
2020-12-04,ret_5d,-0.3336453645364536,100
2020-12-04,ret_20d,-0.25209720972097205,100
2020-12-04,ret_60d,-0.12109210921092109,100
2020-12-04,ret_120d,-0.04972097209720971,100
2020-12-04,momentum_20_5,-0.23656765676567654,100
2020-12-04,overnight_gap,-0.12164416441644164,100
2020-12-04,intraday_return,-0.1241164116411641,100
2020-12-04,ema20_distance,-0.3290729072907291,100
2020-12-04,ema60_distance,-0.21704170417041702,100
2020-12-04,ema20_60_spread,-0.10546654665466546,100
2020-12-04,rsi14_centered,-0.26437443744374434,100
2020-12-04,macd_hist_atr,-0.4043804380438043,100
2020-12-04,breakout_position_60,-0.1584278427842784,100
2020-12-04,trend_r2_20,-0.2337953795379538,100
2020-12-04,realized_vol_5,-0.07618361836183618,100
2020-12-04,realized_vol_20,-0.3299249924992499,100
2020-12-04,vol_ratio_5_20,0.20826882688268825,100
2020-12-04,parkinson_vol_20,-0.26883888388838884,100
2020-12-04,overnight_vol_20,-0.07969996999699969,100
2020-12-04,downside_vol_20,-0.1938073807380738,100
2020-12-04,volume_zscore_20,0.09923792379237922,100
2020-12-04,volume_trend_5_20,0.05736573657365736,100
2020-12-04,amihud_illiq_20,-0.22469846984698466,100
2020-12-04,signed_volume_pressure_20,-0.35089108910891087,100
2020-12-04,volume_cv_20,-0.1358295829582958,100
2020-12-04,return_volume_corr_20,-0.21177317731773174,100
2020-12-04,close_location_value,-0.0188659431922337,100
2020-12-04,body_range_ratio,0.05890189018901889,100
2020-12-04,gap_followthrough_20,-0.21848184818481847,100
2020-12-04,cs_rank_ret20,-0.25209720972097205,100
2020-12-04,cs_rank_ret60,-0.12109210921092109,100
2020-12-04,cs_rank_vol20,-0.3299249924992499,100
2020-12-04,cs_rank_amihud20,-0.22469846984698466,100
2020-12-04,return_autocorr_20,-0.01704170417041704,100
2020-12-04,revenue_growth_yoy,-0.11179265381297168,72
2020-12-04,gross_margin_change_yoy,0.31490547493012105,68
2020-12-04,operating_profitability,0.08930362236088152,75
2020-12-04,cashflow_to_assets,-0.11629228957237651,80
2020-12-04,debt_to_assets,-0.05055114091769217,56
2020-12-04,asset_growth_yoy,-0.06176638305418597,81
2020-12-11,ret_1d,0.11872222839005847,100
2020-12-11,ret_5d,0.02547262368035371,100
2020-12-11,ret_20d,0.023666437643183755,100
2020-12-11,ret_60d,-0.024002472254750263,100
2020-12-11,ret_120d,0.07753998661897071,100
2020-12-11,momentum_20_5,-0.024302503157934637,100
2020-12-11,overnight_gap,0.0527575923047843,100
2020-12-11,intraday_return,0.10636695579692576,100
2020-12-11,ema20_distance,0.035115616908699625,100
2020-12-11,ema60_distance,0.0046984839438673634,100
2020-12-11,ema20_60_spread,-0.014161458630302652,100
2020-12-11,rsi14_centered,0.07369959105821068,100
2020-12-11,macd_hist_atr,0.04151827638265426,100
2020-12-11,breakout_position_60,0.10787911154897505,100
2020-12-11,trend_r2_20,-0.04234036105737946,100
2020-12-11,realized_vol_5,-0.11640598981747506,100
2020-12-11,realized_vol_20,-0.16513700911268175,100
2020-12-11,vol_ratio_5_20,-0.0021662231209912106,100
2020-12-11,parkinson_vol_20,-0.23232592957179146,100
2020-12-11,overnight_vol_20,-0.2238950611923104,100
2020-12-11,downside_vol_20,-0.20510112541684097,100
2020-12-11,volume_zscore_20,0.1361240207747524,100
2020-12-11,volume_trend_5_20,0.1654190381616751,100
2020-12-11,amihud_illiq_20,-0.18167471249620473,100
2020-12-11,signed_volume_pressure_20,0.049571105824122975,100
2020-12-11,volume_cv_20,-0.0782780626408043,100
2020-12-11,return_volume_corr_20,0.011923228092547191,100
2020-12-11,close_location_value,0.08458471222573992,100
2020-12-11,body_range_ratio,0.08030027092826698,100
2020-12-11,gap_followthrough_20,0.026402719480225285,100
2020-12-11,cs_rank_ret20,0.023666437643183755,100
2020-12-11,cs_rank_ret60,-0.024002472254750263,100
2020-12-11,cs_rank_vol20,-0.16513700911268175,100
2020-12-11,cs_rank_amihud20,-0.18167471249620473,100
2020-12-11,return_autocorr_20,0.044992634241529356,100
2020-12-11,revenue_growth_yoy,-0.2254664726620598,72
2020-12-11,gross_margin_change_yoy,0.059950184663040806,68
2020-12-11,operating_profitability,0.14897687750645305,75
2020-12-11,cashflow_to_assets,0.1250007325427732,80
2020-12-11,debt_to_assets,0.39061964621774253,55
2020-12-11,asset_growth_yoy,-0.21726635765001684,81
2020-12-18,ret_1d,-0.09013528393465091,100
2020-12-18,ret_5d,-0.08011425176829268,100
2020-12-18,ret_20d,-0.1118095163806904,100
2020-12-18,ret_60d,-0.12448882234926222,100
2020-12-18,ret_120d,-0.13237363448494768,100
2020-12-18,momentum_20_5,-0.09621391003316643,100
2020-12-18,overnight_gap,-0.058091983474559315,100
2020-12-18,intraday_return,-0.08063954779206595,100
2020-12-18,ema20_distance,-0.0785060861272244,100
2020-12-18,ema60_distance,-0.12330670059071577,100
2020-12-18,ema20_60_spread,-0.14204063018554836,100
2020-12-18,rsi14_centered,0.0007500772579609457,100
2020-12-18,macd_hist_atr,0.18802336640758616,100
2020-12-18,breakout_position_60,-0.002550262677067215,100
2020-12-18,trend_r2_20,0.023150384489706625,100
2020-12-18,realized_vol_5,-0.22634931398035865,100
2020-12-18,realized_vol_20,-0.31451639519012003,100
2020-12-18,vol_ratio_5_20,0.029745063741699256,100
2020-12-18,parkinson_vol_20,-0.29988688835084976,100
2020-12-18,overnight_vol_20,-0.18888145479069346,100
2020-12-18,downside_vol_20,-0.2865595156313997,100
2020-12-18,volume_zscore_20,-0.13657406712952896,100
2020-12-18,volume_trend_5_20,-0.08907917515544189,100
2020-12-18,amihud_illiq_20,-0.23844055937868905,100
2020-12-18,signed_volume_pressure_20,-0.04024014473508881,100
2020-12-18,volume_cv_20,-0.07188740440297703,100
2020-12-18,return_volume_corr_20,-0.06266445443908925,100
2020-12-18,close_location_value,0.09660395020730611,100
2020-12-18,body_range_ratio,-0.03830506033639565,100
2020-12-18,gap_followthrough_20,-0.21132376634888494,100
2020-12-18,cs_rank_ret20,-0.1118095163806904,100
2020-12-18,cs_rank_ret60,-0.12448882234926222,100
2020-12-18,cs_rank_vol20,-0.31451639519012003,100
2020-12-18,cs_rank_amihud20,-0.23844055937868905,100
2020-12-18,return_autocorr_20,0.06015619608846784,100
2020-12-18,revenue_growth_yoy,-0.09056925340550402,72
2020-12-18,gross_margin_change_yoy,0.1435865136007819,68
2020-12-18,operating_profitability,0.10307327932891805,75
2020-12-18,cashflow_to_assets,0.01182613587769884,80
2020-12-18,debt_to_assets,0.28144674056937374,55
2020-12-18,asset_growth_yoy,0.02995726037344705,81
2020-12-24,ret_1d,0.02425442544254425,100
2020-12-24,ret_5d,-0.03135322938276753,100
2020-12-24,ret_20d,0.02454245424542454,100
2020-12-24,ret_60d,0.06881488148814881,100
2020-12-24,ret_120d,0.15008700870087008,100
2020-12-24,momentum_20_5,0.04562856285628562,100
2020-12-24,overnight_gap,-0.17945394539453943,100
2020-12-24,intraday_return,0.019027959879953267,100
2020-12-24,ema20_distance,-0.015421542154215422,100
2020-12-24,ema60_distance,0.07035103510351035,100
2020-12-24,ema20_60_spread,0.11486348634863484,100
2020-12-24,rsi14_centered,0.036471647164716466,100
2020-12-24,macd_hist_atr,-0.2127452745274527,100
2020-12-24,breakout_position_60,0.08033603360336032,100
2020-12-24,trend_r2_20,-0.09936993699369936,100
2020-12-24,realized_vol_5,0.0038763876387638762,100
2020-12-24,realized_vol_20,-0.03350735073507351,100
2020-12-24,vol_ratio_5_20,0.04908490849084908,100
2020-12-24,parkinson_vol_20,-0.18435043504350432,100
2020-12-24,overnight_vol_20,-0.005028502850285028,100
2020-12-24,downside_vol_20,-0.05256525652565257,100
2020-12-24,volume_zscore_20,-0.05962196219621962,100
2020-12-24,volume_trend_5_20,-0.1334053405340534,100
2020-12-24,amihud_illiq_20,-0.16604860486048606,100
2020-12-24,signed_volume_pressure_20,-0.14828682868286827,100
2020-12-24,volume_cv_20,-0.02117011701170117,100
2020-12-24,return_volume_corr_20,-0.18166216621662165,100
2020-12-24,close_location_value,-0.011365136513651362,100
2020-12-24,body_range_ratio,0.04011413175575137,100
2020-12-24,gap_followthrough_20,0.1751095109510951,100
2020-12-24,cs_rank_ret20,0.02454245424542454,100
2020-12-24,cs_rank_ret60,0.06881488148814881,100
2020-12-24,cs_rank_vol20,-0.03350735073507351,100
2020-12-24,cs_rank_amihud20,-0.16604860486048606,100
2020-12-24,return_autocorr_20,0.21947794779477944,100
2020-12-24,revenue_growth_yoy,-0.09634137518298955,72
2020-12-24,gross_margin_change_yoy,-0.04651340338230832,68
2020-12-24,operating_profitability,0.1429455401568172,75
2020-12-24,cashflow_to_assets,0.21741805800923042,80
2020-12-24,debt_to_assets,-0.13035086189939074,55
2020-12-24,asset_growth_yoy,-0.005612046138561321,81
2020-12-31,ret_1d,0.021710236154421608,100
2020-12-31,ret_5d,0.23184266191551098,100
2020-12-31,ret_20d,0.0009240951818078849,100
2020-12-31,ret_60d,0.15216367285898927,100
2020-12-31,ret_120d,0.158986375597402,100
2020-12-31,momentum_20_5,-0.07495972085158506,100
2020-12-31,overnight_gap,0.051959975399275535,100
2020-12-31,intraday_return,0.057713944536547,100
2020-12-31,ema20_distance,0.09432971596116851,100
2020-12-31,ema60_distance,0.09748604106266817,100
2020-12-31,ema20_60_spread,0.09118539209579624,100
2020-12-31,rsi14_centered,0.18184272980198796,100
2020-12-31,macd_hist_atr,0.0652447202064749,100
2020-12-31,breakout_position_60,0.22345701607366122,100
2020-12-31,trend_r2_20,0.03169526461239772,100
2020-12-31,realized_vol_5,-0.25225398216129785,100
2020-12-31,realized_vol_20,-0.23029172004820136,100
2020-12-31,vol_ratio_5_20,-0.0463727763961775,100
2020-12-31,parkinson_vol_20,-0.2908979624914457,100
2020-12-31,overnight_vol_20,-0.009390967269671039,100
2020-12-31,downside_vol_20,-0.23242794007887413,100
2020-12-31,volume_zscore_20,-0.14140456467079746,100
2020-12-31,volume_trend_5_20,-0.05589575726324966,100
2020-12-31,amihud_illiq_20,-0.3098719168088258,100
2020-12-31,signed_volume_pressure_20,0.08902516959286871,100
2020-12-31,volume_cv_20,-0.2580025742663105,100
2020-12-31,return_volume_corr_20,0.12341471171586214,100
2020-12-31,close_location_value,0.24258098584263346,100
2020-12-31,body_range_ratio,0.11365170612624247,100
2020-12-31,gap_followthrough_20,-0.09582386985902672,100
2020-12-31,cs_rank_ret20,0.0009240951818078849,100
2020-12-31,cs_rank_ret60,0.15216367285898927,100
2020-12-31,cs_rank_vol20,-0.23029172004820136,100
2020-12-31,cs_rank_amihud20,-0.3098719168088258,100
2020-12-31,return_autocorr_20,-0.07062727460960264,100
2020-12-31,revenue_growth_yoy,-0.1880682686107191,72
2020-12-31,gross_margin_change_yoy,0.09680590149982266,68
2020-12-31,operating_profitability,-0.04132319575634929,75
2020-12-31,cashflow_to_assets,-0.04428061580371281,80
2020-12-31,debt_to_assets,0.09322630145253964,55
2020-12-31,asset_growth_yoy,0.1366764717528093,81
2021-01-08,ret_1d,0.022910291029102907,100
2021-01-08,ret_5d,-0.08548454845484547,100
2021-01-08,ret_20d,-0.09381338133813381,100
2021-01-08,ret_60d,-0.20814881488148812,100
2021-01-08,ret_120d,-0.2021602160216021,100
2021-01-08,momentum_20_5,-0.041488148814881484,100
2021-01-08,overnight_gap,-0.07527152715271526,100
2021-01-08,intraday_return,0.01707775900925481,100
2021-01-08,ema20_distance,-0.15816381638163815,100
2021-01-08,ema60_distance,-0.22768676867686766,100
2021-01-08,ema20_60_spread,-0.1921032103210321,100
2021-01-08,rsi14_centered,-0.17936993699369935,100
2021-01-08,macd_hist_atr,-0.05045304530453045,100
2021-01-08,breakout_position_60,-0.19906390639063906,100
2021-01-08,trend_r2_20,0.009588958895889586,100
2021-01-08,realized_vol_5,-0.022754275427542752,100
2021-01-08,realized_vol_20,-0.02953495349534953,100
2021-01-08,vol_ratio_5_20,-0.024326432643264326,100
2021-01-08,parkinson_vol_20,0.04936093609360936,100
2021-01-08,overnight_vol_20,-0.02063006300630063,100
2021-01-08,downside_vol_20,0.04027602760276028,100
2021-01-08,volume_zscore_20,0.08090009000900089,100
2021-01-08,volume_trend_5_20,0.028466846684668465,100
2021-01-08,amihud_illiq_20,0.09376537653765375,100
2021-01-08,signed_volume_pressure_20,-0.12428442844284426,100
2021-01-08,volume_cv_20,-0.044632463246324625,100
2021-01-08,return_volume_corr_20,-0.016597659765976595,100
2021-01-08,close_location_value,-0.03997599759975997,100
2021-01-08,body_range_ratio,-0.013369377045895893,100
2021-01-08,gap_followthrough_20,0.05335733573357335,100
2021-01-08,cs_rank_ret20,-0.09381338133813381,100
2021-01-08,cs_rank_ret60,-0.20814881488148812,100
2021-01-08,cs_rank_vol20,-0.02953495349534953,100
2021-01-08,cs_rank_amihud20,0.09376537653765375,100
2021-01-08,return_autocorr_20,-0.009048904890489047,100
2021-01-08,revenue_growth_yoy,0.0973221535351528,72
2021-01-08,gross_margin_change_yoy,-0.03989044442717456,68
2021-01-08,operating_profitability,-0.0673831250594928,75
2021-01-08,cashflow_to_assets,-0.09767989732878309,80
2021-01-08,debt_to_assets,0.08781455794716773,55
2021-01-08,asset_growth_yoy,0.005883050378652813,81
2021-01-15,ret_1d,0.11432480438632357,100
2021-01-15,ret_5d,0.30892289228922887,100
2021-01-15,ret_20d,0.20998499849984997,100
2021-01-15,ret_60d,-0.04505250525052505,100
2021-01-15,ret_120d,0.05588958895889588,100
2021-01-15,momentum_20_5,0.0919051905190519,100
2021-01-15,overnight_gap,-0.07019501950195017,100
2021-01-15,intraday_return,0.15006300630063005,100
2021-01-15,ema20_distance,0.30592259225922586,100
2021-01-15,ema60_distance,0.13273327332733273,100
2021-01-15,ema20_60_spread,-0.054269426942694265,100
2021-01-15,rsi14_centered,0.25110111011101105,100
2021-01-15,macd_hist_atr,0.3816141614161416,100
2021-01-15,breakout_position_60,0.05785778577857785,100
2021-01-15,trend_r2_20,0.15203120312031204,100
2021-01-15,realized_vol_5,0.2083408340834083,100
2021-01-15,realized_vol_20,0.2962376237623762,100
2021-01-15,vol_ratio_5_20,0.08252025202520252,100
2021-01-15,parkinson_vol_20,0.3536393639363936,100
2021-01-15,overnight_vol_20,0.09135313531353134,100
2021-01-15,downside_vol_20,0.16282028202820278,100
2021-01-15,volume_zscore_20,-0.07779177917791777,100
2021-01-15,volume_trend_5_20,0.03821182118211821,100
2021-01-15,amihud_illiq_20,0.35788778877887784,100
2021-01-15,signed_volume_pressure_20,0.2088928892889289,100
2021-01-15,volume_cv_20,0.06535853585358535,100
2021-01-15,return_volume_corr_20,0.11146714671467145,100
2021-01-15,close_location_value,0.07628585744366001,100
2021-01-15,body_range_ratio,0.08750075007500749,100
2021-01-15,gap_followthrough_20,0.024074407440744072,100
2021-01-15,cs_rank_ret20,0.20998499849984997,100
2021-01-15,cs_rank_ret60,-0.04505250525052505,100
2021-01-15,cs_rank_vol20,0.2962376237623762,100
2021-01-15,cs_rank_amihud20,0.35788778877887784,100
2021-01-15,return_autocorr_20,0.04717671767176718,100
2021-01-15,revenue_growth_yoy,0.2878504071931011,72
2021-01-15,gross_margin_change_yoy,-0.024182389037909167,68
2021-01-15,operating_profitability,-0.20865013265202456,75
2021-01-15,cashflow_to_assets,-0.10002402733427344,80
2021-01-15,debt_to_assets,0.018724632528586718,55
2021-01-15,asset_growth_yoy,0.09327062596482195,81
2021-01-22,ret_1d,0.057869786978697865,100
2021-01-22,ret_5d,0.1081188118811881,100
2021-01-22,ret_20d,-0.05964596459645964,100
2021-01-22,ret_60d,-0.14499849984998497,100
2021-01-22,ret_120d,-0.18997899789978998,100
2021-01-22,momentum_20_5,-0.12987698769876985,100
2021-01-22,overnight_gap,0.11158715871587158,100
2021-01-22,intraday_return,-0.010525052505250524,100
2021-01-22,ema20_distance,-0.012265226522652262,100
2021-01-22,ema60_distance,-0.11493549354935492,100
2021-01-22,ema20_60_spread,-0.18031803180318032,100
2021-01-22,rsi14_centered,-0.017929792979297927,100
2021-01-22,macd_hist_atr,0.005172517251725172,100
2021-01-22,breakout_position_60,-0.1162076207620762,100
2021-01-22,trend_r2_20,-0.17015301530153012,100
2021-01-22,realized_vol_5,-0.1783378337833783,100
2021-01-22,realized_vol_20,-0.17197719771977196,100
2021-01-22,vol_ratio_5_20,-0.08789678967896787,100
2021-01-22,parkinson_vol_20,-0.23729972997299728,100
2021-01-22,overnight_vol_20,-0.019069906990699066,100
2021-01-22,downside_vol_20,-0.1388058805880588,100
2021-01-22,volume_zscore_20,-0.23659165916591657,100
2021-01-22,volume_trend_5_20,-0.25736573657365736,100
2021-01-22,amihud_illiq_20,0.0599099909990999,100
2021-01-22,signed_volume_pressure_20,-0.022790279027902788,100
2021-01-22,volume_cv_20,0.031083108310831078,100
2021-01-22,return_volume_corr_20,-0.002964296429642964,100
2021-01-22,close_location_value,-0.02544254425442544,100
2021-01-22,body_range_ratio,0.03072307230723072,100
2021-01-22,gap_followthrough_20,-0.21665766576657663,100
2021-01-22,cs_rank_ret20,-0.05964596459645964,100
2021-01-22,cs_rank_ret60,-0.14499849984998497,100
2021-01-22,cs_rank_vol20,-0.17197719771977196,100
2021-01-22,cs_rank_amihud20,0.0599099909990999,100
2021-01-22,return_autocorr_20,0.05221722172217221,100
2021-01-22,revenue_growth_yoy,0.175736186707289,72
2021-01-22,gross_margin_change_yoy,0.059530285248017914,68
2021-01-22,operating_profitability,0.06864913690882674,75
2021-01-22,cashflow_to_assets,0.07246877911973432,80
2021-01-22,debt_to_assets,0.09528276398458095,55
2021-01-22,asset_growth_yoy,-0.11306522733483805,81
2021-01-29,ret_1d,-0.054269426942694265,100
2021-01-29,ret_5d,-0.024086408640864084,100
2021-01-29,ret_20d,-0.10279027902790276,100
2021-01-29,ret_60d,-0.061866186618661854,100
2021-01-29,ret_120d,0.09444944494449443,100
2021-01-29,momentum_20_5,-0.10563456345634561,100
2021-01-29,overnight_gap,-0.1584398439843984,100
2021-01-29,intraday_return,0.11715571557155713,100
2021-01-29,ema20_distance,-0.09243324332433242,100
2021-01-29,ema60_distance,-0.0727032703270327,100
2021-01-29,ema20_60_spread,-0.08273627362736273,100
2021-01-29,rsi14_centered,-0.10246624662466244,100
2021-01-29,macd_hist_atr,0.03318331833183318,100
2021-01-29,breakout_position_60,-0.07675967596759675,100
2021-01-29,trend_r2_20,-0.13194119411941194,100
2021-01-29,realized_vol_5,-0.022226222622262225,100
2021-01-29,realized_vol_20,-0.11354335433543353,100
2021-01-29,vol_ratio_5_20,0.07369936993699369,100
2021-01-29,parkinson_vol_20,-0.021938193819381935,100
2021-01-29,overnight_vol_20,-0.11517551755175516,100
2021-01-29,downside_vol_20,-0.003924392439243924,100
2021-01-29,volume_zscore_20,0.014665466546654665,100
2021-01-29,volume_trend_5_20,-0.04194419441944194,100
2021-01-29,amihud_illiq_20,-0.06072607260726072,100
2021-01-29,signed_volume_pressure_20,0.01021302130213021,100
2021-01-29,volume_cv_20,-0.18988298829882988,100
2021-01-29,return_volume_corr_20,-0.1629162916291629,100
2021-01-29,close_location_value,0.09058505850585058,100
2021-01-29,body_range_ratio,0.10553855385538553,100
2021-01-29,gap_followthrough_20,-0.09707770777077707,100
2021-01-29,cs_rank_ret20,-0.10279027902790276,100
2021-01-29,cs_rank_ret60,-0.061866186618661854,100
2021-01-29,cs_rank_vol20,-0.11354335433543353,100
2021-01-29,cs_rank_amihud20,-0.06072607260726072,100
2021-01-29,return_autocorr_20,0.001536153615361536,100
2021-01-29,revenue_growth_yoy,-0.060872571168691325,72
2021-01-29,gross_margin_change_yoy,0.08063977402144139,68
2021-01-29,operating_profitability,-0.10414014324689609,75
2021-01-29,cashflow_to_assets,-0.28668709967147044,80
2021-01-29,debt_to_assets,0.19467845303324455,55
2021-01-29,asset_growth_yoy,0.03184299821075035,81
2021-02-05,ret_1d,0.12265226522652264,100
2021-02-05,ret_5d,0.12963696369636962,100
2021-02-05,ret_20d,0.054437443744374425,100
2021-02-05,ret_60d,0.01555355535553555,100
2021-02-05,ret_120d,0.03307530753075307,100
2021-02-05,momentum_20_5,-0.010993099309930992,100
2021-02-05,overnight_gap,0.06067806780678067,100
2021-02-05,intraday_return,0.05276927692769277,100
2021-02-05,ema20_distance,0.09713771377137713,100
2021-02-05,ema60_distance,0.0617941794179418,100
2021-02-05,ema20_60_spread,0.05357335733573356,100
2021-02-05,rsi14_centered,0.1006180618061806,100
2021-02-05,macd_hist_atr,0.08006000600060005,100
2021-02-05,breakout_position_60,0.03779177917791779,100
2021-02-05,trend_r2_20,-0.013933393339333931,100
2021-02-05,realized_vol_5,0.06913891389138914,100
2021-02-05,realized_vol_20,0.033639363936393635,100
2021-02-05,vol_ratio_5_20,0.10213021302130212,100
2021-02-05,parkinson_vol_20,0.06766276627662765,100
2021-02-05,overnight_vol_20,0.1187038703870387,100
2021-02-05,downside_vol_20,-0.02316231623162316,100
2021-02-05,volume_zscore_20,0.15995199519951991,100
2021-02-05,volume_trend_5_20,0.1637323732373237,100
2021-02-05,amihud_illiq_20,0.06543054305430542,100
2021-02-05,signed_volume_pressure_20,0.11235523552355234,100
2021-02-05,volume_cv_20,0.035895589558955894,100
2021-02-05,return_volume_corr_20,0.0019321932193219317,100
2021-02-05,close_location_value,0.035967596759675965,100
2021-02-05,body_range_ratio,0.09293729372937293,100
2021-02-05,gap_followthrough_20,0.07351935193519352,100
2021-02-05,cs_rank_ret20,0.054437443744374425,100
2021-02-05,cs_rank_ret60,0.01555355535553555,100
2021-02-05,cs_rank_vol20,0.033639363936393635,100
2021-02-05,cs_rank_amihud20,0.06543054305430542,100
2021-02-05,return_autocorr_20,-0.051281128112811276,100
2021-02-05,revenue_growth_yoy,0.10838404708086323,72
2021-02-05,gross_margin_change_yoy,-0.12129367193047577,68
2021-02-05,operating_profitability,-0.03712686434563568,75
2021-02-05,cashflow_to_assets,-0.03754124203792803,80
2021-02-05,debt_to_assets,0.11433210112348997,55
2021-02-05,asset_growth_yoy,0.24353118525221734,81
2021-02-12,ret_1d,-0.05587758775877587,100
2021-02-12,ret_5d,0.07752198476477964,100
2021-02-12,ret_20d,0.2855925592559255,100
2021-02-12,ret_60d,0.45783378337833774,100
2021-02-12,ret_120d,0.5471227122712271,100
2021-02-12,momentum_20_5,0.3153915391539154,100
2021-02-12,overnight_gap,-0.09932491228329884,100
2021-02-12,intraday_return,0.0045364536453645354,100
2021-02-12,ema20_distance,0.2595139513951395,100
2021-02-12,ema60_distance,0.4345154515451545,100
2021-02-12,ema20_60_spread,0.49392139213921393,100
2021-02-12,rsi14_centered,0.31773177317731766,100
2021-02-12,macd_hist_atr,0.12752475247524753,100
2021-02-12,breakout_position_60,0.3595919591959195,100
2021-02-12,trend_r2_20,0.0721152115211521,100
2021-02-12,realized_vol_5,0.20979297929792975,100
2021-02-12,realized_vol_20,0.35579957995799577,100
2021-02-12,vol_ratio_5_20,-0.04237623762376237,100
2021-02-12,parkinson_vol_20,0.2942094209420942,100
2021-02-12,overnight_vol_20,0.2468286828682868,100
2021-02-12,downside_vol_20,0.2818241824182418,100
2021-02-12,volume_zscore_20,-0.004224422442244224,100
2021-02-12,volume_trend_5_20,0.02013801380138014,100
2021-02-12,amihud_illiq_20,0.22145814581458143,100
2021-02-12,signed_volume_pressure_20,0.2542214221422142,100
2021-02-12,volume_cv_20,0.11770777077707768,100
2021-02-12,return_volume_corr_20,-0.10119411941194119,100
2021-02-12,close_location_value,-0.11464746474647464,100
2021-02-12,body_range_ratio,-0.03415541554155415,100
2021-02-12,gap_followthrough_20,0.012577257725772575,100
2021-02-12,cs_rank_ret20,0.2855925592559255,100
2021-02-12,cs_rank_ret60,0.45783378337833774,100
2021-02-12,cs_rank_vol20,0.35579957995799577,100
2021-02-12,cs_rank_amihud20,0.22145814581458143,100
2021-02-12,return_autocorr_20,0.14853885388538854,100
2021-02-12,revenue_growth_yoy,-0.15298464291954314,73
2021-02-12,gross_margin_change_yoy,-0.09663953818030271,69
2021-02-12,operating_profitability,-0.23746146920349093,77
2021-02-12,cashflow_to_assets,-0.14244660369809067,81
2021-02-12,debt_to_assets,-0.1964356579798456,55
2021-02-12,asset_growth_yoy,0.005137107438542333,82
2021-02-19,ret_1d,0.2216381638163816,100
2021-02-19,ret_5d,0.15373537353735373,100
2021-02-19,ret_20d,0.07347134713471346,100
2021-02-19,ret_60d,0.20624062406240623,100
2021-02-19,ret_120d,0.2823522352235223,100
2021-02-19,momentum_20_5,-0.0023162316231623158,100
2021-02-19,overnight_gap,0.17656165616561656,100
2021-02-19,intraday_return,0.18527452745274528,100
2021-02-19,ema20_distance,0.29502550255025495,100
2021-02-19,ema60_distance,0.2529252925292529,100
2021-02-19,ema20_60_spread,0.21033303330333028,100
2021-02-19,rsi14_centered,0.2302070207020702,100
2021-02-19,macd_hist_atr,0.04246024602460245,100
2021-02-19,breakout_position_60,0.2892409240924092,100
2021-02-19,trend_r2_20,0.06783078307830782,100
2021-02-19,realized_vol_5,0.002148214821482148,100
2021-02-19,realized_vol_20,0.07246324632463245,100
2021-02-19,vol_ratio_5_20,0.0069726972697269725,100
2021-02-19,parkinson_vol_20,0.09184518451845185,100
2021-02-19,overnight_vol_20,0.06996699669966996,100
2021-02-19,downside_vol_20,-0.011425142514251425,100
2021-02-19,volume_zscore_20,-0.015493549354935493,100
2021-02-19,volume_trend_5_20,0.03602760276027603,100
2021-02-19,amihud_illiq_20,0.24909690969096906,100
2021-02-19,signed_volume_pressure_20,-0.1251125112511251,100
2021-02-19,volume_cv_20,-0.050405040504050404,100
2021-02-19,return_volume_corr_20,-0.17882988298829883,100
2021-02-19,close_location_value,0.10642664266426641,100
2021-02-19,body_range_ratio,0.1526072607260726,100
2021-02-19,gap_followthrough_20,-0.018745874587458744,100
2021-02-19,cs_rank_ret20,0.07347134713471346,100
2021-02-19,cs_rank_ret60,0.20624062406240623,100
2021-02-19,cs_rank_vol20,0.07246324632463245,100
2021-02-19,cs_rank_amihud20,0.24909690969096906,100
2021-02-19,return_autocorr_20,0.08133213321332133,100
2021-02-19,revenue_growth_yoy,0.06948097526566725,73
2021-02-19,gross_margin_change_yoy,0.004640159300150641,69
2021-02-19,operating_profitability,-0.0944850838989589,77
2021-02-19,cashflow_to_assets,-0.14796831508995484,81
2021-02-19,debt_to_assets,-0.38735163631397657,55
2021-02-19,asset_growth_yoy,0.25146793933796735,82
2021-02-26,ret_1d,-0.07213921392139212,100
2021-02-26,ret_5d,-0.06822682268226822,100
2021-02-26,ret_20d,-0.16679267926792676,100
2021-02-26,ret_60d,-0.13366936693669365,100
2021-02-26,ret_120d,-0.2030963096309631,100
2021-02-26,momentum_20_5,-0.20258025802580254,100
2021-02-26,overnight_gap,0.10473447344734471,100
2021-02-26,intraday_return,-0.14673867386738673,100
2021-02-26,ema20_distance,-0.19540354035403537,100
2021-02-26,ema60_distance,-0.20087608760876086,100
2021-02-26,ema20_60_spread,-0.18257425742574257,100
2021-02-26,rsi14_centered,-0.18889888988898887,100
2021-02-26,macd_hist_atr,-0.1074947494749475,100
2021-02-26,breakout_position_60,-0.1878187818781878,100
2021-02-26,trend_r2_20,0.0723072307230723,100
2021-02-26,realized_vol_5,-0.09324932493249323,100
2021-02-26,realized_vol_20,-0.10937893789378936,100
2021-02-26,vol_ratio_5_20,-0.09255325532553255,100
2021-02-26,parkinson_vol_20,0.025118511851185115,100
2021-02-26,overnight_vol_20,-0.09023702370237023,100
2021-02-26,downside_vol_20,-0.03219921992199219,100
2021-02-26,volume_zscore_20,0.025250525052505246,100
2021-02-26,volume_trend_5_20,-0.09315331533153315,100
2021-02-26,amihud_illiq_20,-0.05285328532853285,100
2021-02-26,signed_volume_pressure_20,-0.07788778877887786,100
2021-02-26,volume_cv_20,-0.18042604260426043,100
2021-02-26,return_volume_corr_20,0.018997899789978994,100
2021-02-26,close_location_value,-0.10447044704470447,100
2021-02-26,body_range_ratio,-0.09699369936993699,100
2021-02-26,gap_followthrough_20,-0.22748274827482745,100
2021-02-26,cs_rank_ret20,-0.16679267926792676,100
2021-02-26,cs_rank_ret60,-0.13366936693669365,100
2021-02-26,cs_rank_vol20,-0.10937893789378936,100
2021-02-26,cs_rank_amihud20,-0.05285328532853285,100
2021-02-26,return_autocorr_20,-0.005112511251125112,100
2021-02-26,revenue_growth_yoy,-0.006417425779422199,73
2021-02-26,gross_margin_change_yoy,-0.06141817152404115,69
2021-02-26,operating_profitability,0.2518550650395176,77
2021-02-26,cashflow_to_assets,0.13090633980752794,81
2021-02-26,debt_to_assets,0.14376420515145724,55
2021-02-26,asset_growth_yoy,0.11739161193245254,82
2021-03-05,ret_1d,-0.05441344134413441,100
2021-03-05,ret_5d,0.004272427242724272,100
2021-03-05,ret_20d,-0.07171917191719171,100
2021-03-05,ret_60d,-0.010045004500450044,100
2021-03-05,ret_120d,0.03374737473747374,100
2021-03-05,momentum_20_5,-0.07776777677767775,100
2021-03-05,overnight_gap,0.2374197419741974,100
2021-03-05,intraday_return,-0.18969096909690966,100
2021-03-05,ema20_distance,-0.02207020702070207,100
2021-03-05,ema60_distance,0.022598259825982594,100
2021-03-05,ema20_60_spread,0.04747674767476747,100
2021-03-05,rsi14_centered,-0.05254125412541254,100
2021-03-05,macd_hist_atr,0.034131413141314126,100
2021-03-05,breakout_position_60,-0.01717371737173717,100
2021-03-05,trend_r2_20,0.14709870987098708,100
2021-03-05,realized_vol_5,0.084008400840084,100
2021-03-05,realized_vol_20,0.2156375637563756,100
2021-03-05,vol_ratio_5_20,-0.10382238223822382,100
2021-03-05,parkinson_vol_20,0.09023702370237023,100
2021-03-05,overnight_vol_20,0.25284128412841284,100
2021-03-05,downside_vol_20,0.23567956795679565,100
2021-03-05,volume_zscore_20,-0.036627662766276624,100
2021-03-05,volume_trend_5_20,-0.09616561656165616,100
2021-03-05,amihud_illiq_20,0.1992079207920792,100
2021-03-05,signed_volume_pressure_20,-0.055613561356135606,100
2021-03-05,volume_cv_20,0.01006900690069007,100
2021-03-05,return_volume_corr_20,0.07962796279627961,100
2021-03-05,close_location_value,0.015241524152415238,100
2021-03-05,body_range_ratio,-0.14736273627362736,100
2021-03-05,gap_followthrough_20,-0.000336033603360336,100
2021-03-05,cs_rank_ret20,-0.07171917191719171,100
2021-03-05,cs_rank_ret60,-0.010045004500450044,100
2021-03-05,cs_rank_vol20,0.2156375637563756,100
2021-03-05,cs_rank_amihud20,0.1992079207920792,100
2021-03-05,return_autocorr_20,-0.11378337833783377,100
2021-03-05,revenue_growth_yoy,-0.15647653814970364,74
2021-03-05,gross_margin_change_yoy,-0.06139499077297981,70
2021-03-05,operating_profitability,-0.039657971358258076,77
2021-03-05,cashflow_to_assets,0.045404502058662116,81
2021-03-05,debt_to_assets,0.0432194523893214,55
2021-03-05,asset_growth_yoy,-0.15757424045596588,82
2021-03-12,ret_1d,-0.039442062532618366,100
2021-03-12,ret_5d,0.12054005400540053,100
2021-03-12,ret_20d,-0.007896789678967895,100
2021-03-12,ret_60d,0.07915991599159915,100
2021-03-12,ret_120d,0.1272247224722472,100
2021-03-12,momentum_20_5,0.015061506150615061,100
2021-03-12,overnight_gap,-0.1436547964446803,100
2021-03-12,intraday_return,0.07930393039303929,100
2021-03-12,ema20_distance,-0.02161416141614161,100
2021-03-12,ema60_distance,-0.0011881188118811879,100
2021-03-12,ema20_60_spread,0.04734473447344734,100
2021-03-12,rsi14_centered,-0.06397839783978397,100
2021-03-12,macd_hist_atr,-0.015625562556255624,100
2021-03-12,breakout_position_60,-0.06007800780078007,100
2021-03-12,trend_r2_20,0.18031803180318032,100
2021-03-12,realized_vol_5,0.1932073207320732,100
2021-03-12,realized_vol_20,0.2477287728772877,100
2021-03-12,vol_ratio_5_20,0.0297029702970297,100
2021-03-12,parkinson_vol_20,0.2136453645364536,100
2021-03-12,overnight_vol_20,0.2435043504350435,100
2021-03-12,downside_vol_20,0.1799099909990999,100
2021-03-12,volume_zscore_20,0.009072907290729071,100
2021-03-12,volume_trend_5_20,-0.06643864386438643,100
2021-03-12,amihud_illiq_20,0.07578757875787578,100
2021-03-12,signed_volume_pressure_20,-0.03125112511251125,100
2021-03-12,volume_cv_20,0.1269246924692469,100
2021-03-12,return_volume_corr_20,-0.026738673867386733,100
2021-03-12,close_location_value,0.1032103210321032,100
2021-03-12,body_range_ratio,0.023030303030303026,100
2021-03-12,gap_followthrough_20,0.04361236123612361,100
2021-03-12,cs_rank_ret20,-0.007896789678967895,100
2021-03-12,cs_rank_ret60,0.07915991599159915,100
2021-03-12,cs_rank_vol20,0.2477287728772877,100
2021-03-12,cs_rank_amihud20,0.07578757875787578,100
2021-03-12,return_autocorr_20,0.06373837383738373,100
2021-03-12,revenue_growth_yoy,0.07339558234619832,74
2021-03-12,gross_margin_change_yoy,0.08683842084829696,71
2021-03-12,operating_profitability,-0.27631760554257306,77
2021-03-12,cashflow_to_assets,-0.140843161944216,81
2021-03-12,debt_to_assets,-0.3102081270836445,54
2021-03-12,asset_growth_yoy,-0.0035698543216989096,82
2021-03-19,ret_1d,0.06681088152109735,100
2021-03-19,ret_5d,0.046540654065406535,100
2021-03-19,ret_20d,-0.03374737473747374,100
2021-03-19,ret_60d,-0.08966096609660966,100
2021-03-19,ret_120d,-0.17458145814581458,100
2021-03-19,momentum_20_5,-0.08478847884788479,100
2021-03-19,overnight_gap,0.02485448544854485,100
2021-03-19,intraday_return,0.08595259525952594,100
2021-03-19,ema20_distance,-0.0024002400240023996,100
2021-03-19,ema60_distance,-0.09116111611161115,100
2021-03-19,ema20_60_spread,-0.1263126312631263,100
2021-03-19,rsi14_centered,0.048196819681968185,100
2021-03-19,macd_hist_atr,0.09536153615361535,100
2021-03-19,breakout_position_60,0.050945094509450936,100
2021-03-19,trend_r2_20,0.035127512751275125,100
2021-03-19,realized_vol_5,-0.10012601260126013,100
2021-03-19,realized_vol_20,-0.0975097509750975,100
2021-03-19,vol_ratio_5_20,-0.010945094509450944,100
2021-03-19,parkinson_vol_20,-0.10531053105310528,100
2021-03-19,overnight_vol_20,-0.10732673267326731,100
2021-03-19,downside_vol_20,-0.11398739873987397,100
2021-03-19,volume_zscore_20,0.24915691569156911,100
2021-03-19,volume_trend_5_20,0.17714971497149712,100
2021-03-19,amihud_illiq_20,-0.35975997599759973,100
2021-03-19,signed_volume_pressure_20,-0.07337533753375337,100
2021-03-19,volume_cv_20,-0.06118211821182118,100
2021-03-19,return_volume_corr_20,-0.12882088208820883,100
2021-03-19,close_location_value,0.01392139213921392,100
2021-03-19,body_range_ratio,0.07013501350135012,100
2021-03-19,gap_followthrough_20,0.09321332133213321,100
2021-03-19,cs_rank_ret20,-0.03374737473747374,100
2021-03-19,cs_rank_ret60,-0.08966096609660966,100
2021-03-19,cs_rank_vol20,-0.0975097509750975,100
2021-03-19,cs_rank_amihud20,-0.35975997599759973,100
2021-03-19,return_autocorr_20,-0.09818181818181818,100
2021-03-19,revenue_growth_yoy,0.06551696051242561,74
2021-03-19,gross_margin_change_yoy,-0.11302911661293102,71
2021-03-19,operating_profitability,0.1578300504138564,77
2021-03-19,cashflow_to_assets,0.14000756553726726,81
2021-03-19,debt_to_assets,-0.10696043310355202,54
2021-03-19,asset_growth_yoy,0.1471911885568782,82
2021-03-26,ret_1d,-0.13215721572157213,100
2021-03-26,ret_5d,-0.1797539753975397,100
2021-03-26,ret_20d,-0.09321332133213321,100
2021-03-26,ret_60d,0.08814881488148814,100
2021-03-26,ret_120d,0.14895889588958894,100
2021-03-26,momentum_20_5,-0.04295229522952295,100
2021-03-26,overnight_gap,-0.037203720372037195,100
2021-03-26,intraday_return,-0.1232283228322832,100
2021-03-26,ema20_distance,-0.16915691569156913,100
2021-03-26,ema60_distance,-0.024974497449744972,100
2021-03-26,ema20_60_spread,0.08406840684068406,100
2021-03-26,rsi14_centered,-0.08138013801380135,100
2021-03-26,macd_hist_atr,-0.1966276627662766,100
2021-03-26,breakout_position_60,0.03741974197419742,100
2021-03-26,trend_r2_20,0.009780978097809782,100
2021-03-26,realized_vol_5,-0.14249024902490248,100
2021-03-26,realized_vol_20,-0.07440744074407439,100
2021-03-26,vol_ratio_5_20,-0.004572457245724572,100
2021-03-26,parkinson_vol_20,-0.04542454245424542,100
2021-03-26,overnight_vol_20,-0.12394839483948394,100
2021-03-26,downside_vol_20,-0.06521452145214521,100
2021-03-26,volume_zscore_20,-0.17407740774077407,100
2021-03-26,volume_trend_5_20,-0.22007800780078005,100
2021-03-26,amihud_illiq_20,0.20858085808580856,100
2021-03-26,signed_volume_pressure_20,-0.10885088508850883,100
2021-03-26,volume_cv_20,0.061938193819381926,100
2021-03-26,return_volume_corr_20,0.052973297329732966,100
2021-03-26,close_location_value,0.008964896489648964,100
2021-03-26,body_range_ratio,-0.03569156915691568,100
2021-03-26,gap_followthrough_20,-0.11560756075607559,100
2021-03-26,cs_rank_ret20,-0.09321332133213321,100
2021-03-26,cs_rank_ret60,0.08814881488148814,100
2021-03-26,cs_rank_vol20,-0.07440744074407439,100
2021-03-26,cs_rank_amihud20,0.20858085808580856,100
2021-03-26,return_autocorr_20,0.25185718571857185,100
2021-03-26,revenue_growth_yoy,-0.11582462662018099,74
2021-03-26,gross_margin_change_yoy,-0.04240478206706758,71
2021-03-26,operating_profitability,0.0568382725068306,77
2021-03-26,cashflow_to_assets,0.019049339709764485,81
2021-03-26,debt_to_assets,-0.3149348176413211,54
2021-03-26,asset_growth_yoy,-0.05592046190514938,82
2021-04-01,ret_1d,0.1335149536844268,100
2021-04-01,ret_5d,0.1664226393475907,100
2021-04-01,ret_20d,-0.005688637127767938,100
2021-04-01,ret_60d,0.055758244927446916,100
2021-04-01,ret_120d,0.06535932024857424,100
2021-04-01,momentum_20_5,-0.09933512554121354,100
2021-04-01,overnight_gap,-0.007320819932359581,100
2021-04-01,intraday_return,0.1417598771164449,100
2021-04-01,ema20_distance,0.09039412414841372,100
2021-04-01,ema60_distance,0.12979453699748997,100
2021-04-01,ema20_60_spread,0.1029475301307877,100
2021-04-01,rsi14_centered,0.060282751672528175,100
2021-04-01,macd_hist_atr,-0.021170371083085743,100
2021-04-01,breakout_position_60,0.09215832173867086,100
2021-04-01,trend_r2_20,-0.009949114301518184,100
2021-04-01,realized_vol_5,0.13641927896906783,100
2021-04-01,realized_vol_20,0.02306658345900839,100
2021-04-01,vol_ratio_5_20,0.19718208440765236,100
2021-04-01,parkinson_vol_20,0.003420383083151608,100
2021-04-01,overnight_vol_20,0.11704910950869346,100
2021-04-01,downside_vol_20,-0.022454514907286522,100
2021-04-01,volume_zscore_20,0.06003072344534858,100
2021-04-01,volume_trend_5_20,0.16780279392500275,100
2021-04-01,amihud_illiq_20,0.06024674764007394,100
2021-04-01,signed_volume_pressure_20,-0.12709423456342292,100
2021-04-01,volume_cv_20,-0.06670347079353206,100
2021-04-01,return_volume_corr_20,0.03937641016077343,100
2021-04-01,close_location_value,-0.033807786474519576,100
2021-04-01,body_range_ratio,0.156545533110981,100
2021-04-01,gap_followthrough_20,-0.12032547646202815,100
2021-04-01,cs_rank_ret20,-0.005688637127767938,100
2021-04-01,cs_rank_ret60,0.055758244927446916,100
2021-04-01,cs_rank_vol20,0.02306658345900839,100
2021-04-01,cs_rank_amihud20,0.06024674764007394,100
2021-04-01,return_autocorr_20,-0.00892900004864841,100
2021-04-01,revenue_growth_yoy,-0.025339138676618682,74
2021-04-01,gross_margin_change_yoy,-0.0270795955666594,71
2021-04-01,operating_profitability,0.08410066315881179,77
2021-04-01,cashflow_to_assets,0.05251865987646655,81
2021-04-01,debt_to_assets,-0.21651292231937833,54
2021-04-01,asset_growth_yoy,0.10203526338702654,82
2021-04-09,ret_1d,0.001488148814881488,100
2021-04-09,ret_5d,-0.005268526852685268,100
2021-04-09,ret_20d,-0.07161116111611161,100
2021-04-09,ret_60d,-0.018241824182418237,100
2021-04-09,ret_120d,-0.03168316831683168,100
2021-04-09,momentum_20_5,-0.08096009600960094,100
2021-04-09,overnight_gap,0.028514851485148512,100
2021-04-09,intraday_return,0.018098026980324998,100
2021-04-09,ema20_distance,-0.06437443744374437,100
2021-04-09,ema60_distance,-0.10413441344134412,100
2021-04-09,ema20_60_spread,-0.11091509150915091,100
2021-04-09,rsi14_centered,-0.07648364836483648,100
2021-04-09,macd_hist_atr,-0.022490249024902487,100
2021-04-09,breakout_position_60,0.019249924992499248,100
2021-04-09,trend_r2_20,0.010813081308130813,100
2021-04-09,realized_vol_5,-0.011869186918691868,100
2021-04-09,realized_vol_20,-0.03096309630963096,100
2021-04-09,vol_ratio_5_20,-0.02749474947494749,100
2021-04-09,parkinson_vol_20,-0.07074707470747074,100
2021-04-09,overnight_vol_20,0.12744074407440742,100
2021-04-09,downside_vol_20,-0.010225022502250224,100
2021-04-09,volume_zscore_20,0.07989198919891989,100
2021-04-09,volume_trend_5_20,-0.08925292529252925,100
2021-04-09,amihud_illiq_20,-0.005484548454845484,100
2021-04-09,signed_volume_pressure_20,-0.012661266126612659,100
2021-04-09,volume_cv_20,-0.029606960696069603,100
2021-04-09,return_volume_corr_20,0.005496549654965496,100
2021-04-09,close_location_value,0.07120312031203119,100
2021-04-09,body_range_ratio,0.038932360427171284,100
2021-04-09,gap_followthrough_20,0.1337053705370537,100
2021-04-09,cs_rank_ret20,-0.07161116111611161,100
2021-04-09,cs_rank_ret60,-0.018241824182418237,100
2021-04-09,cs_rank_vol20,-0.03096309630963096,100
2021-04-09,cs_rank_amihud20,-0.005484548454845484,100
2021-04-09,return_autocorr_20,0.07003900390039004,100
2021-04-09,revenue_growth_yoy,0.3634384556816087,74
2021-04-09,gross_margin_change_yoy,0.013598370208142274,71
2021-04-09,operating_profitability,0.0834302765034352,77
2021-04-09,cashflow_to_assets,0.017705610352644167,81
2021-04-09,debt_to_assets,0.09201799198573578,54
2021-04-09,asset_growth_yoy,0.12200630166538041,82
2021-04-16,ret_1d,0.17672967296729672,100
2021-04-16,ret_5d,0.10274227422742274,100
2021-04-16,ret_20d,0.14906690669066905,100
2021-04-16,ret_60d,0.13225322532253223,100
2021-04-16,ret_120d,0.3553315331533153,100
2021-04-16,momentum_20_5,0.08049204920492048,100
2021-04-16,overnight_gap,0.19425142514251423,100
2021-04-16,intraday_return,0.09551755175517551,100
2021-04-16,ema20_distance,0.22467446744674463,100
2021-04-16,ema60_distance,0.3451305130513051,100
2021-04-16,ema20_60_spread,0.2245064506450645,100
2021-04-16,rsi14_centered,0.19015901590159012,100
2021-04-16,macd_hist_atr,0.19535553555355534,100
2021-04-16,breakout_position_60,0.2269066906690669,100
2021-04-16,trend_r2_20,0.07007500750075008,100
2021-04-16,realized_vol_5,0.07125112511251125,100
2021-04-16,realized_vol_20,0.07143114311431142,100
2021-04-16,vol_ratio_5_20,0.051833183318331824,100
2021-04-16,parkinson_vol_20,0.06067806780678067,100
2021-04-16,overnight_vol_20,0.16568856885688568,100
2021-04-16,downside_vol_20,0.057641764176417636,100
2021-04-16,volume_zscore_20,0.025322532253225317,100
2021-04-16,volume_trend_5_20,-0.05903390339033903,100
2021-04-16,amihud_illiq_20,0.16097209720972097,100
2021-04-16,signed_volume_pressure_20,0.07509150915091509,100
2021-04-16,volume_cv_20,0.16805280528052802,100
2021-04-16,return_volume_corr_20,0.28735673567356734,100
2021-04-16,close_location_value,0.21310531053105305,100
2021-04-16,body_range_ratio,0.12320432043204319,100
2021-04-16,gap_followthrough_20,-0.18186618661866183,100
2021-04-16,cs_rank_ret20,0.14906690669066905,100
2021-04-16,cs_rank_ret60,0.13225322532253223,100
2021-04-16,cs_rank_vol20,0.07143114311431142,100
2021-04-16,cs_rank_amihud20,0.16097209720972097,100
2021-04-16,return_autocorr_20,0.03755175517551755,100
2021-04-16,revenue_growth_yoy,-0.22796170279560746,74
2021-04-16,gross_margin_change_yoy,-0.14825744683155856,71
2021-04-16,operating_profitability,-0.2070837523294656,77
2021-04-16,cashflow_to_assets,-0.2914763520617372,81
2021-04-16,debt_to_assets,-0.12030877782643774,54
2021-04-16,asset_growth_yoy,-0.06157998704930619,82
2021-04-23,ret_1d,0.07548177462312587,100
2021-04-23,ret_5d,-0.09232523252325231,100
2021-04-23,ret_20d,0.10755475547554753,100
2021-04-23,ret_60d,0.05618961896189618,100
2021-04-23,ret_120d,0.06996699669966996,100
2021-04-23,momentum_20_5,0.14693069306930692,100
2021-04-23,overnight_gap,-0.02419470980924085,100
2021-04-23,intraday_return,0.07045904590459044,100
2021-04-23,ema20_distance,0.06493849384938492,100
2021-04-23,ema60_distance,0.03380738073807381,100
2021-04-23,ema20_60_spread,0.030843084308430843,100
2021-04-23,rsi14_centered,-0.006864686468646864,100
2021-04-23,macd_hist_atr,0.045892589258925885,100
2021-04-23,breakout_position_60,-0.06023402340234023,100
2021-04-23,trend_r2_20,0.10867086708670866,100
2021-04-23,realized_vol_5,0.08565256525652565,100
2021-04-23,realized_vol_20,0.04246024602460245,100
2021-04-23,vol_ratio_5_20,0.07449144914491448,100
2021-04-23,parkinson_vol_20,0.04519651965196519,100
2021-04-23,overnight_vol_20,0.08037203720372035,100
2021-04-23,downside_vol_20,0.03881188118811881,100
2021-04-23,volume_zscore_20,0.03372337233723372,100
2021-04-23,volume_trend_5_20,0.19539153915391538,100
2021-04-23,amihud_illiq_20,-0.12168016801680168,100
2021-04-23,signed_volume_pressure_20,0.011065106510651063,100
2021-04-23,volume_cv_20,-0.05827782778277827,100
2021-04-23,return_volume_corr_20,0.10825082508250823,100
2021-04-23,close_location_value,0.035403540354035395,100
2021-04-23,body_range_ratio,0.00432043204320432,100
2021-04-23,gap_followthrough_20,0.1777017701770177,100
2021-04-23,cs_rank_ret20,0.10755475547554753,100
2021-04-23,cs_rank_ret60,0.05618961896189618,100
2021-04-23,cs_rank_vol20,0.04246024602460245,100
2021-04-23,cs_rank_amihud20,-0.12168016801680168,100
2021-04-23,return_autocorr_20,-0.16097209720972097,100
2021-04-23,revenue_growth_yoy,0.24841353879643469,74
2021-04-23,gross_margin_change_yoy,0.024161839050472277,71
2021-04-23,operating_profitability,0.03834348772026477,77
2021-04-23,cashflow_to_assets,0.0002145450234057648,81
2021-04-23,debt_to_assets,-0.16201277115410656,54
2021-04-23,asset_growth_yoy,0.17405216558722242,82
2021-04-30,ret_1d,-0.09866186618661864,100
2021-04-30,ret_5d,0.06959495949594958,100
2021-04-30,ret_20d,0.15185118511851184,100
2021-04-30,ret_60d,0.21074107410741072,100
2021-04-30,ret_120d,0.3027902790279028,100
2021-04-30,momentum_20_5,0.21686168616861684,100
2021-04-30,overnight_gap,-0.10286228622862284,100
2021-04-30,intraday_return,-0.0634023402340234,100
2021-04-30,ema20_distance,0.12147614761476146,100
2021-04-30,ema60_distance,0.17039303930393035,100
2021-04-30,ema20_60_spread,0.20568856885688563,100
2021-04-30,rsi14_centered,0.11626762676267625,100
2021-04-30,macd_hist_atr,0.2034563456345634,100
2021-04-30,breakout_position_60,0.1303090309030903,100
2021-04-30,trend_r2_20,0.01399339933993399,100
2021-04-30,realized_vol_5,0.049408940894089405,100
2021-04-30,realized_vol_20,0.16514851485148513,100
2021-04-30,vol_ratio_5_20,-0.13615361536153614,100
2021-04-30,parkinson_vol_20,0.1838103810381038,100
2021-04-30,overnight_vol_20,0.14137413741374139,100
2021-04-30,downside_vol_20,0.09228922892289228,100
2021-04-30,volume_zscore_20,0.05462946294629463,100
2021-04-30,volume_trend_5_20,-0.13576957695769576,100
2021-04-30,amihud_illiq_20,0.05238523852385237,100
2021-04-30,signed_volume_pressure_20,0.051413141314131404,100
2021-04-30,volume_cv_20,0.03686768676867686,100
2021-04-30,return_volume_corr_20,0.0622982298229823,100
2021-04-30,close_location_value,-0.17580558055805579,100
2021-04-30,body_range_ratio,-0.06415841584158416,100
2021-04-30,gap_followthrough_20,0.06885088508850884,100
2021-04-30,cs_rank_ret20,0.15185118511851184,100
2021-04-30,cs_rank_ret60,0.21074107410741072,100
2021-04-30,cs_rank_vol20,0.16514851485148513,100
2021-04-30,cs_rank_amihud20,0.05238523852385237,100
2021-04-30,return_autocorr_20,-0.12015601560156014,100
2021-04-30,revenue_growth_yoy,-0.058837903281163416,74
2021-04-30,gross_margin_change_yoy,-0.22317423855779736,71
2021-04-30,operating_profitability,-0.07754138980522518,77
2021-04-30,cashflow_to_assets,-0.04240087173098141,81
2021-04-30,debt_to_assets,-0.12947254330654998,54
2021-04-30,asset_growth_yoy,-0.06421384298177917,82
2021-05-07,ret_1d,0.3251044117175225,100
2021-05-07,ret_5d,-0.2158415841584158,100
2021-05-07,ret_20d,-0.03374737473747374,100
2021-05-07,ret_60d,-0.12489648964896488,100
2021-05-07,ret_120d,0.34747074707470743,100
2021-05-07,momentum_20_5,0.13461746174617462,100
2021-05-07,overnight_gap,0.14958475350316366,100
2021-05-07,intraday_return,0.30029402940294025,100
2021-05-07,ema20_distance,-0.07707170717071707,100
2021-05-07,ema60_distance,0.022334233423342332,100
2021-05-07,ema20_60_spread,0.116015601560156,100
2021-05-07,rsi14_centered,-0.17448544854485448,100
2021-05-07,macd_hist_atr,-0.23567956795679565,100
2021-05-07,breakout_position_60,-0.1426102610261026,100
2021-05-07,trend_r2_20,0.04427242724272426,100
2021-05-07,realized_vol_5,0.4139333933393339,100
2021-05-07,realized_vol_20,0.4025442544254425,100
2021-05-07,vol_ratio_5_20,0.20195619561956196,100
2021-05-07,parkinson_vol_20,0.41370537053705364,100
2021-05-07,overnight_vol_20,0.39000300030003,100
2021-05-07,downside_vol_20,0.4012361236123612,100
2021-05-07,volume_zscore_20,0.22877887788778875,100
2021-05-07,volume_trend_5_20,0.2781038103810381,100
2021-05-07,amihud_illiq_20,0.31143114311431136,100
2021-05-07,signed_volume_pressure_20,-0.05578157815781578,100
2021-05-07,volume_cv_20,0.31289528952895285,100
2021-05-07,return_volume_corr_20,0.04216021602160215,100
2021-05-07,close_location_value,0.018637863786378637,100
2021-05-07,body_range_ratio,0.24338433843384336,100
2021-05-07,gap_followthrough_20,-0.008364836483648363,100
2021-05-07,cs_rank_ret20,-0.03374737473747374,100
2021-05-07,cs_rank_ret60,-0.12489648964896488,100
2021-05-07,cs_rank_vol20,0.4025442544254425,100
2021-05-07,cs_rank_amihud20,0.31143114311431136,100
2021-05-07,return_autocorr_20,-0.011425142514251425,100
2021-05-07,revenue_growth_yoy,0.040178009464333336,74
2021-05-07,gross_margin_change_yoy,-0.2705254068288131,71
2021-05-07,operating_profitability,-0.08178717195594357,77
2021-05-07,cashflow_to_assets,-0.12968682072711624,81
2021-05-07,debt_to_assets,0.1527326983950321,53
2021-05-07,asset_growth_yoy,0.09533034757244131,82
2021-05-14,ret_1d,-0.245040504050405,100
2021-05-14,ret_5d,-0.009648964896489648,100
2021-05-14,ret_20d,0.18039003900390038,100
2021-05-14,ret_60d,0.08559255925592557,100
2021-05-14,ret_120d,0.18660666066606657,100
2021-05-14,momentum_20_5,0.20562856285628558,100
2021-05-14,overnight_gap,-0.1834628966791836,100
2021-05-14,intraday_return,-0.20775277527752775,100
2021-05-14,ema20_distance,0.16994899489948992,100
2021-05-14,ema60_distance,0.16922892289228922,100
2021-05-14,ema20_60_spread,0.11991599159915992,100
2021-05-14,rsi14_centered,0.18586258625862584,100
2021-05-14,macd_hist_atr,0.07996399639963996,100
2021-05-14,breakout_position_60,0.07223522352235223,100
2021-05-14,trend_r2_20,0.14515451545154515,100
2021-05-14,realized_vol_5,-0.11198319831983197,100
2021-05-14,realized_vol_20,-0.10793879387938793,100
2021-05-14,vol_ratio_5_20,-0.13894989498949892,100
2021-05-14,parkinson_vol_20,-0.06583858385838583,100
2021-05-14,overnight_vol_20,-0.0717071707170717,100
2021-05-14,downside_vol_20,-0.16897689768976895,100
2021-05-14,volume_zscore_20,0.0882208220822082,100
2021-05-14,volume_trend_5_20,0.041680168016801675,100
2021-05-14,amihud_illiq_20,-0.12394839483948394,100
2021-05-14,signed_volume_pressure_20,0.22888688868886886,100
2021-05-14,volume_cv_20,-0.004896489648964896,100
2021-05-14,return_volume_corr_20,0.2097329732973297,100
2021-05-14,close_location_value,-0.16919291929192917,100
2021-05-14,body_range_ratio,-0.21033303330333028,100
2021-05-14,gap_followthrough_20,0.07617161716171615,100
2021-05-14,cs_rank_ret20,0.18039003900390038,100
2021-05-14,cs_rank_ret60,0.08559255925592557,100
2021-05-14,cs_rank_vol20,-0.10793879387938793,100
2021-05-14,cs_rank_amihud20,-0.12394839483948394,100
2021-05-14,return_autocorr_20,0.0506090609060906,100
2021-05-14,revenue_growth_yoy,-0.10790839742081317,73
2021-05-14,gross_margin_change_yoy,-0.05843809324073883,70
2021-05-14,operating_profitability,-0.15687047735812126,77
2021-05-14,cashflow_to_assets,-0.19837510374697243,81
2021-05-14,debt_to_assets,-0.1358385588418329,53
2021-05-14,asset_growth_yoy,-0.2628522918394828,82
2021-05-21,ret_1d,-0.027123526070596354,100
2021-05-21,ret_5d,-0.02953495349534953,100
2021-05-21,ret_20d,0.023318331833183315,100
2021-05-21,ret_60d,0.13920192019201919,100
2021-05-21,ret_120d,0.03085508550855085,100
2021-05-21,momentum_20_5,0.027938793879387934,100
2021-05-21,overnight_gap,-0.1416021602160216,100
2021-05-21,intraday_return,-0.022538253825382538,100
2021-05-21,ema20_distance,0.029666966696669662,100
2021-05-21,ema60_distance,0.05442544254425442,100
2021-05-21,ema20_60_spread,0.07455145514551455,100
2021-05-21,rsi14_centered,0.017305730573057305,100
2021-05-21,macd_hist_atr,-0.05380138013801379,100
2021-05-21,breakout_position_60,0.027650765076507645,100
2021-05-21,trend_r2_20,0.036963696369636964,100
2021-05-21,realized_vol_5,0.19685568556855684,100
2021-05-21,realized_vol_20,0.09135313531353134,100
2021-05-21,vol_ratio_5_20,0.19825982598259825,100
2021-05-21,parkinson_vol_20,0.07059105910591058,100
2021-05-21,overnight_vol_20,-0.00948094809480948,100
2021-05-21,downside_vol_20,0.06187818781878187,100
2021-05-21,volume_zscore_20,0.04330033003300329,100
2021-05-21,volume_trend_5_20,0.2386318631863186,100
2021-05-21,amihud_illiq_20,0.073999399939994,100
2021-05-21,signed_volume_pressure_20,-0.03935193519351935,100
2021-05-21,volume_cv_20,0.10167416741674165,100
2021-05-21,return_volume_corr_20,-0.00372037203720372,100
2021-05-21,close_location_value,0.1041224122412241,100
2021-05-21,body_range_ratio,0.022490249024902487,100
2021-05-21,gap_followthrough_20,0.10244224422442243,100
2021-05-21,cs_rank_ret20,0.023318331833183315,100
2021-05-21,cs_rank_ret60,0.13920192019201919,100
2021-05-21,cs_rank_vol20,0.09135313531353134,100
2021-05-21,cs_rank_amihud20,0.073999399939994,100
2021-05-21,return_autocorr_20,-0.07825982598259826,100
2021-05-21,revenue_growth_yoy,-0.27690575178035687,73
2021-05-21,gross_margin_change_yoy,0.032560865724854775,70
2021-05-21,operating_profitability,-0.07982859133533354,77
2021-05-21,cashflow_to_assets,-0.014837482145009209,81
2021-05-21,debt_to_assets,0.07471322337011468,53
2021-05-21,asset_growth_yoy,-0.2664112624589814,82
2021-05-28,ret_1d,-0.08344434443444343,100
2021-05-28,ret_5d,0.018145869024591192,100
2021-05-28,ret_20d,0.19156315631563153,100
2021-05-28,ret_60d,0.16580858085808578,100
2021-05-28,ret_120d,-0.07198319831983198,100
2021-05-28,momentum_20_5,0.19015901590159012,100
2021-05-28,overnight_gap,-0.15227168398413563,100
2021-05-28,intraday_return,-0.00936093609360936,100
2021-05-28,ema20_distance,0.14424242424242423,100
2021-05-28,ema60_distance,0.18076207620762072,100
2021-05-28,ema20_60_spread,0.13044104410441043,100
2021-05-28,rsi14_centered,0.16037203720372034,100
2021-05-28,macd_hist_atr,0.056417641764176414,100
2021-05-28,breakout_position_60,0.2574617461746174,100
2021-05-28,trend_r2_20,0.08808880888088808,100
2021-05-28,realized_vol_5,0.01662166216621662,100
2021-05-28,realized_vol_20,-0.049600960096009596,100
2021-05-28,vol_ratio_5_20,0.1148034803480348,100
2021-05-28,parkinson_vol_20,-0.11843984398439843,100
2021-05-28,overnight_vol_20,0.007236723672367236,100
2021-05-28,downside_vol_20,-0.14383438343834382,100
2021-05-28,volume_zscore_20,0.12204020402040201,100
2021-05-28,volume_trend_5_20,0.1312211221122112,100
2021-05-28,amihud_illiq_20,-0.12415241524152415,100
2021-05-28,signed_volume_pressure_20,0.02833483348334833,100
2021-05-28,volume_cv_20,0.12843684368436842,100
2021-05-28,return_volume_corr_20,0.09586558655865586,100
2021-05-28,close_location_value,0.11845184518451843,100
2021-05-28,body_range_ratio,0.026198619861986197,100
2021-05-28,gap_followthrough_20,0.028886888688868885,100
2021-05-28,cs_rank_ret20,0.19156315631563153,100
2021-05-28,cs_rank_ret60,0.16580858085808578,100
2021-05-28,cs_rank_vol20,-0.049600960096009596,100
2021-05-28,cs_rank_amihud20,-0.12415241524152415,100
2021-05-28,return_autocorr_20,-0.026978697869786974,100
2021-05-28,revenue_growth_yoy,-0.003285845411098385,73
2021-05-28,gross_margin_change_yoy,-0.10620336106924691,70
2021-05-28,operating_profitability,0.10049227412458833,77
2021-05-28,cashflow_to_assets,0.04400431348485608,81
2021-05-28,debt_to_assets,-0.05717396154280767,53
2021-05-28,asset_growth_yoy,-0.03724402892943191,82
2021-06-04,ret_1d,-0.11433680573047497,100
2021-06-04,ret_5d,-0.1924152415241524,100
2021-06-04,ret_20d,-0.15037503750375036,100
2021-06-04,ret_60d,-0.24145214521452144,100
2021-06-04,ret_120d,-0.1454185418541854,100
2021-06-04,momentum_20_5,-0.03434743474347434,100
2021-06-04,overnight_gap,0.08314431443144313,100
2021-06-04,intraday_return,-0.144026402640264,100
2021-06-04,ema20_distance,-0.23023102310231022,100
2021-06-04,ema60_distance,-0.24934893489348933,100
2021-06-04,ema20_60_spread,-0.19045904590459045,100
2021-06-04,rsi14_centered,-0.19515151515151513,100
2021-06-04,macd_hist_atr,-0.00024002400240024,100
2021-06-04,breakout_position_60,-0.16325232523252323,100
2021-06-04,trend_r2_20,0.10210621062106211,100
2021-06-04,realized_vol_5,-0.05962196219621962,100
2021-06-04,realized_vol_20,0.017341734173417337,100
2021-06-04,vol_ratio_5_20,0.005100510051005099,100
2021-06-04,parkinson_vol_20,0.05074107410741074,100
2021-06-04,overnight_vol_20,-0.04735673567356735,100
2021-06-04,downside_vol_20,0.05242124212421241,100
2021-06-04,volume_zscore_20,-0.3087308730873087,100
2021-06-04,volume_trend_5_20,-0.0648064806480648,100
2021-06-04,amihud_illiq_20,-0.04883288328832883,100
2021-06-04,signed_volume_pressure_20,-0.15265526552655265,100
2021-06-04,volume_cv_20,-0.07157515751575157,100
2021-06-04,return_volume_corr_20,-0.2145334533453345,100
2021-06-04,close_location_value,-0.006384638463846384,100
2021-06-04,body_range_ratio,-0.18271827182718273,100
2021-06-04,gap_followthrough_20,0.07377137713771376,100
2021-06-04,cs_rank_ret20,-0.15037503750375036,100
2021-06-04,cs_rank_ret60,-0.24145214521452144,100
2021-06-04,cs_rank_vol20,0.017341734173417337,100
2021-06-04,cs_rank_amihud20,-0.04883288328832883,100
2021-06-04,return_autocorr_20,0.05687368736873687,100
2021-06-04,revenue_growth_yoy,-0.15218246469711535,73
2021-06-04,gross_margin_change_yoy,0.027292905489862428,69
2021-06-04,operating_profitability,-0.19363658471279405,77
2021-06-04,cashflow_to_assets,-0.053726590598138356,81
2021-06-04,debt_to_assets,0.012039191478907292,52
2021-06-04,asset_growth_yoy,-0.21006633616802028,82
2021-06-11,ret_1d,0.15124557829524507,100
2021-06-11,ret_5d,0.19798379837983798,100
2021-06-11,ret_20d,0.10227422742274225,100
2021-06-11,ret_60d,-0.01988598859885989,100
2021-06-11,ret_120d,-0.0655985598559856,100
2021-06-11,momentum_20_5,0.03127512751275127,100
2021-06-11,overnight_gap,0.2044524452445244,100
2021-06-11,intraday_return,0.05813381338133813,100
2021-06-11,ema20_distance,-0.029006900690069004,100
2021-06-11,ema60_distance,-0.03827182718271827,100
2021-06-11,ema20_60_spread,-0.05880588058805881,100
2021-06-11,rsi14_centered,-0.05008100810081008,100
2021-06-11,macd_hist_atr,-0.0393999399939994,100
2021-06-11,breakout_position_60,-0.017029702970297027,100
2021-06-11,trend_r2_20,-0.06712271227122713,100
2021-06-11,realized_vol_5,0.1764176417641764,100
2021-06-11,realized_vol_20,0.1624002400240024,100
2021-06-11,vol_ratio_5_20,0.0026522652265226526,100
2021-06-11,parkinson_vol_20,0.034371437143714365,100
2021-06-11,overnight_vol_20,0.3037023702370237,100
2021-06-11,downside_vol_20,0.13417341734173416,100
2021-06-11,volume_zscore_20,0.2215181518151815,100
2021-06-11,volume_trend_5_20,-0.12302430243024301,100
2021-06-11,amihud_illiq_20,0.07425142514251425,100
2021-06-11,signed_volume_pressure_20,0.02465046504650465,100
2021-06-11,volume_cv_20,0.34645064506450646,100
2021-06-11,return_volume_corr_20,0.05682568256825682,100
2021-06-11,close_location_value,0.04943294329432943,100
2021-06-11,body_range_ratio,0.06487848784878487,100
2021-06-11,gap_followthrough_20,0.10719471947194718,100
2021-06-11,cs_rank_ret20,0.10227422742274225,100
2021-06-11,cs_rank_ret60,-0.01988598859885989,100
2021-06-11,cs_rank_vol20,0.1624002400240024,100
2021-06-11,cs_rank_amihud20,0.07425142514251425,100
2021-06-11,return_autocorr_20,-0.13054905490549054,100
2021-06-11,revenue_growth_yoy,0.11850640585942628,73
2021-06-11,gross_margin_change_yoy,-0.2981393692065294,69
2021-06-11,operating_profitability,-0.02025619286147686,77
2021-06-11,cashflow_to_assets,-0.01893642127639303,81
2021-06-11,debt_to_assets,0.14647682966003875,52
2021-06-11,asset_growth_yoy,0.2383313107822034,82
2021-06-18,ret_1d,-0.007908790879087909,100
2021-06-18,ret_5d,0.17306930693069306,100
2021-06-18,ret_20d,-0.08193219321932191,100
2021-06-18,ret_60d,-0.07197119711971196,100
2021-06-18,ret_120d,-0.16224422442244224,100
2021-06-18,momentum_20_5,-0.26917491749174915,100
2021-06-18,overnight_gap,0.2483048304830483,100
2021-06-18,intraday_return,-0.14253825382538252,100
2021-06-18,ema20_distance,0.01818181818181818,100
2021-06-18,ema60_distance,-0.026966696669666963,100
2021-06-18,ema20_60_spread,-0.11315931593159315,100
2021-06-18,rsi14_centered,-0.1282328232823282,100
2021-06-18,macd_hist_atr,-0.04588058805880588,100
2021-06-18,breakout_position_60,-0.1048184818481848,100
2021-06-18,trend_r2_20,0.13735373537353732,100
2021-06-18,realized_vol_5,-0.04097209720972097,100
2021-06-18,realized_vol_20,-0.21288928892889283,100
2021-06-18,vol_ratio_5_20,0.202040204020402,100
2021-06-18,parkinson_vol_20,-0.17945394539453943,100
2021-06-18,overnight_vol_20,-0.26803480348034797,100
2021-06-18,downside_vol_20,-0.15312331233123314,100
2021-06-18,volume_zscore_20,0.046396639663966385,100
2021-06-18,volume_trend_5_20,0.01572157215721572,100
2021-06-18,amihud_illiq_20,-0.1899309930993099,100
2021-06-18,signed_volume_pressure_20,-0.053393339333933386,100
2021-06-18,volume_cv_20,-0.17220522052205217,100
2021-06-18,return_volume_corr_20,-0.1661926192619262,100
2021-06-18,close_location_value,-0.26705070507050704,100
2021-06-18,body_range_ratio,-0.2104170417041704,100
2021-06-18,gap_followthrough_20,-0.08519651965196517,100
2021-06-18,cs_rank_ret20,-0.08193219321932191,100
2021-06-18,cs_rank_ret60,-0.07197119711971196,100
2021-06-18,cs_rank_vol20,-0.21288928892889283,100
2021-06-18,cs_rank_amihud20,-0.1899309930993099,100
2021-06-18,return_autocorr_20,-0.09153315331533152,100
2021-06-18,revenue_growth_yoy,-0.021612532492717548,73
2021-06-18,gross_margin_change_yoy,-0.10244887147734169,69
2021-06-18,operating_profitability,-0.09130403349501512,77
2021-06-18,cashflow_to_assets,-0.05313941474460679,81
2021-06-18,debt_to_assets,-0.13247379843634513,52
2021-06-18,asset_growth_yoy,-0.030039018072832283,82
2021-06-25,ret_1d,0.08283253175114315,100
2021-06-25,ret_5d,-0.19396339633963394,100
2021-06-25,ret_20d,0.06645064506450644,100
2021-06-25,ret_60d,0.19939993999399938,100
2021-06-25,ret_120d,-0.2659585958595859,100
2021-06-25,momentum_20_5,0.22285028502850282,100
2021-06-25,overnight_gap,-0.22946294629462943,100
2021-06-25,intraday_return,0.13806180618061806,100
2021-06-25,ema20_distance,0.09906990699069906,100
2021-06-25,ema60_distance,0.1231323132313231,100
2021-06-25,ema20_60_spread,0.14370237023702367,100
2021-06-25,rsi14_centered,0.15457545754575455,100
2021-06-25,macd_hist_atr,-0.07318331833183317,100
2021-06-25,breakout_position_60,0.27197119711971196,100
2021-06-25,trend_r2_20,0.08812481248124811,100
2021-06-25,realized_vol_5,-0.2403600360036003,100
2021-06-25,realized_vol_20,-0.452109210921092,100
2021-06-25,vol_ratio_5_20,0.20388838883888388,100
2021-06-25,parkinson_vol_20,-0.5238283828382837,100
2021-06-25,overnight_vol_20,-0.3026342634263426,100
2021-06-25,downside_vol_20,-0.4808520852085208,100
2021-06-25,volume_zscore_20,-0.17266126612661262,100
2021-06-25,volume_trend_5_20,-0.14157815781578154,100
2021-06-25,amihud_illiq_20,-0.3352535253525353,100
2021-06-25,signed_volume_pressure_20,0.07347134713471346,100
2021-06-25,volume_cv_20,-0.3459465946594659,100
2021-06-25,return_volume_corr_20,-0.014149414941494147,100
2021-06-25,close_location_value,0.2995979597959796,100
2021-06-25,body_range_ratio,0.275043504350435,100
2021-06-25,gap_followthrough_20,-0.08128412841284129,100
2021-06-25,cs_rank_ret20,0.06645064506450644,100
2021-06-25,cs_rank_ret60,0.19939993999399938,100
2021-06-25,cs_rank_vol20,-0.452109210921092,100
2021-06-25,cs_rank_amihud20,-0.3352535253525353,100
2021-06-25,return_autocorr_20,-0.16836483648364836,100
2021-06-25,revenue_growth_yoy,-0.11975595270590031,73
2021-06-25,gross_margin_change_yoy,-0.13023502224714142,69
2021-06-25,operating_profitability,0.1748526135258697,77
2021-06-25,cashflow_to_assets,0.2183390827670457,81
2021-06-25,debt_to_assets,-0.03492219372250413,52
2021-06-25,asset_growth_yoy,0.09345835079398944,82
2021-07-02,ret_1d,-0.2311498084313087,100
2021-07-02,ret_5d,-0.3148154815481548,100
2021-07-02,ret_20d,-0.3422982298229822,100
2021-07-02,ret_60d,-0.03193519351935194,100
2021-07-02,ret_120d,0.37627362736273623,100
2021-07-02,momentum_20_5,-0.19215121512151215,100
2021-07-02,overnight_gap,-0.12184855040123971,100
2021-07-02,intraday_return,-0.25216921692169214,100
2021-07-02,ema20_distance,-0.4023162316231623,100
2021-07-02,ema60_distance,-0.22318631863186317,100
2021-07-02,ema20_60_spread,0.07061506150615061,100
2021-07-02,rsi14_centered,-0.3627962796279628,100
2021-07-02,macd_hist_atr,-0.2931533153315331,100
2021-07-02,breakout_position_60,-0.2432283228322832,100
2021-07-02,trend_r2_20,0.32990099009900986,100
2021-07-02,realized_vol_5,0.282076207620762,100
2021-07-02,realized_vol_20,0.29044104410441035,100
2021-07-02,vol_ratio_5_20,0.0723072307230723,100
2021-07-02,parkinson_vol_20,0.3155715571557155,100
2021-07-02,overnight_vol_20,0.06828682868286828,100
2021-07-02,downside_vol_20,0.32868886888688864,100
2021-07-02,volume_zscore_20,0.09804980498049803,100
2021-07-02,volume_trend_5_20,-0.000576057605760576,100
2021-07-02,amihud_illiq_20,0.2214461446144614,100
2021-07-02,signed_volume_pressure_20,-0.2991419141914191,100
2021-07-02,volume_cv_20,0.02982298229822982,100
2021-07-02,return_volume_corr_20,-0.04066006600660066,100
2021-07-02,close_location_value,-0.029570957095709567,100
2021-07-02,body_range_ratio,-0.23110711071107107,100
2021-07-02,gap_followthrough_20,-0.008244824482448244,100
2021-07-02,cs_rank_ret20,-0.3422982298229822,100
2021-07-02,cs_rank_ret60,-0.03193519351935194,100
2021-07-02,cs_rank_vol20,0.29044104410441035,100
2021-07-02,cs_rank_amihud20,0.2214461446144614,100
2021-07-02,return_autocorr_20,0.24531653165316528,100
2021-07-02,revenue_growth_yoy,0.11554451703815449,73
2021-07-02,gross_margin_change_yoy,-0.09488577718497018,69
2021-07-02,operating_profitability,-0.020742551807534385,77
2021-07-02,cashflow_to_assets,0.019015464179753045,81
2021-07-02,debt_to_assets,0.011057271606514143,52
2021-07-02,asset_growth_yoy,-0.09065035562631162,82
2021-07-09,ret_1d,-0.3990879087908791,100
2021-07-09,ret_5d,0.3728772877287729,100
2021-07-09,ret_20d,0.3142034203420342,100
2021-07-09,ret_60d,0.07354335433543353,100
2021-07-09,ret_120d,-0.18815481548154814,100
2021-07-09,momentum_20_5,0.18124212421242122,100
2021-07-09,overnight_gap,-0.46815481548154814,100
2021-07-09,intraday_return,-0.25442544254425437,100
2021-07-09,ema20_distance,0.2843324332433243,100
2021-07-09,ema60_distance,0.25581758175817576,100
2021-07-09,ema20_60_spread,0.08266426642664265,100
2021-07-09,rsi14_centered,0.25309330933093305,100
2021-07-09,macd_hist_atr,0.24816081608160814,100
2021-07-09,breakout_position_60,0.2276147614761476,100
2021-07-09,trend_r2_20,-0.03962796279627963,100
2021-07-09,realized_vol_5,-0.4017281728172816,100
2021-07-09,realized_vol_20,-0.5043744374437443,100
2021-07-09,vol_ratio_5_20,-0.07435943594359436,100
2021-07-09,parkinson_vol_20,-0.5200360036003601,100
2021-07-09,overnight_vol_20,-0.4587458745874587,100
2021-07-09,downside_vol_20,-0.4732913291329132,100
2021-07-09,volume_zscore_20,0.07356735673567356,100
2021-07-09,volume_trend_5_20,-0.0037563756375637554,100
2021-07-09,amihud_illiq_20,-0.27717971797179713,100
2021-07-09,signed_volume_pressure_20,0.21780978097809778,100
2021-07-09,volume_cv_20,-0.08642064206420641,100
2021-07-09,return_volume_corr_20,0.020546054605460544,100
2021-07-09,close_location_value,-0.24466846684668467,100
2021-07-09,body_range_ratio,-0.1557275727572757,100
2021-07-09,gap_followthrough_20,-0.12674467446744672,100
2021-07-09,cs_rank_ret20,0.3142034203420342,100
2021-07-09,cs_rank_ret60,0.07354335433543353,100
2021-07-09,cs_rank_vol20,-0.5043744374437443,100
2021-07-09,cs_rank_amihud20,-0.27717971797179713,100
2021-07-09,return_autocorr_20,-0.2566696669666967,100
2021-07-09,revenue_growth_yoy,-0.22373059153596186,73
2021-07-09,gross_margin_change_yoy,-0.03323011719281109,69
2021-07-09,operating_profitability,0.3424624222063963,77
2021-07-09,cashflow_to_assets,0.3638344841661657,81
2021-07-09,debt_to_assets,0.0009819198723931479,52
2021-07-09,asset_growth_yoy,-0.22400835868660654,82
2021-07-16,ret_1d,0.28050405040504045,100
2021-07-16,ret_5d,0.4275307530753075,100
2021-07-16,ret_20d,0.3458625862586258,100
2021-07-16,ret_60d,0.06869486948694868,100
2021-07-16,ret_120d,0.032487248724872485,100
2021-07-16,momentum_20_5,0.10139813981398138,100
2021-07-16,overnight_gap,-0.04267626762676267,100
2021-07-16,intraday_return,0.27029102910291025,100
2021-07-16,ema20_distance,0.38886288628862886,100
2021-07-16,ema60_distance,0.3019381938193819,100
2021-07-16,ema20_60_spread,0.11703570357035703,100
2021-07-16,rsi14_centered,0.31530753075307527,100
2021-07-16,macd_hist_atr,0.3785058505850585,100
2021-07-16,breakout_position_60,0.2787158715871587,100
2021-07-16,trend_r2_20,0.02148214821482148,100
2021-07-16,realized_vol_5,-0.3695769576957695,100
2021-07-16,realized_vol_20,-0.49492949294929484,100
2021-07-16,vol_ratio_5_20,0.1341974197419742,100
2021-07-16,parkinson_vol_20,-0.43901590159015896,100
2021-07-16,overnight_vol_20,-0.4379717971797179,100
2021-07-16,downside_vol_20,-0.5247044704470446,100
2021-07-16,volume_zscore_20,-0.020558055805580556,100
2021-07-16,volume_trend_5_20,-0.011245124512451243,100
2021-07-16,amihud_illiq_20,-0.3984158415841584,100
2021-07-16,signed_volume_pressure_20,0.25231323132313227,100
2021-07-16,volume_cv_20,-0.12156015601560155,100
2021-07-16,return_volume_corr_20,0.03222322232223222,100
2021-07-16,close_location_value,0.20787278727872785,100
2021-07-16,body_range_ratio,0.1841224122412241,100
2021-07-16,gap_followthrough_20,0.13389738973897386,100
2021-07-16,cs_rank_ret20,0.3458625862586258,100
2021-07-16,cs_rank_ret60,0.06869486948694868,100
2021-07-16,cs_rank_vol20,-0.49492949294929484,100
2021-07-16,cs_rank_amihud20,-0.3984158415841584,100
2021-07-16,return_autocorr_20,-0.08549654965496549,100
2021-07-16,revenue_growth_yoy,0.07554359144670794,73
2021-07-16,gross_margin_change_yoy,-0.038728888646926606,69
2021-07-16,operating_profitability,0.2598076910493771,77
2021-07-16,cashflow_to_assets,0.2197392713408517,81
2021-07-16,debt_to_assets,0.018826040572116818,52
2021-07-16,asset_growth_yoy,0.15840140182318882,82
2021-07-23,ret_1d,0.15919591959195914,100
2021-07-23,ret_5d,0.06042604260426041,100
2021-07-23,ret_20d,0.2311311131113111,100
2021-07-23,ret_60d,-0.09796579657965797,100
2021-07-23,ret_120d,0.08398439843984397,100
2021-07-23,momentum_20_5,0.1745094509450945,100
2021-07-23,overnight_gap,-0.02815515337920587,100
2021-07-23,intraday_return,0.17274527452745272,100
2021-07-23,ema20_distance,0.20210021002100206,100
2021-07-23,ema60_distance,0.1371977197719772,100
2021-07-23,ema20_60_spread,0.02789078907890789,100
2021-07-23,rsi14_centered,0.19816381638163816,100
2021-07-23,macd_hist_atr,0.08439243924392438,100
2021-07-23,breakout_position_60,0.10727872787278728,100
2021-07-23,trend_r2_20,-0.04847284728472846,100
2021-07-23,realized_vol_5,-0.06304230423042304,100
2021-07-23,realized_vol_20,-0.14736273627362736,100
2021-07-23,vol_ratio_5_20,0.03476747674767477,100
2021-07-23,parkinson_vol_20,-0.16309630963096308,100
2021-07-23,overnight_vol_20,-0.10919891989198918,100
2021-07-23,downside_vol_20,-0.2609420942094209,100
2021-07-23,volume_zscore_20,-0.052397239723972394,100
2021-07-23,volume_trend_5_20,-0.06087008700870087,100
2021-07-23,amihud_illiq_20,-0.17167716771677166,100
2021-07-23,signed_volume_pressure_20,0.10395439543954395,100
2021-07-23,volume_cv_20,0.04247224722472246,100
2021-07-23,return_volume_corr_20,0.1297089708970897,100
2021-07-23,close_location_value,0.002916291629162916,100
2021-07-23,body_range_ratio,0.18031803180318032,100
2021-07-23,gap_followthrough_20,0.17287728772877284,100
2021-07-23,cs_rank_ret20,0.2311311131113111,100
2021-07-23,cs_rank_ret60,-0.09796579657965797,100
2021-07-23,cs_rank_vol20,-0.14736273627362736,100
2021-07-23,cs_rank_amihud20,-0.17167716771677166,100
2021-07-23,return_autocorr_20,-0.07853585358535851,100
2021-07-23,revenue_growth_yoy,0.22302097233919882,73
2021-07-23,gross_margin_change_yoy,-0.03414353437788011,69
2021-07-23,operating_profitability,0.052158710755574426,77
2021-07-23,cashflow_to_assets,0.02092378570373064,81
2021-07-23,debt_to_assets,-0.11820704386437977,52
2021-07-23,asset_growth_yoy,0.08668868802540187,82
2021-07-30,ret_1d,-0.1516231623162316,100
2021-07-30,ret_5d,0.0069726972697269725,100
2021-07-30,ret_20d,-0.17851785178517848,100
2021-07-30,ret_60d,-0.17888988898889888,100
2021-07-30,ret_120d,-0.008052805280528052,100
2021-07-30,momentum_20_5,-0.2566096609660966,100
2021-07-30,overnight_gap,0.17387338733873384,100
2021-07-30,intraday_return,-0.26823882388238823,100
2021-07-30,ema20_distance,-0.18285028502850284,100
2021-07-30,ema60_distance,-0.20556855685568554,100
2021-07-30,ema20_60_spread,-0.19812781278127814,100
2021-07-30,rsi14_centered,-0.21747374737473746,100
2021-07-30,macd_hist_atr,0.1242004200420042,100
2021-07-30,breakout_position_60,-0.21687368736873686,100
2021-07-30,trend_r2_20,0.10737473747374736,100
2021-07-30,realized_vol_5,-0.04616861686168616,100
2021-07-30,realized_vol_20,0.054437443744374425,100
2021-07-30,vol_ratio_5_20,-0.15668766876687668,100
2021-07-30,parkinson_vol_20,0.09206120612061205,100
2021-07-30,overnight_vol_20,-0.01678967896789679,100
2021-07-30,downside_vol_20,0.10337833783378338,100
2021-07-30,volume_zscore_20,-0.08246024602460245,100
2021-07-30,volume_trend_5_20,0.03569156915691568,100
2021-07-30,amihud_illiq_20,0.10624662466246623,100
2021-07-30,signed_volume_pressure_20,-0.16315631563156313,100
2021-07-30,volume_cv_20,0.019297929792979295,100
2021-07-30,return_volume_corr_20,-0.055085508550855075,100
2021-07-30,close_location_value,-0.2814161416141614,100
2021-07-30,body_range_ratio,-0.26259825982598256,100
2021-07-30,gap_followthrough_20,0.09302130213021301,100
2021-07-30,cs_rank_ret20,-0.17851785178517848,100
2021-07-30,cs_rank_ret60,-0.17888988898889888,100
2021-07-30,cs_rank_vol20,0.054437443744374425,100
2021-07-30,cs_rank_amihud20,0.10624662466246623,100
2021-07-30,return_autocorr_20,-0.05076507650765077,100
2021-07-30,revenue_growth_yoy,-0.047498206670290734,73
2021-07-30,gross_margin_change_yoy,0.09804620064530901,69
2021-07-30,operating_profitability,-0.16996698542424002,76
2021-07-30,cashflow_to_assets,-0.1687656397452781,80
2021-07-30,debt_to_assets,-0.08496481851004682,53
2021-07-30,asset_growth_yoy,-0.01556016011858652,81
2021-08-06,ret_1d,0.037149826432289715,100
2021-08-06,ret_5d,0.00862288815751903,100
2021-08-06,ret_20d,0.05991017074785665,100
2021-08-06,ret_60d,0.010123042673440922,100
2021-08-06,ret_120d,0.07226544334098935,100
2021-08-06,momentum_20_5,0.13357375809768518,100
2021-08-06,overnight_gap,-0.138206235242852,100
2021-08-06,intraday_return,0.0493130792473844,100
2021-08-06,ema20_distance,-0.015517598312696043,100
2021-08-06,ema60_distance,0.042862414828920274,100
2021-08-06,ema20_60_spread,0.14613905232304694,100
2021-08-06,rsi14_centered,-0.0839126430026069,100
2021-08-06,macd_hist_atr,-0.15977845718180875,100
2021-08-06,breakout_position_60,-0.07329154902987992,100
2021-08-06,trend_r2_20,0.010333064305669985,100
2021-08-06,realized_vol_5,-0.19072364453624555,100
2021-08-06,realized_vol_20,-0.31449839333592894,100
2021-08-06,vol_ratio_5_20,0.08837710284199046,100
2021-08-06,parkinson_vol_20,-0.41607685591803206,100
2021-08-06,overnight_vol_20,-0.25838661382238653,100
2021-08-06,downside_vol_20,-0.3337483760842387,100
2021-08-06,volume_zscore_20,0.038751991455294295,100
2021-08-06,volume_trend_5_20,0.02527460328425202,100
2021-08-06,amihud_illiq_20,-0.2968625768467512,100
2021-08-06,signed_volume_pressure_20,-0.03425752852559231,100
2021-08-06,volume_cv_20,-0.22031869282635264,100
2021-08-06,return_volume_corr_20,-0.054473610782155714,100
2021-08-06,close_location_value,-0.04679882027869932,100
2021-08-06,body_range_ratio,0.04564070099240762,100
2021-08-06,gap_followthrough_20,0.0967479650408346,100
2021-08-06,cs_rank_ret20,0.05991017074785665,100
2021-08-06,cs_rank_ret60,0.010123042673440922,100
2021-08-06,cs_rank_vol20,-0.31449839333592894,100
2021-08-06,cs_rank_amihud20,-0.2968625768467512,100
2021-08-06,return_autocorr_20,0.1502194726063545,100
2021-08-06,revenue_growth_yoy,-0.0495345052349151,73
2021-08-06,gross_margin_change_yoy,0.033741630816449736,69
2021-08-06,operating_profitability,0.27718576340882256,76
2021-08-06,cashflow_to_assets,0.31864931229633137,80
2021-08-06,debt_to_assets,0.0787547653299105,53
2021-08-06,asset_growth_yoy,-0.08404518995837407,81
2021-08-13,ret_1d,-0.27036984809557063,100
2021-08-13,ret_5d,-0.19026159694534162,100
2021-08-13,ret_20d,0.09021437465673963,100
2021-08-13,ret_60d,-0.06318650821063006,100
2021-08-13,ret_120d,-0.044074539677785164,100
2021-08-13,momentum_20_5,0.18186073165617903,100
2021-08-13,overnight_gap,-0.15141359560102832,100
2021-08-13,intraday_return,-0.19296845465619353,100
2021-08-13,ema20_distance,-0.04192631841098501,100
2021-08-13,ema60_distance,-0.05052520409624929,100
2021-08-13,ema20_60_spread,-0.07461768562195487,100
2021-08-13,rsi14_centered,-0.06560475729029615,100
2021-08-13,macd_hist_atr,0.06586878448509839,100
2021-08-13,breakout_position_60,-0.0598321627130287,100
2021-08-13,trend_r2_20,-0.051143267756809115,100
2021-08-13,realized_vol_5,0.3215191164704434,100
2021-08-13,realized_vol_20,0.29197207312484585,100
2021-08-13,vol_ratio_5_20,0.16042052331462334,100
2021-08-13,parkinson_vol_20,0.363145403978244,100
2021-08-13,overnight_vol_20,0.16880938736765855,100
2021-08-13,downside_vol_20,0.190465617959507,100
2021-08-13,volume_zscore_20,-0.029595048290107066,100
2021-08-13,volume_trend_5_20,0.17608813707891158,100
2021-08-13,amihud_illiq_20,0.3590229793684907,100
2021-08-13,signed_volume_pressure_20,-0.008910917824576033,100
2021-08-13,volume_cv_20,0.07317153666860617,100
2021-08-13,return_volume_corr_20,0.15794826867238407,100
2021-08-13,close_location_value,-0.1259949774832478,100
2021-08-13,body_range_ratio,-0.28066175014551537,100
2021-08-13,gap_followthrough_20,-0.04453058665062542,100
2021-08-13,cs_rank_ret20,0.09021437465673963,100
2021-08-13,cs_rank_ret60,-0.06318650821063006,100
2021-08-13,cs_rank_vol20,0.29197207312484585,100
2021-08-13,cs_rank_amihud20,0.3590229793684907,100
2021-08-13,return_autocorr_20,-0.16975748502172122,100
2021-08-13,revenue_growth_yoy,-0.10582581934335644,73
2021-08-13,gross_margin_change_yoy,0.025575681181932666,69
2021-08-13,operating_profitability,-0.21756911500632095,75
2021-08-13,cashflow_to_assets,-0.09048253701808877,79
2021-08-13,debt_to_assets,0.25332177972478126,53
2021-08-13,asset_growth_yoy,0.029160977268300015,80
2021-08-20,ret_1d,0.29066365837252456,100
2021-08-20,ret_5d,-0.24633137213243822,100
2021-08-20,ret_20d,-0.11941830008544624,100
2021-08-20,ret_60d,-0.36484357889026764,100
2021-08-20,ret_120d,-0.3416511900741152,100
2021-08-20,momentum_20_5,0.019976057534015903,100
2021-08-20,overnight_gap,-0.2407327954790177,100
2021-08-20,intraday_return,0.3314931382726568,100
2021-08-20,ema20_distance,-0.22782546602402576,100
2021-08-20,ema60_distance,-0.304933408142411,100
2021-08-20,ema20_60_spread,-0.27907074428791756,100
2021-08-20,rsi14_centered,-0.23570427754164752,100
2021-08-20,macd_hist_atr,-0.0779780317376199,100
2021-08-20,breakout_position_60,-0.27038184933169795,100
2021-08-20,trend_r2_20,-0.03188128377237203,100
2021-08-20,realized_vol_5,0.24534727076999346,100
2021-08-20,realized_vol_20,0.3813872828918542,100
2021-08-20,vol_ratio_5_20,-0.09599788778287367,100
2021-08-20,parkinson_vol_20,0.41947320574207925,100
2021-08-20,overnight_vol_20,0.17069958205772012,100
2021-08-20,downside_vol_20,0.4008772903627114,100
2021-08-20,volume_zscore_20,0.11912426980032553,100
2021-08-20,volume_trend_5_20,0.012745312767272386,100
2021-08-20,amihud_illiq_20,0.33185818139417705,100
2021-08-20,signed_volume_pressure_20,-0.1354999564961289,100
2021-08-20,volume_cv_20,0.12520889651690473,100
2021-08-20,return_volume_corr_20,-0.04282041050247446,100
2021-08-20,close_location_value,0.1477652198183063,100
2021-08-20,body_range_ratio,0.2122965034293635,100
2021-08-20,gap_followthrough_20,0.22498717367990156,100
2021-08-20,cs_rank_ret20,-0.11941830008544624,100
2021-08-20,cs_rank_ret60,-0.36484357889026764,100
2021-08-20,cs_rank_vol20,0.3813872828918542,100
2021-08-20,cs_rank_amihud20,0.33185818139417705,100
2021-08-20,return_autocorr_20,0.006150633515279754,100
2021-08-20,revenue_growth_yoy,0.14063718436675726,72
2021-08-20,gross_margin_change_yoy,0.17378675363123247,69
2021-08-20,operating_profitability,-0.07588356818844232,74
2021-08-20,cashflow_to_assets,-0.05490746536779014,78
2021-08-20,debt_to_assets,-0.03355041718099618,53
2021-08-20,asset_growth_yoy,0.07450142710354067,79
2021-08-27,ret_1d,-0.1138327492761158,100
2021-08-27,ret_5d,0.029319283761892554,100
2021-08-27,ret_20d,-0.07611252460823684,100
2021-08-27,ret_60d,0.0962747827826042,100
2021-08-27,ret_120d,0.07839277999700457,100
2021-08-27,momentum_20_5,-0.09146224377788915,100
2021-08-27,overnight_gap,0.17382746868901017,100
2021-08-27,intraday_return,-0.19195607495639508,100
2021-08-27,ema20_distance,-0.006600739283275033,100
2021-08-27,ema60_distance,0.0012121357592923241,100
2021-08-27,ema20_60_spread,0.014293600884328298,100
2021-08-27,rsi14_centered,-0.015145696319078349,100
2021-08-27,macd_hist_atr,-0.03784023810939305,100
2021-08-27,breakout_position_60,0.02232250012162102,100
2021-08-27,trend_r2_20,0.04015649753061502,100
2021-08-27,realized_vol_5,-0.2691661466278044,100
2021-08-27,realized_vol_20,-0.2161082041344246,100
2021-08-27,vol_ratio_5_20,-0.15720560703930847,100
2021-08-27,parkinson_vol_20,-0.22978973646703102,100
2021-08-27,overnight_vol_20,-0.0970668714965972,100
2021-08-27,downside_vol_20,-0.14498823869317398,100
2021-08-27,volume_zscore_20,-0.15492535165054072,100
2021-08-27,volume_trend_5_20,-0.0053766021798313,100
2021-08-27,amihud_illiq_20,-0.17974413135565487,100
2021-08-27,signed_volume_pressure_20,0.09556670347767107,100
2021-08-27,volume_cv_20,-0.17299937594256293,100
2021-08-27,return_volume_corr_20,-0.03565599347383659,100
2021-08-27,close_location_value,-0.2239930872419004,100
2021-08-27,body_range_ratio,-0.1392700160574877,100
2021-08-27,gap_followthrough_20,-0.027327060632758637,100
2021-08-27,cs_rank_ret20,-0.07611252460823684,100
2021-08-27,cs_rank_ret60,0.0962747827826042,100
2021-08-27,cs_rank_vol20,-0.2161082041344246,100
2021-08-27,cs_rank_amihud20,-0.17974413135565487,100
2021-08-27,return_autocorr_20,0.0308194517808187,100
2021-08-27,revenue_growth_yoy,-0.020146314012380415,72
2021-08-27,gross_margin_change_yoy,-0.09305979283509014,69
2021-08-27,operating_profitability,0.3913867661868373,74
2021-08-27,cashflow_to_assets,0.22582766382558994,78
2021-08-27,debt_to_assets,0.09988507615063406,53
2021-08-27,asset_growth_yoy,0.23399749266665862,79
2021-09-03,ret_1d,0.1555078834128913,100
2021-09-03,ret_5d,0.13973039223102865,100
2021-09-03,ret_20d,0.03699381036263384,100
2021-09-03,ret_60d,0.04559269604789812,100
2021-09-03,ret_120d,-0.09398168011347463,100
2021-09-03,momentum_20_5,-0.03731184312000928,100
2021-09-03,overnight_gap,0.008460871469799467,100
2021-09-03,intraday_return,0.18188691700282258,100
2021-09-03,ema20_distance,0.015925640341026795,100
2021-09-03,ema60_distance,-0.05575774304778485,100
2021-09-03,ema20_60_spread,-0.0830545546194996,100
2021-09-03,rsi14_centered,-0.023720443205756944,100
2021-09-03,macd_hist_atr,0.031131206514411085,100
2021-09-03,breakout_position_60,-0.051101263430363295,100
2021-09-03,trend_r2_20,0.01952001056117565,100
2021-09-03,realized_vol_5,-0.0849207468373064,100
2021-09-03,realized_vol_20,-0.1540178638406687,100
2021-09-03,vol_ratio_5_20,0.06499869486586371,100
2021-09-03,parkinson_vol_20,-0.22828151299686603,100
2021-09-03,overnight_vol_20,-0.05102325539553536,100
2021-09-03,downside_vol_20,-0.1305314447393956,100
2021-09-03,volume_zscore_20,-0.007530775669927894,100
2021-09-03,volume_trend_5_20,0.07027923876190875,100
2021-09-03,amihud_illiq_20,-0.1518096363932317,100
2021-09-03,signed_volume_pressure_20,0.16060054185653397,100
2021-09-03,volume_cv_20,-0.1261389923167763,100
2021-09-03,return_volume_corr_20,-0.08583284078298693,100
2021-09-03,close_location_value,0.08778904227174908,100
2021-09-03,body_range_ratio,0.13395340464696012,100
2021-09-03,gap_followthrough_20,-0.08440469368382927,100
2021-09-03,cs_rank_ret20,0.03699381036263384,100
2021-09-03,cs_rank_ret60,0.04559269604789812,100
2021-09-03,cs_rank_vol20,-0.1540178638406687,100
2021-09-03,cs_rank_amihud20,-0.1518096363932317,100
2021-09-03,return_autocorr_20,-0.05844001932225319,100
2021-09-03,revenue_growth_yoy,-0.14489910764530908,72
2021-09-03,gross_margin_change_yoy,0.037687937302471726,69
2021-09-03,operating_profitability,0.3137699188436704,74
2021-09-03,cashflow_to_assets,0.13814208755911886,78
2021-09-03,debt_to_assets,-0.2867382209094706,54
2021-09-03,asset_growth_yoy,-0.1240399712752103,79
2021-09-10,ret_1d,-0.1492473724800371,100
2021-09-10,ret_5d,-0.12030003000300028,100
2021-09-10,ret_20d,-0.12986498649864986,100
2021-09-10,ret_60d,-0.17405340534053404,100
2021-09-10,ret_120d,-0.24368436843684368,100
2021-09-10,momentum_20_5,-0.07501950195019501,100
2021-09-10,overnight_gap,-0.18513706911895242,100
2021-09-10,intraday_return,-0.1245008235853896,100
2021-09-10,ema20_distance,-0.22970297029702966,100
2021-09-10,ema60_distance,-0.21308130813081305,100
2021-09-10,ema20_60_spread,-0.17819381938193815,100
2021-09-10,rsi14_centered,-0.20212421242124207,100
2021-09-10,macd_hist_atr,-0.10177017701770176,100
2021-09-10,breakout_position_60,-0.21810981098109808,100
2021-09-10,trend_r2_20,0.0323072307230723,100
2021-09-10,realized_vol_5,0.08387638763876386,100
2021-09-10,realized_vol_20,0.17148514851485147,100
2021-09-10,vol_ratio_5_20,0.0032403240324032404,100
2021-09-10,parkinson_vol_20,0.13868586858685866,100
2021-09-10,overnight_vol_20,0.05076507650765077,100
2021-09-10,downside_vol_20,0.13413741374137414,100
2021-09-10,volume_zscore_20,-0.10310231023102309,100
2021-09-10,volume_trend_5_20,0.11618361836183616,100
2021-09-10,amihud_illiq_20,0.13909390939093907,100
2021-09-10,signed_volume_pressure_20,-0.11237923792379235,100
2021-09-10,volume_cv_20,0.0918211821182118,100
2021-09-10,return_volume_corr_20,0.22702670267026698,100
2021-09-10,close_location_value,0.0288028802880288,100
2021-09-10,body_range_ratio,-0.05999417940074827,100
2021-09-10,gap_followthrough_20,-0.12316831683168315,100
2021-09-10,cs_rank_ret20,-0.12986498649864986,100
2021-09-10,cs_rank_ret60,-0.17405340534053404,100
2021-09-10,cs_rank_vol20,0.17148514851485147,100
2021-09-10,cs_rank_amihud20,0.13909390939093907,100
2021-09-10,return_autocorr_20,-0.13422142214221422,100
2021-09-10,revenue_growth_yoy,-0.01791126367721134,72
2021-09-10,gross_margin_change_yoy,-0.029923546982861215,69
2021-09-10,operating_profitability,-0.011033032455189214,74
2021-09-10,cashflow_to_assets,0.044778289927992834,78
2021-09-10,debt_to_assets,-0.0514687672155013,54
2021-09-10,asset_growth_yoy,0.04990293271107936,79
2021-09-17,ret_1d,0.09448828351938278,100
2021-09-17,ret_5d,-0.09297608693314599,100
2021-09-17,ret_20d,-0.07912628645285033,100
2021-09-17,ret_60d,0.22598337794083806,100
2021-09-17,ret_120d,0.14976746983848313,100
2021-09-17,momentum_20_5,-0.04301359178629085,100
2021-09-17,overnight_gap,-0.08773740590225426,100
2021-09-17,intraday_return,0.1033454349530554,100
2021-09-17,ema20_distance,0.017216238118703747,100
2021-09-17,ema60_distance,0.11488493509326705,100
2021-09-17,ema20_60_spread,0.17542080478357147,100
2021-09-17,rsi14_centered,0.011779531344376247,100
2021-09-17,macd_hist_atr,-0.16674967753312642,100
2021-09-17,breakout_position_60,0.1597767710521457,100
2021-09-17,trend_r2_20,0.20304239560280932,100
2021-09-17,realized_vol_5,-0.05350895618838665,100
2021-09-17,realized_vol_20,-0.005148669329330016,100
2021-09-17,vol_ratio_5_20,-0.0157640493335081,100
2021-09-17,parkinson_vol_20,0.05621530801534217,100
2021-09-17,overnight_vol_20,-0.08731735129496626,100
2021-09-17,downside_vol_20,0.034894536305424294,100
2021-09-17,volume_zscore_20,0.028101653227566973,100
2021-09-17,volume_trend_5_20,-0.03691679920051078,100
2021-09-17,amihud_illiq_20,0.13834198452024962,100
2021-09-17,signed_volume_pressure_20,0.030711992572856665,100
2021-09-17,volume_cv_20,0.11571304274763483,100
2021-09-17,return_volume_corr_20,0.12757658501346866,100
2021-09-17,close_location_value,0.15353595974386688,100
2021-09-17,body_range_ratio,0.09945692944558936,100
2021-09-17,gap_followthrough_20,-0.12544030729640399,100
2021-09-17,cs_rank_ret20,-0.07912628645285033,100
2021-09-17,cs_rank_ret60,0.22598337794083806,100
2021-09-17,cs_rank_vol20,-0.005148669329330016,100
2021-09-17,cs_rank_amihud20,0.13834198452024962,100
2021-09-17,return_autocorr_20,0.013033694386136123,100
2021-09-17,revenue_growth_yoy,0.09451148434658911,72
2021-09-17,gross_margin_change_yoy,-0.2052340717829295,69
2021-09-17,operating_profitability,-0.08081750529596074,74
2021-09-17,cashflow_to_assets,0.07055193389949886,78
2021-09-17,debt_to_assets,0.04838064118257123,54
2021-09-17,asset_growth_yoy,-0.007205672033577809,79
2021-09-24,ret_1d,0.21043156835080806,100
2021-09-24,ret_5d,0.3280117852153534,100
2021-09-24,ret_20d,0.24846084608460844,100
2021-09-24,ret_60d,0.10589858985898588,100
2021-09-24,ret_120d,0.03348334833483348,100
2021-09-24,momentum_20_5,0.08535253525352535,100
2021-09-24,overnight_gap,-0.1377681901242028,100
2021-09-24,intraday_return,0.2300297633500592,100
2021-09-24,ema20_distance,0.32568856885688563,100
2021-09-24,ema60_distance,0.28589258925892586,100
2021-09-24,ema20_60_spread,0.10414641464146414,100
2021-09-24,rsi14_centered,0.2944734473447344,100
2021-09-24,macd_hist_atr,0.09431743174317431,100
2021-09-24,breakout_position_60,0.3099309930993099,100
2021-09-24,trend_r2_20,0.03186318631863186,100
2021-09-24,realized_vol_5,0.15487548754875488,100
2021-09-24,realized_vol_20,0.1639363936393639,100
2021-09-24,vol_ratio_5_20,0.06895889588958896,100
2021-09-24,parkinson_vol_20,0.14957095709570956,100
2021-09-24,overnight_vol_20,0.07295529552955295,100
2021-09-24,downside_vol_20,0.0806240624062406,100
2021-09-24,volume_zscore_20,0.19995199519951992,100
2021-09-24,volume_trend_5_20,0.2735313531353135,100
2021-09-24,amihud_illiq_20,0.02485448544854485,100
2021-09-24,signed_volume_pressure_20,0.061554155415541545,100
2021-09-24,volume_cv_20,-0.0798079807980798,100
2021-09-24,return_volume_corr_20,0.1466186618661866,100
2021-09-24,close_location_value,0.14450645064506448,100
2021-09-24,body_range_ratio,0.18184436658215145,100
2021-09-24,gap_followthrough_20,0.10897089708970896,100
2021-09-24,cs_rank_ret20,0.24846084608460844,100
2021-09-24,cs_rank_ret60,0.10589858985898588,100
2021-09-24,cs_rank_vol20,0.1639363936393639,100
2021-09-24,cs_rank_amihud20,0.02485448544854485,100
2021-09-24,return_autocorr_20,0.0547134713471347,100
2021-09-24,revenue_growth_yoy,0.31643768440861436,72
2021-09-24,gross_margin_change_yoy,0.04623717790819398,69
2021-09-24,operating_profitability,0.07292168028100898,74
2021-09-24,cashflow_to_assets,-0.0034649114488195525,78
2021-09-24,debt_to_assets,0.10545120661807593,55
2021-09-24,asset_growth_yoy,0.09088419476917795,79
2021-10-01,ret_1d,-0.19498349834983494,100
2021-10-01,ret_5d,0.0831083108310831,100
2021-10-01,ret_20d,0.050129012901290126,100
2021-10-01,ret_60d,0.000156015601560156,100
2021-10-01,ret_120d,-0.12148814881488147,100
2021-10-01,momentum_20_5,0.08748874887488749,100
2021-10-01,overnight_gap,-0.21150378489079558,100
2021-10-01,intraday_return,-0.1636963696369637,100
2021-10-01,ema20_distance,0.013573357335733572,100
2021-10-01,ema60_distance,-0.006120612061206121,100
2021-10-01,ema20_60_spread,-0.024230423042304227,100
2021-10-01,rsi14_centered,-0.030339033903390336,100
2021-10-01,macd_hist_atr,0.09918991899189919,100
2021-10-01,breakout_position_60,-0.07981998199819981,100
2021-10-01,trend_r2_20,0.06282628262826281,100
2021-10-01,realized_vol_5,-0.12524452445244524,100
2021-10-01,realized_vol_20,-0.2928892889288928,100
2021-10-01,vol_ratio_5_20,0.11494749474947494,100
2021-10-01,parkinson_vol_20,-0.31035103510351036,100
2021-10-01,overnight_vol_20,-0.19296729672967294,100
2021-10-01,downside_vol_20,-0.29258925892589255,100
2021-10-01,volume_zscore_20,0.10136213621362135,100
2021-10-01,volume_trend_5_20,0.09844584458445843,100
2021-10-01,amihud_illiq_20,-0.06592259225922592,100
2021-10-01,signed_volume_pressure_20,-0.012877287728772875,100
2021-10-01,volume_cv_20,-0.08547254725472547,100
2021-10-01,return_volume_corr_20,-0.030447044704470447,100
2021-10-01,close_location_value,-0.21779777977797776,100
2021-10-01,body_range_ratio,-0.1437983798379838,100
2021-10-01,gap_followthrough_20,-0.20656465646564656,100
2021-10-01,cs_rank_ret20,0.050129012901290126,100
2021-10-01,cs_rank_ret60,0.000156015601560156,100
2021-10-01,cs_rank_vol20,-0.2928892889288928,100
2021-10-01,cs_rank_amihud20,-0.06592259225922592,100
2021-10-01,return_autocorr_20,-0.06124212421242123,100
2021-10-01,revenue_growth_yoy,-0.017718323673507088,72
2021-10-01,gross_margin_change_yoy,0.15564628833576166,69
2021-10-01,operating_profitability,0.04990781124025187,74
2021-10-01,cashflow_to_assets,0.061116485518777,78
2021-10-01,debt_to_assets,-0.2711968033734519,54
2021-10-01,asset_growth_yoy,-0.22631588556824622,79
2021-10-08,ret_1d,0.09561585636618943,100
2021-10-08,ret_5d,-0.18684892709328907,100
2021-10-08,ret_20d,-0.3297609332482693,100
2021-10-08,ret_60d,-0.2475037204345109,100
2021-10-08,ret_120d,0.06017473957516548,100
2021-10-08,momentum_20_5,-0.19318563680523312,100
2021-10-08,overnight_gap,-0.04902549085850638,100
2021-10-08,intraday_return,0.11845326677440832,100
2021-10-08,ema20_distance,-0.3632326820865494,100
2021-10-08,ema60_distance,-0.27151841008148064,100
2021-10-08,ema20_60_spread,-0.1691709471582634,100
2021-10-08,rsi14_centered,-0.34611876532664,100
2021-10-08,macd_hist_atr,-0.30316595460874657,100
2021-10-08,breakout_position_60,-0.286136047257897,100
2021-10-08,trend_r2_20,0.13591522251470864,100
2021-10-08,realized_vol_5,-0.06449522346967278,100
2021-10-08,realized_vol_20,-0.25198022180298657,100
2021-10-08,vol_ratio_5_20,0.09010609188877991,100
2021-10-08,parkinson_vol_20,-0.31324708369593024,100
2021-10-08,overnight_vol_20,0.0035283951805142907,100
2021-10-08,downside_vol_20,-0.12569007729770804,100
2021-10-08,volume_zscore_20,0.05513417503157364,100
2021-10-08,volume_trend_5_20,0.18046421200473942,100
2021-10-08,amihud_illiq_20,-0.08210119533978999,100
2021-10-08,signed_volume_pressure_20,-0.31487926650052184,100
2021-10-08,volume_cv_20,-0.11757716865135547,100
2021-10-08,return_volume_corr_20,-0.36612500602703896,100
2021-10-08,close_location_value,0.08007296817820186,100
2021-10-08,body_range_ratio,0.04841342230678451,100
2021-10-08,gap_followthrough_20,-0.03223561039068498,100
2021-10-08,cs_rank_ret20,-0.3297609332482693,100
2021-10-08,cs_rank_ret60,-0.2475037204345109,100
2021-10-08,cs_rank_vol20,-0.25198022180298657,100
2021-10-08,cs_rank_amihud20,-0.08210119533978999,100
2021-10-08,return_autocorr_20,0.3040900581084051,100
2021-10-08,revenue_growth_yoy,-0.04358871291904493,72
2021-10-08,gross_margin_change_yoy,-0.20479000347101697,69
2021-10-08,operating_profitability,0.02520585273384278,74
2021-10-08,cashflow_to_assets,0.14647563165482183,78
2021-10-08,debt_to_assets,-0.035775508885071396,53
2021-10-08,asset_growth_yoy,-0.08244988376197375,79
2021-10-15,ret_1d,-0.13008139838461905,100
2021-10-15,ret_5d,-0.08109835313073743,100
2021-10-15,ret_20d,-0.08618687724874448,100
2021-10-15,ret_60d,0.046474786903260186,100
2021-10-15,ret_120d,-0.04879702609390728,100
2021-10-15,momentum_20_5,-0.01707775900925481,100
2021-10-15,overnight_gap,0.028076891919994115,100
2021-10-15,intraday_return,-0.16116653415795618,100
2021-10-15,ema20_distance,-0.12806519071522,100
2021-10-15,ema60_distance,-0.13423982670275453,100
2021-10-15,ema20_60_spread,-0.05144329865999349,100
2021-10-15,rsi14_centered,-0.12244261158954477,100
2021-10-15,macd_hist_atr,0.03183927944592622,100
2021-10-15,breakout_position_60,-0.09697598852725473,100
2021-10-15,trend_r2_20,-0.14255668333902546,100
2021-10-15,realized_vol_5,-0.1933999201926502,100
2021-10-15,realized_vol_20,-0.12598297624712043,100
2021-10-15,vol_ratio_5_20,-0.1293193198905307,100
2021-10-15,parkinson_vol_20,-0.020396100798474034,100
2021-10-15,overnight_vol_20,-0.21701835289132446,100
2021-10-15,downside_vol_20,-0.06366655765572506,100
2021-10-15,volume_zscore_20,0.02309037830906975,100
2021-10-15,volume_trend_5_20,-0.15684415494866555,100
2021-10-15,amihud_illiq_20,-0.12245461282567212,100
2021-10-15,signed_volume_pressure_20,-0.028496935184452246,100
2021-10-15,volume_cv_20,-0.08322857254334651,100
2021-10-15,return_volume_corr_20,-0.025280603902315707,100
2021-10-15,close_location_value,-0.1092532530855595,100
2021-10-15,body_range_ratio,-0.15954634783646354,100
2021-10-15,gap_followthrough_20,-0.16347483790904033,100
2021-10-15,cs_rank_ret20,-0.08618687724874448,100
2021-10-15,cs_rank_ret60,0.046474786903260186,100
2021-10-15,cs_rank_vol20,-0.12598297624712043,100
2021-10-15,cs_rank_amihud20,-0.12245461282567212,100
2021-10-15,return_autocorr_20,0.061206304249613167,100
2021-10-15,revenue_growth_yoy,-0.0806013345124206,72
2021-10-15,gross_margin_change_yoy,0.12338552037852353,69
2021-10-15,operating_profitability,0.07940880279604288,74
2021-10-15,cashflow_to_assets,0.0999645919218999,78
2021-10-15,debt_to_assets,0.008954141009873807,53
2021-10-15,asset_growth_yoy,0.07556080283353013,79
2021-10-22,ret_1d,0.20504665615758347,100
2021-10-22,ret_5d,0.06811881188118811,100
2021-10-22,ret_20d,0.2166216621662166,100
2021-10-22,ret_60d,0.20432043204320433,100
2021-10-22,ret_120d,0.1771257125712571,100
2021-10-22,momentum_20_5,0.18135013501350133,100
2021-10-22,overnight_gap,0.19012301230123008,100
2021-10-22,intraday_return,0.1897335425557371,100
2021-10-22,ema20_distance,0.17656165616561656,100
2021-10-22,ema60_distance,0.20404440444044403,100
2021-10-22,ema20_60_spread,0.17267326732673266,100
2021-10-22,rsi14_centered,0.18924692469246923,100
2021-10-22,macd_hist_atr,0.03348334833483348,100
2021-10-22,breakout_position_60,0.16829282928292827,100
2021-10-22,trend_r2_20,-0.00432043204320432,100
2021-10-22,realized_vol_5,0.1142154215421542,100
2021-10-22,realized_vol_20,0.02837083708370837,100
2021-10-22,vol_ratio_5_20,0.0686108610861086,100
2021-10-22,parkinson_vol_20,0.06478247824782478,100
2021-10-22,overnight_vol_20,0.021578157815781575,100
2021-10-22,downside_vol_20,-0.05788178817881788,100
2021-10-22,volume_zscore_20,-0.035775577557755775,100
2021-10-22,volume_trend_5_20,0.10996699669966994,100
2021-10-22,amihud_illiq_20,0.04124812481248125,100
2021-10-22,signed_volume_pressure_20,0.18373837383738373,100
2021-10-22,volume_cv_20,0.036963696369636964,100
2021-10-22,return_volume_corr_20,-0.027710771077107708,100
2021-10-22,close_location_value,0.13681409185207646,100
2021-10-22,body_range_ratio,0.14372080324338088,100
2021-10-22,gap_followthrough_20,-0.02987098709870987,100
2021-10-22,cs_rank_ret20,0.2166216621662166,100
2021-10-22,cs_rank_ret60,0.20432043204320433,100
2021-10-22,cs_rank_vol20,0.02837083708370837,100
2021-10-22,cs_rank_amihud20,0.04124812481248125,100
2021-10-22,return_autocorr_20,0.22035403540354034,100
2021-10-22,revenue_growth_yoy,-0.02043556205900863,72
2021-10-22,gross_margin_change_yoy,0.04183450707616129,69
2021-10-22,operating_profitability,0.03481699235187898,74
2021-10-22,cashflow_to_assets,0.14366736850379175,78
2021-10-22,debt_to_assets,0.014277937029667728,53
2021-10-22,asset_growth_yoy,-0.01509259428335083,79
2021-10-29,ret_1d,-0.01640583745497631,100
2021-10-29,ret_5d,-0.014209591475268435,100
2021-10-29,ret_20d,-0.12933848591973643,100
2021-10-29,ret_60d,0.04302481878280181,100
2021-10-29,ret_120d,-0.029499303924163695,100
2021-10-29,momentum_20_5,-0.20069847824401527,100
2021-10-29,overnight_gap,0.043806220490407256,100
2021-10-29,intraday_return,-0.031839566033688475,100
2021-10-29,ema20_distance,-0.07360424368059232,100
2021-10-29,ema60_distance,-0.00692477557536308,100
2021-10-29,ema20_60_spread,0.06456723153458123,100
2021-10-29,rsi14_centered,-0.08625366041617756,100
2021-10-29,macd_hist_atr,-0.15587345783850204,100
2021-10-29,breakout_position_60,0.01851807402562432,100
2021-10-29,trend_r2_20,-0.07196005953184927,100
2021-10-29,realized_vol_5,0.09766693870416768,100
2021-10-29,realized_vol_20,0.14536028036186766,100
2021-10-29,vol_ratio_5_20,0.017173923480666497,100
2021-10-29,parkinson_vol_20,0.23990686958666896,100
2021-10-29,overnight_vol_20,0.23032979695384445,100
2021-10-29,downside_vol_20,0.21541212617364286,100
2021-10-29,volume_zscore_20,0.10998031780351346,100
2021-10-29,volume_trend_5_20,-0.005640631751162302,100
2021-10-29,amihud_illiq_20,0.21001152130550876,100
2021-10-29,signed_volume_pressure_20,-0.149476741405801,100
2021-10-29,volume_cv_20,0.016777879123669993,100
2021-10-29,return_volume_corr_20,-0.030027363066825696,100
2021-10-29,close_location_value,0.12910484706264155,100
2021-10-29,body_range_ratio,-0.020738322693635014,100
2021-10-29,gap_followthrough_20,-0.12187364985755993,100
2021-10-29,cs_rank_ret20,-0.12933848591973643,100
2021-10-29,cs_rank_ret60,0.04302481878280181,100
2021-10-29,cs_rank_vol20,0.14536028036186766,100
2021-10-29,cs_rank_amihud20,0.21001152130550876,100
2021-10-29,return_autocorr_20,-0.13841150209820174,100
2021-10-29,revenue_growth_yoy,0.25079641792233537,73
2021-10-29,gross_margin_change_yoy,0.1270975108949475,69
2021-10-29,operating_profitability,0.01697073153770176,75
2021-10-29,cashflow_to_assets,0.028274959685812923,79
2021-10-29,debt_to_assets,0.14362324146534625,53
2021-10-29,asset_growth_yoy,0.039980074434051376,80
2021-11-05,ret_1d,-0.17878187818781877,100
2021-11-05,ret_5d,-0.15315931593159313,100
2021-11-05,ret_20d,0.017209720972097206,100
2021-11-05,ret_60d,-0.09599759975997599,100
2021-11-05,ret_120d,-0.040336033603360334,100
2021-11-05,momentum_20_5,0.055769576957695764,100
2021-11-05,overnight_gap,-0.2761236123612361,100
2021-11-05,intraday_return,-0.15335317556670613,100
2021-11-05,ema20_distance,-0.15937593759375934,100
2021-11-05,ema60_distance,-0.14057005700570055,100
2021-11-05,ema20_60_spread,-0.07109510951095108,100
2021-11-05,rsi14_centered,-0.1002100210021002,100
2021-11-05,macd_hist_atr,0.03281128112811281,100
2021-11-05,breakout_position_60,-0.11038703870387037,100
2021-11-05,trend_r2_20,0.029966996699669964,100
2021-11-05,realized_vol_5,-0.17719771977197715,100
2021-11-05,realized_vol_20,-0.06723072307230722,100
2021-11-05,vol_ratio_5_20,-0.14467446744674464,100
2021-11-05,parkinson_vol_20,-0.059225922592259214,100
2021-11-05,overnight_vol_20,-0.044248424842484244,100
2021-11-05,downside_vol_20,-0.07962796279627961,100
2021-11-05,volume_zscore_20,-0.053081308130813076,100
2021-11-05,volume_trend_5_20,0.05624962496249625,100
2021-11-05,amihud_illiq_20,-0.08596459645964596,100
2021-11-05,signed_volume_pressure_20,0.16556855685568553,100
2021-11-05,volume_cv_20,0.017713771377137713,100
2021-11-05,return_volume_corr_20,-0.002064206420642064,100
2021-11-05,close_location_value,-0.10415841584158414,100
2021-11-05,body_range_ratio,-0.14495223466071974,100
2021-11-05,gap_followthrough_20,-0.1358055805580558,100
2021-11-05,cs_rank_ret20,0.017209720972097206,100
2021-11-05,cs_rank_ret60,-0.09599759975997599,100
2021-11-05,cs_rank_vol20,-0.06723072307230722,100
2021-11-05,cs_rank_amihud20,-0.08596459645964596,100
2021-11-05,return_autocorr_20,0.1805100510051005,100
2021-11-05,revenue_growth_yoy,-0.29530957138336333,73
2021-11-05,gross_margin_change_yoy,0.01382913618194502,69
2021-11-05,operating_profitability,0.1620068421580248,75
2021-11-05,cashflow_to_assets,0.04239314991041205,79
2021-11-05,debt_to_assets,0.08483357904518149,53
2021-11-05,asset_growth_yoy,0.06925732101221253,80
2021-11-12,ret_1d,-0.12134595478971588,100
2021-11-12,ret_5d,0.12594210552488763,100
2021-11-12,ret_20d,0.24257116798828174,100
2021-11-12,ret_60d,-0.02064231194042374,100
2021-11-12,ret_120d,-0.03505592626626613,100
2021-11-12,momentum_20_5,0.18389659643204243,100
2021-11-12,overnight_gap,-0.022262760582312212,100
2021-11-12,intraday_return,-0.051305746247274124,100
2021-11-12,ema20_distance,0.23185396766107338,100
2021-11-12,ema60_distance,0.18389659643204243,100
2021-11-12,ema20_60_spread,-0.031035475975544066,100
2021-11-12,rsi14_centered,0.23754260478884134,100
2021-11-12,macd_hist_atr,0.279919350987467,100
2021-11-12,breakout_position_60,0.14578032740716695,100
2021-11-12,trend_r2_20,0.1526690989500758,100
2021-11-12,realized_vol_5,-0.08769382171434667,100
2021-11-12,realized_vol_20,-0.006708751380637716,100
2021-11-12,vol_ratio_5_20,-0.09512265374406893,100
2021-11-12,parkinson_vol_20,0.005340598147377073,100
2021-11-12,overnight_vol_20,-0.0049925591669862076,100
2021-11-12,downside_vol_20,-0.13321492008064156,100
2021-11-12,volume_zscore_20,-0.12384187029839104,100
2021-11-12,volume_trend_5_20,-0.12834237435516946,100
2021-11-12,amihud_illiq_20,0.06499927992403197,100
2021-11-12,signed_volume_pressure_20,0.23258604965430937,100
2021-11-12,volume_cv_20,-0.04883346935208384,100
2021-11-12,return_volume_corr_20,0.002640295713310013,100
2021-11-12,close_location_value,-0.10231145889076301,100
2021-11-12,body_range_ratio,-0.06263501512620435,100
2021-11-12,gap_followthrough_20,-0.03143152033254057,100
2021-11-12,cs_rank_ret20,0.24257116798828174,100
2021-11-12,cs_rank_ret60,-0.02064231194042374,100
2021-11-12,cs_rank_vol20,-0.006708751380637716,100
2021-11-12,cs_rank_amihud20,0.06499927992403197,100
2021-11-12,return_autocorr_20,-0.03319571792279771,100
2021-11-12,revenue_growth_yoy,-0.2067784582632708,73
2021-11-12,gross_margin_change_yoy,-0.01216682803851002,69
2021-11-12,operating_profitability,0.17525142605157965,75
2021-11-12,cashflow_to_assets,0.12378251034353425,80
2021-11-12,debt_to_assets,0.11031656305495192,52
2021-11-12,asset_growth_yoy,0.04913325285106482,80
2021-11-19,ret_1d,0.039736450485315704,100
2021-11-19,ret_5d,-0.09944313763857622,100
2021-11-19,ret_20d,-0.06837165763057794,100
2021-11-19,ret_60d,-0.058986606504175976,100
2021-11-19,ret_120d,-0.19626998225214526,100
2021-11-19,momentum_20_5,-0.08338533916399078,100
2021-11-19,overnight_gap,-0.08541382259305785,100
2021-11-19,intraday_return,0.07130084130432174,100
2021-11-19,ema20_distance,-0.10508376938973854,100
2021-11-19,ema60_distance,-0.12201766598737683,100
2021-11-19,ema20_60_spread,-0.09146224377788915,100
2021-11-19,rsi14_centered,-0.08118909318428291,100
2021-11-19,macd_hist_atr,-0.036076040519135905,100
2021-11-19,breakout_position_60,-0.11860964011341729,100
2021-11-19,trend_r2_20,0.0009241034996585046,100
2021-11-19,realized_vol_5,0.20309874707429706,100
2021-11-19,realized_vol_20,0.28121549615581926,100
2021-11-19,vol_ratio_5_20,-0.07338821948586696,100
2021-11-19,parkinson_vol_20,0.1890331717288455,100
2021-11-19,overnight_vol_20,0.20894340167603334,100
2021-11-19,downside_vol_20,0.24559550671443686,100
2021-11-19,volume_zscore_20,-0.12100955307865847,100
2021-11-19,volume_trend_5_20,-0.0389443617713227,100
2021-11-19,amihud_illiq_20,0.10797609333022815,100
2021-11-19,signed_volume_pressure_20,-0.13868753301368414,100
2021-11-19,volume_cv_20,0.2831237098758933,100
2021-11-19,return_volume_corr_20,-0.20557102396948734,100
2021-11-19,close_location_value,-0.03379578513036817,100
2021-11-19,body_range_ratio,0.11211790261992488,100
2021-11-19,gap_followthrough_20,0.2246291584819251,100
2021-11-19,cs_rank_ret20,-0.06837165763057794,100
2021-11-19,cs_rank_ret60,-0.058986606504175976,100
2021-11-19,cs_rank_vol20,0.28121549615581926,100
2021-11-19,cs_rank_amihud20,0.10797609333022815,100
2021-11-19,return_autocorr_20,-0.11996543613748588,100
2021-11-19,revenue_growth_yoy,-0.10604260833346191,73
2021-11-19,gross_margin_change_yoy,0.02727488627852171,69
2021-11-19,operating_profitability,-0.19903554815857977,75
2021-11-19,cashflow_to_assets,-0.1678758541473763,80
2021-11-19,debt_to_assets,0.1237978133962239,53
2021-11-19,asset_growth_yoy,0.007559863570834162,80
2021-11-26,ret_1d,0.343421372402903,100
2021-11-26,ret_5d,0.4138373837383738,100
2021-11-26,ret_20d,0.027734856690363924,100
2021-11-26,ret_60d,-0.014257425742574256,100
2021-11-26,ret_120d,-0.08604860486048604,100
2021-11-26,momentum_20_5,-0.12465646564656464,100
2021-11-26,overnight_gap,0.40027722855634273,100
2021-11-26,intraday_return,0.030231385917399652,100
2021-11-26,ema20_distance,0.26159015901590155,100
2021-11-26,ema60_distance,0.01014101410141014,100
2021-11-26,ema20_60_spread,-0.18024602460246023,100
2021-11-26,rsi14_centered,0.1222922292229223,100
2021-11-26,macd_hist_atr,0.23594359435943593,100
2021-11-26,breakout_position_60,0.0814161416141614,100
2021-11-26,trend_r2_20,-0.11233123312331231,100
2021-11-26,realized_vol_5,-0.411053105310531,100
2021-11-26,realized_vol_20,-0.5731173117311731,100
2021-11-26,vol_ratio_5_20,0.12069606960696068,100
2021-11-26,parkinson_vol_20,-0.5486828682868286,100
2021-11-26,overnight_vol_20,-0.4777437743774377,100
2021-11-26,downside_vol_20,-0.43828382838283825,100
2021-11-26,volume_zscore_20,0.05971797179717971,100
2021-11-26,volume_trend_5_20,0.2764236423642364,100
2021-11-26,amihud_illiq_20,-0.42015001500150007,100
2021-11-26,signed_volume_pressure_20,0.16037203720372034,100
2021-11-26,volume_cv_20,-0.22736273627362732,100
2021-11-26,return_volume_corr_20,-0.03216321632163216,100
2021-11-26,close_location_value,-0.155007500750075,100
2021-11-26,body_range_ratio,0.0008280927464472315,100
2021-11-26,gap_followthrough_20,0.020498049804980493,100
2021-11-26,cs_rank_ret20,0.027734856690363924,100
2021-11-26,cs_rank_ret60,-0.014257425742574256,100
2021-11-26,cs_rank_vol20,-0.5731173117311731,100
2021-11-26,cs_rank_amihud20,-0.42015001500150007,100
2021-11-26,return_autocorr_20,-0.0924932493249325,100
2021-11-26,revenue_growth_yoy,-0.24662352388370837,73
2021-11-26,gross_margin_change_yoy,0.04258350916791789,69
2021-11-26,operating_profitability,0.31636579881667837,76
2021-11-26,cashflow_to_assets,0.15718245925306557,81
2021-11-26,debt_to_assets,-0.1947874313370707,53
2021-11-26,asset_growth_yoy,-0.26075124634136426,81
2021-12-03,ret_1d,0.32934088620297,100
2021-12-03,ret_5d,0.24666066606660664,100
2021-12-03,ret_20d,0.2587818781878187,100
2021-12-03,ret_60d,0.08538853885388538,100
2021-12-03,ret_120d,0.09166516651665166,100
2021-12-03,momentum_20_5,0.2267986798679868,100
2021-12-03,overnight_gap,0.18330853056862337,100
2021-12-03,intraday_return,0.2243144314431443,100
2021-12-03,ema20_distance,0.3859225922592259,100
2021-12-03,ema60_distance,0.2619261926192619,100
2021-12-03,ema20_60_spread,0.12014401440144012,100
2021-12-03,rsi14_centered,0.31213921392139216,100
2021-12-03,macd_hist_atr,0.19265526552655263,100
2021-12-03,breakout_position_60,0.29503750375037496,100
2021-12-03,trend_r2_20,-0.17525352535253522,100
2021-12-03,realized_vol_5,-0.17072907290729072,100
2021-12-03,realized_vol_20,-0.40165616561656153,100
2021-12-03,vol_ratio_5_20,0.23497149714971496,100
2021-12-03,parkinson_vol_20,-0.43277527752775274,100
2021-12-03,overnight_vol_20,-0.4067326732673267,100
2021-12-03,downside_vol_20,-0.42817881788178813,100
2021-12-03,volume_zscore_20,0.24567656765676565,100
2021-12-03,volume_trend_5_20,0.24793279327932788,100
2021-12-03,amihud_illiq_20,-0.3472787278727873,100
2021-12-03,signed_volume_pressure_20,0.14945094509450943,100
2021-12-03,volume_cv_20,-0.13143714371437143,100
2021-12-03,return_volume_corr_20,-0.00564056405640564,100
2021-12-03,close_location_value,0.19116711671167116,100
2021-12-03,body_range_ratio,0.2904530453045304,100
2021-12-03,gap_followthrough_20,0.25224122412241223,100
2021-12-03,cs_rank_ret20,0.2587818781878187,100
2021-12-03,cs_rank_ret60,0.08538853885388538,100
2021-12-03,cs_rank_vol20,-0.40165616561656153,100
2021-12-03,cs_rank_amihud20,-0.3472787278727873,100
2021-12-03,return_autocorr_20,0.10676267626762675,100
2021-12-03,revenue_growth_yoy,-0.20117704228231945,73
2021-12-03,gross_margin_change_yoy,0.008165949634517073,69
2021-12-03,operating_profitability,0.25431479368190596,76
2021-12-03,cashflow_to_assets,0.29951614451778474,81
2021-12-03,debt_to_assets,-0.06003390592990082,53
2021-12-03,asset_growth_yoy,-0.15739700427647133,81
2021-12-10,ret_1d,-0.24877287728772873,100
2021-12-10,ret_5d,-0.03431143114311431,100
2021-12-10,ret_20d,-0.47331533153315325,100
2021-12-10,ret_60d,-0.353039303930393,100
2021-12-10,ret_120d,-0.3718811881188118,100
2021-12-10,momentum_20_5,-0.5052145214521452,100
2021-12-10,overnight_gap,0.08873687368736873,100
2021-12-10,intraday_return,-0.2633423342334233,100
2021-12-10,ema20_distance,-0.35941194119411934,100
2021-12-10,ema60_distance,-0.44477647764776473,100
2021-12-10,ema20_60_spread,-0.4095169516951695,100
2021-12-10,rsi14_centered,-0.4178817881788179,100
2021-12-10,macd_hist_atr,-0.12938493849384938,100
2021-12-10,breakout_position_60,-0.4728352835283528,100
2021-12-10,trend_r2_20,0.27783978397839787,100
2021-12-10,realized_vol_5,0.23438343834383435,100
2021-12-10,realized_vol_20,0.2529492949294929,100
2021-12-10,vol_ratio_5_20,0.13602160216021603,100
2021-12-10,parkinson_vol_20,0.4177857785778578,100
2021-12-10,overnight_vol_20,0.39559555955595554,100
2021-12-10,downside_vol_20,0.3681488148814881,100
2021-12-10,volume_zscore_20,-0.15063906390639062,100
2021-12-10,volume_trend_5_20,-0.2162016201620162,100
2021-12-10,amihud_illiq_20,0.44739273927392736,100
2021-12-10,signed_volume_pressure_20,-0.4183618361836183,100
2021-12-10,volume_cv_20,0.08142814281428142,100
2021-12-10,return_volume_corr_20,-0.045268526852685266,100
2021-12-10,close_location_value,-0.19371137113711367,100
2021-12-10,body_range_ratio,-0.28428442844284424,100
2021-12-10,gap_followthrough_20,-0.4331953195319531,100
2021-12-10,cs_rank_ret20,-0.47331533153315325,100
2021-12-10,cs_rank_ret60,-0.353039303930393,100
2021-12-10,cs_rank_vol20,0.2529492949294929,100
2021-12-10,cs_rank_amihud20,0.44739273927392736,100
2021-12-10,return_autocorr_20,-0.011413141314131414,100
2021-12-10,revenue_growth_yoy,0.13174234652948455,73
2021-12-10,gross_margin_change_yoy,-0.052667634891079916,69
2021-12-10,operating_profitability,-0.19975529566629094,76
2021-12-10,cashflow_to_assets,-0.2175712374201198,81
2021-12-10,debt_to_assets,0.032030068775191906,52
2021-12-10,asset_growth_yoy,0.26075124634136426,81
2021-12-17,ret_1d,0.13301570061776224,100
2021-12-17,ret_5d,-0.3015421542154215,100
2021-12-17,ret_20d,-0.4146654665466546,100
2021-12-17,ret_60d,-0.3026582658265826,100
2021-12-17,ret_120d,-0.08552055205520549,100
2021-12-17,momentum_20_5,-0.31707170717071703,100
2021-12-17,overnight_gap,-0.07847584758475847,100
2021-12-17,intraday_return,0.21558955895589554,100
2021-12-17,ema20_distance,-0.38126612661266124,100
2021-12-17,ema60_distance,-0.37650165016501647,100
2021-12-17,ema20_60_spread,-0.24177617761776177,100
2021-12-17,rsi14_centered,-0.3722292229222922,100
2021-12-17,macd_hist_atr,-0.2474527452745274,100
2021-12-17,breakout_position_60,-0.3554755475547554,100
2021-12-17,trend_r2_20,-0.0007080708070807079,100
2021-12-17,realized_vol_5,-0.11919591959195919,100
2021-12-17,realized_vol_20,0.016705670567056706,100
2021-12-17,vol_ratio_5_20,-0.1709330933093309,100
2021-12-17,parkinson_vol_20,0.14925892589258924,100
2021-12-17,overnight_vol_20,0.23071107110711067,100
2021-12-17,downside_vol_20,0.18489048904890487,100
2021-12-17,volume_zscore_20,-0.21698169816981697,100
2021-12-17,volume_trend_5_20,-0.22388238823882387,100
2021-12-17,amihud_illiq_20,0.03135913591359135,100
2021-12-17,signed_volume_pressure_20,-0.32132013201320125,100
2021-12-17,volume_cv_20,-0.11054305430543052,100
2021-12-17,return_volume_corr_20,-0.12628862886288628,100
2021-12-17,close_location_value,0.20236423642364232,100
2021-12-17,body_range_ratio,0.19867986798679865,100
2021-12-17,gap_followthrough_20,-0.14156615661566155,100
2021-12-17,cs_rank_ret20,-0.4146654665466546,100
2021-12-17,cs_rank_ret60,-0.3026582658265826,100
2021-12-17,cs_rank_vol20,0.016705670567056706,100
2021-12-17,cs_rank_amihud20,0.03135913591359135,100
2021-12-17,return_autocorr_20,0.0065406540654065395,100
2021-12-17,revenue_growth_yoy,0.18024327597781,73
2021-12-17,gross_margin_change_yoy,-0.024004603623613945,69
2021-12-17,operating_profitability,-0.31320788249455184,76
2021-12-17,cashflow_to_assets,-0.30099537599495085,81
2021-12-17,debt_to_assets,-0.04138284885754794,52
2021-12-17,asset_growth_yoy,-0.030533144383641474,81
2021-12-23,ret_1d,0.12039603960396038,100
2021-12-23,ret_5d,-0.037779777977797774,100
2021-12-23,ret_20d,0.019165916591659164,100
2021-12-23,ret_60d,-0.06366636663666365,100
2021-12-23,ret_120d,0.04824482448244824,100
2021-12-23,momentum_20_5,0.006516651665166516,100
2021-12-23,overnight_gap,0.0681068106810681,100
2021-12-23,intraday_return,0.1187038703870387,100
2021-12-23,ema20_distance,0.09498949894989499,100
2021-12-23,ema60_distance,0.0009960996099609958,100
2021-12-23,ema20_60_spread,-0.03444344434443444,100
2021-12-23,rsi14_centered,0.0754995499549955,100
2021-12-23,macd_hist_atr,0.19001500150015,100
2021-12-23,breakout_position_60,0.08938493849384938,100
2021-12-23,trend_r2_20,-0.14474647464746473,100
2021-12-23,realized_vol_5,-0.026738673867386733,100
2021-12-23,realized_vol_20,-0.03284728472847284,100
2021-12-23,vol_ratio_5_20,-0.034683468346834674,100
2021-12-23,parkinson_vol_20,-0.28208820882088204,100
2021-12-23,overnight_vol_20,0.009492949294929493,100
2021-12-23,downside_vol_20,0.02232223222322232,100
2021-12-23,volume_zscore_20,-0.1625922592259226,100
2021-12-23,volume_trend_5_20,-0.18495049504950495,100
2021-12-23,amihud_illiq_20,-0.14345034503450343,100
2021-12-23,signed_volume_pressure_20,0.09011701170117012,100
2021-12-23,volume_cv_20,-0.1609120912091209,100
2021-12-23,return_volume_corr_20,-0.06647464746474648,100
2021-12-23,close_location_value,0.05134113411341133,100
2021-12-23,body_range_ratio,0.11854785478547854,100
2021-12-23,gap_followthrough_20,0.21794179417941792,100
2021-12-23,cs_rank_ret20,0.019165916591659164,100
2021-12-23,cs_rank_ret60,-0.06366636663666365,100
2021-12-23,cs_rank_vol20,-0.03284728472847284,100
2021-12-23,cs_rank_amihud20,-0.14345034503450343,100
2021-12-23,return_autocorr_20,0.034407440744074404,100
2021-12-23,revenue_growth_yoy,0.18400734302150956,73
2021-12-23,gross_margin_change_yoy,-0.03883849870913489,69
2021-12-23,operating_profitability,-0.036240849220595214,76
2021-12-23,cashflow_to_assets,-0.16929860715382272,81
2021-12-23,debt_to_assets,0.16698342521466716,52
2021-12-23,asset_growth_yoy,0.029821758253401307,81
2021-12-31,ret_1d,-0.10245578241912813,100
2021-12-31,ret_5d,0.051167270229063866,100
2021-12-31,ret_20d,0.020264087201072905,100
2021-12-31,ret_60d,-0.24502923801261803,100
2021-12-31,ret_120d,-0.24375110636505257,100
2021-12-31,momentum_20_5,-0.010045034638612983,100
2021-12-31,overnight_gap,-0.07859609539817972,100
2021-12-31,intraday_return,-0.03764787773157578,100
2021-12-31,ema20_distance,-0.04396652855263878,100
2021-12-31,ema60_distance,-0.13672408258112118,100
2021-12-31,ema20_60_spread,-0.1483712822427387,100
2021-12-31,rsi14_centered,0.028922979066974063,100
2021-12-31,macd_hist_atr,0.1066429842278554,100
2021-12-31,breakout_position_60,-0.06564076099867827,100
2021-12-31,trend_r2_20,0.061932379035319354,100
2021-12-31,realized_vol_5,-0.08524478021274555,100
2021-12-31,realized_vol_20,-0.13017140765557433,100
2021-12-31,vol_ratio_5_20,0.032349331981339664,100
2021-12-31,parkinson_vol_20,-0.1633488249297029,100
2021-12-31,overnight_vol_20,-0.11809216349337127,100
2021-12-31,downside_vol_20,-0.13607001521217924,100
2021-12-31,volume_zscore_20,-0.23932265023405114,100
2021-12-31,volume_trend_5_20,-0.06444663800400445,100
2021-12-31,amihud_illiq_20,-0.17798433238703687,100
2021-12-31,signed_volume_pressure_20,0.16630112901703717,100
2021-12-31,volume_cv_20,-0.05400556257318809,100
2021-12-31,return_volume_corr_20,0.1627187600330157,100
2021-12-31,close_location_value,-0.061950380889510416,100
2021-12-31,body_range_ratio,0.02066612861133997,100
2021-12-31,gap_followthrough_20,0.14538897506508602,100
2021-12-31,cs_rank_ret20,0.020264087201072905,100
2021-12-31,cs_rank_ret60,-0.24502923801261803,100
2021-12-31,cs_rank_vol20,-0.13017140765557433,100
2021-12-31,cs_rank_amihud20,-0.17798433238703687,100
2021-12-31,return_autocorr_20,0.03800191419733335,100
2021-12-31,revenue_growth_yoy,-0.1027875908242445,73
2021-12-31,gross_margin_change_yoy,-0.20144686603701198,69
2021-12-31,operating_profitability,-0.1751766941448277,76
2021-12-31,cashflow_to_assets,-0.1742905859370589,81
2021-12-31,debt_to_assets,0.053041793891717794,52
2021-12-31,asset_growth_yoy,-0.15781569349247396,81
