date,factor,rank_ic,number_of_stocks
2016-01-08,ret_1d,0.06347327830246237,97
2016-01-08,ret_5d,0.1209893751314959,97
2016-01-08,ret_20d,0.019776982958131704,97
2016-01-08,ret_60d,0.11071954555017884,97
2016-01-08,ret_120d,,0
2016-01-08,momentum_20_5,-0.018751314958973277,97
2016-01-08,overnight_gap,-0.001347837378496456,97
2016-01-08,intraday_return,0.018639604722133916,97
2016-01-08,ema20_distance,0.050902061855670096,97
2016-01-08,ema60_distance,0.10019987376393856,97
2016-01-08,ema20_60_spread,0.14492162844519252,97
2016-01-08,rsi14_centered,-0.08284241531664212,97
2016-01-08,macd_hist_atr,-0.2126157163896486,97
2016-01-08,breakout_position_60,-0.040500869519698376,97
2016-01-08,trend_r2_20,-0.16701293919629703,97
2016-01-08,realized_vol_5,-0.3488323164317273,97
2016-01-08,realized_vol_20,-0.3468335787923416,97
2016-01-08,vol_ratio_5_20,-0.1735877340626972,97
2016-01-08,parkinson_vol_20,-0.3405875236692615,97
2016-01-08,overnight_vol_20,-0.23348411529560276,97
2016-01-08,downside_vol_20,-0.2742872922364822,97
2016-01-08,volume_zscore_20,0.19861638632664136,96
2016-01-08,volume_trend_5_20,0.09695192509993687,97
2016-01-08,amihud_illiq_20,-0.2628459034183397,96
2016-01-08,signed_volume_pressure_20,-0.011952977067115506,97
2016-01-08,volume_cv_20,-0.2121686303387334,97
2016-01-08,return_volume_corr_20,-0.11756646771568095,96
2016-01-08,close_location_value,-0.14622343782873973,97
2016-01-08,body_range_ratio,-0.05193447537923662,97
2016-01-08,gap_followthrough_20,-0.009612350094677046,97
2016-01-08,cs_rank_ret20,0.019776982958131704,97
2016-01-08,cs_rank_ret60,0.11071954555017884,97
2016-01-08,cs_rank_vol20,-0.3468335787923416,97
2016-01-08,cs_rank_amihud20,-0.2628459034183397,96
2016-01-08,return_autocorr_20,0.15425783715548075,97
2016-01-08,revenue_growth_yoy,0.02266214303413274,45
2016-01-08,gross_margin_change_yoy,0.09375633085771898,42
2016-01-08,operating_profitability,0.3106734994769125,62
2016-01-08,cashflow_to_assets,0.30201893134881364,38
2016-01-08,debt_to_assets,0.036587683207485185,48
2016-01-08,asset_growth_yoy,-0.19894226290803338,69
2016-01-15,ret_1d,0.10515726909320428,97
2016-01-15,ret_5d,0.0664974752787713,97
2016-01-15,ret_20d,0.0039185777403745,97
2016-01-15,ret_60d,0.08172470018935409,97
2016-01-15,ret_120d,,0
2016-01-15,momentum_20_5,0.03738428361035136,97
2016-01-15,overnight_gap,-0.01013833368398906,97
2016-01-15,intraday_return,0.09244161582158635,97
2016-01-15,ema20_distance,0.09351988217967598,97
2016-01-15,ema60_distance,0.11897748790237744,97
2016-01-15,ema20_60_spread,0.10221176099305702,97
2016-01-15,rsi14_centered,0.12235693246370712,97
2016-01-15,macd_hist_atr,-0.12318535661687355,97
2016-01-15,breakout_position_60,0.1097990742688828,97
2016-01-15,trend_r2_20,0.04661529560277719,97
2016-01-15,realized_vol_5,0.05823953292657268,97
2016-01-15,realized_vol_20,-0.050902061855670096,97
2016-01-15,vol_ratio_5_20,0.09962129181569533,97
2016-01-15,parkinson_vol_20,-0.07591258152745634,97
2016-01-15,overnight_vol_20,-0.017396907216494843,97
2016-01-15,downside_vol_20,-0.052124973700820525,97
2016-01-15,volume_zscore_20,0.09545577862181226,96
2016-01-15,volume_trend_5_20,0.0902324847464759,97
2016-01-15,amihud_illiq_20,0.039202387411828535,96
2016-01-15,signed_volume_pressure_20,0.0900089417210183,97
2016-01-15,volume_cv_20,0.03182200715337681,97
2016-01-15,return_volume_corr_20,-0.03836136733586544,96
2016-01-15,close_location_value,0.11480906795707972,97
2016-01-15,body_range_ratio,0.09183673469387754,97
2016-01-15,gap_followthrough_20,-0.010453923837576267,97
2016-01-15,cs_rank_ret20,0.0039185777403745,97
2016-01-15,cs_rank_ret60,0.08172470018935409,97
2016-01-15,cs_rank_vol20,-0.050902061855670096,97
2016-01-15,cs_rank_amihud20,0.039202387411828535,96
2016-01-15,return_autocorr_20,-0.19556069850620658,97
2016-01-15,revenue_growth_yoy,-0.1921670675307128,45
2016-01-15,gross_margin_change_yoy,-0.1677403672216753,42
2016-01-15,operating_profitability,-0.14306039965375209,62
2016-01-15,cashflow_to_assets,-0.2527767142810723,38
2016-01-15,debt_to_assets,0.12572266217883632,48
2016-01-15,asset_growth_yoy,0.016624192768256236,69
2016-01-22,ret_1d,-0.06610298758678729,97
2016-01-22,ret_5d,-0.037883968020197764,97
2016-01-22,ret_20d,-0.026115085209341467,97
2016-01-22,ret_60d,-0.1928650326109825,97
2016-01-22,ret_120d,,0
2016-01-22,momentum_20_5,-0.06733904902167052,97
2016-01-22,overnight_gap,0.018383126446454873,97
2016-01-22,intraday_return,-0.06644487691984009,97
2016-01-22,ema20_distance,-0.02773248474647591,97
2016-01-22,ema60_distance,-0.0978986955606985,97
2016-01-22,ema20_60_spread,-0.13875447086050913,97
2016-01-22,rsi14_centered,-0.052611508520934144,97
2016-01-22,macd_hist_atr,0.09049547654113191,97
2016-01-22,breakout_position_60,-0.10476278140122028,97
2016-01-22,trend_r2_20,0.05332158636650536,97
2016-01-22,realized_vol_5,0.0015385019987376393,97
2016-01-22,realized_vol_20,-0.03363665053650326,97
2016-01-22,vol_ratio_5_20,0.012820849989480328,97
2016-01-22,parkinson_vol_20,-0.14008257942352198,97
2016-01-22,overnight_vol_20,-0.09996318114874815,97
2016-01-22,downside_vol_20,-0.039356722070271404,97
2016-01-22,volume_zscore_20,-0.008126446454870607,97
2016-01-22,volume_trend_5_20,-0.05411056175047338,97
2016-01-22,amihud_illiq_20,-0.0780033662949716,97
2016-01-22,signed_volume_pressure_20,0.06457763517778245,97
2016-01-22,volume_cv_20,-0.15139122659373028,97
2016-01-22,return_volume_corr_20,0.002685838307107976,96
2016-01-22,close_location_value,0.13721596886177148,97
2016-01-22,body_range_ratio,-0.0077977067115505986,97
2016-01-22,gap_followthrough_20,0.23148537765621713,97
2016-01-22,cs_rank_ret20,-0.026115085209341467,97
2016-01-22,cs_rank_ret60,-0.1928650326109825,97
2016-01-22,cs_rank_vol20,-0.03363665053650326,97
2016-01-22,cs_rank_amihud20,-0.0780033662949716,97
2016-01-22,return_autocorr_20,-0.04852198611403324,97
2016-01-22,revenue_growth_yoy,0.08063506707493745,45
2016-01-22,gross_margin_change_yoy,0.12552165643786234,42
2016-01-22,operating_profitability,0.047544100430607986,62
2016-01-22,cashflow_to_assets,0.145647535371475,38
2016-01-22,debt_to_assets,0.008468365846242863,48
2016-01-22,asset_growth_yoy,-0.14543428420668997,69
2016-01-29,ret_1d,0.114178262999851,97
2016-01-29,ret_5d,0.010421084121545769,97
2016-01-29,ret_20d,-0.04736482221754681,97
2016-01-29,ret_60d,-0.09458499894803281,97
2016-01-29,ret_120d,,0
2016-01-29,momentum_20_5,-0.11287607826635808,97
2016-01-29,overnight_gap,0.11004891647380602,97
2016-01-29,intraday_return,0.08021249737008206,97
2016-01-29,ema20_distance,-0.04558962760361876,97
2016-01-29,ema60_distance,-0.09382232274353039,97
2016-01-29,ema20_60_spread,-0.10943088575636441,97
2016-01-29,rsi14_centered,-0.05708236903008626,97
2016-01-29,macd_hist_atr,-0.029284136334946344,97
2016-01-29,breakout_position_60,-0.06444613928045444,97
2016-01-29,trend_r2_20,-0.05195402903429413,97
2016-01-29,realized_vol_5,-0.04331474857984431,97
2016-01-29,realized_vol_20,-0.13573006522196507,97
2016-01-29,vol_ratio_5_20,0.0705212497370082,97
2016-01-29,parkinson_vol_20,-0.11079844308857562,97
2016-01-29,overnight_vol_20,-0.13892541552703555,97
2016-01-29,downside_vol_20,-0.08004155270355565,97
2016-01-29,volume_zscore_20,0.12931306543235851,97
2016-01-29,volume_trend_5_20,0.0706395960446034,97
2016-01-29,amihud_illiq_20,-0.04472175468125394,97
2016-01-29,signed_volume_pressure_20,-0.08158005470229329,97
2016-01-29,volume_cv_20,-0.03591152956027771,97
2016-01-29,return_volume_corr_20,-0.04522143909110035,97
2016-01-29,close_location_value,0.03342625710077845,97
2016-01-29,body_range_ratio,0.08879917946560067,97
2016-01-29,gap_followthrough_20,0.10025247212286974,97
2016-01-29,cs_rank_ret20,-0.04736482221754681,97
2016-01-29,cs_rank_ret60,-0.09458499894803281,97
2016-01-29,cs_rank_vol20,-0.13573006522196507,97
2016-01-29,cs_rank_amihud20,-0.04472175468125394,97
2016-01-29,return_autocorr_20,0.07266463286345466,97
2016-01-29,revenue_growth_yoy,-0.117856319442045,45
2016-01-29,gross_margin_change_yoy,0.08881325723427833,42
2016-01-29,operating_profitability,-0.21087621663448688,62
2016-01-29,cashflow_to_assets,-0.04125403518786331,38
2016-01-29,debt_to_assets,-0.07768097132034317,48
2016-01-29,asset_growth_yoy,-0.13544150020203485,69
2016-02-05,ret_1d,0.05417630969913738,97
2016-02-05,ret_5d,-0.08240847885545971,97
2016-02-05,ret_20d,-0.017410056806227644,97
2016-02-05,ret_60d,0.14244950557542604,97
2016-02-05,ret_120d,,0
2016-02-05,momentum_20_5,0.04840363980643803,97
2016-02-05,overnight_gap,0.20987471687309936,97
2016-02-05,intraday_return,-0.0273774458236903,97
2016-02-05,ema20_distance,-0.05787134441405428,97
2016-02-05,ema60_distance,0.05684567641489585,97
2016-02-05,ema20_60_spread,0.19237849779086888,97
2016-02-05,rsi14_centered,-0.020828950136755734,97
2016-02-05,macd_hist_atr,-0.1056701030927835,97
2016-02-05,breakout_position_60,-0.008744477172312222,97
2016-02-05,trend_r2_20,-0.11491426467494213,97
2016-02-05,realized_vol_5,-0.1603986955606985,97
2016-02-05,realized_vol_20,-0.18970913107511045,97
2016-02-05,vol_ratio_5_20,-0.10006837786661055,97
2016-02-05,parkinson_vol_20,-0.18630338733431515,97
2016-02-05,overnight_vol_20,-0.2008205343993267,97
2016-02-05,downside_vol_20,-0.15135177782453185,97
2016-02-05,volume_zscore_20,0.1291815695350305,97
2016-02-05,volume_trend_5_20,0.057332211235009464,97
2016-02-05,amihud_illiq_20,-0.16163475699558172,97
2016-02-05,signed_volume_pressure_20,0.08932516305491267,97
2016-02-05,volume_cv_20,-0.1638307384809594,97
2016-02-05,return_volume_corr_20,-0.014306753629286764,97
2016-02-05,close_location_value,0.0506522196507469,97
2016-02-05,body_range_ratio,-0.006982432148116978,97
2016-02-05,gap_followthrough_20,0.011834630759520303,97
2016-02-05,cs_rank_ret20,-0.017410056806227644,97
2016-02-05,cs_rank_ret60,0.14244950557542604,97
2016-02-05,cs_rank_vol20,-0.18970913107511045,97
2016-02-05,cs_rank_amihud20,-0.16163475699558172,97
2016-02-05,return_autocorr_20,-0.07632021880917314,97
2016-02-05,revenue_growth_yoy,-0.000856418196057342,45
2016-02-05,gross_margin_change_yoy,-0.15785421997479393,42
2016-02-05,operating_profitability,0.08043212752932305,62
2016-02-05,cashflow_to_assets,0.19795353667350352,36
2016-02-05,debt_to_assets,0.18030785069718738,48
2016-02-05,asset_growth_yoy,0.07086756945363595,68
2016-02-12,ret_1d,-0.02310382916053019,97
2016-02-12,ret_5d,-0.010414475068377867,97
2016-02-12,ret_20d,-0.11593993267410056,97
2016-02-12,ret_60d,-0.1134941089837997,97
2016-02-12,ret_120d,,0
2016-02-12,momentum_20_5,-0.11850410267199663,97
2016-02-12,overnight_gap,0.00978329476120345,97
2016-02-12,intraday_return,-0.09455869976856722,97
2016-02-12,ema20_distance,-0.07508415737428992,97
2016-02-12,ema60_distance,-0.11188985903639805,97
2016-02-12,ema20_60_spread,-0.16579002735114662,97
2016-02-12,rsi14_centered,-0.06925888912265936,97
2016-02-12,macd_hist_atr,0.08271091941931412,97
2016-02-12,breakout_position_60,-0.14736745213549335,97
2016-02-12,trend_r2_20,0.04027719335156743,97
2016-02-12,realized_vol_5,0.11738638754470859,97
2016-02-12,realized_vol_20,0.06605038922785608,97
2016-02-12,vol_ratio_5_20,0.11668945928887017,97
2016-02-12,parkinson_vol_20,0.08423627182831894,97
2016-02-12,overnight_vol_20,0.03229539238375762,97
2016-02-12,downside_vol_20,0.0705475489164738,97
2016-02-12,volume_zscore_20,-0.15862350094677047,97
2016-02-12,volume_trend_5_20,-0.04278876499053229,97
2016-02-12,amihud_illiq_20,0.07931832526825162,97
2016-02-12,signed_volume_pressure_20,-0.17383757626762042,97
2016-02-12,volume_cv_20,0.003839680201977698,97
2016-02-12,return_volume_corr_20,-0.052374815905743735,97
2016-02-12,close_location_value,-0.06130338733431517,97
2016-02-12,body_range_ratio,-0.07298022301704186,97
2016-02-12,gap_followthrough_20,-0.06118504102671996,97
2016-02-12,cs_rank_ret20,-0.11593993267410056,97
2016-02-12,cs_rank_ret60,-0.1134941089837997,97
2016-02-12,cs_rank_vol20,0.06605038922785608,97
2016-02-12,cs_rank_amihud20,0.07931832526825162,97
2016-02-12,return_autocorr_20,-0.10288239006942983,97
2016-02-12,revenue_growth_yoy,0.06403372973597972,45
2016-02-12,gross_margin_change_yoy,-0.19731777496849243,42
2016-02-12,operating_profitability,-0.03764747359309266,62
2016-02-12,cashflow_to_assets,-0.04298860939463601,36
2016-02-12,debt_to_assets,0.08339075068868024,49
2016-02-12,asset_growth_yoy,0.14992317750021825,68
2016-02-19,ret_1d,-0.15874184725436566,97
2016-02-19,ret_5d,0.011742583631390698,97
2016-02-19,ret_20d,-0.298995371344414,97
2016-02-19,ret_60d,-0.1293393646118241,97
2016-02-19,ret_120d,,0
2016-02-19,momentum_20_5,-0.2983247422680412,97
2016-02-19,overnight_gap,-0.12751157163896484,97
2016-02-19,intraday_return,-0.16149011150852094,97
2016-02-19,ema20_distance,-0.2547601514832737,97
2016-02-19,ema60_distance,-0.31495897328003364,97
2016-02-19,ema20_60_spread,-0.2925257731958763,97
2016-02-19,rsi14_centered,-0.3454791710498632,97
2016-02-19,macd_hist_atr,-0.16344940037870817,97
2016-02-19,breakout_position_60,-0.34617609930570165,97
2016-02-19,trend_r2_20,-0.09067957079739111,97
2016-02-19,realized_vol_5,0.4270329265726909,97
2016-02-19,realized_vol_20,0.3678729223648221,97
2016-02-19,vol_ratio_5_20,0.258297391121397,97
2016-02-19,parkinson_vol_20,0.461471702082895,97
2016-02-19,overnight_vol_20,0.35321112981274977,97
2016-02-19,downside_vol_20,0.4057174416158216,97
2016-02-19,volume_zscore_20,0.03584578161161372,97
2016-02-19,volume_trend_5_20,0.15442878182200712,97
2016-02-19,amihud_illiq_20,0.18995897328003367,97
2016-02-19,signed_volume_pressure_20,-0.3258073848095939,97
2016-02-19,volume_cv_20,0.1912870818430465,97
2016-02-19,return_volume_corr_20,-0.22516042499474015,97
2016-02-19,close_location_value,-0.17763780770039972,97
2016-02-19,body_range_ratio,-0.29865348201136116,97
2016-02-19,gap_followthrough_20,-0.23177466863033871,97
2016-02-19,cs_rank_ret20,-0.298995371344414,97
2016-02-19,cs_rank_ret60,-0.1293393646118241,97
2016-02-19,cs_rank_vol20,0.3678729223648221,97
2016-02-19,cs_rank_amihud20,0.18995897328003367,97
2016-02-19,return_autocorr_20,0.1422654113191668,97
2016-02-19,revenue_growth_yoy,0.0025033762653983846,45
2016-02-19,gross_margin_change_yoy,0.1542076902525836,42
2016-02-19,operating_profitability,0.14533104516989753,63
2016-02-19,cashflow_to_assets,-0.38432331632450034,36
2016-02-19,debt_to_assets,-0.11334813786998701,49
2016-02-19,asset_growth_yoy,0.13933265741042888,69
2016-02-26,ret_1d,0.2379549758047549,97
2016-02-26,ret_5d,-0.01722596254996844,97
2016-02-26,ret_20d,-0.1486035135703766,97
2016-02-26,ret_60d,-0.30692457395329265,97
2016-02-26,ret_120d,-0.34605263157894733,96
2016-02-26,momentum_20_5,-0.10790553334735954,97
2016-02-26,overnight_gap,0.23328687144961074,97
2016-02-26,intraday_return,0.16041395454198987,97
2016-02-26,ema20_distance,-0.17862402693035978,97
2016-02-26,ema60_distance,-0.34292815064169996,97
2016-02-26,ema20_60_spread,-0.33923311592678307,97
2016-02-26,rsi14_centered,-0.2873579844308857,97
2016-02-26,macd_hist_atr,-0.2555754260467073,97
2016-02-26,breakout_position_60,-0.27994161582158633,97
2016-02-26,trend_r2_20,-0.01443824952661477,97
2016-02-26,realized_vol_5,0.10081790448138017,97
2016-02-26,realized_vol_20,0.29415632232274347,97
2016-02-26,vol_ratio_5_20,-0.1959683357879234,97
2016-02-26,parkinson_vol_20,0.23961182411108772,97
2016-02-26,overnight_vol_20,0.15481011992425833,97
2016-02-26,downside_vol_20,0.36931937723543024,97
2016-02-26,volume_zscore_20,-0.1799784346728382,97
2016-02-26,volume_trend_5_20,-0.18373921733641907,97
2016-02-26,amihud_illiq_20,0.14694666526404374,97
2016-02-26,signed_volume_pressure_20,-0.10306648432568903,97
2016-02-26,volume_cv_20,0.18192457395329262,97
2016-02-26,return_volume_corr_20,0.013070692194403533,97
2016-02-26,close_location_value,0.211997685672207,97
2016-02-26,body_range_ratio,0.18230830935077852,97
2016-02-26,gap_followthrough_20,0.1488139070061014,97
2016-02-26,cs_rank_ret20,-0.1486035135703766,97
2016-02-26,cs_rank_ret60,-0.30692457395329265,97
2016-02-26,cs_rank_vol20,0.29415632232274347,97
2016-02-26,cs_rank_amihud20,0.14694666526404374,97
2016-02-26,return_autocorr_20,-0.09334893751314957,97
2016-02-26,revenue_growth_yoy,-0.28894232368519246,45
2016-02-26,gross_margin_change_yoy,-0.1685355081051639,43
2016-02-26,operating_profitability,-0.31771214614598414,63
2016-02-26,cashflow_to_assets,-0.2816140040582742,36
2016-02-26,debt_to_assets,-0.2497256541887192,49
2016-02-26,asset_growth_yoy,-0.18604481225485875,69
2016-03-04,ret_1d,0.08305280875236691,97
2016-03-04,ret_5d,-0.05174363559856932,97
2016-03-04,ret_20d,-0.2246475909951609,97
2016-03-04,ret_60d,-0.24275457605722697,97
2016-03-04,ret_120d,-0.04127780792186653,96
2016-03-04,momentum_20_5,-0.1520750052598359,97
2016-03-04,overnight_gap,0.1533838936728967,97
2016-03-04,intraday_return,0.016660530191458023,97
2016-03-04,ema20_distance,-0.14005628024405636,97
2016-03-04,ema60_distance,-0.18977487902377443,97
2016-03-04,ema20_60_spread,-0.17811119293078054,97
2016-03-04,rsi14_centered,-0.09643909110035766,97
2016-03-04,macd_hist_atr,0.018093835472333262,97
2016-03-04,breakout_position_60,-0.11889859036398064,97
2016-03-04,trend_r2_20,-0.13325794235219862,97
2016-03-04,realized_vol_5,0.10694561329686514,97
2016-03-04,realized_vol_20,-0.002011887229118451,97
2016-03-04,vol_ratio_5_20,0.17641489585524933,97
2016-03-04,parkinson_vol_20,-0.1099042709867452,97
2016-03-04,overnight_vol_20,0.14957658321060383,97
2016-03-04,downside_vol_20,0.0626840942562592,97
2016-03-04,volume_zscore_20,0.05330843677677256,97
2016-03-04,volume_trend_5_20,0.12488165369240478,97
2016-03-04,amihud_illiq_20,-0.08511729434041658,97
2016-03-04,signed_volume_pressure_20,-0.08184304649694929,97
2016-03-04,volume_cv_20,0.017843993267410055,97
2016-03-04,return_volume_corr_20,-0.1727593099095308,97
2016-03-04,close_location_value,-0.1440406059330949,97
2016-03-04,body_range_ratio,-0.004405112560488112,97
2016-03-04,gap_followthrough_20,0.1803071744161582,97
2016-03-04,cs_rank_ret20,-0.2246475909951609,97
2016-03-04,cs_rank_ret60,-0.24275457605722697,97
2016-03-04,cs_rank_vol20,-0.002011887229118451,97
2016-03-04,cs_rank_amihud20,-0.08511729434041658,97
2016-03-04,return_autocorr_20,0.26049337260677463,97
2016-03-04,revenue_growth_yoy,0.26094403650639475,45
2016-03-04,gross_margin_change_yoy,0.1554724960522099,43
2016-03-04,operating_profitability,-0.051465790591634114,64
2016-03-04,cashflow_to_assets,0.25143737819049033,37
2016-03-04,debt_to_assets,0.0357471297994395,49
2016-03-04,asset_growth_yoy,0.05208688729870643,70
2016-03-11,ret_1d,0.14451399116347566,97
2016-03-11,ret_5d,-0.0020907847675152532,97
2016-03-11,ret_20d,0.0939932674100568,97
2016-03-11,ret_60d,-0.10240900483904902,97
2016-03-11,ret_120d,-0.26253391209983723,96
2016-03-11,momentum_20_5,0.08374973700820534,97
2016-03-11,overnight_gap,0.0664711760993057,97
2016-03-11,intraday_return,0.15221357633937296,97
2016-03-11,ema20_distance,0.14630233536713655,97
2016-03-11,ema60_distance,-0.01756785188302125,97
2016-03-11,ema20_60_spread,-0.17040553334735953,97
2016-03-11,rsi14_centered,-0.04434041657900273,97
2016-03-11,macd_hist_atr,0.18780244056385437,97
2016-03-11,breakout_position_60,-0.1850278771302335,97
2016-03-11,trend_r2_20,-0.016358089627603614,97
2016-03-11,realized_vol_5,0.33353934357248055,97
2016-03-11,realized_vol_20,0.3102119713864927,97
2016-03-11,vol_ratio_5_20,0.09422996002524721,97
2016-03-11,parkinson_vol_20,0.31515621712602565,97
2016-03-11,overnight_vol_20,0.157466337050284,97
2016-03-11,downside_vol_20,0.32830580685882593,97
2016-03-11,volume_zscore_20,0.026101935619608663,97
2016-03-11,volume_trend_5_20,0.04056648432568903,97
2016-03-11,amihud_illiq_20,0.1998869135282979,97
2016-03-11,signed_volume_pressure_20,-0.11876709446665264,97
2016-03-11,volume_cv_20,0.14087155480749,97
2016-03-11,return_volume_corr_20,-0.05241426467494213,97
2016-03-11,close_location_value,0.037187039764359345,97
2016-03-11,body_range_ratio,0.114066491119683,97
2016-03-11,gap_followthrough_20,0.16250262991794653,97
2016-03-11,cs_rank_ret20,0.0939932674100568,97
2016-03-11,cs_rank_ret60,-0.10240900483904902,97
2016-03-11,cs_rank_vol20,0.3102119713864927,97
2016-03-11,cs_rank_amihud20,0.1998869135282979,97
2016-03-11,return_autocorr_20,0.013386282347990741,97
2016-03-11,revenue_growth_yoy,-0.17227181405307304,45
2016-03-11,gross_margin_change_yoy,0.21512440080269352,43
2016-03-11,operating_profitability,-0.13800524274304735,64
2016-03-11,cashflow_to_assets,-0.09935985132779812,38
2016-03-11,debt_to_assets,-0.25252793836889764,49
2016-03-11,asset_growth_yoy,0.030216343421184417,70
2016-03-18,ret_1d,-0.20080738480959393,97
2016-03-18,ret_5d,-0.08252682516305491,97
2016-03-18,ret_20d,-0.050205133599831676,97
2016-03-18,ret_60d,0.12528929097412161,97
2016-03-18,ret_120d,0.3289880629408573,96
2016-03-18,momentum_20_5,-0.04774616031979802,97
2016-03-18,overnight_gap,0.0033136966126656848,97
2016-03-18,intraday_return,-0.18734220492320638,97
2016-03-18,ema20_distance,-0.08144855880496527,97
2016-03-18,ema60_distance,0.01675257731958763,97
2016-03-18,ema20_60_spread,0.16287081843046491,97
2016-03-18,rsi14_centered,0.05726646328634546,97
2016-03-18,macd_hist_atr,0.08280296654744371,97
2016-03-18,breakout_position_60,0.056385440774247834,97
2016-03-18,trend_r2_20,0.05939669682305911,97
2016-03-18,realized_vol_5,-0.12755102040816327,97
2016-03-18,realized_vol_20,-0.24380654323585102,97
2016-03-18,vol_ratio_5_20,0.09516358089627602,97
2016-03-18,parkinson_vol_20,-0.26973753418893326,97
2016-03-18,overnight_vol_20,-0.19738849147906581,97
2016-03-18,downside_vol_20,-0.22279349884283609,97
2016-03-18,volume_zscore_20,0.020723753418893327,97
2016-03-18,volume_trend_5_20,0.1056701030927835,97
2016-03-18,amihud_illiq_20,-0.18389701241321268,97
2016-03-18,signed_volume_pressure_20,-0.08856248685041027,97
2016-03-18,volume_cv_20,-0.07871344414054281,97
2016-03-18,return_volume_corr_20,-0.00432621502209131,97
2016-03-18,close_location_value,-0.10012097622554175,97
2016-03-18,body_range_ratio,-0.2272906585314538,97
2016-03-18,gap_followthrough_20,-0.029547128129602352,97
2016-03-18,cs_rank_ret20,-0.050205133599831676,97
2016-03-18,cs_rank_ret60,0.12528929097412161,97
2016-03-18,cs_rank_vol20,-0.24380654323585102,97
2016-03-18,cs_rank_amihud20,-0.18389701241321268,97
2016-03-18,return_autocorr_20,0.1367951819903219,97
2016-03-18,revenue_growth_yoy,-0.05168213638400354,46
2016-03-18,gross_margin_change_yoy,0.23792804034022016,43
2016-03-18,operating_profitability,0.043419299869916536,63
2016-03-18,cashflow_to_assets,0.020353449721333093,38
2016-03-18,debt_to_assets,0.15271814884051677,50
2016-03-18,asset_growth_yoy,-0.23550201647315708,70
2016-03-24,ret_1d,0.10464443509362506,97
2016-03-24,ret_5d,-0.07399274142646749,97
2016-03-24,ret_20d,0.05599095308226383,97
2016-03-24,ret_60d,-0.011479591836734693,97
2016-03-24,ret_120d,-0.015056280244056383,97
2016-03-24,momentum_20_5,0.10968072796128758,97
2016-03-24,overnight_gap,-0.05729276246581106,97
2016-03-24,intraday_return,0.11930357489795766,97
2016-03-24,ema20_distance,-0.014951083526193983,97
2016-03-24,ema60_distance,0.03458342099726488,97
2016-03-24,ema20_60_spread,0.055793709236271825,97
2016-03-24,rsi14_centered,-0.0004076372817168104,97
2016-03-24,macd_hist_atr,-0.07141542183883863,97
2016-03-24,breakout_position_60,0.029718072796128755,97
2016-03-24,trend_r2_20,0.03424153166421208,97
2016-03-24,realized_vol_5,0.19319377235430252,97
2016-03-24,realized_vol_20,0.04490584893751314,97
2016-03-24,vol_ratio_5_20,0.21420681674731748,97
2016-03-24,parkinson_vol_20,0.11450662739322531,97
2016-03-24,overnight_vol_20,-0.20621186618977486,97
2016-03-24,downside_vol_20,0.011913528297917104,97
2016-03-24,volume_zscore_20,-0.05792394277298547,97
2016-03-24,volume_trend_5_20,0.06852251209762254,97
2016-03-24,amihud_illiq_20,-0.02715390279823269,97
2016-03-24,signed_volume_pressure_20,0.08662949715968862,97
2016-03-24,volume_cv_20,-0.10447349042709865,97
2016-03-24,return_volume_corr_20,0.10969387755102039,97
2016-03-24,close_location_value,0.011400694298337892,97
2016-03-24,body_range_ratio,-0.005753134639609421,97
2016-03-24,gap_followthrough_20,0.11021986114033241,97
2016-03-24,cs_rank_ret20,0.05599095308226383,97
2016-03-24,cs_rank_ret60,-0.011479591836734693,97
2016-03-24,cs_rank_vol20,0.04490584893751314,97
2016-03-24,cs_rank_amihud20,-0.02715390279823269,97
2016-03-24,return_autocorr_20,-0.09803019145802651,97
2016-03-24,revenue_growth_yoy,-0.19729254688833806,46
2016-03-24,gross_margin_change_yoy,0.017367010243811695,43
2016-03-24,operating_profitability,-0.16386045340625774,63
2016-03-24,cashflow_to_assets,0.18755813345357486,38
2016-03-24,debt_to_assets,0.0342115475375765,50
2016-03-24,asset_growth_yoy,0.09390336719252852,70
2016-04-01,ret_1d,0.09363822848727119,97
2016-04-01,ret_5d,-0.21780980433410477,97
2016-04-01,ret_20d,-0.25324794866400163,97
2016-04-01,ret_60d,-0.008744477172312222,97
2016-04-01,ret_120d,0.04747001893540921,97
2016-04-01,momentum_20_5,-0.15771617925520723,97
2016-04-01,overnight_gap,0.08465705869976857,97
2016-04-01,intraday_return,0.10887860298758678,97
2016-04-01,ema20_distance,-0.22218861771512727,97
2016-04-01,ema60_distance,-0.07153376814643382,97
2016-04-01,ema20_60_spread,-0.002906059330948874,97
2016-04-01,rsi14_centered,-0.03722648853355775,97
2016-04-01,macd_hist_atr,-0.1767304860088365,97
2016-04-01,breakout_position_60,-0.01447769829581317,97
2016-04-01,trend_r2_20,-0.09785924679150008,97
2016-04-01,realized_vol_5,-0.23642962339575002,97
2016-04-01,realized_vol_20,-0.3030059962129181,97
2016-04-01,vol_ratio_5_20,0.05660898379970544,97
2016-04-01,parkinson_vol_20,-0.29270986745213545,97
2016-04-01,overnight_vol_20,-0.16897222806648432,97
2016-04-01,downside_vol_20,-0.1893672417420576,97
2016-04-01,volume_zscore_20,0.09213917525773195,97
2016-04-01,volume_trend_5_20,-0.04377498422049231,97
2016-04-01,amihud_illiq_20,-0.24037450031559013,97
2016-04-01,signed_volume_pressure_20,-0.06714180517567851,97
2016-04-01,volume_cv_20,-0.1296155059962129,97
2016-04-01,return_volume_corr_20,-0.13235062066063538,97
2016-04-01,close_location_value,-0.017357458447296442,97
2016-04-01,body_range_ratio,0.12045024195245106,97
2016-04-01,gap_followthrough_20,-0.07031085630128339,97
2016-04-01,cs_rank_ret20,-0.25324794866400163,97
2016-04-01,cs_rank_ret60,-0.008744477172312222,97
2016-04-01,cs_rank_vol20,-0.3030059962129181,97
2016-04-01,cs_rank_amihud20,-0.24037450031559013,97
2016-04-01,return_autocorr_20,0.13079896907216493,97
2016-04-01,revenue_growth_yoy,-0.14357519510973774,46
2016-04-01,gross_margin_change_yoy,-0.22584664190974246,43
2016-04-01,operating_profitability,0.1558918477916572,63
2016-04-01,cashflow_to_assets,-0.012693549288573327,38
2016-04-01,debt_to_assets,0.07756542142134079,50
2016-04-01,asset_growth_yoy,-0.12758400476391243,70
2016-04-08,ret_1d,-0.08736616139249223,97
2016-04-08,ret_5d,-0.31839101620029453,97
2016-04-08,ret_20d,0.004878497790868924,97
2016-04-08,ret_60d,0.05572796128760782,97
2016-04-08,ret_120d,-0.3090285083105407,97
2016-04-08,momentum_20_5,0.1775326109825373,97
2016-04-08,overnight_gap,0.3361692615190406,97
2016-04-08,intraday_return,-0.24157111298127495,97
2016-04-08,ema20_distance,-0.11448032821375972,97
2016-04-08,ema60_distance,-0.07233589312013464,97
2016-04-08,ema20_60_spread,-0.010638018093835471,97
2016-04-08,rsi14_centered,-0.14651272880286134,97
2016-04-08,macd_hist_atr,-0.20373974332000838,97
2016-04-08,breakout_position_60,-0.08690563854407743,97
2016-04-08,trend_r2_20,-0.08519619187881336,97
2016-04-08,realized_vol_5,0.22792183883862818,97
2016-04-08,realized_vol_20,0.2469492951819903,97
2016-04-08,vol_ratio_5_20,-0.04247317483694508,97
2016-04-08,parkinson_vol_20,0.19107668840732164,97
2016-04-08,overnight_vol_20,0.3401930359772775,97
2016-04-08,downside_vol_20,0.2783505154639175,97
2016-04-08,volume_zscore_20,-0.07678045444982115,97
2016-04-08,volume_trend_5_20,-0.06804912686724174,97
2016-04-08,amihud_illiq_20,0.26149274142646745,97
2016-04-08,signed_volume_pressure_20,0.10519671786240269,97
2016-04-08,volume_cv_20,0.07003471491689459,97
2016-04-08,return_volume_corr_20,0.20811855670103088,97
2016-04-08,close_location_value,-0.2429386703134862,97
2016-04-08,body_range_ratio,-0.22646223437828736,97
2016-04-08,gap_followthrough_20,0.08523564064801177,97
2016-04-08,cs_rank_ret20,0.004878497790868924,97
2016-04-08,cs_rank_ret60,0.05572796128760782,97
2016-04-08,cs_rank_vol20,0.2469492951819903,97
2016-04-08,cs_rank_amihud20,0.26149274142646745,97
2016-04-08,return_autocorr_20,0.20911792552072372,97
2016-04-08,revenue_growth_yoy,-0.06414012152668695,46
2016-04-08,gross_margin_change_yoy,0.15728470581678156,43
2016-04-08,operating_profitability,-0.38928558573254635,63
2016-04-08,cashflow_to_assets,-0.29589101100260584,38
2016-04-08,debt_to_assets,-0.1567187205764932,50
2016-04-08,asset_growth_yoy,-0.04668048885218299,70
2016-04-15,ret_1d,-0.010730770771325846,97
2016-04-15,ret_5d,0.39761729434041654,97
2016-04-15,ret_20d,0.14611824111087734,97
2016-04-15,ret_60d,-0.047654113191668415,97
2016-04-15,ret_120d,-0.1676309699137387,97
2016-04-15,momentum_20_5,-0.10974647590995161,97
2016-04-15,overnight_gap,-0.21377358304601843,97
2016-04-15,intraday_return,0.14293604039553964,97
2016-04-15,ema20_distance,0.2673311592678308,97
2016-04-15,ema60_distance,0.0982011361245529,97
2016-04-15,ema20_60_spread,-0.12091047759309909,97
2016-04-15,rsi14_centered,0.2002682516305491,97
2016-04-15,macd_hist_atr,0.25147275405007363,97
2016-04-15,breakout_position_60,0.11525615400799494,97
2016-04-15,trend_r2_20,-0.030954134231011992,97
2016-04-15,realized_vol_5,-0.017173364191037238,97
2016-04-15,realized_vol_20,0.11457237534188931,97
2016-04-15,vol_ratio_5_20,-0.08831264464548705,97
2016-04-15,parkinson_vol_20,0.15972806648432566,97
2016-04-15,overnight_vol_20,0.3158005470229328,97
2016-04-15,downside_vol_20,0.02303808121186619,97
2016-04-15,volume_zscore_20,-0.18231906164527661,97
2016-04-15,volume_trend_5_20,-0.13242951819903218,97
2016-04-15,amihud_illiq_20,0.273905954134231,97
2016-04-15,signed_volume_pressure_20,0.08745792131285504,97
2016-04-15,volume_cv_20,0.07954186829370924,97
2016-04-15,return_volume_corr_20,0.0586997685672207,97
2016-04-15,close_location_value,-0.11454607616242372,97
2016-04-15,body_range_ratio,0.0977409004839049,97
2016-04-15,gap_followthrough_20,-0.1803992215442878,97
2016-04-15,cs_rank_ret20,0.14611824111087734,97
2016-04-15,cs_rank_ret60,-0.047654113191668415,97
2016-04-15,cs_rank_vol20,0.11457237534188931,97
2016-04-15,cs_rank_amihud20,0.273905954134231,97
2016-04-15,return_autocorr_20,0.3423364191037239,97
2016-04-15,revenue_growth_yoy,0.28468346246844906,46
2016-04-15,gross_margin_change_yoy,0.08547589389562973,43
2016-04-15,operating_profitability,-0.2572275493122695,63
2016-04-15,cashflow_to_assets,-0.42435848397489107,38
2016-04-15,debt_to_assets,-0.13290055456931965,50
2016-04-15,asset_growth_yoy,-0.003586769195913611,70
2016-04-22,ret_1d,0.062052913949084784,97
2016-04-22,ret_5d,-0.05725331369661266,97
2016-04-22,ret_20d,0.1453818640858405,97
2016-04-22,ret_60d,0.19573164317273298,97
2016-04-22,ret_120d,0.1526667367978119,97
2016-04-22,momentum_20_5,0.16743372606774667,97
2016-04-22,overnight_gap,0.10465758468335787,97
2016-04-22,intraday_return,-0.006075110456553755,97
2016-04-22,ema20_distance,0.018014937933936458,97
2016-04-22,ema60_distance,0.11897748790237744,97
2016-04-22,ema20_60_spread,0.16960340837365873,97
2016-04-22,rsi14_centered,0.04544498211655796,97
2016-04-22,macd_hist_atr,-0.08096202398485167,97
2016-04-22,breakout_position_60,0.11054860088365241,97
2016-04-22,trend_r2_20,-0.02841626341258152,97
2016-04-22,realized_vol_5,-0.004996844098464127,97
2016-04-22,realized_vol_20,0.0669971596886177,97
2016-04-22,vol_ratio_5_20,-0.06169787502629918,97
2016-04-22,parkinson_vol_20,0.11087734062697242,97
2016-04-22,overnight_vol_20,-0.1887755102040816,97
2016-04-22,downside_vol_20,0.043853881758889116,97
2016-04-22,volume_zscore_20,-0.013412581527456342,97
2016-04-22,volume_trend_5_20,-0.040132547864506624,97
2016-04-22,amihud_illiq_20,0.02576004628655586,97
2016-04-22,signed_volume_pressure_20,0.02694350936250789,97
2016-04-22,volume_cv_20,-0.03996160319798022,97
2016-04-22,return_volume_corr_20,0.028863349463496737,97
2016-04-22,close_location_value,0.14749894803282138,97
2016-04-22,body_range_ratio,0.028534609720176726,97
2016-04-22,gap_followthrough_20,0.07935777403745002,97
2016-04-22,cs_rank_ret20,0.1453818640858405,97
2016-04-22,cs_rank_ret60,0.19573164317273298,97
2016-04-22,cs_rank_vol20,0.0669971596886177,97
2016-04-22,cs_rank_amihud20,0.02576004628655586,97
2016-04-22,return_autocorr_20,-0.06131653692404796,97
2016-04-22,revenue_growth_yoy,-0.12322304116376975,46
2016-04-22,gross_margin_change_yoy,0.0950655038998214,43
2016-04-22,operating_profitability,0.03842692044872105,63
2016-04-22,cashflow_to_assets,0.3239043611566987,38
2016-04-22,debt_to_assets,-0.046376180061809665,49
2016-04-22,asset_growth_yoy,0.23319248703969073,70
2016-04-29,ret_1d,0.026890911003576684,97
2016-04-29,ret_5d,0.1255391331790448,97
2016-04-29,ret_20d,-0.01903409371096215,97
2016-04-29,ret_60d,-0.032019250999368816,97
2016-04-29,ret_120d,0.19748053860719544,97
2016-04-29,momentum_20_5,-0.15787397433200084,97
2016-04-29,overnight_gap,-0.060357410553957984,97
2016-04-29,intraday_return,0.10744529770671155,97
2016-04-29,ema20_distance,0.030980433410477588,97
2016-04-29,ema60_distance,0.025957290132547862,97
2016-04-29,ema20_60_spread,-0.0311645276667368,97
2016-04-29,rsi14_centered,-0.0008415737428992214,97
2016-04-29,macd_hist_atr,0.03802861350725857,97
2016-04-29,breakout_position_60,0.028666105617504732,97
2016-04-29,trend_r2_20,-0.07558384178413632,97
2016-04-29,realized_vol_5,0.014793288449400378,97
2016-04-29,realized_vol_20,-0.12297496318114873,97
2016-04-29,vol_ratio_5_20,0.10797128129602356,97
2016-04-29,parkinson_vol_20,0.00311645276667368,97
2016-04-29,overnight_vol_20,-0.2643725015779507,97
2016-04-29,downside_vol_20,-0.06832526825163054,97
2016-04-29,volume_zscore_20,0.027719335156743106,97
2016-04-29,volume_trend_5_20,-0.020579107931832524,97
2016-04-29,amihud_illiq_20,-0.08920681674731747,97
2016-04-29,signed_volume_pressure_20,-0.15458657689880073,97
2016-04-29,volume_cv_20,-0.09336208710288238,97
2016-04-29,return_volume_corr_20,-0.11041710498632443,97
2016-04-29,close_location_value,0.14001683147485797,97
2016-04-29,body_range_ratio,0.15221965074689667,97
2016-04-29,gap_followthrough_20,-0.0234194193141174,97
2016-04-29,cs_rank_ret20,-0.01903409371096215,97
2016-04-29,cs_rank_ret60,-0.032019250999368816,97
2016-04-29,cs_rank_vol20,-0.12297496318114873,97
2016-04-29,cs_rank_amihud20,-0.08920681674731747,97
2016-04-29,return_autocorr_20,0.07503155901535873,97
2016-04-29,revenue_growth_yoy,0.3134231707679069,46
2016-04-29,gross_margin_change_yoy,0.22343036222364696,43
2016-04-29,operating_profitability,-0.08491397566920414,64
2016-04-29,cashflow_to_assets,0.21205526622632936,39
2016-04-29,debt_to_assets,-0.2580938188723959,49
2016-04-29,asset_growth_yoy,0.11748924790191481,71
2016-05-06,ret_1d,-0.024510835261939822,97
2016-05-06,ret_5d,0.19406885805404825,97
2016-05-06,ret_20d,0.06463023353671365,97
2016-05-06,ret_60d,-0.12280401851462233,97
2016-05-06,ret_120d,0.15040500736377024,97
2016-05-06,momentum_20_5,-0.07847675152535241,97
2016-05-06,overnight_gap,0.18660644134871424,97
2016-05-06,intraday_return,-0.025694298337891854,97
2016-05-06,ema20_distance,0.1724568693456764,97
2016-05-06,ema60_distance,0.11733378918577739,97
2016-05-06,ema20_60_spread,-0.03985640648011781,97
2016-05-06,rsi14_centered,0.20133336839890592,97
2016-05-06,macd_hist_atr,0.3247554176309699,97
2016-05-06,breakout_position_60,0.17834788554597097,97
2016-05-06,trend_r2_20,0.1290106248685041,97
2016-05-06,realized_vol_5,-0.3045444982116558,97
2016-05-06,realized_vol_20,-0.1683936461182411,97
2016-05-06,vol_ratio_5_20,-0.3345650115716389,97
2016-05-06,parkinson_vol_20,-0.1802019776982958,97
2016-05-06,overnight_vol_20,-0.15423153797601513,97
2016-05-06,downside_vol_20,-0.1805307174416158,97
2016-05-06,volume_zscore_20,-0.19763833368398906,97
2016-05-06,volume_trend_5_20,-0.25652219650746894,97
2016-05-06,amihud_illiq_20,-0.25491794656006733,97
2016-05-06,signed_volume_pressure_20,0.010480223017041865,97
2016-05-06,volume_cv_20,-0.15527035556490637,97
2016-05-06,return_volume_corr_20,0.017449505575426044,97
2016-05-06,close_location_value,0.14219966337050283,97
2016-05-06,body_range_ratio,0.08290816326530612,97
2016-05-06,gap_followthrough_20,0.011071954555017883,97
2016-05-06,cs_rank_ret20,0.06463023353671365,97
2016-05-06,cs_rank_ret60,-0.12280401851462233,97
2016-05-06,cs_rank_vol20,-0.1683936461182411,97
2016-05-06,cs_rank_amihud20,-0.25491794656006733,97
2016-05-06,return_autocorr_20,0.16456711550599618,97
2016-05-06,revenue_growth_yoy,-0.1970458541132354,46
2016-05-06,gross_margin_change_yoy,0.11423940244591933,44
2016-05-06,operating_profitability,0.10219897206452609,64
2016-05-06,cashflow_to_assets,0.311048130364444,39
2016-05-06,debt_to_assets,-0.09714966054844362,49
2016-05-06,asset_growth_yoy,-0.05234785670754647,71
2016-05-13,ret_1d,-0.3384337802599952,98
2016-05-13,ret_5d,-0.14454029034294127,97
2016-05-13,ret_20d,-0.03722648853355775,97
2016-05-13,ret_60d,0.1332184935830002,97
2016-05-13,ret_120d,-0.09525562802440563,97
2016-05-13,momentum_20_5,0.02075005259835893,97
2016-05-13,overnight_gap,-0.18400499843798812,98
2016-05-13,intraday_return,-0.3096800107109385,98
2016-05-13,ema20_distance,-0.1418183252682516,97
2016-05-13,ema60_distance,-0.03199295181990322,97
2016-05-13,ema20_60_spread,0.08339469808541974,97
2016-05-13,rsi14_centered,-0.14668367346938774,97
2016-05-13,macd_hist_atr,-0.2543788133810225,97
2016-05-13,breakout_position_60,-0.04522143909110035,97
2016-05-13,trend_r2_20,-0.13467809804334105,97
2016-05-13,realized_vol_5,0.17804544498211655,97
2016-05-13,realized_vol_20,0.08273721859877971,97
2016-05-13,vol_ratio_5_20,0.11949032190195664,97
2016-05-13,parkinson_vol_20,0.15179886387544708,97
2016-05-13,overnight_vol_20,0.16280507048180096,97
2016-05-13,downside_vol_20,0.07479486640016832,97
2016-05-13,volume_zscore_20,0.1448953292657269,97
2016-05-13,volume_trend_5_20,-0.0043393646118241105,97
2016-05-13,amihud_illiq_20,0.21545602777193348,97
2016-05-13,signed_volume_pressure_20,-0.007495266147696192,97
2016-05-13,volume_cv_20,0.1856196086682095,97
2016-05-13,return_volume_corr_20,0.15153587208079106,97
2016-05-13,close_location_value,-0.12268487526219483,98
2016-05-13,body_range_ratio,-0.22858290457701352,98
2016-05-13,gap_followthrough_20,-0.14188407321691562,97
2016-05-13,cs_rank_ret20,-0.03722648853355775,97
2016-05-13,cs_rank_ret60,0.1332184935830002,97
2016-05-13,cs_rank_vol20,0.08273721859877971,97
2016-05-13,cs_rank_amihud20,0.21545602777193348,97
2016-05-13,return_autocorr_20,-0.23431253944876917,97
2016-05-13,revenue_growth_yoy,-0.10975328574088708,45
2016-05-13,gross_margin_change_yoy,-0.19324148149704554,44
2016-05-13,operating_profitability,-0.008402110830573718,64
2016-05-13,cashflow_to_assets,-0.3058859257928246,39
2016-05-13,debt_to_assets,0.0816484309607045,50
2016-05-13,asset_growth_yoy,-0.07364246850081488,71
2016-05-20,ret_1d,0.3290362067976206,98
2016-05-20,ret_5d,0.23435916072145818,98
2016-05-20,ret_20d,-0.11127182831895643,97
2016-05-20,ret_60d,0.08010730065221965,97
2016-05-20,ret_120d,-0.09522932884494002,97
2016-05-20,momentum_20_5,-0.24059804334104773,97
2016-05-20,overnight_gap,0.1424878146753941,98
2016-05-20,intraday_return,0.2925243148658299,98
2016-05-20,ema20_distance,0.06933778666105617,97
2016-05-20,ema60_distance,0.02873185356616873,97
2016-05-20,ema20_60_spread,-0.06795707973911212,97
2016-05-20,rsi14_centered,0.05224332000841573,97
2016-05-20,macd_hist_atr,0.07923942772985483,97
2016-05-20,breakout_position_60,0.03346570586997685,97
2016-05-20,trend_r2_20,-0.0630391331790448,97
2016-05-20,realized_vol_5,0.18464255430382082,98
2016-05-20,realized_vol_20,0.010019987376393855,97
2016-05-20,vol_ratio_5_20,0.12446086682095518,97
2016-05-20,parkinson_vol_20,0.08606406480117819,97
2016-05-20,overnight_vol_20,0.014267304860088363,97
2016-05-20,downside_vol_20,0.17886071954555016,97
2016-05-20,volume_zscore_20,0.07902903429413001,97
2016-05-20,volume_trend_5_20,-0.013728171681043552,97
2016-05-20,amihud_illiq_20,0.21683673469387751,97
2016-05-20,signed_volume_pressure_20,-0.04756206606353881,97
2016-05-20,volume_cv_20,-0.06701030927835051,97
2016-05-20,return_volume_corr_20,0.09407216494845361,97
2016-05-20,close_location_value,0.21484995122697623,98
2016-05-20,body_range_ratio,0.26400550848268073,98
2016-05-20,gap_followthrough_20,-0.07856879865348201,97
2016-05-20,cs_rank_ret20,-0.11127182831895643,97
2016-05-20,cs_rank_ret60,0.08010730065221965,97
2016-05-20,cs_rank_vol20,0.010019987376393855,97
2016-05-20,cs_rank_amihud20,0.21683673469387751,97
2016-05-20,return_autocorr_20,-0.06962707763517778,97
2016-05-20,revenue_growth_yoy,-0.10659112624775226,45
2016-05-20,gross_margin_change_yoy,0.17266288463448634,44
2016-05-20,operating_profitability,-0.25217779509201504,64
2016-05-20,cashflow_to_assets,-0.27845538777500345,39
2016-05-20,debt_to_assets,-0.16066714331374604,50
2016-05-20,asset_growth_yoy,0.17426370107672337,71
2016-05-27,ret_1d,0.1442243173300566,99
2016-05-27,ret_5d,0.12644645487060802,98
2016-05-27,ret_20d,0.2732221754681254,97
2016-05-27,ret_60d,0.32062644645487054,97
2016-05-27,ret_120d,0.15836050915211441,97
2016-05-27,momentum_20_5,0.27933673469387754,97
2016-05-27,overnight_gap,0.12369820655534941,99
2016-05-27,intraday_return,0.09564655425696392,99
2016-05-27,ema20_distance,0.33445981485377646,97
2016-05-27,ema60_distance,0.31209236271828317,97
2016-05-27,ema20_60_spread,0.24363559856932462,97
2016-05-27,rsi14_centered,0.32545234588680827,97
2016-05-27,macd_hist_atr,0.102671996633705,97
2016-05-27,breakout_position_60,0.2633731327582579,97
2016-05-27,trend_r2_20,-0.07428203240058909,97
2016-05-27,realized_vol_5,-0.08861388979209302,98
2016-05-27,realized_vol_20,-0.07211235009467704,97
2016-05-27,vol_ratio_5_20,-0.018475173574584468,97
2016-05-27,parkinson_vol_20,-0.011453292657269092,97
2016-05-27,overnight_vol_20,-0.1263018093835472,97
2016-05-27,downside_vol_20,-0.14828792341678937,97
2016-05-27,volume_zscore_20,-0.21181359141594783,97
2016-05-27,volume_trend_5_20,0.035043656637912896,97
2016-05-27,amihud_illiq_20,-0.05163843888070692,97
2016-05-27,signed_volume_pressure_20,0.3882021880917315,97
2016-05-27,volume_cv_20,-0.04942930780559646,97
2016-05-27,return_volume_corr_20,0.1572427940248264,97
2016-05-27,close_location_value,0.1644774273345702,99
2016-05-27,body_range_ratio,0.04612259159759711,99
2016-05-27,gap_followthrough_20,-0.04167104986324426,97
2016-05-27,cs_rank_ret20,0.2732221754681254,97
2016-05-27,cs_rank_ret60,0.32062644645487054,97
2016-05-27,cs_rank_vol20,-0.07211235009467704,97
2016-05-27,cs_rank_amihud20,-0.05163843888070692,97
2016-05-27,return_autocorr_20,0.01840942562592047,97
2016-05-27,revenue_growth_yoy,0.17609275677394423,45
2016-05-27,gross_margin_change_yoy,0.18439342544342313,45
2016-05-27,operating_profitability,-0.04805394065537456,66
2016-05-27,cashflow_to_assets,0.2804797817246581,39
2016-05-27,debt_to_assets,-0.23761243091329962,50
2016-05-27,asset_growth_yoy,-0.05487535272021751,72
2016-06-03,ret_1d,-0.1427829313543599,99
2016-06-03,ret_5d,0.17855287569573283,99
2016-06-03,ret_20d,0.19297022932884492,97
2016-06-03,ret_60d,0.13966179255207237,97
2016-06-03,ret_120d,0.27019776982958127,97
2016-06-03,momentum_20_5,0.15006311803071745,97
2016-06-03,overnight_gap,-0.2129401724364791,99
2016-06-03,intraday_return,-0.0046876932591218305,99
2016-06-03,ema20_distance,0.17513938565116766,97
2016-06-03,ema60_distance,0.18907795076793601,97
2016-06-03,ema20_60_spread,0.13988533557752997,97
2016-06-03,rsi14_centered,0.18709076882861858,98
2016-06-03,macd_hist_atr,-0.013346833578792341,97
2016-06-03,breakout_position_60,0.0508889122659373,97
2016-06-03,trend_r2_20,-0.16803860719545546,97
2016-06-03,realized_vol_5,-0.1363265306122449,99
2016-06-03,realized_vol_20,-0.08507784557121817,97
2016-06-03,vol_ratio_5_20,-0.11608457816116136,97
2016-06-03,parkinson_vol_20,0.06202661476961919,97
2016-06-03,overnight_vol_20,-0.2616373869135283,97
2016-06-03,downside_vol_20,-0.05330843677677256,97
2016-06-03,volume_zscore_20,-0.08689248895434462,97
2016-06-03,volume_trend_5_20,0.008257942352198611,97
2016-06-03,amihud_illiq_20,-0.1055649063749211,97
2016-06-03,signed_volume_pressure_20,0.2922759309909531,97
2016-06-03,volume_cv_20,-0.17378497790868924,97
2016-06-03,return_volume_corr_20,0.15391594782242793,97
2016-06-03,close_location_value,-0.06277056277056277,99
2016-06-03,body_range_ratio,-0.033147804576376005,99
2016-06-03,gap_followthrough_20,-0.028048074900063117,97
2016-06-03,cs_rank_ret20,0.19297022932884492,97
2016-06-03,cs_rank_ret60,0.13966179255207237,97
2016-06-03,cs_rank_vol20,-0.08507784557121817,97
2016-06-03,cs_rank_amihud20,-0.1055649063749211,97
2016-06-03,return_autocorr_20,0.03555649063749211,97
2016-06-03,revenue_growth_yoy,0.30281538143849324,46
2016-06-03,gross_margin_change_yoy,-0.006290665765117376,46
2016-06-03,operating_profitability,-0.055047020637803076,66
2016-06-03,cashflow_to_assets,0.43858494919268987,39
2016-06-03,debt_to_assets,0.09516033266857137,50
2016-06-03,asset_growth_yoy,-0.00929327684508811,72
2016-06-10,ret_1d,0.008509585652442796,99
2016-06-10,ret_5d,0.2017068645640074,99
2016-06-10,ret_20d,0.0669242392364631,98
2016-06-10,ret_60d,0.026036187670944667,97
2016-06-10,ret_120d,0.15502051335998315,97
2016-06-10,momentum_20_5,-0.003015639245388877,98
2016-06-10,overnight_gap,0.06761904761904762,99
2016-06-10,intraday_return,-0.018231348891085585,99
2016-06-10,ema20_distance,0.14664422470018934,98
2016-06-10,ema60_distance,0.09261256048811276,97
2016-06-10,ema20_60_spread,0.04147380601725226,97
2016-06-10,rsi14_centered,0.135499748165433,98
2016-06-10,macd_hist_atr,0.11593993267410056,97
2016-06-10,breakout_position_60,0.0783584052177572,97
2016-06-10,trend_r2_20,-0.07936932973751824,98
2016-06-10,realized_vol_5,0.0435621521335807,99
2016-06-10,realized_vol_20,-0.07211394398434161,98
2016-06-10,vol_ratio_5_20,0.16524810486518882,98
2016-06-10,parkinson_vol_20,-0.14313766743810924,98
2016-06-10,overnight_vol_20,0.02168327499697161,98
2016-06-10,downside_vol_20,-0.014491644830378259,98
2016-06-10,volume_zscore_20,-0.04700699398784818,98
2016-06-10,volume_trend_5_20,0.044775548457433575,98
2016-06-10,amihud_illiq_20,-0.05765417694725499,98
2016-06-10,signed_volume_pressure_20,0.0607909518071521,98
2016-06-10,volume_cv_20,0.00517057807190355,98
2016-06-10,return_volume_corr_20,0.03573500627992528,98
2016-06-10,close_location_value,0.09360544217687074,99
2016-06-10,body_range_ratio,0.01636368696262295,99
2016-06-10,gap_followthrough_20,0.04579563784276597,98
2016-06-10,cs_rank_ret20,0.0669242392364631,98
2016-06-10,cs_rank_ret60,0.026036187670944667,97
2016-06-10,cs_rank_vol20,-0.07211394398434161,98
2016-06-10,cs_rank_amihud20,-0.05765417694725499,98
2016-06-10,return_autocorr_20,0.14434902358319146,98
2016-06-10,revenue_growth_yoy,0.14012149625830075,46
2016-06-10,gross_margin_change_yoy,0.194763945943536,46
2016-06-10,operating_profitability,-0.17104864888363994,66
2016-06-10,cashflow_to_assets,0.06265499274181284,39
2016-06-10,debt_to_assets,0.014714028194331904,50
2016-06-10,asset_growth_yoy,0.052495759341198406,72
2016-06-17,ret_1d,-0.2042944254259599,99
2016-06-17,ret_5d,0.057340754483611624,99
2016-06-17,ret_20d,0.04476279734011692,98
2016-06-17,ret_60d,0.10901009888491477,97
2016-06-17,ret_120d,0.08307910793183253,97
2016-06-17,momentum_20_5,0.017360646226625608,98
2016-06-17,overnight_gap,-0.16523860618077194,99
2016-06-17,intraday_return,-0.14439084724799012,99
2016-06-17,ema20_distance,0.13496420123813346,98
2016-06-17,ema60_distance,0.13721596886177148,97
2016-06-17,ema20_60_spread,0.0905480749000631,97
2016-06-17,rsi14_centered,0.15244279529993818,99
2016-06-17,macd_hist_atr,0.26898800757416363,97
2016-06-17,breakout_position_60,0.19294393014937933,97
2016-06-17,trend_r2_20,0.2617868140695828,98
2016-06-17,realized_vol_5,-0.1897959183673469,99
2016-06-17,realized_vol_20,-0.07439639398402285,98
2016-06-17,vol_ratio_5_20,-0.05004175990921204,98
2016-06-17,parkinson_vol_20,0.039458332536388495,98
2016-06-17,overnight_vol_20,-0.21506672022135936,98
2016-06-17,downside_vol_20,-0.10581514705226046,98
2016-06-17,volume_zscore_20,0.3086089168563395,98
2016-06-17,volume_trend_5_20,0.0917251624173568,98
2016-06-17,amihud_illiq_20,-0.057858194824321474,98
2016-06-17,signed_volume_pressure_20,0.004928306842887108,98
2016-06-17,volume_cv_20,-0.12125675012272949,98
2016-06-17,return_volume_corr_20,-0.03505919706214257,98
2016-06-17,close_location_value,-0.06622139764996908,99
2016-06-17,body_range_ratio,-0.1416202844774273,99
2016-06-17,gap_followthrough_20,-0.06767655515814572,98
2016-06-17,cs_rank_ret20,0.04476279734011692,98
2016-06-17,cs_rank_ret60,0.10901009888491477,97
2016-06-17,cs_rank_vol20,-0.07439639398402285,98
2016-06-17,cs_rank_amihud20,-0.057858194824321474,98
2016-06-17,return_autocorr_20,-0.3305408386409858,98
2016-06-17,revenue_growth_yoy,0.23636205959401366,47
2016-06-17,gross_margin_change_yoy,0.09257146385726646,46
2016-06-17,operating_profitability,0.10852929732858493,67
2016-06-17,cashflow_to_assets,0.3924287671405628,39
2016-06-17,debt_to_assets,-0.07688654666632505,51
2016-06-17,asset_growth_yoy,0.11025322607098667,73
2016-06-24,ret_1d,-0.2770439084724799,99
2016-06-24,ret_5d,-0.18628324056895482,99
2016-06-24,ret_20d,0.06876932591218306,99
2016-06-24,ret_60d,0.19148432568903848,97
2016-06-24,ret_120d,0.164054281506417,97
2016-06-24,momentum_20_5,0.09574520717377859,99
2016-06-24,overnight_gap,-0.23684601113172543,99
2016-06-24,intraday_return,-0.2044155844155844,99
2016-06-24,ema20_distance,0.008089053803339517,99
2016-06-24,ema60_distance,0.13173258994319376,97
2016-06-24,ema20_60_spread,0.17920260887860295,97
2016-06-24,rsi14_centered,0.0017810760667903523,99
2016-06-24,macd_hist_atr,-0.01913265306122449,97
2016-06-24,breakout_position_60,0.05136229749631811,97
2016-06-24,trend_r2_20,-0.11948051948051948,99
2016-06-24,realized_vol_5,0.2300061842918986,99
2016-06-24,realized_vol_20,0.1572665429808287,99
2016-06-24,vol_ratio_5_20,0.23677179962894246,99
2016-06-24,parkinson_vol_20,-0.0796660482374768,99
2016-06-24,overnight_vol_20,0.2506617192331478,99
2016-06-24,downside_vol_20,0.10633271490414346,99
2016-06-24,volume_zscore_20,-0.03228200371057514,99
2016-06-24,volume_trend_5_20,0.12210265924551639,99
2016-06-24,amihud_illiq_20,0.02458874458874459,99
2016-06-24,signed_volume_pressure_20,-0.007767470624613481,99
2016-06-24,volume_cv_20,0.1943351886209029,99
2016-06-24,return_volume_corr_20,0.02876932591218305,99
2016-06-24,close_location_value,-0.11672232529375386,99
2016-06-24,body_range_ratio,-0.21111935683364255,99
2016-06-24,gap_followthrough_20,0.20106369820655534,99
2016-06-24,cs_rank_ret20,0.06876932591218306,99
2016-06-24,cs_rank_ret60,0.19148432568903848,97
2016-06-24,cs_rank_vol20,0.1572665429808287,99
2016-06-24,cs_rank_amihud20,0.02458874458874459,99
2016-06-24,return_autocorr_20,0.17353633112101446,98
2016-06-24,revenue_growth_yoy,-0.08719030965454319,47
2016-06-24,gross_margin_change_yoy,0.09195473191950987,46
2016-06-24,operating_profitability,-0.04856780836509943,67
2016-06-24,cashflow_to_assets,-0.09170504591935773,39
2016-06-24,debt_to_assets,-0.1700384264223441,51
2016-06-24,asset_growth_yoy,-0.040386588198382964,73
2016-07-01,ret_1d,-0.15420390248258073,99
2016-07-01,ret_5d,-0.2575262832405689,99
2016-07-01,ret_20d,-0.03103277674706246,99
2016-07-01,ret_60d,-0.032006101409636015,97
2016-07-01,ret_120d,-0.13876762045024194,97
2016-07-01,momentum_20_5,0.09746444032158318,99
2016-07-01,overnight_gap,-0.06183692590297312,99
2016-07-01,intraday_return,-0.11288806431663574,99
2016-07-01,ema20_distance,-0.11282622139764996,99
2016-07-01,ema60_distance,-0.054057963391542174,97
2016-07-01,ema20_60_spread,-0.06812802440563855,97
2016-07-01,rsi14_centered,-0.08468769325912182,99
2016-07-01,macd_hist_atr,0.02033165656140619,98
2016-07-01,breakout_position_60,-0.12674889543446244,97
2016-07-01,trend_r2_20,0.03537414965986395,99
2016-07-01,realized_vol_5,0.11760049474335188,99
2016-07-01,realized_vol_20,-0.037118119975262834,99
2016-07-01,vol_ratio_5_20,0.23067408781694496,99
2016-07-01,parkinson_vol_20,0.20890538033395173,99
2016-07-01,overnight_vol_20,-0.16404452690166973,99
2016-07-01,downside_vol_20,-0.036734693877551024,99
2016-07-01,volume_zscore_20,-0.024675324675324673,99
2016-07-01,volume_trend_5_20,-0.14389610389610388,99
2016-07-01,amihud_illiq_20,-0.030142238713667283,99
2016-07-01,signed_volume_pressure_20,-0.16127396413110698,99
2016-07-01,volume_cv_20,0.0037229437229437225,99
2016-07-01,return_volume_corr_20,0.028893011750154608,99
2016-07-01,close_location_value,-0.020940012368583793,99
2016-07-01,body_range_ratio,-0.013308596165739022,99
2016-07-01,gap_followthrough_20,-0.1228200371057514,99
2016-07-01,cs_rank_ret20,-0.03103277674706246,99
2016-07-01,cs_rank_ret60,-0.032006101409636015,97
2016-07-01,cs_rank_vol20,-0.037118119975262834,99
2016-07-01,cs_rank_amihud20,-0.030142238713667283,99
2016-07-01,return_autocorr_20,-0.17500309214594928,99
2016-07-01,revenue_growth_yoy,-0.09684600044519884,47
2016-07-01,gross_margin_change_yoy,-0.2445958865142697,46
2016-07-01,operating_profitability,-0.06099909210029125,67
2016-07-01,cashflow_to_assets,0.0472725283850317,38
2016-07-01,debt_to_assets,0.10987028619082985,51
2016-07-01,asset_growth_yoy,-0.0864038504580378,73
2016-07-08,ret_1d,0.06571428571428571,99
2016-07-08,ret_5d,0.039109461966604815,99
2016-07-08,ret_20d,-0.18045763760049474,99
2016-07-08,ret_60d,-0.15841310751104565,97
2016-07-08,ret_120d,0.04163160109404586,97
2016-07-08,momentum_20_5,-0.2046134817563389,99
2016-07-08,overnight_gap,-0.018713667285095856,99
2016-07-08,intraday_return,0.07141620284477428,99
2016-07-08,ema20_distance,-0.15549783549783547,99
2016-07-08,ema60_distance,-0.16567168104355143,97
2016-07-08,ema20_60_spread,-0.15433673469387754,97
2016-07-08,rsi14_centered,-0.23925788497217068,99
2016-07-08,macd_hist_atr,-0.17257999732226537,98
2016-07-08,breakout_position_60,-0.235509152114454,97
2016-07-08,trend_r2_20,-0.20037105751391465,99
2016-07-08,realized_vol_5,0.11700680272108843,99
2016-07-08,realized_vol_20,0.23275200989486702,99
2016-07-08,vol_ratio_5_20,-0.13678416821273962,99
2016-07-08,parkinson_vol_20,0.12348794063079777,99
2016-07-08,overnight_vol_20,0.1279282622139765,99
2016-07-08,downside_vol_20,0.3049969078540507,99
2016-07-08,volume_zscore_20,0.12165739022881879,99
2016-07-08,volume_trend_5_20,-0.057130488559059986,99
2016-07-08,amihud_illiq_20,0.24592455163883734,99
2016-07-08,signed_volume_pressure_20,0.04089053803339517,99
2016-07-08,volume_cv_20,0.04918985776128633,99
2016-07-08,return_volume_corr_20,-0.0726777983920841,99
2016-07-08,close_location_value,-0.15291280148423006,99
2016-07-08,body_range_ratio,0.023760049474335188,99
2016-07-08,gap_followthrough_20,0.3103030303030303,99
2016-07-08,cs_rank_ret20,-0.18045763760049474,99
2016-07-08,cs_rank_ret60,-0.15841310751104565,97
2016-07-08,cs_rank_vol20,0.23275200989486702,99
2016-07-08,cs_rank_amihud20,0.24592455163883734,99
2016-07-08,return_autocorr_20,0.08834879406307977,99
2016-07-08,revenue_growth_yoy,-0.10713769482086773,47
2016-07-08,gross_margin_change_yoy,0.21018224438745114,46
2016-07-08,operating_profitability,-0.27346828826774344,67
2016-07-08,cashflow_to_assets,-0.04267658812537584,38
2016-07-08,debt_to_assets,0.17257563715499832,51
2016-07-08,asset_growth_yoy,-0.17658719446405266,73
2016-07-15,ret_1d,0.0030674562069379035,99
2016-07-15,ret_5d,-0.016883169088420504,99
2016-07-15,ret_20d,-0.06944981277031584,99
2016-07-15,ret_60d,-0.061126068818934405,97
2016-07-15,ret_120d,-0.05812137768735937,97
2016-07-15,momentum_20_5,-0.09807698848837391,99
2016-07-15,overnight_gap,0.0400500935405844,99
2016-07-15,intraday_return,-0.019623061581883,99
2016-07-15,ema20_distance,-0.0530180983864575,99
2016-07-15,ema60_distance,-0.1049472206612704,97
2016-07-15,ema20_60_spread,-0.07547889319580155,97
2016-07-15,rsi14_centered,-0.1383986963478983,99
2016-07-15,macd_hist_atr,-0.09166385795918268,99
2016-07-15,breakout_position_60,-0.15387043009245152,97
2016-07-15,trend_r2_20,-0.117322564386969,99
2016-07-15,realized_vol_5,0.0823255483168695,99
2016-07-15,realized_vol_20,0.04672246976667285,99
2016-07-15,vol_ratio_5_20,0.05210900466631178,99
2016-07-15,parkinson_vol_20,0.13341414166465038,99
2016-07-15,overnight_vol_20,0.2270384262176167,99
2016-07-15,downside_vol_20,0.05874477039227339,99
2016-07-15,volume_zscore_20,0.04301188315383318,99
2016-07-15,volume_trend_5_20,-0.04781090850643917,99
2016-07-15,amihud_illiq_20,0.06397669751637733,99
2016-07-15,signed_volume_pressure_20,-0.08790379685817182,99
2016-07-15,volume_cv_20,0.0021274029913614114,99
2016-07-15,return_volume_corr_20,0.304670082469244,99
2016-07-15,close_location_value,0.06973429107730021,99
2016-07-15,body_range_ratio,0.05541211212532987,99
2016-07-15,gap_followthrough_20,-0.09397060597016466,99
2016-07-15,cs_rank_ret20,-0.06944981277031584,99
2016-07-15,cs_rank_ret60,-0.061126068818934405,97
2016-07-15,cs_rank_vol20,0.04672246976667285,99
2016-07-15,cs_rank_amihud20,0.06397669751637733,99
2016-07-15,return_autocorr_20,0.019777426646435444,99
2016-07-15,revenue_growth_yoy,-0.033419097467059664,47
2016-07-15,gross_margin_change_yoy,-0.03342687102640801,46
2016-07-15,operating_profitability,-0.0006385250072650704,67
2016-07-15,cashflow_to_assets,0.1109596350713338,37
2016-07-15,debt_to_assets,-0.04118436707111931,51
2016-07-15,asset_growth_yoy,0.14060502769947322,72
2016-07-22,ret_1d,-0.030958565244279528,99
2016-07-22,ret_5d,-0.01569592697617867,99
2016-07-22,ret_20d,-0.16079158936301793,99
2016-07-22,ret_60d,-0.13588786029875866,97
2016-07-22,ret_120d,0.018935409215232485,97
2016-07-22,momentum_20_5,-0.1466542980828695,99
2016-07-22,overnight_gap,-0.14272108843537412,99
2016-07-22,intraday_return,0.019925788497217066,99
2016-07-22,ema20_distance,-0.01536178107606679,99
2016-07-22,ema60_distance,-0.06719440353460972,97
2016-07-22,ema20_60_spread,-0.06376236061434883,97
2016-07-22,rsi14_centered,-0.04327767470624613,99
2016-07-22,macd_hist_atr,0.12194186765615336,99
2016-07-22,breakout_position_60,-0.07405848937513149,97
2016-07-22,trend_r2_20,0.09480519480519481,99
2016-07-22,realized_vol_5,0.023141620284477422,99
2016-07-22,realized_vol_20,0.12708719851576994,99
2016-07-22,vol_ratio_5_20,-0.1473469387755102,99
2016-07-22,parkinson_vol_20,-0.011144094001236858,99
2016-07-22,overnight_vol_20,0.14430426716141,99
2016-07-22,downside_vol_20,0.1970439084724799,99
2016-07-22,volume_zscore_20,0.05391465677179962,99
2016-07-22,volume_trend_5_20,0.025615337043908473,99
2016-07-22,amihud_illiq_20,0.0815460729746444,99
2016-07-22,signed_volume_pressure_20,-0.047235621521335806,99
2016-07-22,volume_cv_20,0.07884972170686455,99
2016-07-22,return_volume_corr_20,-0.11031539888682745,99
2016-07-22,close_location_value,0.08962275819418676,99
2016-07-22,body_range_ratio,0.03721706864564007,99
2016-07-22,gap_followthrough_20,0.18039579468150896,99
2016-07-22,cs_rank_ret20,-0.16079158936301793,99
2016-07-22,cs_rank_ret60,-0.13588786029875866,97
2016-07-22,cs_rank_vol20,0.12708719851576994,99
2016-07-22,cs_rank_amihud20,0.0815460729746444,99
2016-07-22,return_autocorr_20,-0.016611008039579468,99
2016-07-22,revenue_growth_yoy,-0.2529921025709829,48
2016-07-22,gross_margin_change_yoy,0.06007342952988751,47
2016-07-22,operating_profitability,0.08275835743360234,68
2016-07-22,cashflow_to_assets,-0.13776878064063638,38
2016-07-22,debt_to_assets,0.13168083280979545,52
2016-07-22,asset_growth_yoy,0.0784437742508699,73
2016-07-29,ret_1d,0.006889301175015461,99
2016-07-29,ret_5d,0.08385899814471244,99
2016-07-29,ret_20d,0.07306122448979592,99
2016-07-29,ret_60d,0.026325478645066267,97
2016-07-29,ret_120d,-0.02430044182621502,97
2016-07-29,momentum_20_5,0.07610389610389609,99
2016-07-29,overnight_gap,-0.058045763760049475,99
2016-07-29,intraday_return,0.039183673469387746,99
2016-07-29,ema20_distance,0.01631416202844774,99
2016-07-29,ema60_distance,0.02465548074900063,97
2016-07-29,ema20_60_spread,0.04452451083526193,97
2016-07-29,rsi14_centered,0.043735312306740874,99
2016-07-29,macd_hist_atr,0.030018552875695728,99
2016-07-29,breakout_position_60,0.055701662108142216,97
2016-07-29,trend_r2_20,0.09402597402597403,99
2016-07-29,realized_vol_5,-0.022312925170068026,99
2016-07-29,realized_vol_20,-0.009078540507111935,99
2016-07-29,vol_ratio_5_20,-0.058256029684601106,99
2016-07-29,parkinson_vol_20,-0.04962275819418677,99
2016-07-29,overnight_vol_20,0.12274582560296846,99
2016-07-29,downside_vol_20,-0.09108225108225108,99
2016-07-29,volume_zscore_20,-0.11092145949288806,99
2016-07-29,volume_trend_5_20,-0.15246753246753245,99
2016-07-29,amihud_illiq_20,0.013345701917130488,99
2016-07-29,signed_volume_pressure_20,0.08547928262213976,99
2016-07-29,volume_cv_20,0.045442176870748294,99
2016-07-29,return_volume_corr_20,0.007309833024118738,99
2016-07-29,close_location_value,-0.10239950525664811,99
2016-07-29,body_range_ratio,0.04494743351886209,99
2016-07-29,gap_followthrough_20,-0.0107730364873222,99
2016-07-29,cs_rank_ret20,0.07306122448979592,99
2016-07-29,cs_rank_ret60,0.026325478645066267,97
2016-07-29,cs_rank_vol20,-0.009078540507111935,99
2016-07-29,cs_rank_amihud20,0.013345701917130488,99
2016-07-29,return_autocorr_20,-0.03501546072974644,99
2016-07-29,revenue_growth_yoy,0.2952207779196688,48
2016-07-29,gross_margin_change_yoy,0.156514700420987,47
2016-07-29,operating_profitability,-0.004867015946856226,68
2016-07-29,cashflow_to_assets,0.37949335286872676,38
2016-07-29,debt_to_assets,0.0991298919592656,52
2016-07-29,asset_growth_yoy,0.08918062122798011,73
2016-08-05,ret_1d,0.05539905812969629,99
2016-08-05,ret_5d,0.013840445269016696,99
2016-08-05,ret_20d,0.04880643166357452,99
2016-08-05,ret_60d,-0.06428475795191553,98
2016-08-05,ret_120d,-0.1496028823900694,97
2016-08-05,momentum_20_5,0.021255476980549914,99
2016-08-05,overnight_gap,-0.038330715286980066,99
2016-08-05,intraday_return,0.09301175015460728,99
2016-08-05,ema20_distance,-0.005429808286951144,99
2016-08-05,ema60_distance,-0.004469266619487533,98
2016-08-05,ema20_60_spread,-0.07229245962677479,98
2016-08-05,rsi14_centered,-0.005615337043908472,99
2016-08-05,macd_hist_atr,-0.011416202844774272,99
2016-08-05,breakout_position_60,0.06401698448826577,98
2016-08-05,trend_r2_20,-0.2000618429189858,99
2016-08-05,realized_vol_5,-0.06833642547928262,99
2016-08-05,realized_vol_20,-0.10588744588744588,99
2016-08-05,vol_ratio_5_20,-0.06706246134817563,99
2016-08-05,parkinson_vol_20,-0.1287569573283859,99
2016-08-05,overnight_vol_20,0.05414965986394557,99
2016-08-05,downside_vol_20,-0.1114904143475572,99
2016-08-05,volume_zscore_20,-0.275856524427953,99
2016-08-05,volume_trend_5_20,-0.29731601731601726,99
2016-08-05,amihud_illiq_20,0.0225974025974026,99
2016-08-05,signed_volume_pressure_20,0.0222387136672851,99
2016-08-05,volume_cv_20,0.11990105132962274,99
2016-08-05,return_volume_corr_20,0.005021645021645022,99
2016-08-05,close_location_value,0.06789115646258503,99
2016-08-05,body_range_ratio,0.1051082251082251,99
2016-08-05,gap_followthrough_20,-0.052640692640692634,99
2016-08-05,cs_rank_ret20,0.04880643166357452,99
2016-08-05,cs_rank_ret60,-0.06428475795191553,98
2016-08-05,cs_rank_vol20,-0.10588744588744588,99
2016-08-05,cs_rank_amihud20,0.0225974025974026,99
2016-08-05,return_autocorr_20,-0.017526283240568954,99
2016-08-05,revenue_growth_yoy,-0.1030748772328463,48
2016-08-05,gross_margin_change_yoy,-0.06539273224090739,47
2016-08-05,operating_profitability,-0.2208480059649937,68
2016-08-05,cashflow_to_assets,0.11498557634038671,39
2016-08-05,debt_to_assets,0.06497780458358958,52
2016-08-05,asset_growth_yoy,-0.10252574991580528,74
2016-08-12,ret_1d,-0.2081782087754635,99
2016-08-12,ret_5d,-0.15157699443413727,99
2016-08-12,ret_20d,-0.16279529993815706,99
2016-08-12,ret_60d,-0.11819648196673231,98
2016-08-12,ret_120d,-0.22500262991794653,97
2016-08-12,momentum_20_5,-0.08256029684601113,99
2016-08-12,overnight_gap,0.07039601235658996,99
2016-08-12,intraday_return,-0.20878234008244548,99
2016-08-12,ema20_distance,-0.14001236858379715,99
2016-08-12,ema60_distance,-0.16972374704333465,98
2016-08-12,ema20_60_spread,-0.0954612397911367,98
2016-08-12,rsi14_centered,-0.1299443413729128,99
2016-08-12,macd_hist_atr,-0.03073593073593073,99
2016-08-12,breakout_position_60,-0.083589949569331,98
2016-08-12,trend_r2_20,0.0015955473098330237,99
2016-08-12,realized_vol_5,-0.20357452071737783,99
2016-08-12,realized_vol_20,-0.18886827458256028,99
2016-08-12,vol_ratio_5_20,-0.16953617810760668,99
2016-08-12,parkinson_vol_20,-0.24354978354978352,99
2016-08-12,overnight_vol_20,-0.0261595547309833,99
2016-08-12,downside_vol_20,-0.0827829313543599,99
2016-08-12,volume_zscore_20,-0.05835497835497835,99
2016-08-12,volume_trend_5_20,-0.11752628324056896,99
2016-08-12,amihud_illiq_20,-0.06421768707482993,99
2016-08-12,signed_volume_pressure_20,-0.013828076685219542,99
2016-08-12,volume_cv_20,-0.054755720470006174,99
2016-08-12,return_volume_corr_20,-0.06822510822510823,99
2016-08-12,close_location_value,-0.1137786023500309,99
2016-08-12,body_range_ratio,-0.21746511275649033,99
2016-08-12,gap_followthrough_20,0.012999381570810141,99
2016-08-12,cs_rank_ret20,-0.16279529993815706,99
2016-08-12,cs_rank_ret60,-0.11819648196673231,98
2016-08-12,cs_rank_vol20,-0.18886827458256028,99
2016-08-12,cs_rank_amihud20,-0.06421768707482993,99
2016-08-12,return_autocorr_20,-0.035547309833024114,99
2016-08-12,revenue_growth_yoy,-0.1272288110762463,48
2016-08-12,gross_margin_change_yoy,0.04463588796638417,47
2016-08-12,operating_profitability,0.2791768284444964,69
2016-08-12,cashflow_to_assets,0.28453492221367194,40
2016-08-12,debt_to_assets,-0.1393528972324445,53
2016-08-12,asset_growth_yoy,0.003641562173365032,75
2016-08-19,ret_1d,-0.04523205081051559,99
2016-08-19,ret_5d,-0.12206555349412491,99
2016-08-19,ret_20d,-0.04491032776747062,99
2016-08-19,ret_60d,-0.06779131521399562,98
2016-08-19,ret_120d,-0.028205869976856722,97
2016-08-19,momentum_20_5,-0.00909090909090909,99
2016-08-19,overnight_gap,-0.03542362399505257,99
2016-08-19,intraday_return,0.0022387136672850955,99
2016-08-19,ema20_distance,-0.034248608534322815,99
2016-08-19,ema60_distance,0.019134199134199132,99
2016-08-19,ema20_60_spread,0.03522572665429808,99
2016-08-19,rsi14_centered,-0.026357452071737782,99
2016-08-19,macd_hist_atr,-0.022362399505256647,99
2016-08-19,breakout_position_60,-0.056932591218305496,99
2016-08-19,trend_r2_20,-0.027186147186147182,99
2016-08-19,realized_vol_5,0.07298701298701298,99
2016-08-19,realized_vol_20,0.30081632653061224,99
2016-08-19,vol_ratio_5_20,-0.12165739022881879,99
2016-08-19,parkinson_vol_20,0.3837971552257266,99
2016-08-19,overnight_vol_20,0.16283240568954854,99
2016-08-19,downside_vol_20,0.2177612863327149,99
2016-08-19,volume_zscore_20,-0.13854726520411348,98
2016-08-19,volume_trend_5_20,-0.15296227581941868,99
2016-08-19,amihud_illiq_20,0.3591033414302928,98
2016-08-19,signed_volume_pressure_20,-0.08206555349412491,99
2016-08-19,volume_cv_20,0.160878169449598,99
2016-08-19,return_volume_corr_20,0.12450828503847648,98
2016-08-19,close_location_value,-0.13245516388373532,99
2016-08-19,body_range_ratio,-0.03636363636363636,99
2016-08-19,gap_followthrough_20,0.05255411255411255,99
2016-08-19,cs_rank_ret20,-0.04491032776747062,99
2016-08-19,cs_rank_ret60,-0.06779131521399562,98
2016-08-19,cs_rank_vol20,0.30081632653061224,99
2016-08-19,cs_rank_amihud20,0.3591033414302928,98
2016-08-19,return_autocorr_20,-0.18777983920841063,99
2016-08-19,revenue_growth_yoy,-0.1594702418694589,48
2016-08-19,gross_margin_change_yoy,0.10413113241898693,47
2016-08-19,operating_profitability,-0.07749431398125597,69
2016-08-19,cashflow_to_assets,-0.15873164800050538,40
2016-08-19,debt_to_assets,-0.11930124988892254,53
2016-08-19,asset_growth_yoy,-0.1256196701288539,75
2016-08-26,ret_1d,-0.18784226296398693,99
2016-08-26,ret_5d,0.018243717513128383,99
2016-08-26,ret_20d,0.007544836116264688,99
2016-08-26,ret_60d,-0.07230674087816943,99
2016-08-26,ret_120d,-0.030415001051967178,97
2016-08-26,momentum_20_5,-0.0182312925170068,99
2016-08-26,overnight_gap,0.0017811862239520244,99
2016-08-26,intraday_return,-0.21264069264069263,99
2016-08-26,ema20_distance,0.04633271490414347,99
2016-08-26,ema60_distance,0.024267161410018553,99
2016-08-26,ema20_60_spread,-0.06603586889301175,99
2016-08-26,rsi14_centered,0.04466295609152752,99
2016-08-26,macd_hist_atr,0.14495980210265924,99
2016-08-26,breakout_position_60,-0.01581941867656153,99
2016-08-26,trend_r2_20,-0.003797155225726654,99
2016-08-26,realized_vol_5,-0.07640074211502783,99
2016-08-26,realized_vol_20,-0.03522572665429808,99
2016-08-26,vol_ratio_5_20,-0.06651824366110079,99
2016-08-26,parkinson_vol_20,-0.09308596165739022,99
2016-08-26,overnight_vol_20,0.16497217068645637,99
2016-08-26,downside_vol_20,-0.050575139146567714,99
2016-08-26,volume_zscore_20,0.05987287136035294,98
2016-08-26,volume_trend_5_20,0.03037724180581323,99
2016-08-26,amihud_illiq_20,0.13440315207620065,98
2016-08-26,signed_volume_pressure_20,-0.13846629560915275,99
2016-08-26,volume_cv_20,0.021224489795918365,99
2016-08-26,return_volume_corr_20,-0.06382571772851595,98
2016-08-26,close_location_value,-0.13523809523809524,99
2016-08-26,body_range_ratio,-0.12153370439084725,99
2016-08-26,gap_followthrough_20,-0.08304267161410017,99
2016-08-26,cs_rank_ret20,0.007544836116264688,99
2016-08-26,cs_rank_ret60,-0.07230674087816943,99
2016-08-26,cs_rank_vol20,-0.03522572665429808,99
2016-08-26,cs_rank_amihud20,0.13440315207620065,98
2016-08-26,return_autocorr_20,0.002807668521954236,99
2016-08-26,revenue_growth_yoy,-0.169511764927951,48
2016-08-26,gross_margin_change_yoy,-0.1961781967227222,47
2016-08-26,operating_profitability,0.024899752464981585,69
2016-08-26,cashflow_to_assets,-0.3821004741761575,40
2016-08-26,debt_to_assets,-0.029774880763620167,53
2016-08-26,asset_growth_yoy,-0.15967396639071282,75
2016-09-02,ret_1d,-0.071713048855906,99
2016-09-02,ret_5d,0.098726035868893,99
2016-09-02,ret_20d,0.038008658008658006,99
2016-09-02,ret_60d,-0.1461471861471861,99
2016-09-02,ret_120d,-0.1375710077845571,97
2016-09-02,momentum_20_5,-0.05226963512677798,99
2016-09-02,overnight_gap,0.09402597402597403,99
2016-09-02,intraday_return,-0.2180333951762523,99
2016-09-02,ema20_distance,0.09981447124304266,99
2016-09-02,ema60_distance,0.0049721706864564,99
2016-09-02,ema20_60_spread,-0.09841682127396413,99
2016-09-02,rsi14_centered,0.06552875695732838,99
2016-09-02,macd_hist_atr,0.1474582560296846,99
2016-09-02,breakout_position_60,0.049004329004328995,99
2016-09-02,trend_r2_20,0.13030303030303028,99
2016-09-02,realized_vol_5,0.08500927643784786,99
2016-09-02,realized_vol_20,0.21332096474953613,99
2016-09-02,vol_ratio_5_20,-0.06137291280148423,99
2016-09-02,parkinson_vol_20,0.13205936920222633,99
2016-09-02,overnight_vol_20,0.24954854669140378,99
2016-09-02,downside_vol_20,0.1804700061842919,99
2016-09-02,volume_zscore_20,-0.0583299861650377,98
2016-09-02,volume_trend_5_20,-0.0007421150278293134,99
2016-09-02,amihud_illiq_20,0.16717352358000367,98
2016-09-02,signed_volume_pressure_20,-0.06559059987631416,99
2016-09-02,volume_cv_20,0.24781694495980208,99
2016-09-02,return_volume_corr_20,0.16402399760278993,98
2016-09-02,close_location_value,-0.11468150896722325,99
2016-09-02,body_range_ratio,-0.2209647495361781,99
2016-09-02,gap_followthrough_20,-0.0370439084724799,99
2016-09-02,cs_rank_ret20,0.038008658008658006,99
2016-09-02,cs_rank_ret60,-0.1461471861471861,99
2016-09-02,cs_rank_vol20,0.21332096474953613,99
2016-09-02,cs_rank_amihud20,0.16717352358000367,98
2016-09-02,return_autocorr_20,-0.004836116264687693,99
2016-09-02,revenue_growth_yoy,-0.12820582413058607,48
2016-09-02,gross_margin_change_yoy,-0.07419285211211964,46
2016-09-02,operating_profitability,0.021282620412108256,69
2016-09-02,cashflow_to_assets,-0.07917819793878637,40
2016-09-02,debt_to_assets,0.13975438363784934,53
2016-09-02,asset_growth_yoy,0.0739550067942375,75
2016-09-09,ret_1d,0.0009400123685837971,99
2016-09-09,ret_5d,-0.11067408781694495,99
2016-09-09,ret_20d,-0.06807668521954237,99
2016-09-09,ret_60d,-0.06555349412492269,99
2016-09-09,ret_120d,0.13519093204292026,97
2016-09-09,momentum_20_5,0.010439117004122273,99
2016-09-09,overnight_gap,0.0229560915275201,99
2016-09-09,intraday_return,-0.06743351886209029,99
2016-09-09,ema20_distance,-0.07526283240568954,99
2016-09-09,ema60_distance,-0.08086580086580086,99
2016-09-09,ema20_60_spread,-0.05014223871366728,99
2016-09-09,rsi14_centered,-0.1469016697588126,99
2016-09-09,macd_hist_atr,-0.07158936301793443,99
2016-09-09,breakout_position_60,-0.07467103781002188,99
2016-09-09,trend_r2_20,0.04838589981447124,99
2016-09-09,realized_vol_5,-0.1209647495361781,99
2016-09-09,realized_vol_20,-0.05337043908472479,99
2016-09-09,vol_ratio_5_20,0.027384044526901668,99
2016-09-09,parkinson_vol_20,-0.0040445269016697585,99
2016-09-09,overnight_vol_20,-0.053494124922696354,99
2016-09-09,downside_vol_20,-0.013048855905998762,99
2016-09-09,volume_zscore_20,0.05774343476847158,98
2016-09-09,volume_trend_5_20,0.0232034632034632,99
2016-09-09,amihud_illiq_20,-0.18332918922020539,98
2016-09-09,signed_volume_pressure_20,-0.028039579468150895,99
2016-09-09,volume_cv_20,0.028905380333951763,99
2016-09-09,return_volume_corr_20,-0.12416400487092681,98
2016-09-09,close_location_value,-0.19259121830550402,99
2016-09-09,body_range_ratio,-0.037983920841063695,99
2016-09-09,gap_followthrough_20,0.08410636982065553,99
2016-09-09,cs_rank_ret20,-0.06807668521954237,99
2016-09-09,cs_rank_ret60,-0.06555349412492269,99
2016-09-09,cs_rank_vol20,-0.05337043908472479,99
2016-09-09,cs_rank_amihud20,-0.18332918922020539,98
2016-09-09,return_autocorr_20,0.09340754483611627,99
2016-09-09,revenue_growth_yoy,-0.17852199642908453,48
2016-09-09,gross_margin_change_yoy,-0.008510900741041156,46
2016-09-09,operating_profitability,0.09621936627517097,69
2016-09-09,cashflow_to_assets,0.21534038959404472,41
2016-09-09,debt_to_assets,0.1648416063283955,53
2016-09-09,asset_growth_yoy,0.275176180294742,76
2016-09-16,ret_1d,-0.07129251700680271,99
2016-09-16,ret_5d,-0.1305751391465677,99
2016-09-16,ret_20d,0.022337662337662337,99
2016-09-16,ret_60d,0.06811379097093383,99
2016-09-16,ret_120d,0.0008415737428992214,97
2016-09-16,momentum_20_5,0.008237476808905379,99
2016-09-16,overnight_gap,-0.042721088435374144,99
2016-09-16,intraday_return,-0.033259121830550395,99
2016-09-16,ema20_distance,-0.013877551020408161,99
2016-09-16,ema60_distance,0.08627087198515769,99
2016-09-16,ema20_60_spread,0.12811379097093384,99
2016-09-16,rsi14_centered,0.015955473098330238,99
2016-09-16,macd_hist_atr,-0.14752009894867038,99
2016-09-16,breakout_position_60,-0.0016450216450216448,99
2016-09-16,trend_r2_20,-0.004316635745207174,99
2016-09-16,realized_vol_5,0.008113790970933827,99
2016-09-16,realized_vol_20,-0.1401360544217687,99
2016-09-16,vol_ratio_5_20,0.02256029684601113,99
2016-09-16,parkinson_vol_20,-0.07361781076066791,99
2016-09-16,overnight_vol_20,-0.1470748299319728,99
2016-09-16,downside_vol_20,-0.08207792207792207,99
2016-09-16,volume_zscore_20,-0.05504019789734074,98
2016-09-16,volume_trend_5_20,0.040185528756957335,99
2016-09-16,amihud_illiq_20,0.06142850767298484,98
2016-09-16,signed_volume_pressure_20,0.012937538651824367,99
2016-09-16,volume_cv_20,-0.17542362399505254,99
2016-09-16,return_volume_corr_20,0.04296488979846859,98
2016-09-16,close_location_value,-0.06836116264687693,99
2016-09-16,body_range_ratio,-0.10612244897959182,99
2016-09-16,gap_followthrough_20,0.016413110698824986,99
2016-09-16,cs_rank_ret20,0.022337662337662337,99
2016-09-16,cs_rank_ret60,0.06811379097093383,99
2016-09-16,cs_rank_vol20,-0.1401360544217687,99
2016-09-16,cs_rank_amihud20,0.06142850767298484,98
2016-09-16,return_autocorr_20,0.017167594310451454,99
2016-09-16,revenue_growth_yoy,-0.12207235328945304,48
2016-09-16,gross_margin_change_yoy,0.0479817447574639,46
2016-09-16,operating_profitability,0.07075329515544658,69
2016-09-16,cashflow_to_assets,0.09547454166467356,41
2016-09-16,debt_to_assets,-0.007542300069344251,53
2016-09-16,asset_growth_yoy,-0.004880416134195584,76
2016-09-23,ret_1d,-0.007314753419635142,100
2016-09-23,ret_5d,0.0014718614718614716,99
2016-09-23,ret_20d,0.022028447742733458,99
2016-09-23,ret_60d,0.25586889301175014,99
2016-09-23,ret_120d,0.1877498422049232,97
2016-09-23,momentum_20_5,0.011366728509585653,99
2016-09-23,overnight_gap,-0.06869486948694868,100
2016-09-23,intraday_return,0.0067207728896384825,100
2016-09-23,ema20_distance,0.0653308596165739,99
2016-09-23,ema60_distance,0.21475572047000618,99
2016-09-23,ema20_60_spread,0.2620655534941249,99
2016-09-23,rsi14_centered,0.09213358070500928,99
2016-09-23,macd_hist_atr,-0.19857761286332715,99
2016-09-23,breakout_position_60,0.2015089672232529,99
2016-09-23,trend_r2_20,0.037501546072974644,99
2016-09-23,realized_vol_5,0.02431663574520717,99
2016-09-23,realized_vol_20,0.062003710575139134,99
2016-09-23,vol_ratio_5_20,-0.04139764996907854,99
2016-09-23,parkinson_vol_20,0.0794186765615337,99
2016-09-23,overnight_vol_20,0.2863079777365492,99
2016-09-23,downside_vol_20,0.042115027829313534,99
2016-09-23,volume_zscore_20,0.01766667304222532,98
2016-09-23,volume_trend_5_20,0.13792207792207792,99
2016-09-23,amihud_illiq_20,0.07063481437560966,98
2016-09-23,signed_volume_pressure_20,0.08383426097711812,99
2016-09-23,volume_cv_20,0.012059369202226344,99
2016-09-23,return_volume_corr_20,0.018852526952674226,98
2016-09-23,close_location_value,0.01162916291629163,100
2016-09-23,body_range_ratio,0.01976621381737087,100
2016-09-23,gap_followthrough_20,-0.05330859616573902,99
2016-09-23,cs_rank_ret20,0.022028447742733458,99
2016-09-23,cs_rank_ret60,0.25586889301175014,99
2016-09-23,cs_rank_vol20,0.062003710575139134,99
2016-09-23,cs_rank_amihud20,0.07063481437560966,98
2016-09-23,return_autocorr_20,-0.06528138528138529,99
2016-09-23,revenue_growth_yoy,-0.0699649903913317,48
2016-09-23,gross_margin_change_yoy,-0.14776897228648264,46
2016-09-23,operating_profitability,-0.17813461943216102,69
2016-09-23,cashflow_to_assets,-0.24861710028373937,41
2016-09-23,debt_to_assets,-0.16822869318086234,52
2016-09-23,asset_growth_yoy,-0.23227773259416568,76
2016-09-30,ret_1d,0.07606360636063604,100
2016-09-30,ret_5d,-0.04223222322232223,100
2016-09-30,ret_20d,-0.06542980828695115,99
2016-09-30,ret_60d,0.06194186765615337,99
2016-09-30,ret_120d,0.04356459078476751,97
2016-09-30,momentum_20_5,0.0533951762523191,99
2016-09-30,overnight_gap,-0.29870083124249436,100
2016-09-30,intraday_return,0.20559255925592557,100
2016-09-30,ema20_distance,-0.036178107606679034,99
2016-09-30,ema60_distance,-0.03794681508967224,99
2016-09-30,ema20_60_spread,-0.015596784168212736,99
2016-09-30,rsi14_centered,-0.029066171923314777,99
2016-09-30,macd_hist_atr,-0.1611502782931354,99
2016-09-30,breakout_position_60,0.02896722325293754,99
2016-09-30,trend_r2_20,-0.0020037105751391465,99
2016-09-30,realized_vol_5,0.3029102910291029,100
2016-09-30,realized_vol_20,0.24874458874458874,99
2016-09-30,vol_ratio_5_20,0.1940878169449598,99
2016-09-30,parkinson_vol_20,0.54143475572047,99
2016-09-30,overnight_vol_20,0.07474335188620902,99
2016-09-30,downside_vol_20,0.2738280766852196,99
2016-09-30,volume_zscore_20,0.05030953337286178,98
2016-09-30,volume_trend_5_20,0.057489177489177486,99
2016-09-30,amihud_illiq_20,0.27041932049295814,98
2016-09-30,signed_volume_pressure_20,-0.1346444032158318,99
2016-09-30,volume_cv_20,0.17215831787260358,99
2016-09-30,return_volume_corr_20,0.006407436451619073,98
2016-09-30,close_location_value,0.06933093309330932,100
2016-09-30,body_range_ratio,0.08480048004800479,100
2016-09-30,gap_followthrough_20,-0.1381447124304267,99
2016-09-30,cs_rank_ret20,-0.06542980828695115,99
2016-09-30,cs_rank_ret60,0.06194186765615337,99
2016-09-30,cs_rank_vol20,0.24874458874458874,99
2016-09-30,cs_rank_amihud20,0.27041932049295814,98
2016-09-30,return_autocorr_20,0.19163883735312304,99
2016-09-30,revenue_growth_yoy,-0.15355388504040135,48
2016-09-30,gross_margin_change_yoy,-0.019982114783314017,46
2016-09-30,operating_profitability,-0.028242859362334217,69
2016-09-30,cashflow_to_assets,-0.13685265050657133,41
2016-09-30,debt_to_assets,0.055720417411427754,52
2016-09-30,asset_growth_yoy,0.06359578671226289,76
2016-10-07,ret_1d,0.024926492649264925,100
2016-10-07,ret_5d,0.030831083108310828,100
2016-10-07,ret_20d,0.031020408163265303,99
2016-10-07,ret_60d,-0.12719851576994431,99
2016-10-07,ret_120d,0.01637123921733642,97
2016-10-07,momentum_20_5,-0.00023500309214594928,99
2016-10-07,overnight_gap,0.12804234075138424,100
2016-10-07,intraday_return,-0.1434143414341434,100
2016-10-07,ema20_distance,0.008509585652442796,99
2016-10-07,ema60_distance,-0.07638837353123067,99
2016-10-07,ema20_60_spread,-0.07094619666048237,99
2016-10-07,rsi14_centered,0.001323438466295609,99
2016-10-07,macd_hist_atr,-0.05445887445887446,99
2016-10-07,breakout_position_60,0.04023500309214594,99
2016-10-07,trend_r2_20,0.04612244897959183,99
2016-10-07,realized_vol_5,0.18147014701470146,100
2016-10-07,realized_vol_20,0.2584415584415584,99
2016-10-07,vol_ratio_5_20,0.0772047000618429,99
2016-10-07,parkinson_vol_20,0.3544341372912801,99
2016-10-07,overnight_vol_20,0.09093382807668522,99
2016-10-07,downside_vol_20,0.18523191094619665,99
2016-10-07,volume_zscore_20,0.09589363017934445,99
2016-10-07,volume_trend_5_20,-0.03654916512059369,99
2016-10-07,amihud_illiq_20,0.18753246753246752,99
2016-10-07,signed_volume_pressure_20,0.019134199134199132,99
2016-10-07,volume_cv_20,0.23179962894248607,99
2016-10-07,return_volume_corr_20,-0.020742115027829314,99
2016-10-07,close_location_value,-0.08214821482148213,100
2016-10-07,body_range_ratio,-0.0854005400540054,100
2016-10-07,gap_followthrough_20,-0.004799010513296227,99
2016-10-07,cs_rank_ret20,0.031020408163265303,99
2016-10-07,cs_rank_ret60,-0.12719851576994431,99
2016-10-07,cs_rank_vol20,0.2584415584415584,99
2016-10-07,cs_rank_amihud20,0.18753246753246752,99
2016-10-07,return_autocorr_20,0.0017687074829931973,99
2016-10-07,revenue_growth_yoy,0.018508969529436852,48
2016-10-07,gross_margin_change_yoy,-0.32760800533630885,46
2016-10-07,operating_profitability,-0.1327560536779319,69
2016-10-07,cashflow_to_assets,-0.08528246011835348,41
2016-10-07,debt_to_assets,0.08556606627777871,52
2016-10-07,asset_growth_yoy,0.15257793970240027,76
2016-10-14,ret_1d,0.06373256445442563,100
2016-10-14,ret_5d,-0.05249324932493248,100
2016-10-14,ret_20d,-0.06338899196042053,99
2016-10-14,ret_60d,0.023042671614100185,99
2016-10-14,ret_120d,0.012939196297075531,97
2016-10-14,momentum_20_5,-0.015386518243661098,99
2016-10-14,overnight_gap,0.11306330633063305,100
2016-10-14,intraday_return,0.031803180318031796,100
2016-10-14,ema20_distance,-0.018392084106369822,99
2016-10-14,ema60_distance,-0.01266542980828695,99
2016-10-14,ema20_60_spread,0.005058750773036486,99
2016-10-14,rsi14_centered,0.010621062106210619,100
2016-10-14,macd_hist_atr,-0.0012739641311069882,99
2016-10-14,breakout_position_60,0.016079158936301793,99
2016-10-14,trend_r2_20,-0.1,99
2016-10-14,realized_vol_5,-0.0012961296129612961,100
2016-10-14,realized_vol_20,0.07208410636982066,99
2016-10-14,vol_ratio_5_20,0.004860853432282003,99
2016-10-14,parkinson_vol_20,0.0911317254174397,99
2016-10-14,overnight_vol_20,-0.03708101422387136,99
2016-10-14,downside_vol_20,0.03814471243042671,99
2016-10-14,volume_zscore_20,0.04995670995670995,99
2016-10-14,volume_trend_5_20,0.0006184291898577613,99
2016-10-14,amihud_illiq_20,0.15407544836116263,99
2016-10-14,signed_volume_pressure_20,-0.11381570810142239,99
2016-10-14,volume_cv_20,0.08837353123067408,99
2016-10-14,return_volume_corr_20,-0.1517377860235003,99
2016-10-14,close_location_value,0.146018601860186,100
2016-10-14,body_range_ratio,0.06933093309330932,100
2016-10-14,gap_followthrough_20,-0.008423005565862708,99
2016-10-14,cs_rank_ret20,-0.06338899196042053,99
2016-10-14,cs_rank_ret60,0.023042671614100185,99
2016-10-14,cs_rank_vol20,0.07208410636982066,99
2016-10-14,cs_rank_amihud20,0.15407544836116263,99
2016-10-14,return_autocorr_20,0.03943104514533086,99
2016-10-14,revenue_growth_yoy,0.22813254818833753,48
2016-10-14,gross_margin_change_yoy,-0.2702519351249445,46
2016-10-14,operating_profitability,0.12104604536534702,69
2016-10-14,cashflow_to_assets,-0.105405287786729,41
2016-10-14,debt_to_assets,-0.06455882844910252,52
2016-10-14,asset_growth_yoy,0.1332066521333383,76
2016-10-21,ret_1d,0.0544260957266405,100
2016-10-21,ret_5d,-0.17304530453045303,100
2016-10-21,ret_20d,-0.18047404740474046,100
2016-10-21,ret_60d,-0.37659863945578226,99
2016-10-21,ret_120d,-0.4256127708815485,97
2016-10-21,momentum_20_5,-0.16776477647764773,100
2016-10-21,overnight_gap,0.22348634863486347,100
2016-10-21,intraday_return,-0.09700686477584017,100
2016-10-21,ema20_distance,-0.22397839783978393,100
2016-10-21,ema60_distance,-0.41209647495361773,99
2016-10-21,ema20_60_spread,-0.41461966604823747,99
2016-10-21,rsi14_centered,-0.285016501650165,100
2016-10-21,macd_hist_atr,0.08968460111317253,99
2016-10-21,breakout_position_60,-0.4365615337043908,99
2016-10-21,trend_r2_20,0.07265526552655265,100
2016-10-21,realized_vol_5,-0.0681068106810681,100
2016-10-21,realized_vol_20,-0.18595859585958596,100
2016-10-21,vol_ratio_5_20,0.07416741674167417,100
2016-10-21,parkinson_vol_20,-0.2651185118511851,100
2016-10-21,overnight_vol_20,-0.026450645064506447,100
2016-10-21,downside_vol_20,-0.11599159915991598,100
2016-10-21,volume_zscore_20,0.10969096909690969,100
2016-10-21,volume_trend_5_20,0.009300930093009299,100
2016-10-21,amihud_illiq_20,-0.2699429942994299,100
2016-10-21,signed_volume_pressure_20,-0.11804380438043804,100
2016-10-21,volume_cv_20,-0.050405040504050404,100
2016-10-21,return_volume_corr_20,-0.014557455745574557,100
2016-10-21,close_location_value,0.035859585958595855,100
2016-10-21,body_range_ratio,-0.11072440114090082,100
2016-10-21,gap_followthrough_20,-0.06114611461146115,100
2016-10-21,cs_rank_ret20,-0.18047404740474046,100
2016-10-21,cs_rank_ret60,-0.37659863945578226,99
2016-10-21,cs_rank_vol20,-0.18595859585958596,100
2016-10-21,cs_rank_amihud20,-0.2699429942994299,100
2016-10-21,return_autocorr_20,-0.0031563156315631558,100
2016-10-21,revenue_growth_yoy,-0.03370695037472225,48
2016-10-21,gross_margin_change_yoy,-0.13531098714379924,46
2016-10-21,operating_profitability,0.1653285104974933,69
2016-10-21,cashflow_to_assets,0.10035280291761309,41
2016-10-21,debt_to_assets,-0.011058688206559225,52
2016-10-21,asset_growth_yoy,-0.2690790777853548,76
2016-10-28,ret_1d,0.09695885939923453,100
2016-10-28,ret_5d,-0.019346166772071554,100
2016-10-28,ret_20d,-0.23061506150615058,100
2016-10-28,ret_60d,-0.1874582560296846,99
2016-10-28,ret_120d,-0.13566431727330108,97
2016-10-28,momentum_20_5,-0.3224122412241223,100
2016-10-28,overnight_gap,0.047272727272727265,100
2016-10-28,intraday_return,0.03599159915991599,100
2016-10-28,ema20_distance,-0.1525112511251125,100
2016-10-28,ema60_distance,-0.3135435992578849,99
2016-10-28,ema20_60_spread,-0.2958688930117501,99
2016-10-28,rsi14_centered,-0.20915691569156913,100
2016-10-28,macd_hist_atr,0.09829313543599258,99
2016-10-28,breakout_position_60,-0.27051329622758197,99
2016-10-28,trend_r2_20,0.06867086708670866,100
2016-10-28,realized_vol_5,-0.05345334533453345,100
2016-10-28,realized_vol_20,-0.0515091509150915,100
2016-10-28,vol_ratio_5_20,-0.02297029702970297,100
2016-10-28,parkinson_vol_20,-0.15559555955595555,100
2016-10-28,overnight_vol_20,-0.15195919591959195,100
2016-10-28,downside_vol_20,0.06748274827482748,100
2016-10-28,volume_zscore_20,-0.13790579057905789,100
2016-10-28,volume_trend_5_20,-0.08054005400540054,100
2016-10-28,amihud_illiq_20,-0.010165016501650165,100
2016-10-28,signed_volume_pressure_20,-0.32750075007500745,100
2016-10-28,volume_cv_20,-0.062274227422742266,100
2016-10-28,return_volume_corr_20,-0.06603060306030602,100
2016-10-28,close_location_value,-0.016129612961296128,100
2016-10-28,body_range_ratio,0.08826882688268826,100
2016-10-28,gap_followthrough_20,0.10244224422442243,100
2016-10-28,cs_rank_ret20,-0.23061506150615058,100
2016-10-28,cs_rank_ret60,-0.1874582560296846,99
2016-10-28,cs_rank_vol20,-0.0515091509150915,100
2016-10-28,cs_rank_amihud20,-0.010165016501650165,100
2016-10-28,return_autocorr_20,0.08663666366636663,100
2016-10-28,revenue_growth_yoy,-0.059597796314726295,48
2016-10-28,gross_margin_change_yoy,0.24823460494703367,46
2016-10-28,operating_profitability,-0.0737686926847032,68
2016-10-28,cashflow_to_assets,0.030207795896077267,40
2016-10-28,debt_to_assets,-0.23436499487737264,52
2016-10-28,asset_growth_yoy,-0.05428203614672251,75
2016-11-04,ret_1d,0.1787404102630615,100
2016-11-04,ret_5d,0.1894149414941494,100
2016-11-04,ret_20d,0.03740774077407741,100
2016-11-04,ret_60d,-0.13167594310451453,99
2016-11-04,ret_120d,-0.030825826113013148,98
2016-11-04,momentum_20_5,-0.07476747674767475,100
2016-11-04,overnight_gap,0.08525652565256525,100
2016-11-04,intraday_return,0.09847614304317663,100
2016-11-04,ema20_distance,0.1413261326132613,100
2016-11-04,ema60_distance,-0.056549165120593686,99
2016-11-04,ema20_60_spread,-0.21215831787260359,99
2016-11-04,rsi14_centered,0.19937593759375935,100
2016-11-04,macd_hist_atr,0.14173160173160174,99
2016-11-04,breakout_position_60,0.057798570805999275,99
2016-11-04,trend_r2_20,-0.11834383438343832,100
2016-11-04,realized_vol_5,0.2135133513351335,100
2016-11-04,realized_vol_20,0.2153375337533753,100
2016-11-04,vol_ratio_5_20,0.14947494749474946,100
2016-11-04,parkinson_vol_20,0.27925592559255924,100
2016-11-04,overnight_vol_20,-0.024938493849384936,100
2016-11-04,downside_vol_20,0.24610861086108607,100
2016-11-04,volume_zscore_20,0.01789378937893789,100
2016-11-04,volume_trend_5_20,-0.00072007200720072,100
2016-11-04,amihud_illiq_20,0.378085808580858,100
2016-11-04,signed_volume_pressure_20,0.09442544254425442,100
2016-11-04,volume_cv_20,-0.015637563756375636,100
2016-11-04,return_volume_corr_20,-0.01774977497749775,100
2016-11-04,close_location_value,0.05903390339033903,100
2016-11-04,body_range_ratio,0.17405992817338517,100
2016-11-04,gap_followthrough_20,-0.08568856885688568,100
2016-11-04,cs_rank_ret20,0.03740774077407741,100
2016-11-04,cs_rank_ret60,-0.13167594310451453,99
2016-11-04,cs_rank_vol20,0.2153375337533753,100
2016-11-04,cs_rank_amihud20,0.378085808580858,100
2016-11-04,return_autocorr_20,-0.21485748574857483,100
2016-11-04,revenue_growth_yoy,0.009132886045983158,49
2016-11-04,gross_margin_change_yoy,0.16992859421399367,47
2016-11-04,operating_profitability,-0.12482464428407734,68
2016-11-04,cashflow_to_assets,0.08565129705937437,40
2016-11-04,debt_to_assets,-0.08498971905468271,53
2016-11-04,asset_growth_yoy,0.04008563361149476,75
2016-11-11,ret_1d,0.025922670035130282,100
2016-11-11,ret_5d,-0.06984698469846984,100
2016-11-11,ret_20d,0.07063906390639063,100
2016-11-11,ret_60d,0.1496103896103896,99
2016-11-11,ret_120d,0.09973286409221607,98
2016-11-11,momentum_20_5,0.08277227722772276,100
2016-11-11,overnight_gap,0.07089193990237386,100
2016-11-11,intraday_return,-0.05586558655865585,100
2016-11-11,ema20_distance,0.014425442544254423,100
2016-11-11,ema60_distance,0.03898577612863327,99
2016-11-11,ema20_60_spread,0.17188620902906618,99
2016-11-11,rsi14_centered,0.0608100810081008,100
2016-11-11,macd_hist_atr,-0.026126612661266126,100
2016-11-11,breakout_position_60,0.0583426097711812,99
2016-11-11,trend_r2_20,-0.06885088508850884,100
2016-11-11,realized_vol_5,0.02665466546654665,100
2016-11-11,realized_vol_20,0.14409840984098407,100
2016-11-11,vol_ratio_5_20,-0.1753135313531353,100
2016-11-11,parkinson_vol_20,0.09863786378637862,100
2016-11-11,overnight_vol_20,-0.02255025502550255,100
2016-11-11,downside_vol_20,0.09597359735973597,100
2016-11-11,volume_zscore_20,0.10502250225022501,100
2016-11-11,volume_trend_5_20,0.05039303930393039,100
2016-11-11,amihud_illiq_20,0.08279627962796278,100
2016-11-11,signed_volume_pressure_20,0.030627062706270625,100
2016-11-11,volume_cv_20,-0.07866786678667866,100
2016-11-11,return_volume_corr_20,0.05563756375637563,100
2016-11-11,close_location_value,-0.03307530753075307,100
2016-11-11,body_range_ratio,-0.040084008400840074,100
2016-11-11,gap_followthrough_20,0.12446444644464445,100
2016-11-11,cs_rank_ret20,0.07063906390639063,100
2016-11-11,cs_rank_ret60,0.1496103896103896,99
2016-11-11,cs_rank_vol20,0.14409840984098407,100
2016-11-11,cs_rank_amihud20,0.08279627962796278,100
2016-11-11,return_autocorr_20,-0.04663666366636663,100
2016-11-11,revenue_growth_yoy,0.058062705700161095,49
2016-11-11,gross_margin_change_yoy,0.09785963930835585,49
2016-11-11,operating_profitability,0.04669388650072849,69
2016-11-11,cashflow_to_assets,0.03517988652493471,40
2016-11-11,debt_to_assets,-0.09728661863327767,53
2016-11-11,asset_growth_yoy,-0.04709533216331592,76
2016-11-18,ret_1d,0.06744094641778454,100
2016-11-18,ret_5d,-0.03945994599459946,100
2016-11-18,ret_20d,-0.058037803780378025,100
2016-11-18,ret_60d,-0.09622758194186766,99
2016-11-18,ret_120d,-0.12404452690166975,99
2016-11-18,momentum_20_5,-0.05612961296129612,100
2016-11-18,overnight_gap,-0.02498724835353168,100
2016-11-18,intraday_return,0.06445844584458446,100
2016-11-18,ema20_distance,-0.027230723072307228,100
2016-11-18,ema60_distance,-0.08946196660482372,99
2016-11-18,ema20_60_spread,-0.1085590599876314,99
2016-11-18,rsi14_centered,-0.046876687668766875,100
2016-11-18,macd_hist_atr,0.021590159015901587,100
2016-11-18,breakout_position_60,-0.048893011750154605,99
2016-11-18,trend_r2_20,0.003288328832883288,100
2016-11-18,realized_vol_5,0.059057905790579054,100
2016-11-18,realized_vol_20,-0.11479147914791478,100
2016-11-18,vol_ratio_5_20,0.14629462946294627,100
2016-11-18,parkinson_vol_20,-0.017233723372337233,100
2016-11-18,overnight_vol_20,-0.03591959195919592,100
2016-11-18,downside_vol_20,-0.0918091809180918,100
2016-11-18,volume_zscore_20,-0.013117311731173116,100
2016-11-18,volume_trend_5_20,0.1233123312331233,100
2016-11-18,amihud_illiq_20,-0.12858085808580855,100
2016-11-18,signed_volume_pressure_20,-0.06077407740774077,100
2016-11-18,volume_cv_20,-0.14599459945994597,100
2016-11-18,return_volume_corr_20,0.08826882688268826,100
2016-11-18,close_location_value,0.04747088950183233,100
2016-11-18,body_range_ratio,0.08678067806780676,100
2016-11-18,gap_followthrough_20,-0.18455445544554455,100
2016-11-18,cs_rank_ret20,-0.058037803780378025,100
2016-11-18,cs_rank_ret60,-0.09622758194186766,99
2016-11-18,cs_rank_vol20,-0.11479147914791478,100
2016-11-18,cs_rank_amihud20,-0.12858085808580855,100
2016-11-18,return_autocorr_20,0.06364236423642362,100
2016-11-18,revenue_growth_yoy,-0.18271747226088356,50
2016-11-18,gross_margin_change_yoy,0.09925808545683214,50
2016-11-18,operating_profitability,0.012148448561418017,69
2016-11-18,cashflow_to_assets,0.09231202224142868,40
2016-11-18,debt_to_assets,-0.03947103176211307,53
2016-11-18,asset_growth_yoy,-0.09576278717098057,76
2016-11-25,ret_1d,-0.1021125175897713,100
2016-11-25,ret_5d,-0.05387338733873387,100
2016-11-25,ret_20d,0.3367416741674167,100
2016-11-25,ret_60d,0.12357452071737786,99
2016-11-25,ret_120d,0.0469882498453927,99
2016-11-25,momentum_20_5,0.38263426342634255,100
2016-11-25,overnight_gap,0.0387998799879988,100
2016-11-25,intraday_return,-0.13108910891089107,100
2016-11-25,ema20_distance,0.22498649864986495,100
2016-11-25,ema60_distance,0.2530241187384044,99
2016-11-25,ema20_60_spread,0.20346320346320343,99
2016-11-25,rsi14_centered,0.20327632763276324,100
2016-11-25,macd_hist_atr,0.14418241824182418,100
2016-11-25,breakout_position_60,0.17800865800865798,99
2016-11-25,trend_r2_20,0.0814161416141614,100
2016-11-25,realized_vol_5,-0.187038703870387,100
2016-11-25,realized_vol_20,-0.11843984398439843,100
2016-11-25,vol_ratio_5_20,-0.09900990099009901,100
2016-11-25,parkinson_vol_20,-0.15883588358835884,100
2016-11-25,overnight_vol_20,-0.14835883588358836,100
2016-11-25,downside_vol_20,-0.31233123312331224,100
2016-11-25,volume_zscore_20,0.025250525052505246,100
2016-11-25,volume_trend_5_20,0.08004800480048005,100
2016-11-25,amihud_illiq_20,0.013081308130813079,100
2016-11-25,signed_volume_pressure_20,0.20376837683768373,100
2016-11-25,volume_cv_20,-0.09736573657365735,100
2016-11-25,return_volume_corr_20,0.25777377737773777,100
2016-11-25,close_location_value,-0.1978277827782778,100
2016-11-25,body_range_ratio,-0.10083408340834082,100
2016-11-25,gap_followthrough_20,-0.05837383738373837,100
2016-11-25,cs_rank_ret20,0.3367416741674167,100
2016-11-25,cs_rank_ret60,0.12357452071737786,99
2016-11-25,cs_rank_vol20,-0.11843984398439843,100
2016-11-25,cs_rank_amihud20,0.013081308130813079,100
2016-11-25,return_autocorr_20,0.08646864686468646,100
2016-11-25,revenue_growth_yoy,-0.010995723887970063,51
2016-11-25,gross_margin_change_yoy,0.008009230980126342,51
2016-11-25,operating_profitability,-0.07397492761133047,70
2016-11-25,cashflow_to_assets,0.16716755972126693,41
2016-11-25,debt_to_assets,-0.2758633835960107,54
2016-11-25,asset_growth_yoy,0.02115004173531231,77
2016-12-02,ret_1d,-0.0603662177206969,100
2016-12-02,ret_5d,-0.006144614461446144,100
2016-12-02,ret_20d,0.04456045604560455,100
2016-12-02,ret_60d,0.14723562152133582,99
2016-12-02,ret_120d,0.011552257266542978,99
2016-12-02,momentum_20_5,0.04013201320132012,100
2016-12-02,overnight_gap,-0.09712687821735426,100
2016-12-02,intraday_return,-0.04605136830183402,100
2016-12-02,ema20_distance,0.06804680468046805,100
2016-12-02,ema60_distance,0.11453308596165739,99
2016-12-02,ema20_60_spread,0.12371057513914654,99
2016-12-02,rsi14_centered,0.08666066606660666,100
2016-12-02,macd_hist_atr,-0.20582058205820578,100
2016-12-02,breakout_position_60,0.1182560296846011,99
2016-12-02,trend_r2_20,0.09172517251725171,100
2016-12-02,realized_vol_5,0.03547554755475547,100
2016-12-02,realized_vol_20,0.15656765676567658,100
2016-12-02,vol_ratio_5_20,-0.09636963696369635,100
2016-12-02,parkinson_vol_20,0.25191719171917193,100
2016-12-02,overnight_vol_20,-0.17107710771077103,100
2016-12-02,downside_vol_20,0.08680468046804679,100
2016-12-02,volume_zscore_20,-0.13059705970597058,100
2016-12-02,volume_trend_5_20,0.05282928292829283,100
2016-12-02,amihud_illiq_20,0.040108010801080105,100
2016-12-02,signed_volume_pressure_20,0.11407140714071407,100
2016-12-02,volume_cv_20,-0.14228622862286228,100
2016-12-02,return_volume_corr_20,-0.07006300630063006,100
2016-12-02,close_location_value,-0.08114011401140113,100
2016-12-02,body_range_ratio,-0.07822851670350642,100
2016-12-02,gap_followthrough_20,0.017341734173417337,100
2016-12-02,cs_rank_ret20,0.04456045604560455,100
2016-12-02,cs_rank_ret60,0.14723562152133582,99
2016-12-02,cs_rank_vol20,0.15656765676567658,100
2016-12-02,cs_rank_amihud20,0.040108010801080105,100
2016-12-02,return_autocorr_20,-0.01428142814281428,100
2016-12-02,revenue_growth_yoy,-0.19276454223354927,51
2016-12-02,gross_margin_change_yoy,-0.01891445508301023,51
2016-12-02,operating_profitability,-0.12018301271575899,70
2016-12-02,cashflow_to_assets,-0.013676553869848312,41
2016-12-02,debt_to_assets,0.16047876812756737,54
2016-12-02,asset_growth_yoy,0.027367549343020655,77
2016-12-09,ret_1d,0.22424242424242424,100
2016-12-09,ret_5d,0.005556555655565556,100
2016-12-09,ret_20d,0.06575457545754575,100
2016-12-09,ret_60d,0.1577612863327149,99
2016-12-09,ret_120d,0.12815089672232527,99
2016-12-09,momentum_20_5,0.014977497749774976,100
2016-12-09,overnight_gap,-0.07885016471851797,100
2016-12-09,intraday_return,0.25190519051905186,100
2016-12-09,ema20_distance,0.12496849684968495,100
2016-12-09,ema60_distance,0.1822139764996908,99
2016-12-09,ema20_60_spread,0.1449969078540507,99
2016-12-09,rsi14_centered,0.16198019801980196,100
2016-12-09,macd_hist_atr,-0.03488748874887489,100
2016-12-09,breakout_position_60,0.1832034632034632,99
2016-12-09,trend_r2_20,-0.12224422442244223,100
2016-12-09,realized_vol_5,-0.0931173117311731,100
2016-12-09,realized_vol_20,-0.2458205820582058,100
2016-12-09,vol_ratio_5_20,0.1406180618061806,100
2016-12-09,parkinson_vol_20,-0.20212421242124207,100
2016-12-09,overnight_vol_20,-0.16286828682868282,100
2016-12-09,downside_vol_20,-0.21788178817881784,100
2016-12-09,volume_zscore_20,0.10804680468046804,100
2016-12-09,volume_trend_5_20,-0.011245124512451243,100
2016-12-09,amihud_illiq_20,-0.24444044404440443,100
2016-12-09,signed_volume_pressure_20,-0.040456045604560446,100
2016-12-09,volume_cv_20,-0.13068106810681068,100
2016-12-09,return_volume_corr_20,-0.01162916291629163,100
2016-12-09,close_location_value,0.35034008503033476,100
2016-12-09,body_range_ratio,0.33680168016801676,100
2016-12-09,gap_followthrough_20,-0.01897389738973897,100
2016-12-09,cs_rank_ret20,0.06575457545754575,100
2016-12-09,cs_rank_ret60,0.1577612863327149,99
2016-12-09,cs_rank_vol20,-0.2458205820582058,100
2016-12-09,cs_rank_amihud20,-0.24444044404440443,100
2016-12-09,return_autocorr_20,0.015217521752175217,100
2016-12-09,revenue_growth_yoy,-0.08059005861923736,51
2016-12-09,gross_margin_change_yoy,0.050182130830283125,51
2016-12-09,operating_profitability,-0.13713705832961404,70
2016-12-09,cashflow_to_assets,0.04547236382204343,41
2016-12-09,debt_to_assets,-0.11820538241415354,54
2016-12-09,asset_growth_yoy,-0.009398558011652146,77
2016-12-16,ret_1d,0.08107435065848269,100
2016-12-16,ret_5d,0.06625862586258625,100
2016-12-16,ret_20d,0.08634863486348633,100
2016-12-16,ret_60d,0.001872187218721872,100
2016-12-16,ret_120d,0.034248608534322815,99
2016-12-16,momentum_20_5,0.05734173417341734,100
2016-12-16,overnight_gap,0.034371437143714365,100
2016-12-16,intraday_return,0.11248859873115796,100
2016-12-16,ema20_distance,0.09389738973897388,100
2016-12-16,ema60_distance,0.051929192919291926,100
2016-12-16,ema20_60_spread,-0.007392739273927392,100
2016-12-16,rsi14_centered,0.06865886588658866,100
2016-12-16,macd_hist_atr,0.027998799879987997,100
2016-12-16,breakout_position_60,0.053621362136213616,100
2016-12-16,trend_r2_20,0.04536453645364536,100
2016-12-16,realized_vol_5,0.038379837983798376,100
2016-12-16,realized_vol_20,0.1095229522952295,100
2016-12-16,vol_ratio_5_20,-0.11600360036003599,100
2016-12-16,parkinson_vol_20,0.10514251425142514,100
2016-12-16,overnight_vol_20,-0.017665766576657662,100
2016-12-16,downside_vol_20,0.0706030603060306,100
2016-12-16,volume_zscore_20,0.03380738073807381,100
2016-12-16,volume_trend_5_20,0.04016801680168016,100
2016-12-16,amihud_illiq_20,0.10395439543954395,100
2016-12-16,signed_volume_pressure_20,0.07036303630363036,100
2016-12-16,volume_cv_20,-0.004836483648364837,100
2016-12-16,return_volume_corr_20,0.09809780978097808,100
2016-12-16,close_location_value,-0.03775622870033319,100
2016-12-16,body_range_ratio,0.048773462631326786,100
2016-12-16,gap_followthrough_20,0.14939093909390935,100
2016-12-16,cs_rank_ret20,0.08634863486348633,100
2016-12-16,cs_rank_ret60,0.001872187218721872,100
2016-12-16,cs_rank_vol20,0.1095229522952295,100
2016-12-16,cs_rank_amihud20,0.10395439543954395,100
2016-12-16,return_autocorr_20,-0.14510651065106508,100
2016-12-16,revenue_growth_yoy,0.16529785745989564,51
2016-12-16,gross_margin_change_yoy,-0.16692685359144677,51
2016-12-16,operating_profitability,0.08695728245702754,70
2016-12-16,cashflow_to_assets,0.15418790031612425,41
2016-12-16,debt_to_assets,-0.3060913320817972,54
2016-12-16,asset_growth_yoy,-0.0023923602211478184,77
2016-12-23,ret_1d,0.032994863103200454,100
2016-12-23,ret_5d,-0.07158137288172896,100
2016-12-23,ret_20d,0.08731825573510792,100
2016-12-23,ret_60d,-0.07834406943950487,100
2016-12-23,ret_120d,-0.05588143438936544,99
2016-12-23,momentum_20_5,0.11605795396978118,100
2016-12-23,overnight_gap,0.08253816836847352,100
2016-12-23,intraday_return,0.02034331599356005,100
2016-12-23,ema20_distance,0.0229223610032865,100
2016-12-23,ema60_distance,-0.028346919732860056,100
2016-12-23,ema20_60_spread,-0.04879702609390728,100
2016-12-23,rsi14_centered,0.032337330745212285,100
2016-12-23,macd_hist_atr,0.07654988463846228,100
2016-12-23,breakout_position_60,-0.0014461489533487031,100
2016-12-23,trend_r2_20,0.19448603206217763,100
2016-12-23,realized_vol_5,-0.07182739822234015,100
2016-12-23,realized_vol_20,-0.10478279262811226,100
2016-12-23,vol_ratio_5_20,-0.06220840746624898,100
2016-12-23,parkinson_vol_20,-0.11560190699694094,100
2016-12-23,overnight_vol_20,-0.0775459872370344,100
2016-12-23,downside_vol_20,-0.17105961914154139,100
2016-12-23,volume_zscore_20,-0.028340919114796366,100
2016-12-23,volume_trend_5_20,-0.08714097552087081,100
2016-12-23,amihud_illiq_20,0.14068449050315496,100
2016-12-23,signed_volume_pressure_20,0.07932817080194961,100
2016-12-23,volume_cv_20,0.054899654664677534,100
2016-12-23,return_volume_corr_20,0.10970930005839974,100
2016-12-23,close_location_value,0.07847008241884228,100
2016-12-23,body_range_ratio,0.06108995776237208,100
2016-12-23,gap_followthrough_20,0.010297060597287862,100
2016-12-23,cs_rank_ret20,0.08731825573510792,100
2016-12-23,cs_rank_ret60,-0.07834406943950487,100
2016-12-23,cs_rank_vol20,-0.10478279262811226,100
2016-12-23,cs_rank_amihud20,0.14068449050315496,100
2016-12-23,return_autocorr_20,-0.034731577352623624,100
2016-12-23,revenue_growth_yoy,-0.13878142042964683,51
2016-12-23,gross_margin_change_yoy,-0.29136405808493515,51
2016-12-23,operating_profitability,0.09803252587660469,70
2016-12-23,cashflow_to_assets,-0.18833572908670096,41
2016-12-23,debt_to_assets,-0.24571167205470293,54
2016-12-23,asset_growth_yoy,0.006887894263084929,77
2016-12-30,ret_1d,-0.2552902949015238,100
2016-12-30,ret_5d,-0.30840684068406843,100
2016-12-30,ret_20d,-0.34402640264026396,100
2016-12-30,ret_60d,-0.45117311731173115,100
2016-12-30,ret_120d,-0.32383426097711804,99
2016-12-30,momentum_20_5,-0.26426721952480037,100
2016-12-30,overnight_gap,0.1965502446760862,100
2016-12-30,intraday_return,-0.345419578218111,100
2016-12-30,ema20_distance,-0.3306570657065706,100
2016-12-30,ema60_distance,-0.4457845784578457,100
2016-12-30,ema20_60_spread,-0.4426402640264026,100
2016-12-30,rsi14_centered,-0.3531713171317131,100
2016-12-30,macd_hist_atr,0.12838883888388838,100
2016-12-30,breakout_position_60,-0.462034203420342,100
2016-12-30,trend_r2_20,-0.027914791479147914,100
2016-12-30,realized_vol_5,0.055121512151215114,100
2016-12-30,realized_vol_20,-0.17500150015001498,100
2016-12-30,vol_ratio_5_20,0.13072907290729072,100
2016-12-30,parkinson_vol_20,-0.2075127512751275,100
2016-12-30,overnight_vol_20,-0.04339633963396339,100
2016-12-30,downside_vol_20,0.005988598859885987,100
2016-12-30,volume_zscore_20,0.07217521752175217,100
2016-12-30,volume_trend_5_20,-0.1613921392139214,100
2016-12-30,amihud_illiq_20,-0.10954695469546953,100
2016-12-30,signed_volume_pressure_20,-0.07605160516051603,100
2016-12-30,volume_cv_20,0.0678067806780678,100
2016-12-30,return_volume_corr_20,-0.10658265826582657,100
2016-12-30,close_location_value,-0.2582298229822982,100
2016-12-30,body_range_ratio,-0.35305236439512155,100
2016-12-30,gap_followthrough_20,0.09251725172517251,100
2016-12-30,cs_rank_ret20,-0.34402640264026396,100
2016-12-30,cs_rank_ret60,-0.45117311731173115,100
2016-12-30,cs_rank_vol20,-0.17500150015001498,100
2016-12-30,cs_rank_amihud20,-0.10954695469546953,100
2016-12-30,return_autocorr_20,-0.11363936393639362,100
2016-12-30,revenue_growth_yoy,0.29226905593579683,51
2016-12-30,gross_margin_change_yoy,0.09570352272862832,51
2016-12-30,operating_profitability,0.135072478987576,70
2016-12-30,cashflow_to_assets,0.05348665016615836,41
2016-12-30,debt_to_assets,0.06464892891789888,54
2016-12-30,asset_growth_yoy,-0.01591839685609895,77
2017-01-06,ret_1d,0.09426942694269426,100
2017-01-06,ret_5d,0.08486048604860486,100
2017-01-06,ret_20d,-0.008532853285328532,100
2017-01-06,ret_60d,-0.3003180318031803,100
2017-01-06,ret_120d,-0.07687074829931974,99
2017-01-06,momentum_20_5,-0.07795979597959796,100
2017-01-06,overnight_gap,-0.25646903550739936,100
2017-01-06,intraday_return,0.16532902889071976,100
2017-01-06,ema20_distance,-0.017305730573057305,100
2017-01-06,ema60_distance,-0.23930393039303927,100
2017-01-06,ema20_60_spread,-0.25500150015001494,100
2017-01-06,rsi14_centered,-0.1033063306330633,100
2017-01-06,macd_hist_atr,0.22629462946294626,100
2017-01-06,breakout_position_60,-0.26762676267626756,100
2017-01-06,trend_r2_20,-0.06424242424242424,100
2017-01-06,realized_vol_5,0.05819381938193819,100
2017-01-06,realized_vol_20,0.035247524752475244,100
2017-01-06,vol_ratio_5_20,0.08670867086708668,100
2017-01-06,parkinson_vol_20,-0.00594059405940594,100
2017-01-06,overnight_vol_20,0.12056405640564057,100
2017-01-06,downside_vol_20,0.04476447644764476,100
2017-01-06,volume_zscore_20,0.14888688868886887,100
2017-01-06,volume_trend_5_20,0.03813981398139813,100
2017-01-06,amihud_illiq_20,0.02013801380138014,100
2017-01-06,signed_volume_pressure_20,-0.08512451245124511,100
2017-01-06,volume_cv_20,0.12537653765376536,100
2017-01-06,return_volume_corr_20,-0.16867686768676865,100
2017-01-06,close_location_value,0.08316831683168316,100
2017-01-06,body_range_ratio,0.1552959954882342,100
2017-01-06,gap_followthrough_20,-0.01714971497149715,100
2017-01-06,cs_rank_ret20,-0.008532853285328532,100
2017-01-06,cs_rank_ret60,-0.3003180318031803,100
2017-01-06,cs_rank_vol20,0.035247524752475244,100
2017-01-06,cs_rank_amihud20,0.02013801380138014,100
2017-01-06,return_autocorr_20,0.03402340234023402,100
2017-01-06,revenue_growth_yoy,0.18167831856049302,51
2017-01-06,gross_margin_change_yoy,-0.36575488142576956,51
2017-01-06,operating_profitability,-0.11348187807168625,70
2017-01-06,cashflow_to_assets,-0.29713837738887,41
2017-01-06,debt_to_assets,0.011092475421644205,54
2017-01-06,asset_growth_yoy,-0.035845968808077486,77
2017-01-13,ret_1d,0.02686476707112923,100
2017-01-13,ret_5d,0.16544854485448543,100
2017-01-13,ret_20d,0.2882328232823282,100
2017-01-13,ret_60d,-0.060438043804380434,100
2017-01-13,ret_120d,-0.035188620902906614,99
2017-01-13,momentum_20_5,0.21667031704363057,100
2017-01-13,overnight_gap,-0.20001800243033574,100
2017-01-13,intraday_return,0.09110738406096829,100
2017-01-13,ema20_distance,0.288052805280528,100
2017-01-13,ema60_distance,0.20764476447644764,100
2017-01-13,ema20_60_spread,-0.039147914791479145,100
2017-01-13,rsi14_centered,0.2492169216921692,100
2017-01-13,macd_hist_atr,0.2112931293129313,100
2017-01-13,breakout_position_60,0.10315031503150315,100
2017-01-13,trend_r2_20,-0.045928592859285924,100
2017-01-13,realized_vol_5,-0.2051245124512451,100
2017-01-13,realized_vol_20,-0.35371137113711365,100
2017-01-13,vol_ratio_5_20,0.0511131113111311,100
2017-01-13,parkinson_vol_20,-0.30057005700570055,100
2017-01-13,overnight_vol_20,-0.17894989498949893,100
2017-01-13,downside_vol_20,-0.401020102010201,100
2017-01-13,volume_zscore_20,-0.04896489648964897,100
2017-01-13,volume_trend_5_20,0.14999099909990998,100
2017-01-13,amihud_illiq_20,-0.20679267926792674,100
2017-01-13,signed_volume_pressure_20,0.31218721872187216,100
2017-01-13,volume_cv_20,-0.020666066606660663,100
2017-01-13,return_volume_corr_20,0.043132313231323126,100
2017-01-13,close_location_value,0.20810081008100806,100
2017-01-13,body_range_ratio,0.09212748913179518,100
2017-01-13,gap_followthrough_20,-0.20026402640264024,100
2017-01-13,cs_rank_ret20,0.2882328232823282,100
2017-01-13,cs_rank_ret60,-0.060438043804380434,100
2017-01-13,cs_rank_vol20,-0.35371137113711365,100
2017-01-13,cs_rank_amihud20,-0.20679267926792674,100
2017-01-13,return_autocorr_20,-0.05647764776477647,100
2017-01-13,revenue_growth_yoy,0.07117808097027534,51
2017-01-13,gross_margin_change_yoy,0.011810221953745623,51
2017-01-13,operating_profitability,-0.15631315120142536,70
2017-01-13,cashflow_to_assets,0.17309116267126493,41
2017-01-13,debt_to_assets,-0.052451017801314184,54
2017-01-13,asset_growth_yoy,-0.1395587278457494,77
2017-01-20,ret_1d,0.16843684368436843,100
2017-01-20,ret_5d,0.1684248424842484,100
2017-01-20,ret_20d,0.2335193519351935,100
2017-01-20,ret_60d,-0.10325832583258326,100
2017-01-20,ret_120d,0.02838589981447124,99
2017-01-20,momentum_20_5,0.20715271527152712,100
2017-01-20,overnight_gap,-0.1221098743386206,100
2017-01-20,intraday_return,0.2746114611461146,100
2017-01-20,ema20_distance,0.2327272727272727,100
2017-01-20,ema60_distance,0.13107710771077105,100
2017-01-20,ema20_60_spread,0.000876087608760876,100
2017-01-20,rsi14_centered,0.21434143414341433,100
2017-01-20,macd_hist_atr,0.1745094509450945,100
2017-01-20,breakout_position_60,0.11005100510051004,100
2017-01-20,trend_r2_20,0.06489048904890488,100
2017-01-20,realized_vol_5,-0.05101710171017101,100
2017-01-20,realized_vol_20,-0.02267026702670267,100
2017-01-20,vol_ratio_5_20,-0.0516051605160516,100
2017-01-20,parkinson_vol_20,0.10331833183318331,100
2017-01-20,overnight_vol_20,0.027026702670267026,100
2017-01-20,downside_vol_20,-0.07167116711671166,100
2017-01-20,volume_zscore_20,-0.09201320132013201,100
2017-01-20,volume_trend_5_20,-0.029306930693069302,100
2017-01-20,amihud_illiq_20,0.13466546654665465,100
2017-01-20,signed_volume_pressure_20,0.20415241524152414,100
2017-01-20,volume_cv_20,-0.03859585958595859,100
2017-01-20,return_volume_corr_20,0.07468346834683467,100
2017-01-20,close_location_value,0.10875487548754874,100
2017-01-20,body_range_ratio,0.22701470147014702,100
2017-01-20,gap_followthrough_20,-0.10719471947194718,100
2017-01-20,cs_rank_ret20,0.2335193519351935,100
2017-01-20,cs_rank_ret60,-0.10325832583258326,100
2017-01-20,cs_rank_vol20,-0.02267026702670267,100
2017-01-20,cs_rank_amihud20,0.13466546654665465,100
2017-01-20,return_autocorr_20,0.03041104110411041,100
2017-01-20,revenue_growth_yoy,0.18869205190467145,51
2017-01-20,gross_margin_change_yoy,-0.21982397797431508,51
2017-01-20,operating_profitability,0.017024031354263135,70
2017-01-20,cashflow_to_assets,-0.14626072578009755,41
2017-01-20,debt_to_assets,-0.09030266073496605,54
2017-01-20,asset_growth_yoy,0.14561849741689853,77
2017-01-27,ret_1d,0.05255941361983939,100
2017-01-27,ret_5d,0.03644764476447644,100
2017-01-27,ret_20d,-0.09222922292229221,100
2017-01-27,ret_60d,-0.10718271827182717,100
2017-01-27,ret_120d,-0.16769325912183053,99
2017-01-27,momentum_20_5,-0.09353735373537353,100
2017-01-27,overnight_gap,0.020306274304184285,100
2017-01-27,intraday_return,0.03338733873387338,100
2017-01-27,ema20_distance,-0.07517551755175517,100
2017-01-27,ema60_distance,-0.12636063606360634,100
2017-01-27,ema20_60_spread,-0.13237323732373235,100
2017-01-27,rsi14_centered,-0.07167116711671166,100
2017-01-27,macd_hist_atr,-0.06131413141314131,100
2017-01-27,breakout_position_60,-0.08858085808580857,100
2017-01-27,trend_r2_20,-0.03679567956795679,100
2017-01-27,realized_vol_5,-0.03476747674767477,100
2017-01-27,realized_vol_20,-0.1436303630363036,100
2017-01-27,vol_ratio_5_20,0.07765976597659766,100
2017-01-27,parkinson_vol_20,-0.0997059705970597,100
2017-01-27,overnight_vol_20,-0.11576357635763576,100
2017-01-27,downside_vol_20,-0.11675967596759675,100
2017-01-27,volume_zscore_20,-0.000768076807680768,100
2017-01-27,volume_trend_5_20,0.1246084608460846,100
2017-01-27,amihud_illiq_20,-0.046576657665766574,100
2017-01-27,signed_volume_pressure_20,-0.12248424842484246,100
2017-01-27,volume_cv_20,0.020750075007500746,100
2017-01-27,return_volume_corr_20,-0.019897989798979894,100
2017-01-27,close_location_value,0.01116111611161116,100
2017-01-27,body_range_ratio,-0.023378337833783375,100
2017-01-27,gap_followthrough_20,-0.06754275427542752,100
2017-01-27,cs_rank_ret20,-0.09222922292229221,100
2017-01-27,cs_rank_ret60,-0.10718271827182717,100
2017-01-27,cs_rank_vol20,-0.1436303630363036,100
2017-01-27,cs_rank_amihud20,-0.046576657665766574,100
2017-01-27,return_autocorr_20,0.1482148214821482,100
2017-01-27,revenue_growth_yoy,0.11859996835543019,51
2017-01-27,gross_margin_change_yoy,-0.08710604314544186,51
2017-01-27,operating_profitability,0.19109606418423639,70
2017-01-27,cashflow_to_assets,0.2804129102359345,41
2017-01-27,debt_to_assets,0.021803766120895143,54
2017-01-27,asset_growth_yoy,0.2711122503361195,77
2017-02-03,ret_1d,-0.05032718370014761,100
2017-02-03,ret_5d,-0.10303030303030301,100
2017-02-03,ret_20d,-0.0242064206420642,100
2017-02-03,ret_60d,-0.06535853585358535,100
2017-02-03,ret_120d,-0.168447742733457,99
2017-02-03,momentum_20_5,-0.030087008700870086,100
2017-02-03,overnight_gap,0.008028802880288028,100
2017-02-03,intraday_return,-0.08369315755875269,100
2017-02-03,ema20_distance,-0.11535553555355534,100
2017-02-03,ema60_distance,-0.048976897689768976,100
2017-02-03,ema20_60_spread,-0.09262526252625262,100
2017-02-03,rsi14_centered,-0.08049204920492048,100
2017-02-03,macd_hist_atr,-0.044932493249324926,100
2017-02-03,breakout_position_60,-0.07758775877587759,100
2017-02-03,trend_r2_20,0.05834983498349834,100
2017-02-03,realized_vol_5,0.06612661266126611,100
2017-02-03,realized_vol_20,0.18046204620462045,100
2017-02-03,vol_ratio_5_20,-0.06126612661266126,100
2017-02-03,parkinson_vol_20,0.045172517251725164,100
2017-02-03,overnight_vol_20,0.13467746774677467,100
2017-02-03,downside_vol_20,0.175013501350135,100
2017-02-03,volume_zscore_20,-0.11128712871287126,100
2017-02-03,volume_trend_5_20,0.034371437143714365,100
2017-02-03,amihud_illiq_20,0.05044104410441044,100
2017-02-03,signed_volume_pressure_20,-0.09897389738973897,100
2017-02-03,volume_cv_20,0.024794479447944794,100
2017-02-03,return_volume_corr_20,-0.06522652265226522,100
2017-02-03,close_location_value,0.004872501867714303,100
2017-02-03,body_range_ratio,-0.06654164140337371,100
2017-02-03,gap_followthrough_20,0.02256225622562256,100
2017-02-03,cs_rank_ret20,-0.0242064206420642,100
2017-02-03,cs_rank_ret60,-0.06535853585358535,100
2017-02-03,cs_rank_vol20,0.18046204620462045,100
2017-02-03,cs_rank_amihud20,0.05044104410441044,100
2017-02-03,return_autocorr_20,0.22000600060005998,100
2017-02-03,revenue_growth_yoy,0.15679087766179534,51
2017-02-03,gross_margin_change_yoy,-0.015068214216847862,51
2017-02-03,operating_profitability,0.17050276006916165,70
2017-02-03,cashflow_to_assets,0.31830654675430403,41
2017-02-03,debt_to_assets,0.11427917977350285,54
2017-02-03,asset_growth_yoy,0.12912172776008254,77
2017-02-10,ret_1d,-0.07381960341948442,100
2017-02-10,ret_5d,-0.027014701470147014,100
2017-02-10,ret_20d,0.01146114611461146,100
2017-02-10,ret_60d,0.007248724872487248,100
2017-02-10,ret_120d,-0.11179962894248607,99
2017-02-10,momentum_20_5,0.046096747965247875,100
2017-02-10,overnight_gap,-0.10932024387518596,100
2017-02-10,intraday_return,-0.03177327264722566,100
2017-02-10,ema20_distance,-0.10613861386138612,100
2017-02-10,ema60_distance,-0.1059105910591059,100
2017-02-10,ema20_60_spread,-0.08715271527152714,100
2017-02-10,rsi14_centered,-0.045160516051605155,100
2017-02-10,macd_hist_atr,0.08297629762976297,100
2017-02-10,breakout_position_60,0.009780978097809782,100
2017-02-10,trend_r2_20,-0.18676267626762674,100
2017-02-10,realized_vol_5,-0.1753255325532553,100
2017-02-10,realized_vol_20,-0.018277827782778276,100
2017-02-10,vol_ratio_5_20,-0.2694629462946294,100
2017-02-10,parkinson_vol_20,-0.1954995499549955,100
2017-02-10,overnight_vol_20,0.06899489948994898,100
2017-02-10,downside_vol_20,-0.07653165316531653,100
2017-02-10,volume_zscore_20,-0.05774977497749774,100
2017-02-10,volume_trend_5_20,-0.01242124212421242,100
2017-02-10,amihud_illiq_20,-0.118019801980198,100
2017-02-10,signed_volume_pressure_20,-0.031335133513351335,100
2017-02-10,volume_cv_20,0.08849684968496849,100
2017-02-10,return_volume_corr_20,0.05058505850585057,100
2017-02-10,close_location_value,-0.05155715571557155,100
2017-02-10,body_range_ratio,0.048635009406187715,100
2017-02-10,gap_followthrough_20,0.03546354635463546,100
2017-02-10,cs_rank_ret20,0.01146114611461146,100
2017-02-10,cs_rank_ret60,0.007248724872487248,100
2017-02-10,cs_rank_vol20,-0.018277827782778276,100
2017-02-10,cs_rank_amihud20,-0.118019801980198,100
2017-02-10,return_autocorr_20,0.07237923792379237,100
2017-02-10,revenue_growth_yoy,0.05927735923144355,51
2017-02-10,gross_margin_change_yoy,-0.001538496346464947,51
2017-02-10,operating_profitability,0.11516153584147994,70
2017-02-10,cashflow_to_assets,-0.05113463134777681,41
2017-02-10,debt_to_assets,-0.008767248615045247,54
2017-02-10,asset_growth_yoy,-0.11668671254466587,77
2017-02-17,ret_1d,-0.10918691869186918,100
2017-02-17,ret_5d,-0.18053405340534054,100
2017-02-17,ret_20d,-0.17454545454545456,100
2017-02-17,ret_60d,-0.10606660666066604,100
2017-02-17,ret_120d,-0.04,99
2017-02-17,momentum_20_5,-0.18126612661266123,100
2017-02-17,overnight_gap,-0.15740518511299276,100
2017-02-17,intraday_return,-0.043804511864919224,100
2017-02-17,ema20_distance,-0.17087308730873088,100
2017-02-17,ema60_distance,-0.1567236723672367,100
2017-02-17,ema20_60_spread,-0.0578097809780978,100
2017-02-17,rsi14_centered,-0.05346534653465346,100
2017-02-17,macd_hist_atr,-0.11013501350135012,100
2017-02-17,breakout_position_60,0.036003600360036,100
2017-02-17,trend_r2_20,-0.05878187818781878,100
2017-02-17,realized_vol_5,-0.040072007200720065,100
2017-02-17,realized_vol_20,-0.02107410741074107,100
2017-02-17,vol_ratio_5_20,-0.004104410441044104,100
2017-02-17,parkinson_vol_20,-0.2155415541554155,100
2017-02-17,overnight_vol_20,0.24922892289228918,100
2017-02-17,downside_vol_20,-0.01952595259525952,100
2017-02-17,volume_zscore_20,0.08219621962196219,100
2017-02-17,volume_trend_5_20,-0.031299129912991296,100
2017-02-17,amihud_illiq_20,-0.17581758175817577,100
2017-02-17,signed_volume_pressure_20,-0.028766876687668762,100
2017-02-17,volume_cv_20,0.1975397539753975,100
2017-02-17,return_volume_corr_20,0.01206120612061206,100
2017-02-17,close_location_value,-0.04501650165016501,100
2017-02-17,body_range_ratio,0.0071047317874060765,100
2017-02-17,gap_followthrough_20,0.14377437743774377,100
2017-02-17,cs_rank_ret20,-0.17454545454545456,100
2017-02-17,cs_rank_ret60,-0.10606660666066604,100
2017-02-17,cs_rank_vol20,-0.02107410741074107,100
2017-02-17,cs_rank_amihud20,-0.17581758175817577,100
2017-02-17,return_autocorr_20,-0.10053405340534051,100
2017-02-17,revenue_growth_yoy,0.08534129733626147,51
2017-02-17,gross_margin_change_yoy,-0.0716758297882493,51
2017-02-17,operating_profitability,-0.041750853043494775,71
2017-02-17,cashflow_to_assets,0.1760868685858456,42
2017-02-17,debt_to_assets,0.031063407720834605,55
2017-02-17,asset_growth_yoy,-0.09988808589133448,78
2017-02-24,ret_1d,-0.3188277087263355,100
2017-02-24,ret_5d,-0.11369936993699369,100
2017-02-24,ret_20d,0.12945694569456945,100
2017-02-24,ret_60d,0.013417341734173416,100
2017-02-24,ret_120d,-0.18686456400742113,99
2017-02-24,momentum_20_5,0.2502970297029703,100
2017-02-24,overnight_gap,0.1608060102847312,100
2017-02-24,intraday_return,-0.3303930393039303,100
2017-02-24,ema20_distance,0.003792379237923792,100
2017-02-24,ema60_distance,0.04625262526252625,100
2017-02-24,ema20_60_spread,0.05686168616861686,100
2017-02-24,rsi14_centered,0.10827482748274826,100
2017-02-24,macd_hist_atr,-0.06664266426642663,100
2017-02-24,breakout_position_60,0.10912691269126912,100
2017-02-24,trend_r2_20,0.1262166216621662,100
2017-02-24,realized_vol_5,-0.1934833483348335,100
2017-02-24,realized_vol_20,-0.13428142814281427,100
2017-02-24,vol_ratio_5_20,-0.14936693669366935,100
2017-02-24,parkinson_vol_20,-0.14455445544554454,100
2017-02-24,overnight_vol_20,-0.14043804380438044,100
2017-02-24,downside_vol_20,-0.15749174917491748,100
2017-02-24,volume_zscore_20,-0.0644944494449445,100
2017-02-24,volume_trend_5_20,-0.01252925292529253,100
2017-02-24,amihud_illiq_20,-0.11518751875187518,100
2017-02-24,signed_volume_pressure_20,0.20553255325532552,100
2017-02-24,volume_cv_20,-0.056453645364536446,100
2017-02-24,return_volume_corr_20,-0.09983798379837981,100
2017-02-24,close_location_value,-0.21287728772877285,100
2017-02-24,body_range_ratio,-0.3708730873087308,100
2017-02-24,gap_followthrough_20,0.08054005400540054,100
2017-02-24,cs_rank_ret20,0.12945694569456945,100
2017-02-24,cs_rank_ret60,0.013417341734173416,100
2017-02-24,cs_rank_vol20,-0.13428142814281427,100
2017-02-24,cs_rank_amihud20,-0.11518751875187518,100
2017-02-24,return_autocorr_20,0.020510051005100505,100
2017-02-24,revenue_growth_yoy,-0.10493450080741801,51
2017-02-24,gross_margin_change_yoy,0.05416412137407476,51
2017-02-24,operating_profitability,0.2962846320175663,70
2017-02-24,cashflow_to_assets,0.3231635673816623,42
2017-02-24,debt_to_assets,-0.0036439072936170678,55
2017-02-24,asset_growth_yoy,-0.026050064177256492,78
2017-03-03,ret_1d,0.22955964464443146,100
2017-03-03,ret_5d,0.16588058805880587,100
2017-03-03,ret_20d,0.1596159615961596,100
2017-03-03,ret_60d,0.2847524752475247,100
2017-03-03,ret_120d,0.10446505875077303,99
2017-03-03,momentum_20_5,0.09816981698169816,100
2017-03-03,overnight_gap,-0.0060246205359423145,100
2017-03-03,intraday_return,0.19199750373424362,100
2017-03-03,ema20_distance,0.2169216921692169,100
2017-03-03,ema60_distance,0.2606180618061806,100
2017-03-03,ema20_60_spread,0.24280828082808276,100
2017-03-03,rsi14_centered,0.20122412241224122,100
2017-03-03,macd_hist_atr,0.09008100810081007,100
2017-03-03,breakout_position_60,0.21771377137713768,100
2017-03-03,trend_r2_20,0.16788478847884786,100
2017-03-03,realized_vol_5,-0.04163216321632163,100
2017-03-03,realized_vol_20,0.00072007200720072,100
2017-03-03,vol_ratio_5_20,-0.08414041404140414,100
2017-03-03,parkinson_vol_20,-0.000624062406240624,100
2017-03-03,overnight_vol_20,0.06010201020102009,100
2017-03-03,downside_vol_20,-0.09621362136213621,100
2017-03-03,volume_zscore_20,-0.28152415241524154,100
2017-03-03,volume_trend_5_20,-0.28668466846684665,100
2017-03-03,amihud_illiq_20,0.02682268226822682,100
2017-03-03,signed_volume_pressure_20,0.05784578457845784,100
2017-03-03,volume_cv_20,0.0069846984698469835,100
2017-03-03,return_volume_corr_20,0.2168256825682568,100
2017-03-03,close_location_value,0.2663546354635463,100
2017-03-03,body_range_ratio,0.20985550383154042,100
2017-03-03,gap_followthrough_20,-0.05441344134413441,100
2017-03-03,cs_rank_ret20,0.1596159615961596,100
2017-03-03,cs_rank_ret60,0.2847524752475247,100
2017-03-03,cs_rank_vol20,0.00072007200720072,100
2017-03-03,cs_rank_amihud20,0.02682268226822682,100
2017-03-03,return_autocorr_20,-0.08336033603360335,100
2017-03-03,revenue_growth_yoy,0.2190775010637558,52
2017-03-03,gross_margin_change_yoy,0.16118011723847472,51
2017-03-03,operating_profitability,-0.12427717852963112,70
2017-03-03,cashflow_to_assets,0.15048012653654638,42
2017-03-03,debt_to_assets,-0.22898890685730225,55
2017-03-03,asset_growth_yoy,-0.1038588238290328,78
2017-03-10,ret_1d,-0.03174317431743174,100
2017-03-10,ret_5d,-0.1784599875314541,100
2017-03-10,ret_20d,-0.18046204620462045,100
2017-03-10,ret_60d,-0.15157515751575157,100
2017-03-10,ret_120d,0.08622139764996908,99
2017-03-10,momentum_20_5,-0.09519351935193518,100
2017-03-10,overnight_gap,0.21039967116707708,100
2017-03-10,intraday_return,-0.055133678769161344,100
2017-03-10,ema20_distance,-0.17536153615361533,100
2017-03-10,ema60_distance,-0.147998799879988,100
2017-03-10,ema20_60_spread,-0.10790279027902788,100
2017-03-10,rsi14_centered,-0.18534653465346532,100
2017-03-10,macd_hist_atr,-0.031047104710471046,100
2017-03-10,breakout_position_60,-0.16181218121812177,100
2017-03-10,trend_r2_20,0.023390339033903387,100
2017-03-10,realized_vol_5,0.1279207920792079,100
2017-03-10,realized_vol_20,0.12080408040804079,100
2017-03-10,vol_ratio_5_20,0.06153015301530152,100
2017-03-10,parkinson_vol_20,0.21988598859885986,100
2017-03-10,overnight_vol_20,0.11300330033003299,100
2017-03-10,downside_vol_20,0.17350135013501347,100
2017-03-10,volume_zscore_20,0.07186318631863185,100
2017-03-10,volume_trend_5_20,0.0644944494449445,100
2017-03-10,amihud_illiq_20,0.34589858985898586,100
2017-03-10,signed_volume_pressure_20,-0.0921212121212121,100
2017-03-10,volume_cv_20,0.1211041104110411,100
2017-03-10,return_volume_corr_20,-0.0456045604560456,100
2017-03-10,close_location_value,-0.11776777677767775,100
2017-03-10,body_range_ratio,-0.09670596071438879,100
2017-03-10,gap_followthrough_20,-0.04182418241824182,100
2017-03-10,cs_rank_ret20,-0.18046204620462045,100
2017-03-10,cs_rank_ret60,-0.15157515751575157,100
2017-03-10,cs_rank_vol20,0.12080408040804079,100
2017-03-10,cs_rank_amihud20,0.34589858985898586,100
2017-03-10,return_autocorr_20,0.038115811581158114,100
2017-03-10,revenue_growth_yoy,0.26223559801922286,52
2017-03-10,gross_margin_change_yoy,-0.1576053757275709,51
2017-03-10,operating_profitability,-0.08895187605865755,70
2017-03-10,cashflow_to_assets,-0.12544062244403545,42
2017-03-10,debt_to_assets,-0.007107423137055073,55
2017-03-10,asset_growth_yoy,0.24461769002177164,78
2017-03-17,ret_1d,-0.02627670650088785,100
2017-03-17,ret_5d,0.08550855085508549,100
2017-03-17,ret_20d,0.14988298829882987,100
2017-03-17,ret_60d,0.2421242124212421,100
2017-03-17,ret_120d,-0.18013801380138011,100
2017-03-17,momentum_20_5,0.13734173417341733,100
2017-03-17,overnight_gap,-0.048454990864277084,100
2017-03-17,intraday_return,-0.010585185541542872,100
2017-03-17,ema20_distance,0.14655865586558656,100
2017-03-17,ema60_distance,0.1844104410441044,100
2017-03-17,ema20_60_spread,0.16132013201320133,100
2017-03-17,rsi14_centered,0.289060906090609,100
2017-03-17,macd_hist_atr,0.08008400840084007,100
2017-03-17,breakout_position_60,0.2778277827782778,100
2017-03-17,trend_r2_20,0.13958595859585957,100
2017-03-17,realized_vol_5,-0.020078007800780076,100
2017-03-17,realized_vol_20,-0.21104110411041102,100
2017-03-17,vol_ratio_5_20,0.20226822682268222,100
2017-03-17,parkinson_vol_20,-0.2025562556255625,100
2017-03-17,overnight_vol_20,-0.013237323732373235,100
2017-03-17,downside_vol_20,-0.29020102010201015,100
2017-03-17,volume_zscore_20,-0.19626762676267623,100
2017-03-17,volume_trend_5_20,-0.12123612361236123,100
2017-03-17,amihud_illiq_20,-0.09093309330933091,100
2017-03-17,signed_volume_pressure_20,0.23044704470447044,100
2017-03-17,volume_cv_20,-0.09546954695469546,100
2017-03-17,return_volume_corr_20,0.09273327332733272,100
2017-03-17,close_location_value,-0.10539453945394538,100
2017-03-17,body_range_ratio,0.003348375018243153,100
2017-03-17,gap_followthrough_20,0.08499249924992498,100
2017-03-17,cs_rank_ret20,0.14988298829882987,100
2017-03-17,cs_rank_ret60,0.2421242124212421,100
2017-03-17,cs_rank_vol20,-0.21104110411041102,100
2017-03-17,cs_rank_amihud20,-0.09093309330933091,100
2017-03-17,return_autocorr_20,-0.02238223822382238,100
2017-03-17,revenue_growth_yoy,-0.0424323920610626,52
2017-03-17,gross_margin_change_yoy,-0.0585368196283882,50
2017-03-17,operating_profitability,0.34791661200362023,70
2017-03-17,cashflow_to_assets,0.25979498420902947,42
2017-03-17,debt_to_assets,0.040299449970002614,55
2017-03-17,asset_growth_yoy,-0.029451747314966196,78
2017-03-24,ret_1d,-0.07906390639063905,100
2017-03-24,ret_5d,-0.03642364236423642,100
2017-03-24,ret_20d,-0.01936993699369937,100
2017-03-24,ret_60d,-0.07727572757275727,100
2017-03-24,ret_120d,0.3245844584458446,100
2017-03-24,momentum_20_5,0.07449144914491448,100
2017-03-24,overnight_gap,0.1479165666661178,100
2017-03-24,intraday_return,-0.14914938948775935,100
2017-03-24,ema20_distance,-6.000600060006e-05,100
2017-03-24,ema60_distance,0.01518151815181518,100
2017-03-24,ema20_60_spread,-0.03372337233723372,100
2017-03-24,rsi14_centered,-0.0506090609060906,100
2017-03-24,macd_hist_atr,0.1747374737473747,100
2017-03-24,breakout_position_60,-0.1349054905490549,100
2017-03-24,trend_r2_20,0.019189918991899188,100
2017-03-24,realized_vol_5,0.31057905790579055,100
2017-03-24,realized_vol_20,0.44685268526852684,100
2017-03-24,vol_ratio_5_20,-0.029294929492949293,100
2017-03-24,parkinson_vol_20,0.5253045304530453,100
2017-03-24,overnight_vol_20,0.23528352835283525,100
2017-03-24,downside_vol_20,0.3358415841584158,100
2017-03-24,volume_zscore_20,0.13318931893189317,100
2017-03-24,volume_trend_5_20,-0.15977197719771974,100
2017-03-24,amihud_illiq_20,0.29098109810981093,100
2017-03-24,signed_volume_pressure_20,0.07153915391539153,100
2017-03-24,volume_cv_20,0.2790879087908791,100
2017-03-24,return_volume_corr_20,0.2395079507950795,100
2017-03-24,close_location_value,-0.00534053405340534,100
2017-03-24,body_range_ratio,-0.10075909872818216,100
2017-03-24,gap_followthrough_20,0.018625862586258625,100
2017-03-24,cs_rank_ret20,-0.01936993699369937,100
2017-03-24,cs_rank_ret60,-0.07727572757275727,100
2017-03-24,cs_rank_vol20,0.44685268526852684,100
2017-03-24,cs_rank_amihud20,0.29098109810981093,100
2017-03-24,return_autocorr_20,0.07327932793279328,100
2017-03-24,revenue_growth_yoy,-0.10057416065982241,52
2017-03-24,gross_margin_change_yoy,-0.21167374973087377,50
2017-03-24,operating_profitability,-0.2346096982829542,70
2017-03-24,cashflow_to_assets,0.058587577536846014,42
2017-03-24,debt_to_assets,-0.2207269784391012,55
2017-03-24,asset_growth_yoy,0.0792124281584149,78
2017-03-31,ret_1d,-0.0885955174571426,100
2017-03-31,ret_5d,-0.15610897771747592,100
2017-03-31,ret_20d,0.07548754875487548,100
2017-03-31,ret_60d,0.17178517851785177,100
2017-03-31,ret_120d,0.05708970897089708,100
2017-03-31,momentum_20_5,0.16042004200420037,100
2017-03-31,overnight_gap,-0.1406522848603336,100
2017-03-31,intraday_return,-0.06959495949594958,100
2017-03-31,ema20_distance,-0.011545154515451543,100
2017-03-31,ema60_distance,0.039195919591959186,100
2017-03-31,ema20_60_spread,0.14244224422442242,100
2017-03-31,rsi14_centered,0.057389738973897375,100
2017-03-31,macd_hist_atr,-0.09741374137413741,100
2017-03-31,breakout_position_60,0.11528352835283527,100
2017-03-31,trend_r2_20,0.09179717971797179,100
2017-03-31,realized_vol_5,-0.19096309630963096,100
2017-03-31,realized_vol_20,-0.3078907890789079,100
2017-03-31,vol_ratio_5_20,0.07440744074407439,100
2017-03-31,parkinson_vol_20,-0.31061506150615065,100
2017-03-31,overnight_vol_20,-0.17239723972397236,100
2017-03-31,downside_vol_20,-0.32345634563456344,100
2017-03-31,volume_zscore_20,-0.12118811881188117,100
2017-03-31,volume_trend_5_20,0.03293129312931293,100
2017-03-31,amihud_illiq_20,-0.2748994899489949,100
2017-03-31,signed_volume_pressure_20,0.08045604560456045,100
2017-03-31,volume_cv_20,-0.23107110711071102,100
2017-03-31,return_volume_corr_20,0.0081008100810081,100
2017-03-31,close_location_value,-0.05065706570657066,100
2017-03-31,body_range_ratio,-0.06617461746174617,100
2017-03-31,gap_followthrough_20,0.022094209420942094,100
2017-03-31,cs_rank_ret20,0.07548754875487548,100
2017-03-31,cs_rank_ret60,0.17178517851785177,100
2017-03-31,cs_rank_vol20,-0.3078907890789079,100
2017-03-31,cs_rank_amihud20,-0.2748994899489949,100
2017-03-31,return_autocorr_20,0.1499189918991899,100
2017-03-31,revenue_growth_yoy,-0.010629442276865781,52
2017-03-31,gross_margin_change_yoy,-0.020840836520689476,50
2017-03-31,operating_profitability,0.04090666526851718,70
2017-03-31,cashflow_to_assets,0.34099104602357955,42
2017-03-31,debt_to_assets,-0.13723434733053735,54
2017-03-31,asset_growth_yoy,0.02779516556388824,78
2017-04-07,ret_1d,-0.11443281648368625,100
2017-04-07,ret_5d,0.001224122412241224,100
2017-04-07,ret_20d,0.016333633363336333,100
2017-04-07,ret_60d,0.1744254425442544,100
2017-04-07,ret_120d,0.012217221722172216,100
2017-04-07,momentum_20_5,0.07911814916972054,100
2017-04-07,overnight_gap,-0.04313283088016449,100
2017-04-07,intraday_return,-0.013633363336333632,100
2017-04-07,ema20_distance,0.08679267926792678,100
2017-04-07,ema60_distance,0.16738073807380738,100
2017-04-07,ema20_60_spread,0.1859345934593459,100
2017-04-07,rsi14_centered,0.11684368436843683,100
2017-04-07,macd_hist_atr,-0.19170717071707166,100
2017-04-07,breakout_position_60,0.1746414641464146,100
2017-04-07,trend_r2_20,0.0799039903990399,100
2017-04-07,realized_vol_5,-0.041008100810081,100
2017-04-07,realized_vol_20,-0.08145214521452143,100
2017-04-07,vol_ratio_5_20,0.06388238823882388,100
2017-04-07,parkinson_vol_20,-0.17549354935493547,100
2017-04-07,overnight_vol_20,0.0730993099309931,100
2017-04-07,downside_vol_20,-0.07093909390939093,100
2017-04-07,volume_zscore_20,0.03404740474047404,100
2017-04-07,volume_trend_5_20,0.06905490549054905,100
2017-04-07,amihud_illiq_20,0.04651665166516652,100
2017-04-07,signed_volume_pressure_20,0.11929192919291928,100
2017-04-07,volume_cv_20,0.08793279327932792,100
2017-04-07,return_volume_corr_20,0.05929792979297929,100
2017-04-07,close_location_value,-0.045652565256525654,100
2017-04-07,body_range_ratio,-0.02117011701170117,100
2017-04-07,gap_followthrough_20,-0.006168616861686168,100
2017-04-07,cs_rank_ret20,0.016333633363336333,100
2017-04-07,cs_rank_ret60,0.1744254425442544,100
2017-04-07,cs_rank_vol20,-0.08145214521452143,100
2017-04-07,cs_rank_amihud20,0.04651665166516652,100
2017-04-07,return_autocorr_20,-0.15297929792979298,100
2017-04-07,revenue_growth_yoy,0.0672413403190268,51
2017-04-07,gross_margin_change_yoy,-0.13194214142409189,49
2017-04-07,operating_profitability,-0.22029761436950376,70
2017-04-07,cashflow_to_assets,-0.04651351245663846,42
2017-04-07,debt_to_assets,-0.013950769177582126,53
2017-04-07,asset_growth_yoy,-0.09047971319818941,78
2017-04-13,ret_1d,-0.08277327061226891,100
2017-04-13,ret_5d,-0.0851005100510051,100
2017-04-13,ret_20d,-0.061134113411341125,100
2017-04-13,ret_60d,-0.4018121812181218,100
2017-04-13,ret_120d,-0.052397239723972394,100
2017-04-13,momentum_20_5,-0.07834383438343834,100
2017-04-13,overnight_gap,0.07886083241890954,100
2017-04-13,intraday_return,-0.13230281792513449,100
2017-04-13,ema20_distance,-0.11504350435043503,100
2017-04-13,ema60_distance,-0.216009600960096,100
2017-04-13,ema20_60_spread,-0.31257125712571254,100
2017-04-13,rsi14_centered,-0.15488748874887487,100
2017-04-13,macd_hist_atr,0.2944854485448545,100
2017-04-13,breakout_position_60,-0.27840384038403837,100
2017-04-13,trend_r2_20,-0.16538853885388535,100
2017-04-13,realized_vol_5,0.16136813681368137,100
2017-04-13,realized_vol_20,0.2355355535553555,100
2017-04-13,vol_ratio_5_20,-0.058145814581458136,100
2017-04-13,parkinson_vol_20,0.2701230123012301,100
2017-04-13,overnight_vol_20,0.05046504650465046,100
2017-04-13,downside_vol_20,0.24402040204020398,100
2017-04-13,volume_zscore_20,-0.09399339933993398,100
2017-04-13,volume_trend_5_20,-0.0527092709270927,100
2017-04-13,amihud_illiq_20,0.34177017701770174,100
2017-04-13,signed_volume_pressure_20,0.019177917791779173,100
2017-04-13,volume_cv_20,0.1951035103510351,100
2017-04-13,return_volume_corr_20,0.23708370837083706,100
2017-04-13,close_location_value,-0.00966096609660966,100
2017-04-13,body_range_ratio,-0.01384955115072616,100
2017-04-13,gap_followthrough_20,-0.13261326132613258,100
2017-04-13,cs_rank_ret20,-0.061134113411341125,100
2017-04-13,cs_rank_ret60,-0.4018121812181218,100
2017-04-13,cs_rank_vol20,0.2355355535553555,100
2017-04-13,cs_rank_amihud20,0.34177017701770174,100
2017-04-13,return_autocorr_20,-0.10315031503150315,100
2017-04-13,revenue_growth_yoy,0.04592864093123298,51
2017-04-13,gross_margin_change_yoy,-0.2167912447451533,49
2017-04-13,operating_profitability,-0.12452212862105937,70
2017-04-13,cashflow_to_assets,-0.1084234837403872,42
2017-04-13,debt_to_assets,-0.04636816345150129,53
2017-04-13,asset_growth_yoy,-0.0847006455627495,78
2017-04-21,ret_1d,-0.17753375337533753,100
2017-04-21,ret_5d,-0.06260444825845236,100
2017-04-21,ret_20d,-0.06394239423942394,100
2017-04-21,ret_60d,0.04456045604560455,100
2017-04-21,ret_120d,0.012325232523252325,100
2017-04-21,momentum_20_5,-0.0531053105310531,100
2017-04-21,overnight_gap,-0.08814987279210022,100
2017-04-21,intraday_return,-0.15885988598859885,100
2017-04-21,ema20_distance,-0.10853885388538853,100
2017-04-21,ema60_distance,-0.053045304530453044,100
2017-04-21,ema20_60_spread,0.05694569456945694,100
2017-04-21,rsi14_centered,-0.1252205220522052,100
2017-04-21,macd_hist_atr,-0.08656465646564655,100
2017-04-21,breakout_position_60,0.018601860186018598,100
2017-04-21,trend_r2_20,0.04579657965796579,100
2017-04-21,realized_vol_5,0.12084008400840082,100
2017-04-21,realized_vol_20,-0.00288028802880288,100
2017-04-21,vol_ratio_5_20,0.09704170417041702,100
2017-04-21,parkinson_vol_20,-0.05137713771377138,100
2017-04-21,overnight_vol_20,0.06393039303930392,100
2017-04-21,downside_vol_20,0.01236123612361236,100
2017-04-21,volume_zscore_20,-0.1072067206720672,100
2017-04-21,volume_trend_5_20,0.11524752475247524,100
2017-04-21,amihud_illiq_20,0.04332433243324332,100
2017-04-21,signed_volume_pressure_20,-0.07911191119111909,100
2017-04-21,volume_cv_20,0.0686108610861086,100
2017-04-21,return_volume_corr_20,-0.19327932793279326,100
2017-04-21,close_location_value,-0.14095409540954093,100
2017-04-21,body_range_ratio,-0.16336033603360334,100
2017-04-21,gap_followthrough_20,0.17228922892289225,100
2017-04-21,cs_rank_ret20,-0.06394239423942394,100
2017-04-21,cs_rank_ret60,0.04456045604560455,100
2017-04-21,cs_rank_vol20,-0.00288028802880288,100
2017-04-21,cs_rank_amihud20,0.04332433243324332,100
2017-04-21,return_autocorr_20,0.0435043504350435,100
2017-04-21,revenue_growth_yoy,0.13611167676960473,51
2017-04-21,gross_margin_change_yoy,0.10469654841540471,49
2017-04-21,operating_profitability,0.09105144827089966,70
2017-04-21,cashflow_to_assets,0.10574936194409965,42
2017-04-21,debt_to_assets,0.06515734968489224,53
2017-04-21,asset_growth_yoy,0.020802114355139286,78
2017-04-28,ret_1d,0.05953795379537953,100
2017-04-28,ret_5d,0.1867266726672667,100
2017-04-28,ret_20d,0.04735673567356735,100
2017-04-28,ret_60d,0.07900390039003898,100
2017-04-28,ret_120d,-0.12854485448544853,100
2017-04-28,momentum_20_5,-0.09421570421795845,100
2017-04-28,overnight_gap,-0.08040804080408039,100
2017-04-28,intraday_return,0.055699240926388345,100
2017-04-28,ema20_distance,0.06219021902190218,100
2017-04-28,ema60_distance,0.039375937593759375,100
2017-04-28,ema20_60_spread,0.03672367236723672,100
2017-04-28,rsi14_centered,0.12139213921392136,100
2017-04-28,macd_hist_atr,0.08162016201620162,100
2017-04-28,breakout_position_60,0.1611881188118812,100
2017-04-28,trend_r2_20,0.03782778277827783,100
2017-04-28,realized_vol_5,0.06495049504950495,100
2017-04-28,realized_vol_20,-0.08297629762976297,100
2017-04-28,vol_ratio_5_20,0.1851185118511851,100
2017-04-28,parkinson_vol_20,-0.20268826882688265,100
2017-04-28,overnight_vol_20,0.06736273627362736,100
2017-04-28,downside_vol_20,-0.14828682868286827,100
2017-04-28,volume_zscore_20,0.09417341734173416,100
2017-04-28,volume_trend_5_20,0.11105910591059105,100
2017-04-28,amihud_illiq_20,-0.1344974497449745,100
2017-04-28,signed_volume_pressure_20,0.022874287428742868,100
2017-04-28,volume_cv_20,0.015037503750375035,100
2017-04-28,return_volume_corr_20,-0.06826282628262825,100
2017-04-28,close_location_value,-0.0011821217585464502,100
2017-04-28,body_range_ratio,0.0746497044951811,100
2017-04-28,gap_followthrough_20,0.10765076507650763,100
2017-04-28,cs_rank_ret20,0.04735673567356735,100
2017-04-28,cs_rank_ret60,0.07900390039003898,100
2017-04-28,cs_rank_vol20,-0.08297629762976297,100
2017-04-28,cs_rank_amihud20,-0.1344974497449745,100
2017-04-28,return_autocorr_20,0.09183318331833183,100
2017-04-28,revenue_growth_yoy,0.04746713727769793,51
2017-04-28,gross_margin_change_yoy,0.12811551319253472,49
2017-04-28,operating_profitability,0.3249437927146711,70
2017-04-28,cashflow_to_assets,0.26157773207322116,42
2017-04-28,debt_to_assets,0.15749140909818793,52
2017-04-28,asset_growth_yoy,0.12734181857522955,78
2017-05-05,ret_1d,0.13582165687652165,100
2017-05-05,ret_5d,0.17178517851785177,100
2017-05-05,ret_20d,0.1506150615061506,100
2017-05-05,ret_60d,0.1901470147014701,100
2017-05-05,ret_120d,0.06816681668166816,100
2017-05-05,momentum_20_5,0.04285628562856285,100
2017-05-05,overnight_gap,0.04828097294043015,100
2017-05-05,intraday_return,0.20814881488148812,100
2017-05-05,ema20_distance,0.13027302730273024,100
2017-05-05,ema60_distance,0.16408040804080404,100
2017-05-05,ema20_60_spread,0.14912691269126913,100
2017-05-05,rsi14_centered,0.13545754575457544,100
2017-05-05,macd_hist_atr,0.09458145814581458,100
2017-05-05,breakout_position_60,0.21707770777077706,100
2017-05-05,trend_r2_20,0.00264026402640264,100
2017-05-05,realized_vol_5,-0.014185418541854185,100
2017-05-05,realized_vol_20,0.00384038403840384,100
2017-05-05,vol_ratio_5_20,0.011317131713171317,100
2017-05-05,parkinson_vol_20,-0.0427002700270027,100
2017-05-05,overnight_vol_20,0.1482988298829883,100
2017-05-05,downside_vol_20,-0.05777377737773777,100
2017-05-05,volume_zscore_20,0.26473447344734474,100
2017-05-05,volume_trend_5_20,0.18166216621662165,100
2017-05-05,amihud_illiq_20,0.06336633663366335,100
2017-05-05,signed_volume_pressure_20,0.17197719771977196,100
2017-05-05,volume_cv_20,0.13533753375337534,100
2017-05-05,return_volume_corr_20,0.017017701770177016,100
2017-05-05,close_location_value,0.037779777977797774,100
2017-05-05,body_range_ratio,0.16396039603960394,100
2017-05-05,gap_followthrough_20,0.09767776777677767,100
2017-05-05,cs_rank_ret20,0.1506150615061506,100
2017-05-05,cs_rank_ret60,0.1901470147014701,100
2017-05-05,cs_rank_vol20,0.00384038403840384,100
2017-05-05,cs_rank_amihud20,0.06336633663366335,100
2017-05-05,return_autocorr_20,-0.16560456045604557,100
2017-05-05,revenue_growth_yoy,0.41292708120140276,50
2017-05-05,gross_margin_change_yoy,-0.1599044698936099,48
2017-05-05,operating_profitability,0.15271757812054232,71
2017-05-05,cashflow_to_assets,-0.018232648611051665,42
2017-05-05,debt_to_assets,0.2119666159318252,52
2017-05-05,asset_growth_yoy,0.23775109543524237,78
2017-05-12,ret_1d,0.055158343211703514,100
2017-05-12,ret_5d,-0.034053507511426925,100
2017-05-12,ret_20d,-0.07743197549382433,100
2017-05-12,ret_60d,0.09803209730646373,100
2017-05-12,ret_120d,-0.009648993846409602,100
2017-05-12,momentum_20_5,-0.023702441351565882,100
2017-05-12,overnight_gap,-0.1569448737254195,100
2017-05-12,intraday_return,0.21706296224945074,100
2017-05-12,ema20_distance,0.013261365920749517,100
2017-05-12,ema60_distance,0.03278137648192517,100
2017-05-12,ema20_60_spread,0.051413295569675055,100
2017-05-12,rsi14_centered,0.051803335743814745,100
2017-05-12,macd_hist_atr,0.00014401483352850154,100
2017-05-12,breakout_position_60,0.1271951010959853,100
2017-05-12,trend_r2_20,0.26480727515053226,100
2017-05-12,realized_vol_5,-0.12585696326778298,100
2017-05-12,realized_vol_20,-0.2510358566943693,100
2017-05-12,vol_ratio_5_20,0.050831235617497354,100
2017-05-12,parkinson_vol_20,-0.26914572201057835,100
2017-05-12,overnight_vol_20,0.022772345551694308,100
2017-05-12,downside_vol_20,-0.25028577943640834,100
2017-05-12,volume_zscore_20,-0.1509815511004428,100
2017-05-12,volume_trend_5_20,-0.027050786231103543,100
2017-05-12,amihud_illiq_20,-0.18106865007177228,100
2017-05-12,signed_volume_pressure_20,-0.08104434756816425,100
2017-05-12,volume_cv_20,0.023174386961961373,100
2017-05-12,return_volume_corr_20,0.010117042055377234,100
2017-05-12,close_location_value,0.16934344237532675,100
2017-05-12,body_range_ratio,0.20810393196060462,100
2017-05-12,gap_followthrough_20,-0.008628888775582717,100
2017-05-12,cs_rank_ret20,-0.07743197549382433,100
2017-05-12,cs_rank_ret60,0.09803209730646373,100
2017-05-12,cs_rank_vol20,-0.2510358566943693,100
2017-05-12,cs_rank_amihud20,-0.18106865007177228,100
2017-05-12,return_autocorr_20,-0.13500790581490651,100
2017-05-12,revenue_growth_yoy,-0.07087805231460292,50
2017-05-12,gross_margin_change_yoy,-0.03989469971887415,48
2017-05-12,operating_profitability,0.05848521940341052,71
2017-05-12,cashflow_to_assets,0.20968777150897858,43
2017-05-12,debt_to_assets,0.10566806267421389,51
2017-05-12,asset_growth_yoy,0.05202458332279521,78
2017-05-19,ret_1d,0.021290192889963477,100
2017-05-19,ret_5d,0.17047016119767724,100
2017-05-19,ret_20d,0.07351935193519352,100
2017-05-19,ret_60d,0.07477947794779477,100
2017-05-19,ret_120d,0.15138313831383138,100
2017-05-19,momentum_20_5,-0.026726672667266724,100
2017-05-19,overnight_gap,0.01007503772893142,100
2017-05-19,intraday_return,0.038044945860084264,100
2017-05-19,ema20_distance,0.10913891389138913,100
2017-05-19,ema60_distance,0.09008100810081007,100
2017-05-19,ema20_60_spread,0.025010501050105008,100
2017-05-19,rsi14_centered,0.045688568856885686,100
2017-05-19,macd_hist_atr,0.20127212721272125,100
2017-05-19,breakout_position_60,0.04536453645364536,100
2017-05-19,trend_r2_20,-0.23756375637563756,100
2017-05-19,realized_vol_5,-0.19024302430243023,100
2017-05-19,realized_vol_20,-0.14714671467146714,100
2017-05-19,vol_ratio_5_20,-0.04808880888088808,100
2017-05-19,parkinson_vol_20,-0.11162316231623162,100
2017-05-19,overnight_vol_20,-0.09371737173717372,100
2017-05-19,downside_vol_20,-0.07525952595259526,100
2017-05-19,volume_zscore_20,-0.0774077407740774,100
2017-05-19,volume_trend_5_20,-0.18807080708070803,100
2017-05-19,amihud_illiq_20,-0.15336333633363336,100
2017-05-19,signed_volume_pressure_20,0.09742574257425742,100
2017-05-19,volume_cv_20,-0.09544554455445545,100
2017-05-19,return_volume_corr_20,0.03913591359135914,100
2017-05-19,close_location_value,0.09718571857185718,100
2017-05-19,body_range_ratio,0.06812085574190482,100
2017-05-19,gap_followthrough_20,-0.03007500750075007,100
2017-05-19,cs_rank_ret20,0.07351935193519352,100
2017-05-19,cs_rank_ret60,0.07477947794779477,100
2017-05-19,cs_rank_vol20,-0.14714671467146714,100
2017-05-19,cs_rank_amihud20,-0.15336333633363336,100
2017-05-19,return_autocorr_20,0.05839783978397839,100
2017-05-19,revenue_growth_yoy,0.18353381839187832,50
2017-05-19,gross_margin_change_yoy,-0.2586370668849461,48
2017-05-19,operating_profitability,-0.05171069509483449,71
2017-05-19,cashflow_to_assets,0.16845999936497338,43
2017-05-19,debt_to_assets,-0.02326054998481624,51
2017-05-19,asset_growth_yoy,0.16610077328556508,78
2017-05-26,ret_1d,-0.04705670567056705,100
2017-05-26,ret_5d,-0.1368496849684968,100
2017-05-26,ret_20d,-0.0064086408640864085,100
2017-05-26,ret_60d,0.03632763276327632,100
2017-05-26,ret_120d,0.11157515751575156,100
2017-05-26,momentum_20_5,0.04889288928892889,100
2017-05-26,overnight_gap,-0.21209548074296838,100
2017-05-26,intraday_return,0.053549354935493544,100
2017-05-26,ema20_distance,-0.03312331233123312,100
2017-05-26,ema60_distance,0.013693369336933691,100
2017-05-26,ema20_60_spread,0.09633363336333632,100
2017-05-26,rsi14_centered,-0.00198019801980198,100
2017-05-26,macd_hist_atr,-0.1574077407740774,100
2017-05-26,breakout_position_60,0.04027602760276028,100
2017-05-26,trend_r2_20,0.06637863786378637,100
2017-05-26,realized_vol_5,0.0644944494449445,100
2017-05-26,realized_vol_20,-0.008316831683168317,100
2017-05-26,vol_ratio_5_20,0.06490249024902489,100
2017-05-26,parkinson_vol_20,-0.001788178817881788,100
2017-05-26,overnight_vol_20,-0.02245424542454245,100
2017-05-26,downside_vol_20,-0.056141614161416144,100
2017-05-26,volume_zscore_20,-0.11972397239723971,100
2017-05-26,volume_trend_5_20,0.16440444044404437,100
2017-05-26,amihud_illiq_20,0.03897989798979898,100
2017-05-26,signed_volume_pressure_20,-0.06142214221422142,100
2017-05-26,volume_cv_20,-0.0475007500750075,100
2017-05-26,return_volume_corr_20,-0.08609660966096609,100
2017-05-26,close_location_value,0.15740221242858848,100
2017-05-26,body_range_ratio,0.11992799279927992,100
2017-05-26,gap_followthrough_20,0.05081308130813081,100
2017-05-26,cs_rank_ret20,-0.0064086408640864085,100
2017-05-26,cs_rank_ret60,0.03632763276327632,100
2017-05-26,cs_rank_vol20,-0.008316831683168317,100
2017-05-26,cs_rank_amihud20,0.03897989798979898,100
2017-05-26,return_autocorr_20,0.11923192319231922,100
2017-05-26,revenue_growth_yoy,0.03750390166511171,50
2017-05-26,gross_margin_change_yoy,0.053952832000763146,48
2017-05-26,operating_profitability,0.08787800032166912,71
2017-05-26,cashflow_to_assets,-0.01945100251392581,44
2017-05-26,debt_to_assets,0.12978843843667898,51
2017-05-26,asset_growth_yoy,0.051834569447851635,78
2017-06-02,ret_1d,-0.10474361671731401,100
2017-06-02,ret_5d,-0.116999699969997,100
2017-06-02,ret_20d,-0.14317431743174316,100
2017-06-02,ret_60d,-0.14508250825082508,100
2017-06-02,ret_120d,-0.19675967596759675,100
2017-06-02,momentum_20_5,-0.11709570957095708,100
2017-06-02,overnight_gap,-0.11854821046621153,100
2017-06-02,intraday_return,-0.019477947794779474,100
2017-06-02,ema20_distance,-0.14665466546654662,100
2017-06-02,ema60_distance,-0.17347734773477344,100
2017-06-02,ema20_60_spread,-0.16367236723672368,100
2017-06-02,rsi14_centered,-0.17288928892889288,100
2017-06-02,macd_hist_atr,-0.06736273627362736,100
2017-06-02,breakout_position_60,-0.16021602160216022,100
2017-06-02,trend_r2_20,-0.12498049804980496,100
2017-06-02,realized_vol_5,-0.04447644764476447,100
2017-06-02,realized_vol_20,-0.03475547554755475,100
2017-06-02,vol_ratio_5_20,0.0015841584158415838,100
2017-06-02,parkinson_vol_20,-0.008004800480048004,100
2017-06-02,overnight_vol_20,-0.01567356735673567,100
2017-06-02,downside_vol_20,0.04583258325832583,100
2017-06-02,volume_zscore_20,0.014197419741974195,100
2017-06-02,volume_trend_5_20,0.025730573057305726,100
2017-06-02,amihud_illiq_20,-0.024326432643264326,100
2017-06-02,signed_volume_pressure_20,-0.10088208820882089,100
2017-06-02,volume_cv_20,0.011317131713171317,100
2017-06-02,return_volume_corr_20,-0.06045004500450044,100
2017-06-02,close_location_value,-0.029294929492949293,100
2017-06-02,body_range_ratio,-0.03675967596759676,100
2017-06-02,gap_followthrough_20,-0.017665766576657662,100
2017-06-02,cs_rank_ret20,-0.14317431743174316,100
2017-06-02,cs_rank_ret60,-0.14508250825082508,100
2017-06-02,cs_rank_vol20,-0.03475547554755475,100
2017-06-02,cs_rank_amihud20,-0.024326432643264326,100
2017-06-02,return_autocorr_20,0.14057005700570055,100
2017-06-02,revenue_growth_yoy,-0.1062210377506109,50
2017-06-02,gross_margin_change_yoy,0.04847070319585663,48
2017-06-02,operating_profitability,0.12627537119299564,71
2017-06-02,cashflow_to_assets,0.19239578573557053,44
2017-06-02,debt_to_assets,0.08073311512239725,51
2017-06-02,asset_growth_yoy,-0.28333870774544123,78
2017-06-09,ret_1d,-0.3234753179592056,100
2017-06-09,ret_5d,-0.1491389138913891,100
2017-06-09,ret_20d,0.0958175817581758,100
2017-06-09,ret_60d,0.2152295229522952,100
2017-06-09,ret_120d,0.39349534953495346,100
2017-06-09,momentum_20_5,0.2417161716171617,100
2017-06-09,overnight_gap,-0.1548999546960308,100
2017-06-09,intraday_return,-0.34522155782200925,100
2017-06-09,ema20_distance,-0.061662166216621656,100
2017-06-09,ema60_distance,0.18118211821182117,100
2017-06-09,ema20_60_spread,0.3229642964296429,100
2017-06-09,rsi14_centered,0.050297029702970286,100
2017-06-09,macd_hist_atr,-0.17136513651365132,100
2017-06-09,breakout_position_60,0.10307830783078306,100
2017-06-09,trend_r2_20,0.11378337833783377,100
2017-06-09,realized_vol_5,-0.17305730573057304,100
2017-06-09,realized_vol_20,-0.2363276327632763,100
2017-06-09,vol_ratio_5_20,0.04963696369636963,100
2017-06-09,parkinson_vol_20,-0.25800180018001795,100
2017-06-09,overnight_vol_20,-0.20877287728772875,100
2017-06-09,downside_vol_20,-0.21188118811881185,100
2017-06-09,volume_zscore_20,-0.1576837683768377,100
2017-06-09,volume_trend_5_20,-0.015637563756375636,100
2017-06-09,amihud_illiq_20,-0.10803480348034804,100
2017-06-09,signed_volume_pressure_20,0.11809180918091808,100
2017-06-09,volume_cv_20,-0.05554155415541554,100
2017-06-09,return_volume_corr_20,0.08547254725472547,100
2017-06-09,close_location_value,-0.1971317131713171,100
2017-06-09,body_range_ratio,-0.2661214105064798,100
2017-06-09,gap_followthrough_20,0.0008400840084008401,100
2017-06-09,cs_rank_ret20,0.0958175817581758,100
2017-06-09,cs_rank_ret60,0.2152295229522952,100
2017-06-09,cs_rank_vol20,-0.2363276327632763,100
2017-06-09,cs_rank_amihud20,-0.10803480348034804,100
2017-06-09,return_autocorr_20,0.005880588058805879,100
2017-06-09,revenue_growth_yoy,0.31683833954725615,50
2017-06-09,gross_margin_change_yoy,0.3371237822502413,48
2017-06-09,operating_profitability,0.2281876944051889,71
2017-06-09,cashflow_to_assets,0.18654639005203488,44
2017-06-09,debt_to_assets,0.1189727352336224,51
2017-06-09,asset_growth_yoy,0.16876900801440053,78
2017-06-16,ret_1d,0.07594359435943594,100
2017-06-16,ret_5d,0.1784218421842184,100
2017-06-16,ret_20d,0.25178517851785176,100
2017-06-16,ret_60d,0.15483948394839483,100
2017-06-16,ret_120d,0.25423342334233423,100
2017-06-16,momentum_20_5,0.1679207920792079,100
2017-06-16,overnight_gap,0.2102130213021302,100
2017-06-16,intraday_return,-0.1234120436212134,100
2017-06-16,ema20_distance,0.2331353135313531,100
2017-06-16,ema60_distance,0.21678967896789678,100
2017-06-16,ema20_60_spread,0.1746174617461746,100
2017-06-16,rsi14_centered,0.23984398439843982,100
2017-06-16,macd_hist_atr,0.13474947494749473,100
2017-06-16,breakout_position_60,0.13518151815181517,100
2017-06-16,trend_r2_20,0.12210021002100209,100
2017-06-16,realized_vol_5,-0.09707770777077707,100
2017-06-16,realized_vol_20,0.0498049804980498,100
2017-06-16,vol_ratio_5_20,-0.17886588658865885,100
2017-06-16,parkinson_vol_20,0.0846084608460846,100
2017-06-16,overnight_vol_20,-0.056081608160816074,100
2017-06-16,downside_vol_20,-0.0011281128112811281,100
2017-06-16,volume_zscore_20,-0.1422022202220222,100
2017-06-16,volume_trend_5_20,-0.2735073507350735,100
2017-06-16,amihud_illiq_20,0.0989138913891389,100
2017-06-16,signed_volume_pressure_20,0.10515451545154515,100
2017-06-16,volume_cv_20,-0.1499069906990699,100
2017-06-16,return_volume_corr_20,0.014941494149414938,100
2017-06-16,close_location_value,-0.13454545454545452,100
2017-06-16,body_range_ratio,-0.16026883502068306,100
2017-06-16,gap_followthrough_20,-0.021398139813981393,100
2017-06-16,cs_rank_ret20,0.25178517851785176,100
2017-06-16,cs_rank_ret60,0.15483948394839483,100
2017-06-16,cs_rank_vol20,0.0498049804980498,100
2017-06-16,cs_rank_amihud20,0.0989138913891389,100
2017-06-16,return_autocorr_20,-0.17809780978097808,100
2017-06-16,revenue_growth_yoy,0.08893370791778091,50
2017-06-16,gross_margin_change_yoy,0.32539962559816404,48
2017-06-16,operating_profitability,0.1261747667278306,71
2017-06-16,cashflow_to_assets,-0.007258888619327385,44
2017-06-16,debt_to_assets,0.19680959510499196,51
2017-06-16,asset_growth_yoy,0.1159607225754573,78
2017-06-23,ret_1d,-0.16494449444944492,100
2017-06-23,ret_5d,-0.2239430661368199,100
2017-06-23,ret_20d,-0.2813081308130813,100
2017-06-23,ret_60d,-0.2136093609360936,100
2017-06-23,ret_120d,-0.29257725772577253,100
2017-06-23,momentum_20_5,-0.14745874587458746,100
2017-06-23,overnight_gap,-0.16446493988954877,100
2017-06-23,intraday_return,-0.19785178517851784,100
2017-06-23,ema20_distance,-0.3356975697569757,100
2017-06-23,ema60_distance,-0.2947374737473747,100
2017-06-23,ema20_60_spread,-0.24048004800480047,100
2017-06-23,rsi14_centered,-0.2749594959495949,100
2017-06-23,macd_hist_atr,-0.13898589858985896,100
2017-06-23,breakout_position_60,-0.20904890489048905,100
2017-06-23,trend_r2_20,-0.032415241524152406,100
2017-06-23,realized_vol_5,0.2252145214521452,100
2017-06-23,realized_vol_20,0.27725172517251717,100
2017-06-23,vol_ratio_5_20,-0.044056405640564046,100
2017-06-23,parkinson_vol_20,0.313003300330033,100
2017-06-23,overnight_vol_20,0.3292409240924092,100
2017-06-23,downside_vol_20,0.23465946594659462,100
2017-06-23,volume_zscore_20,0.07887188718871886,100
2017-06-23,volume_trend_5_20,0.10046204620462044,100
2017-06-23,amihud_illiq_20,0.177041704170417,100
2017-06-23,signed_volume_pressure_20,-0.3809780978097809,100
2017-06-23,volume_cv_20,0.2933693369336933,100
2017-06-23,return_volume_corr_20,-0.05837383738373837,100
2017-06-23,close_location_value,-0.009312931293129312,100
2017-06-23,body_range_ratio,-0.12124812481248125,100
2017-06-23,gap_followthrough_20,-0.19965196519651962,100
2017-06-23,cs_rank_ret20,-0.2813081308130813,100
2017-06-23,cs_rank_ret60,-0.2136093609360936,100
2017-06-23,cs_rank_vol20,0.27725172517251717,100
2017-06-23,cs_rank_amihud20,0.177041704170417,100
2017-06-23,return_autocorr_20,0.18081008100810078,100
2017-06-23,revenue_growth_yoy,-0.05733631061221944,50
2017-06-23,gross_margin_change_yoy,-0.008087496949812584,48
2017-06-23,operating_profitability,-0.1503030709565812,71
2017-06-23,cashflow_to_assets,-0.1935233800842039,44
2017-06-23,debt_to_assets,0.0017198850925508025,51
2017-06-23,asset_growth_yoy,-0.011128182755332871,78
2017-06-30,ret_1d,-0.10744674467446744,100
2017-06-30,ret_5d,-0.10387669930049544,100
2017-06-30,ret_20d,0.10838283828382837,100
2017-06-30,ret_60d,0.22517851785178516,100
2017-06-30,ret_120d,0.27613561356135613,100
2017-06-30,momentum_20_5,0.11777977797779776,100
2017-06-30,overnight_gap,0.2991718680374816,100
2017-06-30,intraday_return,-0.2206127231114733,100
2017-06-30,ema20_distance,0.14177017701770175,100
2017-06-30,ema60_distance,0.2633543354335433,100
2017-06-30,ema20_60_spread,0.2761836183618362,100
2017-06-30,rsi14_centered,0.1371257125712571,100
2017-06-30,macd_hist_atr,-0.07011101110111011,100
2017-06-30,breakout_position_60,0.3152715271527152,100
2017-06-30,trend_r2_20,-0.23864386438643864,100
2017-06-30,realized_vol_5,0.00804080408040804,100
2017-06-30,realized_vol_20,-0.2083528352835283,100
2017-06-30,vol_ratio_5_20,0.13070507050705069,100
2017-06-30,parkinson_vol_20,-0.21714971497149713,100
2017-06-30,overnight_vol_20,-0.06535853585358535,100
2017-06-30,downside_vol_20,-0.21254125412541253,100
2017-06-30,volume_zscore_20,-0.1672007200720072,100
2017-06-30,volume_trend_5_20,0.0044044404440444045,100
2017-06-30,amihud_illiq_20,-0.02904290429042904,100
2017-06-30,signed_volume_pressure_20,0.07315931593159315,100
2017-06-30,volume_cv_20,-0.1554875487548755,100
2017-06-30,return_volume_corr_20,0.03205520552055205,100
2017-06-30,close_location_value,-0.11049504950495048,100
2017-06-30,body_range_ratio,-0.2130999492957365,100
2017-06-30,gap_followthrough_20,-0.22627062706270623,100
2017-06-30,cs_rank_ret20,0.10838283828382837,100
2017-06-30,cs_rank_ret60,0.22517851785178516,100
2017-06-30,cs_rank_vol20,-0.2083528352835283,100
2017-06-30,cs_rank_amihud20,-0.02904290429042904,100
2017-06-30,return_autocorr_20,-0.04926492649264926,100
2017-06-30,revenue_growth_yoy,0.06986962474102118,50
2017-06-30,gross_margin_change_yoy,0.037017939058873704,48
2017-06-30,operating_profitability,0.05181129955999954,71
2017-06-30,cashflow_to_assets,-0.11621269255602776,44
2017-06-30,debt_to_assets,0.11428183838659936,51
2017-06-30,asset_growth_yoy,0.06680703351866313,78
2017-07-07,ret_1d,-0.0024362728627360577,100
2017-07-07,ret_5d,0.018847941338042642,100
2017-07-07,ret_20d,-0.03545154515451545,100
2017-07-07,ret_60d,0.219033903390339,100
2017-07-07,ret_120d,0.3481428142814281,100
2017-07-07,momentum_20_5,-0.11221122112211221,100
2017-07-07,overnight_gap,0.043948922282460307,100
2017-07-07,intraday_return,-0.0535615168364752,100
2017-07-07,ema20_distance,0.07393939393939393,100
2017-07-07,ema60_distance,0.1875787578757876,100
2017-07-07,ema20_60_spread,0.2261146114611461,100
2017-07-07,rsi14_centered,0.07753975397539753,100
2017-07-07,macd_hist_atr,-0.05797779777977797,100
2017-07-07,breakout_position_60,0.12547254725472545,100
2017-07-07,trend_r2_20,-0.05431743174317431,100
2017-07-07,realized_vol_5,0.002244224422442244,100
2017-07-07,realized_vol_20,0.06339033903390338,100
2017-07-07,vol_ratio_5_20,-0.05706570657065705,100
2017-07-07,parkinson_vol_20,0.01705370537053705,100
2017-07-07,overnight_vol_20,0.17657365736573655,100
2017-07-07,downside_vol_20,0.11261926192619261,100
2017-07-07,volume_zscore_20,-0.030939093909390935,100
2017-07-07,volume_trend_5_20,0.0011281128112811281,100
2017-07-07,amihud_illiq_20,-0.04988898889888989,100
2017-07-07,signed_volume_pressure_20,-0.038499849984998495,100
2017-07-07,volume_cv_20,0.04408040804080408,100
2017-07-07,return_volume_corr_20,0.11444344434443443,100
2017-07-07,close_location_value,-0.09804980498049803,100
2017-07-07,body_range_ratio,-0.05675384564635699,100
2017-07-07,gap_followthrough_20,-0.09209720972097209,100
2017-07-07,cs_rank_ret20,-0.03545154515451545,100
2017-07-07,cs_rank_ret60,0.219033903390339,100
2017-07-07,cs_rank_vol20,0.06339033903390338,100
2017-07-07,cs_rank_amihud20,-0.04988898889888989,100
2017-07-07,return_autocorr_20,0.017857785778577856,100
2017-07-07,revenue_growth_yoy,0.10012245194847363,50
2017-07-07,gross_margin_change_yoy,0.12098678322907552,48
2017-07-07,operating_profitability,-0.06316283671278908,71
2017-07-07,cashflow_to_assets,0.18725113651993072,44
2017-07-07,debt_to_assets,0.015071624626826768,51
2017-07-07,asset_growth_yoy,0.03629305057705152,78
2017-07-14,ret_1d,0.14077576689602933,100
2017-07-14,ret_5d,0.001224122412241224,100
2017-07-14,ret_20d,0.09785778577857786,100
2017-07-14,ret_60d,0.011845184518451844,100
2017-07-14,ret_120d,-0.01975397539753975,100
2017-07-14,momentum_20_5,0.0998139813981398,100
2017-07-14,overnight_gap,-0.10601860186018601,100
2017-07-14,intraday_return,0.1321212121212121,100
2017-07-14,ema20_distance,0.12390039003900388,100
2017-07-14,ema60_distance,0.06761476147614762,100
2017-07-14,ema20_60_spread,0.026558655865586558,100
2017-07-14,rsi14_centered,0.12537653765376536,100
2017-07-14,macd_hist_atr,0.041908190819081904,100
2017-07-14,breakout_position_60,0.06191419141914191,100
2017-07-14,trend_r2_20,-0.048376837683768374,100
2017-07-14,realized_vol_5,0.20897689768976896,100
2017-07-14,realized_vol_20,0.17358535853585355,100
2017-07-14,vol_ratio_5_20,0.11566756675667567,100
2017-07-14,parkinson_vol_20,0.21558955895589554,100
2017-07-14,overnight_vol_20,-0.04985298529852985,100
2017-07-14,downside_vol_20,0.13494149414941495,100
2017-07-14,volume_zscore_20,-0.010249024902490246,100
2017-07-14,volume_trend_5_20,0.0572097209720972,100
2017-07-14,amihud_illiq_20,0.1165196519651965,100
2017-07-14,signed_volume_pressure_20,0.02622262226222622,100
2017-07-14,volume_cv_20,-0.05476147614761475,100
2017-07-14,return_volume_corr_20,0.1011101110111011,100
2017-07-14,close_location_value,-0.015829582958295826,100
2017-07-14,body_range_ratio,0.022370237023702368,100
2017-07-14,gap_followthrough_20,0.04258025802580257,100
2017-07-14,cs_rank_ret20,0.09785778577857786,100
2017-07-14,cs_rank_ret60,0.011845184518451844,100
2017-07-14,cs_rank_vol20,0.17358535853585355,100
2017-07-14,cs_rank_amihud20,0.1165196519651965,100
2017-07-14,return_autocorr_20,-0.02425442544254425,100
2017-07-14,revenue_growth_yoy,-0.0003841628851739996,50
2017-07-14,gross_margin_change_yoy,-0.054441338527933036,48
2017-07-14,operating_profitability,-0.0713788680346013,71
2017-07-14,cashflow_to_assets,0.02008527433503209,44
2017-07-14,debt_to_assets,0.04928828594178484,51
2017-07-14,asset_growth_yoy,0.18161700083192123,78
2017-07-21,ret_1d,0.07598415760200969,100
2017-07-21,ret_5d,0.014665466546654665,100
2017-07-21,ret_20d,-0.05980198019801979,100
2017-07-21,ret_60d,-0.13154515451545154,100
2017-07-21,ret_120d,-0.17588958895889586,100
2017-07-21,momentum_20_5,-0.024758475847584758,100
2017-07-21,overnight_gap,-0.17455745574557455,100
2017-07-21,intraday_return,0.1973117311731173,100
2017-07-21,ema20_distance,-0.058577857785778564,100
2017-07-21,ema60_distance,-0.13626162616261625,100
2017-07-21,ema20_60_spread,-0.16914491449144914,100
2017-07-21,rsi14_centered,-0.04775277527752775,100
2017-07-21,macd_hist_atr,0.1360936093609361,100
2017-07-21,breakout_position_60,-0.15656765676567658,100
2017-07-21,trend_r2_20,-0.012013201320132012,100
2017-07-21,realized_vol_5,0.03834383438343834,100
2017-07-21,realized_vol_20,0.08892889288928893,100
2017-07-21,vol_ratio_5_20,-0.0685988598859886,100
2017-07-21,parkinson_vol_20,-0.014161416141614161,100
2017-07-21,overnight_vol_20,0.01068106810681068,100
2017-07-21,downside_vol_20,0.12904890489048904,100
2017-07-21,volume_zscore_20,-0.27938793879387935,100
2017-07-21,volume_trend_5_20,-0.2285388538853885,100
2017-07-21,amihud_illiq_20,-0.12944494449444943,100
2017-07-21,signed_volume_pressure_20,0.020438043804380437,100
2017-07-21,volume_cv_20,0.0072007200720072,100
2017-07-21,return_volume_corr_20,-0.11097509750975097,100
2017-07-21,close_location_value,0.21085571813991735,100
2017-07-21,body_range_ratio,0.2027122712271227,100
2017-07-21,gap_followthrough_20,0.1801980198019802,100
2017-07-21,cs_rank_ret20,-0.05980198019801979,100
2017-07-21,cs_rank_ret60,-0.13154515451545154,100
2017-07-21,cs_rank_vol20,0.08892889288928893,100
2017-07-21,cs_rank_amihud20,-0.12944494449444943,100
2017-07-21,return_autocorr_20,0.1484068406840684,100
2017-07-21,revenue_growth_yoy,-0.3274988596108347,50
2017-07-21,gross_margin_change_yoy,-0.23584009561701796,48
2017-07-21,operating_profitability,-0.0518783692034429,71
2017-07-21,cashflow_to_assets,0.05588639490414191,44
2017-07-21,debt_to_assets,0.13949173303267295,51
2017-07-21,asset_growth_yoy,-0.18939408309843225,78
2017-07-28,ret_1d,0.04847342902754156,100
2017-07-28,ret_5d,-0.023678367836783676,100
2017-07-28,ret_20d,0.024554455445544552,100
2017-07-28,ret_60d,-0.16475247524752476,100
2017-07-28,ret_120d,-0.0689108910891089,100
2017-07-28,momentum_20_5,0.061674167416741664,100
2017-07-28,overnight_gap,-0.06765157698149338,100
2017-07-28,intraday_return,0.0952240937556523,100
2017-07-28,ema20_distance,0.030015001500150015,100
2017-07-28,ema60_distance,-0.04813681368136813,100
2017-07-28,ema20_60_spread,-0.044236423642364235,100
2017-07-28,rsi14_centered,0.020246024602460243,100
2017-07-28,macd_hist_atr,0.16469246924692468,100
2017-07-28,breakout_position_60,-0.052325232523252316,100
2017-07-28,trend_r2_20,0.02837083708370837,100
2017-07-28,realized_vol_5,-0.05346534653465346,100
2017-07-28,realized_vol_20,-0.001176117611761176,100
2017-07-28,vol_ratio_5_20,-0.07755175517551754,100
2017-07-28,parkinson_vol_20,-0.12403240324032402,100
2017-07-28,overnight_vol_20,-0.039003900390038995,100
2017-07-28,downside_vol_20,-0.015457545754575454,100
2017-07-28,volume_zscore_20,-0.06849084908490849,100
2017-07-28,volume_trend_5_20,-0.011677167716771675,100
2017-07-28,amihud_illiq_20,-0.07524752475247523,100
2017-07-28,signed_volume_pressure_20,0.05929792979297929,100
2017-07-28,volume_cv_20,0.02843084308430843,100
2017-07-28,return_volume_corr_20,-0.017497749774977495,100
2017-07-28,close_location_value,0.03665166516651665,100
2017-07-28,body_range_ratio,0.10675099535300178,100
2017-07-28,gap_followthrough_20,0.04481248124812481,100
2017-07-28,cs_rank_ret20,0.024554455445544552,100
2017-07-28,cs_rank_ret60,-0.16475247524752476,100
2017-07-28,cs_rank_vol20,-0.001176117611761176,100
2017-07-28,cs_rank_amihud20,-0.07524752475247523,100
2017-07-28,return_autocorr_20,0.01398139813981398,100
2017-07-28,revenue_growth_yoy,0.032653845239789966,50
2017-07-28,gross_margin_change_yoy,0.20077618266682387,48
2017-07-28,operating_profitability,0.05823321791970174,71
2017-07-28,cashflow_to_assets,0.0749145495373302,44
2017-07-28,debt_to_assets,-0.1915601324625042,51
2017-07-28,asset_growth_yoy,0.012215709706422221,78
2017-08-04,ret_1d,-0.13166556155343254,100
2017-08-04,ret_5d,-0.22401440144014398,100
2017-08-04,ret_20d,-0.08084008400840081,100
2017-08-04,ret_60d,0.003624362436243624,100
2017-08-04,ret_120d,0.011185118511851184,100
2017-08-04,momentum_20_5,0.0622142214221422,100
2017-08-04,overnight_gap,-0.016484142946001812,100
2017-08-04,intraday_return,-0.126036603660366,100
2017-08-04,ema20_distance,-0.14613861386138613,100
2017-08-04,ema60_distance,-0.06847884788478846,100
2017-08-04,ema20_60_spread,0.01698169816981698,100
2017-08-04,rsi14_centered,-0.10679867986798679,100
2017-08-04,macd_hist_atr,-0.11588358835883589,100
2017-08-04,breakout_position_60,-0.05478547854785478,100
2017-08-04,trend_r2_20,-0.013033303330333031,100
2017-08-04,realized_vol_5,-0.05971797179717971,100
2017-08-04,realized_vol_20,-0.12397239723972396,100
2017-08-04,vol_ratio_5_20,0.01476147614761476,100
2017-08-04,parkinson_vol_20,-0.08466846684668466,100
2017-08-04,overnight_vol_20,-0.0725112511251125,100
2017-08-04,downside_vol_20,-0.05995799579957996,100
2017-08-04,volume_zscore_20,-0.16511251125112508,100
2017-08-04,volume_trend_5_20,0.058037803780378025,100
2017-08-04,amihud_illiq_20,-0.09200120012001199,100
2017-08-04,signed_volume_pressure_20,0.0174017401740174,100
2017-08-04,volume_cv_20,-0.10922292229222921,100
2017-08-04,return_volume_corr_20,-0.002976297629762976,100
2017-08-04,close_location_value,-0.2324272427242724,100
2017-08-04,body_range_ratio,-0.17198919891989198,100
2017-08-04,gap_followthrough_20,-0.05444944494449444,100
2017-08-04,cs_rank_ret20,-0.08084008400840081,100
2017-08-04,cs_rank_ret60,0.003624362436243624,100
2017-08-04,cs_rank_vol20,-0.12397239723972396,100
2017-08-04,cs_rank_amihud20,-0.09200120012001199,100
2017-08-04,return_autocorr_20,0.17984998499849983,100
2017-08-04,revenue_growth_yoy,0.07190207925096474,51
2017-08-04,gross_margin_change_yoy,-0.1280134697730265,49
2017-08-04,operating_profitability,0.46351830583709625,71
2017-08-04,cashflow_to_assets,0.23682460765584146,47
2017-08-04,debt_to_assets,0.06806199839915104,51
2017-08-04,asset_growth_yoy,-0.02883210986608971,78
2017-08-11,ret_1d,-0.0012001560208228473,100
2017-08-11,ret_5d,0.12684106463022773,100
2017-08-11,ret_20d,0.07981998199819981,100
2017-08-11,ret_60d,0.1603480348034803,100
2017-08-11,ret_120d,0.21166516651665163,100
2017-08-11,momentum_20_5,-0.00034803480348034795,100
2017-08-11,overnight_gap,0.05375337533753375,100
2017-08-11,intraday_return,-0.09852985298529852,100
2017-08-11,ema20_distance,0.1662046204620462,100
2017-08-11,ema60_distance,0.20543654365436545,100
2017-08-11,ema20_60_spread,0.1932073207320732,100
2017-08-11,rsi14_centered,0.17108910891089107,100
2017-08-11,macd_hist_atr,0.2418361836183618,100
2017-08-11,breakout_position_60,0.16856885688568857,100
2017-08-11,trend_r2_20,0.09033303330333033,100
2017-08-11,realized_vol_5,-0.02316231623162316,100
2017-08-11,realized_vol_20,-0.18946294629462945,100
2017-08-11,vol_ratio_5_20,0.1197119711971197,100
2017-08-11,parkinson_vol_20,-0.17087308730873088,100
2017-08-11,overnight_vol_20,-0.12884488448844883,100
2017-08-11,downside_vol_20,-0.2774677467746774,100
2017-08-11,volume_zscore_20,0.087008700870087,100
2017-08-11,volume_trend_5_20,0.017449744974497448,100
2017-08-11,amihud_illiq_20,-0.004704470447044704,100
2017-08-11,signed_volume_pressure_20,0.09172517251725171,100
2017-08-11,volume_cv_20,-0.06777077707770776,100
2017-08-11,return_volume_corr_20,0.19335133513351335,100
2017-08-11,close_location_value,0.011017101710171015,100
2017-08-11,body_range_ratio,-0.08490849084908489,100
2017-08-11,gap_followthrough_20,-0.17470147014701468,100
2017-08-11,cs_rank_ret20,0.07981998199819981,100
2017-08-11,cs_rank_ret60,0.1603480348034803,100
2017-08-11,cs_rank_vol20,-0.18946294629462945,100
2017-08-11,cs_rank_amihud20,-0.004704470447044704,100
2017-08-11,return_autocorr_20,0.036591659165916585,100
2017-08-11,revenue_growth_yoy,0.004866491644830117,52
2017-08-11,gross_margin_change_yoy,0.05010331897852213,49
2017-08-11,operating_profitability,0.16850093656837956,72
2017-08-11,cashflow_to_assets,0.3346003725673607,49
2017-08-11,debt_to_assets,0.06694131999619374,52
2017-08-11,asset_growth_yoy,-0.12926076716869825,79
2017-08-18,ret_1d,0.09147424512204054,100
2017-08-18,ret_5d,-0.057797779777977794,100
2017-08-18,ret_20d,-0.06273027302730272,100
2017-08-18,ret_60d,0.1025142514251425,100
2017-08-18,ret_120d,0.1678247824782478,100
2017-08-18,momentum_20_5,-0.05894407123960295,100
2017-08-18,overnight_gap,-0.2122292229222922,100
2017-08-18,intraday_return,0.16999699969996995,100
2017-08-18,ema20_distance,0.005904590459045904,100
2017-08-18,ema60_distance,0.04363636363636364,100
2017-08-18,ema20_60_spread,0.10135013501350135,100
2017-08-18,rsi14_centered,-0.01962196219621962,100
2017-08-18,macd_hist_atr,-0.05834983498349834,100
2017-08-18,breakout_position_60,-0.0012001200120011998,100
2017-08-18,trend_r2_20,-0.021542154215421536,100
2017-08-18,realized_vol_5,0.1536873687368737,100
2017-08-18,realized_vol_20,0.2046324632463246,100
2017-08-18,vol_ratio_5_20,-0.05980198019801979,100
2017-08-18,parkinson_vol_20,0.13246924692469245,100
2017-08-18,overnight_vol_20,0.22730273027302728,100
2017-08-18,downside_vol_20,0.22551455145514548,100
2017-08-18,volume_zscore_20,-0.18957095709570956,100
2017-08-18,volume_trend_5_20,0.09528952895289527,100
2017-08-18,amihud_illiq_20,0.22427842784278426,100
2017-08-18,signed_volume_pressure_20,-0.10895889588958894,100
2017-08-18,volume_cv_20,0.16121212121212122,100
2017-08-18,return_volume_corr_20,0.08729672967296728,100
2017-08-18,close_location_value,0.051053105310531054,100
2017-08-18,body_range_ratio,0.16772877287728769,100
2017-08-18,gap_followthrough_20,-0.04042004200420041,100
2017-08-18,cs_rank_ret20,-0.06273027302730272,100
2017-08-18,cs_rank_ret60,0.1025142514251425,100
2017-08-18,cs_rank_vol20,0.2046324632463246,100
2017-08-18,cs_rank_amihud20,0.22427842784278426,100
2017-08-18,return_autocorr_20,-0.03211521152115211,100
2017-08-18,revenue_growth_yoy,0.2090456981116937,52
2017-08-18,gross_margin_change_yoy,0.06076685631712817,49
2017-08-18,operating_profitability,0.16186058477422494,72
2017-08-18,cashflow_to_assets,-0.010561493919097845,49
2017-08-18,debt_to_assets,-0.19147437511666385,52
2017-08-18,asset_growth_yoy,-0.018756199831164215,79
2017-08-25,ret_1d,0.004170429554262858,100
2017-08-25,ret_5d,-0.023744445678011695,100
2017-08-25,ret_20d,0.031131113111311125,100
2017-08-25,ret_60d,0.06427842784278427,100
2017-08-25,ret_120d,0.12007200720072005,100
2017-08-25,momentum_20_5,-0.009432943294329432,100
2017-08-25,overnight_gap,0.04645720321010482,100
2017-08-25,intraday_return,-0.03194757813105116,100
2017-08-25,ema20_distance,0.03963996399639964,100
2017-08-25,ema60_distance,0.02161416141614161,100
2017-08-25,ema20_60_spread,0.03923192319231923,100
2017-08-25,rsi14_centered,0.047488748874887486,100
2017-08-25,macd_hist_atr,0.0297029702970297,100
2017-08-25,breakout_position_60,0.027266726672667264,100
2017-08-25,trend_r2_20,0.07608760876087609,100
2017-08-25,realized_vol_5,0.010117011701170115,100
2017-08-25,realized_vol_20,0.10233423342334232,100
2017-08-25,vol_ratio_5_20,-0.1589318931893189,100
2017-08-25,parkinson_vol_20,0.15161116111611161,100
2017-08-25,overnight_vol_20,0.0730993099309931,100
2017-08-25,downside_vol_20,0.07565556555655566,100
2017-08-25,volume_zscore_20,-0.17599759975997598,100
2017-08-25,volume_trend_5_20,-0.09888988898889887,100
2017-08-25,amihud_illiq_20,-0.006156615661566157,100
2017-08-25,signed_volume_pressure_20,-0.04414041404140414,100
2017-08-25,volume_cv_20,0.14425442544254424,100
2017-08-25,return_volume_corr_20,0.028814881488148814,100
2017-08-25,close_location_value,0.02132613261326132,100
2017-08-25,body_range_ratio,-0.05553021938857014,100
2017-08-25,gap_followthrough_20,0.026858685868586855,100
2017-08-25,cs_rank_ret20,0.031131113111311125,100
2017-08-25,cs_rank_ret60,0.06427842784278427,100
2017-08-25,cs_rank_vol20,0.10233423342334232,100
2017-08-25,cs_rank_amihud20,-0.006156615661566157,100
2017-08-25,return_autocorr_20,-0.07689168916891688,100
2017-08-25,revenue_growth_yoy,0.05690380142595216,52
2017-08-25,gross_margin_change_yoy,-0.1345442486215508,49
2017-08-25,operating_profitability,-0.026239840503778193,72
2017-08-25,cashflow_to_assets,-0.1576060614304021,49
2017-08-25,debt_to_assets,0.11321963050376646,52
2017-08-25,asset_growth_yoy,0.1717391172081292,79
2017-09-01,ret_1d,0.006480667508782571,100
2017-09-01,ret_5d,-0.1010981098109811,100
2017-09-01,ret_20d,-0.1159195919591959,100
2017-09-01,ret_60d,0.06148214821482148,100
2017-09-01,ret_120d,0.05195319531953196,100
2017-09-01,momentum_20_5,-0.0751035103510351,100
2017-09-01,overnight_gap,0.02922300997015844,100
2017-09-01,intraday_return,-0.01371753636506066,100
2017-09-01,ema20_distance,-0.10835883588358834,100
2017-09-01,ema60_distance,-0.03242724272427242,100
2017-09-01,ema20_60_spread,0.09262526252625262,100
2017-09-01,rsi14_centered,-0.06534653465346535,100
2017-09-01,macd_hist_atr,-0.22036603660366033,100
2017-09-01,breakout_position_60,0.027758775877587755,100
2017-09-01,trend_r2_20,0.042256225622562246,100
2017-09-01,realized_vol_5,0.14673867386738673,100
2017-09-01,realized_vol_20,0.13117311731173115,100
2017-09-01,vol_ratio_5_20,0.1131113111311131,100
2017-09-01,parkinson_vol_20,-0.023498349834983494,100
2017-09-01,overnight_vol_20,0.1074947494749475,100
2017-09-01,downside_vol_20,0.14575457545754572,100
2017-09-01,volume_zscore_20,0.20838883888388834,100
2017-09-01,volume_trend_5_20,0.20465646564656462,100
2017-09-01,amihud_illiq_20,-0.07059105910591058,100
2017-09-01,signed_volume_pressure_20,-0.10187818781878187,100
2017-09-01,volume_cv_20,0.053477347734773466,100
2017-09-01,return_volume_corr_20,0.001332133213321332,100
2017-09-01,close_location_value,-0.04509464474861205,100
2017-09-01,body_range_ratio,-0.07715664154940945,100
2017-09-01,gap_followthrough_20,0.17864986498649862,100
2017-09-01,cs_rank_ret20,-0.1159195919591959,100
2017-09-01,cs_rank_ret60,0.06148214821482148,100
2017-09-01,cs_rank_vol20,0.13117311731173115,100
2017-09-01,cs_rank_amihud20,-0.07059105910591058,100
2017-09-01,return_autocorr_20,-0.16367236723672368,100
2017-09-01,revenue_growth_yoy,-0.0945123903653849,52
2017-09-01,gross_margin_change_yoy,0.21867904800605487,49
2017-09-01,operating_profitability,0.1736781600011103,72
2017-09-01,cashflow_to_assets,0.2854363221617907,51
2017-09-01,debt_to_assets,0.09199573114038946,52
2017-09-01,asset_growth_yoy,-0.02750747022610716,79
2017-09-08,ret_1d,-0.11492383715574424,100
2017-09-08,ret_5d,-0.07578757875787578,100
2017-09-08,ret_20d,-0.1952115211521152,100
2017-09-08,ret_60d,-0.2747794779477947,100
2017-09-08,ret_120d,-0.4263066306630663,100
2017-09-08,momentum_20_5,-0.22916291629162913,100
2017-09-08,overnight_gap,-0.10663194278527031,100
2017-09-08,intraday_return,-0.16807584993613564,100
2017-09-08,ema20_distance,-0.10754275427542753,100
2017-09-08,ema60_distance,-0.15288328832883286,100
2017-09-08,ema20_60_spread,-0.23439543954395436,100
2017-09-08,rsi14_centered,-0.12926492649264926,100
2017-09-08,macd_hist_atr,-0.018157815781578157,100
2017-09-08,breakout_position_60,-0.150999099909991,100
2017-09-08,trend_r2_20,-0.05273327332733273,100
2017-09-08,realized_vol_5,0.08908490849084906,100
2017-09-08,realized_vol_20,0.12762076207620762,100
2017-09-08,vol_ratio_5_20,-0.05244524452445244,100
2017-09-08,parkinson_vol_20,0.07278727872787277,100
2017-09-08,overnight_vol_20,-0.04979297929792979,100
2017-09-08,downside_vol_20,0.18009000900090008,100
2017-09-08,volume_zscore_20,-0.0487008700870087,100
2017-09-08,volume_trend_5_20,0.01615361536153615,100
2017-09-08,amihud_illiq_20,-0.014941494149414938,100
2017-09-08,signed_volume_pressure_20,-0.09938193819381937,100
2017-09-08,volume_cv_20,-0.11397539753975397,100
2017-09-08,return_volume_corr_20,-0.2125892589258926,100
2017-09-08,close_location_value,0.031959195919591954,100
2017-09-08,body_range_ratio,-0.08148459303376722,100
2017-09-08,gap_followthrough_20,0.05708970897089708,100
2017-09-08,cs_rank_ret20,-0.1952115211521152,100
2017-09-08,cs_rank_ret60,-0.2747794779477947,100
2017-09-08,cs_rank_vol20,0.12762076207620762,100
2017-09-08,cs_rank_amihud20,-0.014941494149414938,100
2017-09-08,return_autocorr_20,-0.07499549954995499,100
2017-09-08,revenue_growth_yoy,-0.33284241539245984,52
2017-09-08,gross_margin_change_yoy,-0.11888058372704335,49
2017-09-08,operating_profitability,-0.18178164015668888,72
2017-09-08,cashflow_to_assets,0.09936876402461835,51
2017-09-08,debt_to_assets,-0.21489861278919742,52
2017-09-08,asset_growth_yoy,-0.3524364194102473,79
2017-09-15,ret_1d,-0.045389900707520095,100
2017-09-15,ret_5d,0.12644464446444645,100
2017-09-15,ret_20d,0.219045904590459,100
2017-09-15,ret_60d,0.25576957695769575,100
2017-09-15,ret_120d,0.15783978397839785,100
2017-09-15,momentum_20_5,0.14094209420942094,100
2017-09-15,overnight_gap,0.013687409803271334,100
2017-09-15,intraday_return,-0.03128712871287129,100
2017-09-15,ema20_distance,0.1792979297929793,100
2017-09-15,ema60_distance,0.22756675667566753,100
2017-09-15,ema20_60_spread,0.21215721572157212,100
2017-09-15,rsi14_centered,0.1259045904590459,100
2017-09-15,macd_hist_atr,-0.054005400540054,100
2017-09-15,breakout_position_60,0.17820582058205817,100
2017-09-15,trend_r2_20,0.016945694569456944,100
2017-09-15,realized_vol_5,0.03258325832583258,100
2017-09-15,realized_vol_20,0.06935493549354935,100
2017-09-15,vol_ratio_5_20,-0.018241824182418237,100
2017-09-15,parkinson_vol_20,0.17214521452145215,100
2017-09-15,overnight_vol_20,0.008352835283528353,100
2017-09-15,downside_vol_20,-0.008688868886888688,100
2017-09-15,volume_zscore_20,0.14729072907290727,100
2017-09-15,volume_trend_5_20,0.1749174917491749,100
2017-09-15,amihud_illiq_20,0.36744074407440735,100
2017-09-15,signed_volume_pressure_20,0.12516051605160514,100
2017-09-15,volume_cv_20,0.11552355235523551,100
2017-09-15,return_volume_corr_20,0.14346234623462345,100
2017-09-15,close_location_value,-0.11719171917191717,100
2017-09-15,body_range_ratio,-0.10683468346834682,100
2017-09-15,gap_followthrough_20,-0.26227422742274226,100
2017-09-15,cs_rank_ret20,0.219045904590459,100
2017-09-15,cs_rank_ret60,0.25576957695769575,100
2017-09-15,cs_rank_vol20,0.06935493549354935,100
2017-09-15,cs_rank_amihud20,0.36744074407440735,100
2017-09-15,return_autocorr_20,-0.0390999099909991,100
2017-09-15,revenue_growth_yoy,0.04349960514106921,52
2017-09-15,gross_margin_change_yoy,0.11301308710532232,49
2017-09-15,operating_profitability,0.003842721740443007,72
2017-09-15,cashflow_to_assets,-0.09113999703256404,52
2017-09-15,debt_to_assets,-0.2160085380836987,52
2017-09-15,asset_growth_yoy,0.03401919437255287,79
2017-09-22,ret_1d,-0.03171412285024374,100
2017-09-22,ret_5d,-0.13219961656110074,100
2017-09-22,ret_20d,-0.0006960696069606959,100
2017-09-22,ret_60d,-0.0797119711971197,100
2017-09-22,ret_120d,-0.19498349834983494,100
2017-09-22,momentum_20_5,0.032559255925592556,100
2017-09-22,overnight_gap,0.0321275982933223,100
2017-09-22,intraday_return,-0.006847403755523934,100
2017-09-22,ema20_distance,-0.06313831383138313,100
2017-09-22,ema60_distance,-0.1054185418541854,100
2017-09-22,ema20_60_spread,-0.11660366036603659,100
2017-09-22,rsi14_centered,-0.026234623462346233,100
2017-09-22,macd_hist_atr,0.19257125712571252,100
2017-09-22,breakout_position_60,-0.1132073207320732,100
2017-09-22,trend_r2_20,0.045856585658565846,100
2017-09-22,realized_vol_5,0.18325832583258325,100
2017-09-22,realized_vol_20,0.2034563456345634,100
2017-09-22,vol_ratio_5_20,-0.026870687068706867,100
2017-09-22,parkinson_vol_20,0.2672307230723072,100
2017-09-22,overnight_vol_20,0.02347434743474347,100
2017-09-22,downside_vol_20,0.19206720672067204,100
2017-09-22,volume_zscore_20,-0.0658025802580258,100
2017-09-22,volume_trend_5_20,-0.0348034803480348,100
2017-09-22,amihud_illiq_20,0.15105910591059105,100
2017-09-22,signed_volume_pressure_20,-0.06996699669966996,100
2017-09-22,volume_cv_20,-0.023546354635463545,100
2017-09-22,return_volume_corr_20,0.12987698769876985,100
2017-09-22,close_location_value,0.029102910291029103,100
2017-09-22,body_range_ratio,0.030576268303588477,100
2017-09-22,gap_followthrough_20,-0.034371437143714365,100
2017-09-22,cs_rank_ret20,-0.0006960696069606959,100
2017-09-22,cs_rank_ret60,-0.0797119711971197,100
2017-09-22,cs_rank_vol20,0.2034563456345634,100
2017-09-22,cs_rank_amihud20,0.15105910591059105,100
2017-09-22,return_autocorr_20,0.14240624062406237,100
2017-09-22,revenue_growth_yoy,0.16456425693701845,52
2017-09-22,gross_margin_change_yoy,0.20913798828203894,49
2017-09-22,operating_profitability,-0.041305239126351825,72
2017-09-22,cashflow_to_assets,-0.06232251425782649,54
2017-09-22,debt_to_assets,-0.08870864469128968,52
2017-09-22,asset_growth_yoy,0.14094535629129243,79
2017-09-29,ret_1d,-0.1916351635163516,100
2017-09-29,ret_5d,-0.13783378337833782,100
2017-09-29,ret_20d,-0.06868286828682867,100
2017-09-29,ret_60d,-0.10489048904890488,100
2017-09-29,ret_120d,-0.01894989498949895,100
2017-09-29,momentum_20_5,0.025646564656465642,100
2017-09-29,overnight_gap,0.09698286208753736,100
2017-09-29,intraday_return,-0.26075685795754316,100
2017-09-29,ema20_distance,-0.11661566156615659,100
2017-09-29,ema60_distance,-0.10077407740774078,100
2017-09-29,ema20_60_spread,-0.03537953795379538,100
2017-09-29,rsi14_centered,-0.11936393639363936,100
2017-09-29,macd_hist_atr,-0.09394539453945393,100
2017-09-29,breakout_position_60,-0.04631263126312631,100
2017-09-29,trend_r2_20,0.023198319831983193,100
2017-09-29,realized_vol_5,-0.13384938493849383,100
2017-09-29,realized_vol_20,-0.0539093909390939,100
2017-09-29,vol_ratio_5_20,-0.12280828082808279,100
2017-09-29,parkinson_vol_20,-0.014197419741974195,100
2017-09-29,overnight_vol_20,-0.001632163216321632,100
2017-09-29,downside_vol_20,-0.06294629462946294,100
2017-09-29,volume_zscore_20,-0.06285028502850284,100
2017-09-29,volume_trend_5_20,-0.05098109810981098,100
2017-09-29,amihud_illiq_20,-0.01963396339633963,100
2017-09-29,signed_volume_pressure_20,-0.10388238823882387,100
2017-09-29,volume_cv_20,0.0685148514851485,100
2017-09-29,return_volume_corr_20,-0.11152715271527153,100
2017-09-29,close_location_value,-0.16876087608760873,100
2017-09-29,body_range_ratio,-0.26074485672141573,100
2017-09-29,gap_followthrough_20,0.00198019801980198,100
2017-09-29,cs_rank_ret20,-0.06868286828682867,100
2017-09-29,cs_rank_ret60,-0.10489048904890488,100
2017-09-29,cs_rank_vol20,-0.0539093909390939,100
2017-09-29,cs_rank_amihud20,-0.01963396339633963,100
2017-09-29,return_autocorr_20,-0.2733273327332733,100
2017-09-29,revenue_growth_yoy,-0.12213186487595583,52
2017-09-29,gross_margin_change_yoy,-0.22740376037400523,49
2017-09-29,operating_profitability,0.0013827366932138018,72
2017-09-29,cashflow_to_assets,-0.19504850486684905,54
2017-09-29,debt_to_assets,0.26198505893669144,52
2017-09-29,asset_growth_yoy,0.04113949086913371,79
2017-10-06,ret_1d,-0.16597709564159804,100
2017-10-06,ret_5d,-0.2415241524152415,100
2017-10-06,ret_20d,-0.18522652265226522,100
2017-10-06,ret_60d,0.04009600960096008,100
2017-10-06,ret_120d,0.08442844284428441,100
2017-10-06,momentum_20_5,-0.09917791779177917,100
2017-10-06,overnight_gap,-0.367068706870687,100
2017-10-06,intraday_return,-0.013597359735973594,100
2017-10-06,ema20_distance,-0.23345934593459344,100
2017-10-06,ema60_distance,-0.023930393039303926,100
2017-10-06,ema20_60_spread,0.08223222322232222,100
2017-10-06,rsi14_centered,-0.14984698469846985,100
2017-10-06,macd_hist_atr,-0.21726972697269725,100
2017-10-06,breakout_position_60,-0.02207020702070207,100
2017-10-06,trend_r2_20,-0.18161416141614162,100
2017-10-06,realized_vol_5,0.0961056105610561,100
2017-10-06,realized_vol_20,-0.10857485748574856,100
2017-10-06,vol_ratio_5_20,0.22803480348034802,100
2017-10-06,parkinson_vol_20,-0.15571557155715568,100
2017-10-06,overnight_vol_20,0.01717371737173717,100
2017-10-06,downside_vol_20,-0.07021902190219022,100
2017-10-06,volume_zscore_20,0.17748574857485747,100
2017-10-06,volume_trend_5_20,0.1329372937293729,100
2017-10-06,amihud_illiq_20,0.014185418541854185,100
2017-10-06,signed_volume_pressure_20,-0.14749474947494748,100
2017-10-06,volume_cv_20,0.09087308730873087,100
2017-10-06,return_volume_corr_20,-0.09105310531053104,100
2017-10-06,close_location_value,-0.050801080108010786,100
2017-10-06,body_range_ratio,-0.07933993399339934,100
2017-10-06,gap_followthrough_20,0.11956795679567955,100
2017-10-06,cs_rank_ret20,-0.18522652265226522,100
2017-10-06,cs_rank_ret60,0.04009600960096008,100
2017-10-06,cs_rank_vol20,-0.10857485748574856,100
2017-10-06,cs_rank_amihud20,0.014185418541854185,100
2017-10-06,return_autocorr_20,-0.10081008100810081,100
2017-10-06,revenue_growth_yoy,0.1882136987899648,52
2017-10-06,gross_margin_change_yoy,0.2579147428069546,49
2017-10-06,operating_profitability,0.18713572525948186,72
2017-10-06,cashflow_to_assets,0.24159027239517086,54
2017-10-06,debt_to_assets,-0.0941302028605841,52
2017-10-06,asset_growth_yoy,-0.024038607830337008,79
2017-10-13,ret_1d,-0.1412425479830779,100
2017-10-13,ret_5d,-0.07907590759075905,100
2017-10-13,ret_20d,0.0466006600660066,100
2017-10-13,ret_60d,0.15554755475547552,100
2017-10-13,ret_120d,0.19939993999399938,100
2017-10-13,momentum_20_5,0.12295866474302189,100
2017-10-13,overnight_gap,-0.07937617574645911,100
2017-10-13,intraday_return,-0.12199219921992198,100
2017-10-13,ema20_distance,-0.03885988598859886,100
2017-10-13,ema60_distance,0.12262826282628261,100
2017-10-13,ema20_60_spread,0.20592859285928589,100
2017-10-13,rsi14_centered,0.028982898289828977,100
2017-10-13,macd_hist_atr,-0.11295529552955294,100
2017-10-13,breakout_position_60,0.11583558355835583,100
2017-10-13,trend_r2_20,0.029906990699069904,100
2017-10-13,realized_vol_5,-0.11624362436243624,100
2017-10-13,realized_vol_20,-0.019009900990099006,100
2017-10-13,vol_ratio_5_20,-0.10780678067806779,100
2017-10-13,parkinson_vol_20,-0.03503150315031503,100
2017-10-13,overnight_vol_20,0.045652565256525654,100
2017-10-13,downside_vol_20,-0.09129312931293129,100
2017-10-13,volume_zscore_20,-0.2936093609360936,100
2017-10-13,volume_trend_5_20,-0.3445784578457845,100
2017-10-13,amihud_illiq_20,-0.016657665766576655,100
2017-10-13,signed_volume_pressure_20,-0.0044044404440444045,100
2017-10-13,volume_cv_20,-0.03168316831683168,100
2017-10-13,return_volume_corr_20,0.018745874587458744,100
2017-10-13,close_location_value,-0.21242788007260346,100
2017-10-13,body_range_ratio,-0.16279627962796275,100
2017-10-13,gap_followthrough_20,0.06533453345334533,100
2017-10-13,cs_rank_ret20,0.0466006600660066,100
2017-10-13,cs_rank_ret60,0.15554755475547552,100
2017-10-13,cs_rank_vol20,-0.019009900990099006,100
2017-10-13,cs_rank_amihud20,-0.016657665766576655,100
2017-10-13,return_autocorr_20,0.003192319231923192,100
2017-10-13,revenue_growth_yoy,0.00520799983043223,52
2017-10-13,gross_margin_change_yoy,0.07489986991901273,49
2017-10-13,operating_profitability,0.1370517159645866,72
2017-10-13,cashflow_to_assets,-0.02618689131200416,54
2017-10-13,debt_to_assets,-0.1486446105943555,52
2017-10-13,asset_growth_yoy,0.014362307463188694,79
2017-10-20,ret_1d,0.18513051305130512,100
2017-10-20,ret_5d,0.07055505550555054,100
2017-10-20,ret_20d,0.16926492649264924,100
2017-10-20,ret_60d,0.15024302430243022,100
2017-10-20,ret_120d,0.025610561056105607,100
2017-10-20,momentum_20_5,0.1678367836783678,100
2017-10-20,overnight_gap,0.16854687726239012,100
2017-10-20,intraday_return,0.12341804440131751,100
2017-10-20,ema20_distance,0.09948994899489948,100
2017-10-20,ema60_distance,0.14580258025802578,100
2017-10-20,ema20_60_spread,0.13875787578757873,100
2017-10-20,rsi14_centered,0.1533273327332733,100
2017-10-20,macd_hist_atr,-0.10923492349234923,100
2017-10-20,breakout_position_60,0.1989198919891989,100
2017-10-20,trend_r2_20,0.015565556555655563,100
2017-10-20,realized_vol_5,-0.13396939693969395,100
2017-10-20,realized_vol_20,0.004788478847884788,100
2017-10-20,vol_ratio_5_20,-0.13964596459645964,100
2017-10-20,parkinson_vol_20,0.00696069606960696,100
2017-10-20,overnight_vol_20,0.033135313531353135,100
2017-10-20,downside_vol_20,-0.09165316531653164,100
2017-10-20,volume_zscore_20,-0.1417221722172217,100
2017-10-20,volume_trend_5_20,-0.1535313531353135,100
2017-10-20,amihud_illiq_20,0.10732673267326731,100
2017-10-20,signed_volume_pressure_20,0.1443144314431443,100
2017-10-20,volume_cv_20,-0.0960936093609361,100
2017-10-20,return_volume_corr_20,-0.029210921092109206,100
2017-10-20,close_location_value,0.11501950195019502,100
2017-10-20,body_range_ratio,0.11597707707221586,100
2017-10-20,gap_followthrough_20,0.07567956795679567,100
2017-10-20,cs_rank_ret20,0.16926492649264924,100
2017-10-20,cs_rank_ret60,0.15024302430243022,100
2017-10-20,cs_rank_vol20,0.004788478847884788,100
2017-10-20,cs_rank_amihud20,0.10732673267326731,100
2017-10-20,return_autocorr_20,-0.03031503150315031,100
2017-10-20,revenue_growth_yoy,0.07551599754126735,52
2017-10-20,gross_margin_change_yoy,0.15229980361597617,49
2017-10-20,operating_profitability,0.07992539653448616,72
2017-10-20,cashflow_to_assets,0.1307438678314036,54
2017-10-20,debt_to_assets,-0.1661472786999516,52
2017-10-20,asset_growth_yoy,-0.020715802798599286,79
2017-10-27,ret_1d,-0.10067236925448626,100
2017-10-27,ret_5d,-0.12505250525052503,100
2017-10-27,ret_20d,0.10993099309930993,100
2017-10-27,ret_60d,0.014353435343534351,100
2017-10-27,ret_120d,0.027902790279027898,100
2017-10-27,momentum_20_5,0.24747674767476743,100
2017-10-27,overnight_gap,-0.11798379837983797,100
2017-10-27,intraday_return,-0.022154281891134487,100
2017-10-27,ema20_distance,-0.06233423342334232,100
2017-10-27,ema60_distance,-0.021650165016501646,100
2017-10-27,ema20_60_spread,0.03282328232823282,100
2017-10-27,rsi14_centered,0.030531053105310527,100
2017-10-27,macd_hist_atr,0.04258025802580257,100
2017-10-27,breakout_position_60,0.04549654965496549,100
2017-10-27,trend_r2_20,0.009264926492649263,100
2017-10-27,realized_vol_5,-0.14623462346234622,100
2017-10-27,realized_vol_20,-0.10433843384338434,100
2017-10-27,vol_ratio_5_20,-0.03494749474947494,100
2017-10-27,parkinson_vol_20,-0.1219201920192019,100
2017-10-27,overnight_vol_20,0.03464746474647464,100
2017-10-27,downside_vol_20,-0.14039003900390035,100
2017-10-27,volume_zscore_20,-0.010585058505850585,100
2017-10-27,volume_trend_5_20,0.11434743474347434,100
2017-10-27,amihud_illiq_20,-0.1211041104110411,100
2017-10-27,signed_volume_pressure_20,0.00174017401740174,100
2017-10-27,volume_cv_20,0.0033483348334833476,100
2017-10-27,return_volume_corr_20,-0.042004200420042,100
2017-10-27,close_location_value,-0.00876087608760876,100
2017-10-27,body_range_ratio,0.011029136001057743,100
2017-10-27,gap_followthrough_20,-0.14159015901590158,100
2017-10-27,cs_rank_ret20,0.10993099309930993,100
2017-10-27,cs_rank_ret60,0.014353435343534351,100
2017-10-27,cs_rank_vol20,-0.10433843384338434,100
2017-10-27,cs_rank_amihud20,-0.1211041104110411,100
2017-10-27,return_autocorr_20,-0.06076207620762076,100
2017-10-27,revenue_growth_yoy,0.03419350708341161,52
2017-10-27,gross_margin_change_yoy,-0.051582948561390916,49
2017-10-27,operating_profitability,0.11024913378333767,72
2017-10-27,cashflow_to_assets,0.2210829251959594,54
2017-10-27,debt_to_assets,0.13097118475114378,52
2017-10-27,asset_growth_yoy,0.12754459314131722,79
2017-11-03,ret_1d,-0.05314131413141313,100
2017-11-03,ret_5d,0.08445244524452444,100
2017-11-03,ret_20d,-0.019069906990699066,100
2017-11-03,ret_60d,-0.05845784578457845,100
2017-11-03,ret_120d,0.0038883888388838877,100
2017-11-03,momentum_20_5,-0.1034143414341434,100
2017-11-03,overnight_gap,-0.23450415392891003,100
2017-11-03,intraday_return,0.007656788649265333,100
2017-11-03,ema20_distance,-0.03389138913891389,100
2017-11-03,ema60_distance,-0.0889048904890489,100
2017-11-03,ema20_60_spread,-0.15450345034503446,100
2017-11-03,rsi14_centered,-0.0529132913291329,100
2017-11-03,macd_hist_atr,0.12458445844584458,100
2017-11-03,breakout_position_60,-0.10371437143714371,100
2017-11-03,trend_r2_20,0.0901050105010501,100
2017-11-03,realized_vol_5,0.08907290729072907,100
2017-11-03,realized_vol_20,-0.04756075607560756,100
2017-11-03,vol_ratio_5_20,0.1303090309030903,100
2017-11-03,parkinson_vol_20,-0.13776177617761776,100
2017-11-03,overnight_vol_20,-0.066006600660066,100
2017-11-03,downside_vol_20,-0.03349534953495349,100
2017-11-03,volume_zscore_20,-0.11679567956795678,100
2017-11-03,volume_trend_5_20,0.037275727572757274,100
2017-11-03,amihud_illiq_20,-0.3773177317731773,100
2017-11-03,signed_volume_pressure_20,0.03222322232223222,100
2017-11-03,volume_cv_20,-0.14264626462646263,100
2017-11-03,return_volume_corr_20,-0.03997599759975997,100
2017-11-03,close_location_value,-0.055697569756975686,100
2017-11-03,body_range_ratio,-0.0023162385725834,100
2017-11-03,gap_followthrough_20,0.19276327632763274,100
2017-11-03,cs_rank_ret20,-0.019069906990699066,100
2017-11-03,cs_rank_ret60,-0.05845784578457845,100
2017-11-03,cs_rank_vol20,-0.04756075607560756,100
2017-11-03,cs_rank_amihud20,-0.3773177317731773,100
2017-11-03,return_autocorr_20,-0.07662766276627662,100
2017-11-03,revenue_growth_yoy,-0.04700006404349087,52
2017-11-03,gross_margin_change_yoy,-0.0333171764694246,49
2017-11-03,operating_profitability,0.36512287867665383,72
2017-11-03,cashflow_to_assets,0.3172921154019252,54
2017-11-03,debt_to_assets,0.21340448258506117,52
2017-11-03,asset_growth_yoy,-0.0933671699577292,79
2017-11-10,ret_1d,0.16095457832229154,100
2017-11-10,ret_5d,-0.07638763876387637,100
2017-11-10,ret_20d,-0.09125712571257125,100
2017-11-10,ret_60d,-0.08741674167416741,100
2017-11-10,ret_120d,-0.14325832583258324,100
2017-11-10,momentum_20_5,-0.027362736273627355,100
2017-11-10,overnight_gap,0.11648364836483648,100
2017-11-10,intraday_return,0.11237923792379235,100
2017-11-10,ema20_distance,-0.08225622562256224,100
2017-11-10,ema60_distance,-0.1324212421242124,100
2017-11-10,ema20_60_spread,-0.09720972097209721,100
2017-11-10,rsi14_centered,-0.07246324632463245,100
2017-11-10,macd_hist_atr,-0.12255625562556254,100
2017-11-10,breakout_position_60,-0.027254725472547252,100
2017-11-10,trend_r2_20,-0.010669066906690668,100
2017-11-10,realized_vol_5,0.20867686768676869,100
2017-11-10,realized_vol_20,0.1773177317731773,100
2017-11-10,vol_ratio_5_20,0.1112151215121512,100
2017-11-10,parkinson_vol_20,0.30148214821482144,100
2017-11-10,overnight_vol_20,-0.013129312931293128,100
2017-11-10,downside_vol_20,0.21106510651065105,100
2017-11-10,volume_zscore_20,0.05071707170717071,100
2017-11-10,volume_trend_5_20,0.05929792979297929,100
2017-11-10,amihud_illiq_20,0.169012901290129,100
2017-11-10,signed_volume_pressure_20,-0.02107410741074107,100
2017-11-10,volume_cv_20,-0.008208820882088208,100
2017-11-10,return_volume_corr_20,-0.0721992199219922,100
2017-11-10,close_location_value,-0.07326732673267326,100
2017-11-10,body_range_ratio,0.009768976897689768,100
2017-11-10,gap_followthrough_20,-0.0865046504650465,100
2017-11-10,cs_rank_ret20,-0.09125712571257125,100
2017-11-10,cs_rank_ret60,-0.08741674167416741,100
2017-11-10,cs_rank_vol20,0.1773177317731773,100
2017-11-10,cs_rank_amihud20,0.169012901290129,100
2017-11-10,return_autocorr_20,-0.02796279627962796,100
2017-11-10,revenue_growth_yoy,0.01694734371050488,52
2017-11-10,gross_margin_change_yoy,-0.23894931457822774,50
2017-11-10,operating_profitability,-0.3342203214166895,72
2017-11-10,cashflow_to_assets,-0.08077346273793701,55
2017-11-10,debt_to_assets,-0.29622198532861366,52
2017-11-10,asset_growth_yoy,0.06315763849702215,79
2017-11-17,ret_1d,0.03794790863476016,100
2017-11-17,ret_5d,-0.1625442544254425,100
2017-11-17,ret_20d,-0.06809501378672647,100
2017-11-17,ret_60d,0.04729672967296729,100
2017-11-17,ret_120d,0.29888988898889884,100
2017-11-17,momentum_20_5,-0.027716854836172863,100
2017-11-17,overnight_gap,0.009252925292529253,100
2017-11-17,intraday_return,0.02126018979964504,100
2017-11-17,ema20_distance,-0.14717071707170717,100
2017-11-17,ema60_distance,0.009336933693369335,100
2017-11-17,ema20_60_spread,0.19800780078007799,100
2017-11-17,rsi14_centered,-0.05828982898289828,100
2017-11-17,macd_hist_atr,-0.2926732673267326,100
2017-11-17,breakout_position_60,-0.04268826882688268,100
2017-11-17,trend_r2_20,0.023018301830183014,100
2017-11-17,realized_vol_5,-0.21207320732073207,100
2017-11-17,realized_vol_20,-0.11002700270027001,100
2017-11-17,vol_ratio_5_20,-0.12535253525352535,100
2017-11-17,parkinson_vol_20,-0.00852085208520852,100
2017-11-17,overnight_vol_20,-0.0366036603660366,100
2017-11-17,downside_vol_20,-0.11679567956795678,100
2017-11-17,volume_zscore_20,-0.18551455145514548,100
2017-11-17,volume_trend_5_20,-0.05513351335133513,100
2017-11-17,amihud_illiq_20,0.25436543654365434,100
2017-11-17,signed_volume_pressure_20,-0.023270327032703268,100
2017-11-17,volume_cv_20,0.026126612661266126,100
2017-11-17,return_volume_corr_20,0.045856585658565846,100
2017-11-17,close_location_value,0.10383438343834384,100
2017-11-17,body_range_ratio,0.020144074839799155,100
2017-11-17,gap_followthrough_20,-0.015145514551455144,100
2017-11-17,cs_rank_ret20,-0.06809501378672647,100
2017-11-17,cs_rank_ret60,0.04729672967296729,100
2017-11-17,cs_rank_vol20,-0.11002700270027001,100
2017-11-17,cs_rank_amihud20,0.25436543654365434,100
2017-11-17,return_autocorr_20,0.030999099909990994,100
2017-11-17,revenue_growth_yoy,-0.149794027909727,52
2017-11-17,gross_margin_change_yoy,0.05618382195669745,50
2017-11-17,operating_profitability,0.16427233482052805,72
2017-11-17,cashflow_to_assets,-0.12009774604873875,56
2017-11-17,debt_to_assets,0.030181430123552365,52
2017-11-17,asset_growth_yoy,0.025304438318618044,79
2017-11-24,ret_1d,-0.26719073491579054,100
2017-11-24,ret_5d,0.040300030003000295,100
2017-11-24,ret_20d,-0.0573057305730573,100
2017-11-24,ret_60d,0.060594059405940585,100
2017-11-24,ret_120d,-0.20956495649564955,100
2017-11-24,momentum_20_5,-0.040072007200720065,100
2017-11-24,overnight_gap,-0.01739579176663025,100
2017-11-24,intraday_return,-0.21215785225973752,100
2017-11-24,ema20_distance,-0.03404740474047404,100
2017-11-24,ema60_distance,-0.044668466846684664,100
2017-11-24,ema20_60_spread,-0.04223222322232223,100
2017-11-24,rsi14_centered,-0.06474647464746475,100
2017-11-24,macd_hist_atr,0.059789978997899784,100
2017-11-24,breakout_position_60,0.02647464746474647,100
2017-11-24,trend_r2_20,0.06387038703870387,100
2017-11-24,realized_vol_5,0.056909690969096906,100
2017-11-24,realized_vol_20,0.26438643864386435,100
2017-11-24,vol_ratio_5_20,-0.19289528952895285,100
2017-11-24,parkinson_vol_20,0.29527752775277527,100
2017-11-24,overnight_vol_20,-0.06400240024002399,100
2017-11-24,downside_vol_20,0.21809780978097806,100
2017-11-24,volume_zscore_20,-0.288040804080408,100
2017-11-24,volume_trend_5_20,-0.24716471647164714,100
2017-11-24,amihud_illiq_20,-0.07243924392439244,100
2017-11-24,signed_volume_pressure_20,0.05348934893489348,100
2017-11-24,volume_cv_20,-0.08010801080108011,100
2017-11-24,return_volume_corr_20,0.038187818781878186,100
2017-11-24,close_location_value,-0.26516651665166513,100
2017-11-24,body_range_ratio,-0.24042076333970597,100
2017-11-24,gap_followthrough_20,0.19439543954395438,100
2017-11-24,cs_rank_ret20,-0.0573057305730573,100
2017-11-24,cs_rank_ret60,0.060594059405940585,100
2017-11-24,cs_rank_vol20,0.26438643864386435,100
2017-11-24,cs_rank_amihud20,-0.07243924392439244,100
2017-11-24,return_autocorr_20,0.05046504650465046,100
2017-11-24,revenue_growth_yoy,-0.08187658749810671,52
2017-11-24,gross_margin_change_yoy,-0.1299430959101054,50
2017-11-24,operating_profitability,-0.08745005667895195,72
2017-11-24,cashflow_to_assets,-0.13175208054009332,56
2017-11-24,debt_to_assets,0.030138740689148468,52
2017-11-24,asset_growth_yoy,-0.08117138006102152,79
2017-12-01,ret_1d,-0.09128740260287893,100
2017-12-01,ret_5d,0.020990099009900988,100
2017-12-01,ret_20d,-0.055529552955295526,100
2017-12-01,ret_60d,-0.00576057605760576,100
2017-12-01,ret_120d,-0.10775877587758774,100
2017-12-01,momentum_20_5,-0.063648555801534,100
2017-12-01,overnight_gap,0.02504125537446871,100
2017-12-01,intraday_return,-0.09834983498349834,100
2017-12-01,ema20_distance,-0.0576057605760576,100
2017-12-01,ema60_distance,-0.04238823882388239,100
2017-12-01,ema20_60_spread,-0.025514551455145515,100
2017-12-01,rsi14_centered,-0.003912391239123912,100
2017-12-01,macd_hist_atr,0.05609360936093609,100
2017-12-01,breakout_position_60,0.007836783678367836,100
2017-12-01,trend_r2_20,0.05112511251125111,100
2017-12-01,realized_vol_5,-0.06273027302730272,100
2017-12-01,realized_vol_20,-0.12301230123012301,100
2017-12-01,vol_ratio_5_20,0.10079807980798079,100
2017-12-01,parkinson_vol_20,-0.10901890189018901,100
2017-12-01,overnight_vol_20,-0.04862886288628862,100
2017-12-01,downside_vol_20,-0.10333033303330331,100
2017-12-01,volume_zscore_20,-0.047152715271527146,100
2017-12-01,volume_trend_5_20,0.100990099009901,100
2017-12-01,amihud_illiq_20,-0.1703090309030903,100
2017-12-01,signed_volume_pressure_20,0.0058565856585658565,100
2017-12-01,volume_cv_20,-0.057497749774977486,100
2017-12-01,return_volume_corr_20,0.10913891389138913,100
2017-12-01,close_location_value,-0.15055505550555054,100
2017-12-01,body_range_ratio,-0.08637263726372636,100
2017-12-01,gap_followthrough_20,0.02719471947194719,100
2017-12-01,cs_rank_ret20,-0.055529552955295526,100
2017-12-01,cs_rank_ret60,-0.00576057605760576,100
2017-12-01,cs_rank_vol20,-0.12301230123012301,100
2017-12-01,cs_rank_amihud20,-0.1703090309030903,100
2017-12-01,return_autocorr_20,0.14017401740174015,100
2017-12-01,revenue_growth_yoy,0.32148726822118956,52
2017-12-01,gross_margin_change_yoy,-0.0893178708029549,50
2017-12-01,operating_profitability,0.3587558585544135,72
2017-12-01,cashflow_to_assets,0.2972709718645218,56
2017-12-01,debt_to_assets,0.055197438684233664,52
2017-12-01,asset_growth_yoy,0.14314838819878153,79
2017-12-08,ret_1d,-0.11962313991774294,100
2017-12-08,ret_5d,-0.020378037803780377,100
2017-12-08,ret_20d,-0.10556255625562555,100
2017-12-08,ret_60d,-0.1160996099609961,100
2017-12-08,ret_120d,-0.1934113411341134,100
2017-12-08,momentum_20_5,-0.09290129012901288,100
2017-12-08,overnight_gap,0.09040504050405039,100
2017-12-08,intraday_return,-0.17635763576357633,100
2017-12-08,ema20_distance,-0.1272007200720072,100
2017-12-08,ema60_distance,-0.12016801680168016,100
2017-12-08,ema20_60_spread,-0.07837983798379837,100
2017-12-08,rsi14_centered,-0.09267326732673266,100
2017-12-08,macd_hist_atr,-0.08814881488148814,100
2017-12-08,breakout_position_60,-0.06163816381638163,100
2017-12-08,trend_r2_20,-0.12804080408040802,100
2017-12-08,realized_vol_5,-0.13616561656165613,100
2017-12-08,realized_vol_20,-0.04874887488748875,100
2017-12-08,vol_ratio_5_20,-0.08973297329732971,100
2017-12-08,parkinson_vol_20,-0.08068406840684068,100
2017-12-08,overnight_vol_20,-0.03949594959495949,100
2017-12-08,downside_vol_20,0.026426642664266423,100
2017-12-08,volume_zscore_20,-0.07531953195319531,100
2017-12-08,volume_trend_5_20,-0.16117611761176115,100
2017-12-08,amihud_illiq_20,-0.13178517851785176,100
2017-12-08,signed_volume_pressure_20,-0.10300630063006298,100
2017-12-08,volume_cv_20,-0.07960396039603959,100
2017-12-08,return_volume_corr_20,-0.10489048904890488,100
2017-12-08,close_location_value,-0.07104710471047104,100
2017-12-08,body_range_ratio,-0.17916591659165915,100
2017-12-08,gap_followthrough_20,0.08486048604860486,100
2017-12-08,cs_rank_ret20,-0.10556255625562555,100
2017-12-08,cs_rank_ret60,-0.1160996099609961,100
2017-12-08,cs_rank_vol20,-0.04874887488748875,100
2017-12-08,cs_rank_amihud20,-0.13178517851785176,100
2017-12-08,return_autocorr_20,-0.138025802580258,100
2017-12-08,revenue_growth_yoy,0.1072762588022639,52
2017-12-08,gross_margin_change_yoy,0.033806333895311964,50
2017-12-08,operating_profitability,0.15388573128778252,72
2017-12-08,cashflow_to_assets,-0.06483364378328327,56
2017-12-08,debt_to_assets,0.22685165442228747,52
2017-12-08,asset_growth_yoy,0.1352327118017383,78
2017-12-15,ret_1d,-0.04348060894454812,100
2017-12-15,ret_5d,-0.10702102316586772,100
2017-12-15,ret_20d,0.1033606461470183,100
2017-12-15,ret_60d,0.10640295950530788,100
2017-12-15,ret_120d,-0.08708696995829762,100
2017-12-15,momentum_20_5,0.19384996654742678,100
2017-12-15,overnight_gap,-0.04429189083762795,100
2017-12-15,intraday_return,0.004308456696409819,100
2017-12-15,ema20_distance,0.040438165131190494,100
2017-12-15,ema60_distance,0.07267948598738377,100
2017-12-15,ema20_60_spread,0.11845220057719252,100
2017-12-15,rsi14_centered,0.051419296187738744,100
2017-12-15,macd_hist_atr,-0.06337252737060436,100
2017-12-15,breakout_position_60,0.07548177462312587,100
2017-12-15,trend_r2_20,0.10285659422966854,100
2017-12-15,realized_vol_5,-0.05847002241257163,100
2017-12-15,realized_vol_20,0.10618093663695147,100
2017-12-15,vol_ratio_5_20,-0.2053771538477706,100
2017-12-15,parkinson_vol_20,0.1465950992958872,100
2017-12-15,overnight_vol_20,0.03266136412065142,100
2017-12-15,downside_vol_20,0.030507142235787578,100
2017-12-15,volume_zscore_20,-0.21424006672783713,100
2017-12-15,volume_trend_5_20,-0.19187576320447355,100
2017-12-15,amihud_illiq_20,0.03055514718029708,100
2017-12-15,signed_volume_pressure_20,0.017911844920107382,100
2017-12-15,volume_cv_20,-0.008490874560117904,100
2017-12-15,return_volume_corr_20,0.007506773197673143,100
2017-12-15,close_location_value,-0.03265536350258773,100
2017-12-15,body_range_ratio,-0.006534692677423807,100
2017-12-15,gap_followthrough_20,-0.09603989210931947,100
2017-12-15,cs_rank_ret20,0.1033606461470183,100
2017-12-15,cs_rank_ret60,0.10640295950530788,100
2017-12-15,cs_rank_vol20,0.10618093663695147,100
2017-12-15,cs_rank_amihud20,0.03055514718029708,100
2017-12-15,return_autocorr_20,0.07636986609655165,100
2017-12-15,revenue_growth_yoy,0.08597652081109926,52
2017-12-15,gross_margin_change_yoy,0.0463396480241137,50
2017-12-15,operating_profitability,-0.14346697108775294,72
2017-12-15,cashflow_to_assets,-0.06531212085917465,56
2017-12-15,debt_to_assets,0.08371398086603421,52
2017-12-15,asset_growth_yoy,-0.02573392262170726,78
2017-12-22,ret_1d,-0.0138013801380138,100
2017-12-22,ret_5d,-0.04465646564656465,100
2017-12-22,ret_20d,-0.32954095409540946,100
2017-12-22,ret_60d,-0.24576057605760573,100
2017-12-22,ret_120d,-0.0396039603960396,100
2017-12-22,momentum_20_5,-0.3554035403540354,100
2017-12-22,overnight_gap,0.03617270246760062,100
2017-12-22,intraday_return,-0.054635627469875284,100
2017-12-22,ema20_distance,-0.24319231923192317,100
2017-12-22,ema60_distance,-0.2572337233723372,100
2017-12-22,ema20_60_spread,-0.2842124212421242,100
2017-12-22,rsi14_centered,-0.22906690669066906,100
2017-12-22,macd_hist_atr,0.011857185718571856,100
2017-12-22,breakout_position_60,-0.23234323432343232,100
2017-12-22,trend_r2_20,-0.012397239723972397,100
2017-12-22,realized_vol_5,0.05104110411041104,100
2017-12-22,realized_vol_20,-0.05945394539453944,100
2017-12-22,vol_ratio_5_20,0.15743174317431743,100
2017-12-22,parkinson_vol_20,-0.17680168016801678,100
2017-12-22,overnight_vol_20,0.311071107110711,100
2017-12-22,downside_vol_20,0.0772157215721572,100
2017-12-22,volume_zscore_20,0.069006900690069,100
2017-12-22,volume_trend_5_20,0.026150615061506146,100
2017-12-22,amihud_illiq_20,0.0712151215121512,100
2017-12-22,signed_volume_pressure_20,-0.326084608460846,100
2017-12-22,volume_cv_20,0.132013201320132,100
2017-12-22,return_volume_corr_20,-0.2793399339933993,100
2017-12-22,close_location_value,-0.1260621189664017,100
2017-12-22,body_range_ratio,-0.09444372770437857,100
2017-12-22,gap_followthrough_20,0.04955295529552955,100
2017-12-22,cs_rank_ret20,-0.32954095409540946,100
2017-12-22,cs_rank_ret60,-0.24576057605760573,100
2017-12-22,cs_rank_vol20,-0.05945394539453944,100
2017-12-22,cs_rank_amihud20,0.0712151215121512,100
2017-12-22,return_autocorr_20,-0.11837983798379836,100
2017-12-22,revenue_growth_yoy,-0.06023350623557277,52
2017-12-22,gross_margin_change_yoy,0.00979615357193699,50
2017-12-22,operating_profitability,-0.10124526694380594,72
2017-12-22,cashflow_to_assets,-0.09737008494389776,56
2017-12-22,debt_to_assets,0.03735325510340639,52
2017-12-22,asset_growth_yoy,-0.029793180194959367,78
2017-12-29,ret_1d,0.007512751275127511,100
2017-12-29,ret_5d,0.09278127812781277,100
2017-12-29,ret_20d,0.010129012901290127,100
2017-12-29,ret_60d,-0.004692469246924692,100
2017-12-29,ret_120d,-0.15762376237623762,100
2017-12-29,momentum_20_5,-0.000144014401440144,100
2017-12-29,overnight_gap,-0.10588976571719982,100
2017-12-29,intraday_return,0.09036330742107103,100
2017-12-29,ema20_distance,0.005904590459045904,100
2017-12-29,ema60_distance,-0.04907290729072907,100
2017-12-29,ema20_60_spread,-0.09698169816981697,100
2017-12-29,rsi14_centered,-0.0314071407140714,100
2017-12-29,macd_hist_atr,0.22342634263426342,100
2017-12-29,breakout_position_60,-0.09876987698769875,100
2017-12-29,trend_r2_20,0.011929192919291929,100
2017-12-29,realized_vol_5,0.07864386438643862,100
2017-12-29,realized_vol_20,-0.028226822682268223,100
2017-12-29,vol_ratio_5_20,0.11455145514551454,100
2017-12-29,parkinson_vol_20,-0.10269426942694268,100
2017-12-29,overnight_vol_20,0.14197419741974196,100
2017-12-29,downside_vol_20,0.001668166816681668,100
2017-12-29,volume_zscore_20,0.08564056405640563,100
2017-12-29,volume_trend_5_20,0.056381638163816375,100
2017-12-29,amihud_illiq_20,-0.014977497749774976,100
2017-12-29,signed_volume_pressure_20,0.016777677767776777,100
2017-12-29,volume_cv_20,0.03725172517251725,100
2017-12-29,return_volume_corr_20,-0.14556255625562556,100
2017-12-29,close_location_value,-0.02407447967151451,100
2017-12-29,body_range_ratio,0.026996780668530354,100
2017-12-29,gap_followthrough_20,-0.03265526552655265,100
2017-12-29,cs_rank_ret20,0.010129012901290127,100
2017-12-29,cs_rank_ret60,-0.004692469246924692,100
2017-12-29,cs_rank_vol20,-0.028226822682268223,100
2017-12-29,cs_rank_amihud20,-0.014977497749774976,100
2017-12-29,return_autocorr_20,0.151995199519952,100
2017-12-29,revenue_growth_yoy,0.08674307914293683,52
2017-12-29,gross_margin_change_yoy,0.295373238338159,50
2017-12-29,operating_profitability,-0.023152800444510173,72
2017-12-29,cashflow_to_assets,-0.30386712012502454,56
2017-12-29,debt_to_assets,0.007598719323892957,52
2017-12-29,asset_growth_yoy,-0.01710958098632429,78
2018-01-05,ret_1d,0.06546074245676764,100
2018-01-05,ret_5d,0.14607904614241007,100
2018-01-05,ret_20d,-0.009672967296729673,100
2018-01-05,ret_60d,-0.06867086708670866,100
2018-01-05,ret_120d,0.16508850885088505,100
2018-01-05,momentum_20_5,-0.10634263426342634,100
2018-01-05,overnight_gap,0.16217221722172215,100
2018-01-05,intraday_return,-0.04870701682295197,100
2018-01-05,ema20_distance,0.015097509750975097,100
2018-01-05,ema60_distance,-0.026114611461146114,100
2018-01-05,ema20_60_spread,-0.044200420042004196,100
2018-01-05,rsi14_centered,-0.000156015601560156,100
2018-01-05,macd_hist_atr,0.14367836783678367,100
2018-01-05,breakout_position_60,-0.10041404140414038,100
2018-01-05,trend_r2_20,-0.03350735073507351,100
2018-01-05,realized_vol_5,0.15787578757875786,100
2018-01-05,realized_vol_20,0.281080108010801,100
2018-01-05,vol_ratio_5_20,-0.08896489648964896,100
2018-01-05,parkinson_vol_20,0.17533753375337532,100
2018-01-05,overnight_vol_20,0.1604080408040804,100
2018-01-05,downside_vol_20,0.22498649864986495,100
2018-01-05,volume_zscore_20,0.08946894689468947,100
2018-01-05,volume_trend_5_20,-0.008688868886888688,100
2018-01-05,amihud_illiq_20,0.1143234323432343,100
2018-01-05,signed_volume_pressure_20,0.07279927992799279,100
2018-01-05,volume_cv_20,0.17380138013801377,100
2018-01-05,return_volume_corr_20,0.2063246324632463,100
2018-01-05,close_location_value,-0.10376237623762374,100
2018-01-05,body_range_ratio,-0.05726389818177043,100
2018-01-05,gap_followthrough_20,-0.03971197119711971,100
2018-01-05,cs_rank_ret20,-0.009672967296729673,100
2018-01-05,cs_rank_ret60,-0.06867086708670866,100
2018-01-05,cs_rank_vol20,0.281080108010801,100
2018-01-05,cs_rank_amihud20,0.1143234323432343,100
2018-01-05,return_autocorr_20,-0.10783078307830782,100
2018-01-05,revenue_growth_yoy,0.008238884977650986,52
2018-01-05,gross_margin_change_yoy,0.2775576845382147,50
2018-01-05,operating_profitability,-0.07000506467735922,72
2018-01-05,cashflow_to_assets,-0.1662366069382656,56
2018-01-05,debt_to_assets,-0.07658484532058409,52
2018-01-05,asset_growth_yoy,0.03499054736818869,78
2018-01-12,ret_1d,-0.11180452211452764,100
2018-01-12,ret_5d,-0.11292064712060869,100
2018-01-12,ret_20d,-0.1395019501950195,100
2018-01-12,ret_60d,0.12309630963096307,100
2018-01-12,ret_120d,0.044092409240924085,100
2018-01-12,momentum_20_5,-0.17606960696069604,100
2018-01-12,overnight_gap,-0.10639063906390636,100
2018-01-12,intraday_return,-0.0792801658574401,100
2018-01-12,ema20_distance,-0.10601860186018601,100
2018-01-12,ema60_distance,0.05628562856285628,100
2018-01-12,ema20_60_spread,0.08468046804680468,100
2018-01-12,rsi14_centered,-0.06849084908490849,100
2018-01-12,macd_hist_atr,-0.19342334233423342,100
2018-01-12,breakout_position_60,0.08244824482448244,100
2018-01-12,trend_r2_20,-0.1655325532553255,100
2018-01-12,realized_vol_5,-0.027206720672067204,100
2018-01-12,realized_vol_20,-0.12578457845784577,100
2018-01-12,vol_ratio_5_20,0.059357935793579356,100
2018-01-12,parkinson_vol_20,-0.13551755175517552,100
2018-01-12,overnight_vol_20,-0.2565256525652565,100
2018-01-12,downside_vol_20,-0.06107410741074107,100
2018-01-12,volume_zscore_20,0.10988298829882988,100
2018-01-12,volume_trend_5_20,0.011557155715571556,100
2018-01-12,amihud_illiq_20,-0.18013801380138011,100
2018-01-12,signed_volume_pressure_20,-0.1366936693669367,100
2018-01-12,volume_cv_20,-0.16160816081608156,100
2018-01-12,return_volume_corr_20,0.07006300630063006,100
2018-01-12,close_location_value,-0.14258625862586258,100
2018-01-12,body_range_ratio,-0.04708084932769263,100
2018-01-12,gap_followthrough_20,0.054977497749774965,100
2018-01-12,cs_rank_ret20,-0.1395019501950195,100
2018-01-12,cs_rank_ret60,0.12309630963096307,100
2018-01-12,cs_rank_vol20,-0.12578457845784577,100
2018-01-12,cs_rank_amihud20,-0.18013801380138011,100
2018-01-12,return_autocorr_20,-0.03961596159615961,100
2018-01-12,revenue_growth_yoy,0.13101107770161077,52
2018-01-12,gross_margin_change_yoy,0.050133256515206955,50
2018-01-12,operating_profitability,0.3673095320519687,72
2018-01-12,cashflow_to_assets,0.3700798885611722,57
2018-01-12,debt_to_assets,0.24226254024209284,52
2018-01-12,asset_growth_yoy,-0.03604013733261214,78
2018-01-19,ret_1d,-0.16846084608460846,100
2018-01-19,ret_5d,0.05041704170417041,100
2018-01-19,ret_20d,-0.02958295829582958,100
2018-01-19,ret_60d,-0.0099009900990099,100
2018-01-19,ret_120d,0.09557755775577557,100
2018-01-19,momentum_20_5,-0.09492949294929492,100
2018-01-19,overnight_gap,-0.1760681712243693,100
2018-01-19,intraday_return,-0.12408040804080407,100
2018-01-19,ema20_distance,-0.006948694869486947,100
2018-01-19,ema60_distance,0.028598859885988596,100
2018-01-19,ema20_60_spread,0.031827182718271826,100
2018-01-19,rsi14_centered,-0.000408040804080408,100
2018-01-19,macd_hist_atr,-0.016333633363336333,100
2018-01-19,breakout_position_60,0.017005700570057004,100
2018-01-19,trend_r2_20,0.0838043804380438,100
2018-01-19,realized_vol_5,-0.11546354635463545,100
2018-01-19,realized_vol_20,-0.042736273627362736,100
2018-01-19,vol_ratio_5_20,-0.10929492949294929,100
2018-01-19,parkinson_vol_20,-0.016189618961896187,100
2018-01-19,overnight_vol_20,-0.16435643564356434,100
2018-01-19,downside_vol_20,-0.026126612661266126,100
2018-01-19,volume_zscore_20,-0.010621062106210619,100
2018-01-19,volume_trend_5_20,-0.08414041404140414,100
2018-01-19,amihud_illiq_20,-0.0005520552055205519,100
2018-01-19,signed_volume_pressure_20,0.07585958595859585,100
2018-01-19,volume_cv_20,-0.01452145214521452,100
2018-01-19,return_volume_corr_20,0.18108610861086105,100
2018-01-19,close_location_value,-0.08694869486948695,100
2018-01-19,body_range_ratio,-0.1595919591959196,100
2018-01-19,gap_followthrough_20,0.11983198319831982,100
2018-01-19,cs_rank_ret20,-0.02958295829582958,100
2018-01-19,cs_rank_ret60,-0.0099009900990099,100
2018-01-19,cs_rank_vol20,-0.042736273627362736,100
2018-01-19,cs_rank_amihud20,-0.0005520552055205519,100
2018-01-19,return_autocorr_20,0.09028502850285026,100
2018-01-19,revenue_growth_yoy,0.15167232293053867,52
2018-01-19,gross_margin_change_yoy,0.054647170416001443,50
2018-01-19,operating_profitability,0.04712559590476341,72
2018-01-19,cashflow_to_assets,0.06533675808638449,58
2018-01-19,debt_to_assets,-0.11893276424924594,52
2018-01-19,asset_growth_yoy,0.11940034269983289,78
2018-01-26,ret_1d,0.06801161730603567,100
2018-01-26,ret_5d,-0.09936993699369936,100
2018-01-26,ret_20d,0.10336633663366337,100
2018-01-26,ret_60d,-0.19879987998799878,100
2018-01-26,ret_120d,-0.12068406840684066,100
2018-01-26,momentum_20_5,0.22750675067506748,100
2018-01-26,overnight_gap,0.07595559555955594,100
2018-01-26,intraday_return,0.05578774613810329,100
2018-01-26,ema20_distance,-0.03738373837383738,100
2018-01-26,ema60_distance,-0.08625262526252624,100
2018-01-26,ema20_60_spread,-0.12338433843384337,100
2018-01-26,rsi14_centered,0.01939393939393939,100
2018-01-26,macd_hist_atr,0.11807980798079808,100
2018-01-26,breakout_position_60,-0.07367536753675367,100
2018-01-26,trend_r2_20,0.1832463246324632,100
2018-01-26,realized_vol_5,-0.13009300930093007,100
2018-01-26,realized_vol_20,-0.14205820582058207,100
2018-01-26,vol_ratio_5_20,-0.02033003300330033,100
2018-01-26,parkinson_vol_20,-0.13533753375337534,100
2018-01-26,overnight_vol_20,0.1646324632463246,100
2018-01-26,downside_vol_20,-0.14286228622862285,100
2018-01-26,volume_zscore_20,-0.08026402640264024,100
2018-01-26,volume_trend_5_20,-0.14276627662766272,100
2018-01-26,amihud_illiq_20,0.04996099609960995,100
2018-01-26,signed_volume_pressure_20,0.11855985598559854,100
2018-01-26,volume_cv_20,0.20404440444044403,100
2018-01-26,return_volume_corr_20,-0.03996399639963996,100
2018-01-26,close_location_value,-0.056921692169216914,100
2018-01-26,body_range_ratio,0.12479485387051029,100
2018-01-26,gap_followthrough_20,-0.006804680468046803,100
2018-01-26,cs_rank_ret20,0.10336633663366337,100
2018-01-26,cs_rank_ret60,-0.19879987998799878,100
2018-01-26,cs_rank_vol20,-0.14205820582058207,100
2018-01-26,cs_rank_amihud20,0.04996099609960995,100
2018-01-26,return_autocorr_20,0.15449144914491447,100
2018-01-26,revenue_growth_yoy,-0.2951911379298269,52
2018-01-26,gross_margin_change_yoy,0.27121899693284374,50
2018-01-26,operating_profitability,-0.005354085102792977,72
2018-01-26,cashflow_to_assets,-0.2346463232970531,58
2018-01-26,debt_to_assets,0.23854855944895417,52
2018-01-26,asset_growth_yoy,-0.008776089582046604,78
2018-02-02,ret_1d,-0.19542754275427543,100
2018-02-02,ret_5d,-0.2546654665466546,100
2018-02-02,ret_20d,-0.26928292829282924,100
2018-02-02,ret_60d,0.07043504350435044,100
2018-02-02,ret_120d,0.0696189618961896,100
2018-02-02,momentum_20_5,-0.15254725472547254,100
2018-02-02,overnight_gap,0.016123660737128488,100
2018-02-02,intraday_return,-0.23115511551155113,100
2018-02-02,ema20_distance,-0.31780378037803775,100
2018-02-02,ema60_distance,-0.20486048604860482,100
2018-02-02,ema20_60_spread,0.043888388838883886,100
2018-02-02,rsi14_centered,-0.2213381338133813,100
2018-02-02,macd_hist_atr,-0.22294629462946294,100
2018-02-02,breakout_position_60,-0.12612061206120612,100
2018-02-02,trend_r2_20,-0.051989198919891975,100
2018-02-02,realized_vol_5,0.024278427842784275,100
2018-02-02,realized_vol_20,0.2678067806780678,100
2018-02-02,vol_ratio_5_20,-0.2051965196519652,100
2018-02-02,parkinson_vol_20,0.24758475847584754,100
2018-02-02,overnight_vol_20,0.051449144914491436,100
2018-02-02,downside_vol_20,0.2990939093909391,100
2018-02-02,volume_zscore_20,0.12763276327632764,100
2018-02-02,volume_trend_5_20,0.1371137113711371,100
2018-02-02,amihud_illiq_20,0.16067206720672064,100
2018-02-02,signed_volume_pressure_20,-0.22948694869486944,100
2018-02-02,volume_cv_20,0.0805160516051605,100
2018-02-02,return_volume_corr_20,-0.131017101710171,100
2018-02-02,close_location_value,-0.1752295229522952,100
2018-02-02,body_range_ratio,-0.1452145214521452,100
2018-02-02,gap_followthrough_20,-0.003516351635163516,100
2018-02-02,cs_rank_ret20,-0.26928292829282924,100
2018-02-02,cs_rank_ret60,0.07043504350435044,100
2018-02-02,cs_rank_vol20,0.2678067806780678,100
2018-02-02,cs_rank_amihud20,0.16067206720672064,100
2018-02-02,return_autocorr_20,0.005808580858085808,100
2018-02-02,revenue_growth_yoy,0.07803462041008294,52
2018-02-02,gross_margin_change_yoy,-0.054407068612767694,50
2018-02-02,operating_profitability,0.01167287022410721,72
2018-02-02,cashflow_to_assets,0.10428041897968145,58
2018-02-02,debt_to_assets,0.15487726801732388,52
2018-02-02,asset_growth_yoy,0.01417578735082744,78
2018-02-09,ret_1d,-0.19241581883020545,100
2018-02-09,ret_5d,-0.19036303630363033,100
2018-02-09,ret_20d,-0.13984998499849982,100
2018-02-09,ret_60d,-0.081008100810081,100
2018-02-09,ret_120d,0.0670987098709871,100
2018-02-09,momentum_20_5,-0.007248724872487248,100
2018-02-09,overnight_gap,-0.14707470747074705,100
2018-02-09,intraday_return,-0.17813381338133813,100
2018-02-09,ema20_distance,-0.1747374737473747,100
2018-02-09,ema60_distance,-0.031527152715271525,100
2018-02-09,ema20_60_spread,0.0617941794179418,100
2018-02-09,rsi14_centered,-0.13876987698769874,100
2018-02-09,macd_hist_atr,-0.1527992799279928,100
2018-02-09,breakout_position_60,-0.026642664266426638,100
2018-02-09,trend_r2_20,0.04721272127212721,100
2018-02-09,realized_vol_5,0.00888088808880888,100
2018-02-09,realized_vol_20,-0.09392139213921391,100
2018-02-09,vol_ratio_5_20,0.11563156315631562,100
2018-02-09,parkinson_vol_20,-0.021470147014701468,100
2018-02-09,overnight_vol_20,-0.10453045304530452,100
2018-02-09,downside_vol_20,0.05288928892889288,100
2018-02-09,volume_zscore_20,-0.06958295829582957,100
2018-02-09,volume_trend_5_20,0.08236423642364235,100
2018-02-09,amihud_illiq_20,-0.05754575457545754,100
2018-02-09,signed_volume_pressure_20,-0.04726072607260725,100
2018-02-09,volume_cv_20,-0.002664266426642664,100
2018-02-09,return_volume_corr_20,-0.06375037503750373,100
2018-02-09,close_location_value,-0.036579657965796576,100
2018-02-09,body_range_ratio,-0.15824782478247823,100
2018-02-09,gap_followthrough_20,-0.016597659765976595,100
2018-02-09,cs_rank_ret20,-0.13984998499849982,100
2018-02-09,cs_rank_ret60,-0.081008100810081,100
2018-02-09,cs_rank_vol20,-0.09392139213921391,100
2018-02-09,cs_rank_amihud20,-0.05754575457545754,100
2018-02-09,return_autocorr_20,0.001596159615961596,100
2018-02-09,revenue_growth_yoy,-0.10501376707264991,52
2018-02-09,gross_margin_change_yoy,0.07491176260892993,50
2018-02-09,operating_profitability,0.14735792782912205,72
2018-02-09,cashflow_to_assets,-0.06385248177890518,59
2018-02-09,debt_to_assets,0.15869048111917985,53
2018-02-09,asset_growth_yoy,-0.05772744804328927,78
2018-02-16,ret_1d,-0.08178817881788178,100
2018-02-16,ret_5d,-0.09550583710165128,100
2018-02-16,ret_20d,0.13536153615361535,100
2018-02-16,ret_60d,0.13362136213621362,100
2018-02-16,ret_120d,0.19547554755475546,100
2018-02-16,momentum_20_5,0.1687128712871287,100
2018-02-16,overnight_gap,0.061350871302003576,100
2018-02-16,intraday_return,-0.16361432481616098,100
2018-02-16,ema20_distance,0.01674167416741674,100
2018-02-16,ema60_distance,0.11375937593759375,100
2018-02-16,ema20_60_spread,0.18347434743474347,100
2018-02-16,rsi14_centered,0.054509450945094504,100
2018-02-16,macd_hist_atr,-0.13164116411641164,100
2018-02-16,breakout_position_60,0.04523252325232523,100
2018-02-16,trend_r2_20,-0.07873987398739873,100
2018-02-16,realized_vol_5,-0.07642364236423642,100
2018-02-16,realized_vol_20,0.09790579057905789,100
2018-02-16,vol_ratio_5_20,-0.14712271227122709,100
2018-02-16,parkinson_vol_20,0.0800960096009601,100
2018-02-16,overnight_vol_20,0.003972397239723972,100
2018-02-16,downside_vol_20,-0.012649264926492649,100
2018-02-16,volume_zscore_20,-0.22979897989798978,100
2018-02-16,volume_trend_5_20,-0.1126072607260726,100
2018-02-16,amihud_illiq_20,0.16892889288928892,100
2018-02-16,signed_volume_pressure_20,0.03345934593459345,100
2018-02-16,volume_cv_20,0.11923192319231922,100
2018-02-16,return_volume_corr_20,-0.011845184518451844,100
2018-02-16,close_location_value,-0.18769876987698766,100
2018-02-16,body_range_ratio,-0.10427967933159411,100
2018-02-16,gap_followthrough_20,0.009240924092409241,100
2018-02-16,cs_rank_ret20,0.13536153615361535,100
2018-02-16,cs_rank_ret60,0.13362136213621362,100
2018-02-16,cs_rank_vol20,0.09790579057905789,100
2018-02-16,cs_rank_amihud20,0.16892889288928892,100
2018-02-16,return_autocorr_20,-0.18736273627362737,100
2018-02-16,revenue_growth_yoy,-0.022795671388941074,52
2018-02-16,gross_margin_change_yoy,0.024250282126608725,50
2018-02-16,operating_profitability,0.006383098455882318,72
2018-02-16,cashflow_to_assets,-0.09915399115598411,59
2018-02-16,debt_to_assets,-0.24182358788629155,54
2018-02-16,asset_growth_yoy,0.027112299803901903,78
2018-02-23,ret_1d,-0.11696439822621196,100
2018-02-23,ret_5d,0.009117966504449472,100
2018-02-23,ret_20d,-0.03210930725879216,100
2018-02-23,ret_60d,0.11009333961447575,100
2018-02-23,ret_120d,0.08804706884848763,100
2018-02-23,momentum_20_5,-0.06344772545889864,100
2018-02-23,overnight_gap,-0.03278137648192517,100
2018-02-23,intraday_return,-0.026429801558965252,100
2018-02-23,ema20_distance,0.03708381963358915,100
2018-02-23,ema60_distance,0.07158137288172896,100
2018-02-23,ema20_60_spread,0.09291357009813825,100
2018-02-23,rsi14_centered,0.06262845073070711,100
2018-02-23,macd_hist_atr,0.1193342914325546,100
2018-02-23,breakout_position_60,0.12028238908661723,100
2018-02-23,trend_r2_20,-0.15627409623261523,100
2018-02-23,realized_vol_5,-0.10217852438847187,100
2018-02-23,realized_vol_20,0.09760005280587823,100
2018-02-23,vol_ratio_5_20,-0.15612408078102305,100
2018-02-23,parkinson_vol_20,0.003420352296301912,100
2018-02-23,overnight_vol_20,-0.0042724400613455464,100
2018-02-23,downside_vol_20,0.028088893156121487,100
2018-02-23,volume_zscore_20,0.04489062373444667,100
2018-02-23,volume_trend_5_20,-0.09079535192165655,100
2018-02-23,amihud_illiq_20,-0.09351363190450701,100
2018-02-23,signed_volume_pressure_20,0.021188182382880793,100
2018-02-23,volume_cv_20,-0.018913948136743203,100
2018-02-23,return_volume_corr_20,0.36810191449885,100
2018-02-23,close_location_value,-0.05186934254251531,100
2018-02-23,body_range_ratio,-0.07107453390059346,100
2018-02-23,gap_followthrough_20,-0.12501687673886672,100
2018-02-23,cs_rank_ret20,-0.03210930725879216,100
2018-02-23,cs_rank_ret60,0.11009333961447575,100
2018-02-23,cs_rank_vol20,0.09760005280587823,100
2018-02-23,cs_rank_amihud20,-0.09351363190450701,100
2018-02-23,return_autocorr_20,-0.09738403055558549,100
2018-02-23,revenue_growth_yoy,0.31060169480512223,52
2018-02-23,gross_margin_change_yoy,-0.3632740282926634,50
2018-02-23,operating_profitability,-0.14227831819278075,72
2018-02-23,cashflow_to_assets,-0.013501073950505352,59
2018-02-23,debt_to_assets,0.20268052026314604,55
2018-02-23,asset_growth_yoy,0.09584207997167353,78
2018-03-02,ret_1d,-0.020894089408940896,100
2018-03-02,ret_5d,-0.13270927092709267,100
2018-03-02,ret_20d,0.09477347734773477,100
2018-03-02,ret_60d,-0.008856885688568857,100
2018-03-02,ret_120d,0.040192019201920184,100
2018-03-02,momentum_20_5,0.21144914491449146,100
2018-03-02,overnight_gap,0.20848484848484847,100
2018-03-02,intraday_return,-0.09538553855385537,100
2018-03-02,ema20_distance,-0.05071707170717071,100
2018-03-02,ema60_distance,-0.046960696069606955,100
2018-03-02,ema20_60_spread,0.01339333933393339,100
2018-03-02,rsi14_centered,-0.04098409840984098,100
2018-03-02,macd_hist_atr,-0.004224422442244224,100
2018-03-02,breakout_position_60,-0.030171017101710166,100
2018-03-02,trend_r2_20,-0.02852685268526852,100
2018-03-02,realized_vol_5,-0.024182418241824183,100
2018-03-02,realized_vol_20,-0.11036303630363035,100
2018-03-02,vol_ratio_5_20,0.08660066006600659,100
2018-03-02,parkinson_vol_20,-0.18577857785778576,100
2018-03-02,overnight_vol_20,-0.015445544554455444,100
2018-03-02,downside_vol_20,-0.1916111611161116,100
2018-03-02,volume_zscore_20,0.009876987698769876,100
2018-03-02,volume_trend_5_20,0.037539753975397536,100
2018-03-02,amihud_illiq_20,-0.07426342634263425,100
2018-03-02,signed_volume_pressure_20,0.12825682568256824,100
2018-03-02,volume_cv_20,-0.08926492649264925,100
2018-03-02,return_volume_corr_20,-0.09858985898589859,100
2018-03-02,close_location_value,0.08079207920792078,100
2018-03-02,body_range_ratio,-0.025466546654665464,100
2018-03-02,gap_followthrough_20,0.10399039903990397,100
2018-03-02,cs_rank_ret20,0.09477347734773477,100
2018-03-02,cs_rank_ret60,-0.008856885688568857,100
2018-03-02,cs_rank_vol20,-0.11036303630363035,100
2018-03-02,cs_rank_amihud20,-0.07426342634263425,100
2018-03-02,return_autocorr_20,0.17419741974197417,100
2018-03-02,revenue_growth_yoy,-0.08943245610455347,52
2018-03-02,gross_margin_change_yoy,0.1013229609646424,50
2018-03-02,operating_profitability,0.18538318689250158,72
2018-03-02,cashflow_to_assets,0.04231505428643236,59
2018-03-02,debt_to_assets,-0.1011635252604184,55
2018-03-02,asset_growth_yoy,-0.04088342596362633,78
2018-03-09,ret_1d,0.056777677767776764,100
2018-03-09,ret_5d,-0.16235223522352235,100
2018-03-09,ret_20d,-0.2599099909990999,100
2018-03-09,ret_60d,-0.10795079507950794,100
2018-03-09,ret_120d,-0.010861086108610859,100
2018-03-09,momentum_20_5,-0.20967296729672966,100
2018-03-09,overnight_gap,0.05590159015901589,100
2018-03-09,intraday_return,0.06084608460846084,100
2018-03-09,ema20_distance,-0.2156015601560156,100
2018-03-09,ema60_distance,-0.162016201620162,100
2018-03-09,ema20_60_spread,-0.06882688268826882,100
2018-03-09,rsi14_centered,-0.17346534653465345,100
2018-03-09,macd_hist_atr,-0.26513051305130514,100
2018-03-09,breakout_position_60,-0.08235223522352234,100
2018-03-09,trend_r2_20,-0.07686768676867686,100
2018-03-09,realized_vol_5,0.11017101710171015,100
2018-03-09,realized_vol_20,0.14345034503450343,100
2018-03-09,vol_ratio_5_20,0.03587158715871586,100
2018-03-09,parkinson_vol_20,0.14376237623762375,100
2018-03-09,overnight_vol_20,0.14796279627962797,100
2018-03-09,downside_vol_20,0.21188118811881185,100
2018-03-09,volume_zscore_20,0.18388238823882389,100
2018-03-09,volume_trend_5_20,0.3278487848784878,100
2018-03-09,amihud_illiq_20,0.1436063606360636,100
2018-03-09,signed_volume_pressure_20,-0.19008700870087003,100
2018-03-09,volume_cv_20,0.29046504650465044,100
2018-03-09,return_volume_corr_20,-0.15927992799279925,100
2018-03-09,close_location_value,0.09278127812781277,100
2018-03-09,body_range_ratio,0.045688568856885686,100
2018-03-09,gap_followthrough_20,-0.06415841584158416,100
2018-03-09,cs_rank_ret20,-0.2599099909990999,100
2018-03-09,cs_rank_ret60,-0.10795079507950794,100
2018-03-09,cs_rank_vol20,0.14345034503450343,100
2018-03-09,cs_rank_amihud20,0.1436063606360636,100
2018-03-09,return_autocorr_20,-0.1604440444044404,100
2018-03-09,revenue_growth_yoy,0.0024332458224150585,52
2018-03-09,gross_margin_change_yoy,0.025051659489261066,49
2018-03-09,operating_profitability,0.12015704181711417,73
2018-03-09,cashflow_to_assets,0.14084663583793033,60
2018-03-09,debt_to_assets,0.1500496082589444,55
2018-03-09,asset_growth_yoy,-0.026312859311629234,80
2018-03-16,ret_1d,-0.057653765376537644,100
2018-03-16,ret_5d,0.06351035103510351,100
2018-03-16,ret_20d,0.22209420942094207,100
2018-03-16,ret_60d,0.35134713471347134,100
2018-03-16,ret_120d,0.31261926192619255,100
2018-03-16,momentum_20_5,0.2389198919891989,100
2018-03-16,overnight_gap,-0.12427880071703314,100
2018-03-16,intraday_return,-0.008424842484248424,100
2018-03-16,ema20_distance,0.23374737473747373,100
2018-03-16,ema60_distance,0.3382178217821782,100
2018-03-16,ema20_60_spread,0.3778457845784578,100
2018-03-16,rsi14_centered,0.2448844884488449,100
2018-03-16,macd_hist_atr,0.01810981098109811,100
2018-03-16,breakout_position_60,0.25759375937593754,100
2018-03-16,trend_r2_20,0.07101110111011101,100
2018-03-16,realized_vol_5,-0.10546654665466546,100
2018-03-16,realized_vol_20,-0.05286528652865286,100
2018-03-16,vol_ratio_5_20,-0.04606060606060605,100
2018-03-16,parkinson_vol_20,-0.09743774377437742,100
2018-03-16,overnight_vol_20,-0.10367836783678366,100
2018-03-16,downside_vol_20,-0.20375637563756374,100
2018-03-16,volume_zscore_20,-0.19015901590159012,100
2018-03-16,volume_trend_5_20,0.016069606960696068,100
2018-03-16,amihud_illiq_20,0.20303630363036304,100
2018-03-16,signed_volume_pressure_20,0.10054605460546054,100
2018-03-16,volume_cv_20,0.08992499249924991,100
2018-03-16,return_volume_corr_20,-0.12403240324032402,100
2018-03-16,close_location_value,-0.0237023702370237,100
2018-03-16,body_range_ratio,-0.01923792379237924,100
2018-03-16,gap_followthrough_20,0.08420042004200419,100
2018-03-16,cs_rank_ret20,0.22209420942094207,100
2018-03-16,cs_rank_ret60,0.35134713471347134,100
2018-03-16,cs_rank_vol20,-0.05286528652865286,100
2018-03-16,cs_rank_amihud20,0.20303630363036304,100
2018-03-16,return_autocorr_20,-0.18654665466546652,100
2018-03-16,revenue_growth_yoy,0.1060809801526565,52
2018-03-16,gross_margin_change_yoy,-0.28209903323039603,49
2018-03-16,operating_profitability,0.1351824569833575,73
2018-03-16,cashflow_to_assets,0.1468206004670791,60
2018-03-16,debt_to_assets,0.028970866898757483,55
2018-03-16,asset_growth_yoy,0.09221807441599057,80
2018-03-23,ret_1d,-0.019861986198619862,100
2018-03-23,ret_5d,-0.06147014701470147,100
2018-03-23,ret_20d,0.0009120912091209121,100
2018-03-23,ret_60d,-0.05167716771677167,100
2018-03-23,ret_120d,-0.08344434443444343,100
2018-03-23,momentum_20_5,0.03029102910291029,100
2018-03-23,overnight_gap,0.06511446490974358,100
2018-03-23,intraday_return,-0.008016801680168016,100
2018-03-23,ema20_distance,0.009036903690369035,100
2018-03-23,ema60_distance,-0.010621062106210619,100
2018-03-23,ema20_60_spread,-0.04885688568856886,100
2018-03-23,rsi14_centered,-0.08658865886588658,100
2018-03-23,macd_hist_atr,-0.04787278727872786,100
2018-03-23,breakout_position_60,-0.12642443523347877,100
2018-03-23,trend_r2_20,-0.10922292229222921,100
2018-03-23,realized_vol_5,-0.13260126012601256,100
2018-03-23,realized_vol_20,-0.08001200120012002,100
2018-03-23,vol_ratio_5_20,-0.07957995799579956,100
2018-03-23,parkinson_vol_20,-0.1882268226822682,100
2018-03-23,overnight_vol_20,-0.14424242424242423,100
2018-03-23,downside_vol_20,0.03135913591359135,100
2018-03-23,volume_zscore_20,0.038115811581158114,100
2018-03-23,volume_trend_5_20,0.033135313531353135,100
2018-03-23,amihud_illiq_20,-0.31503150315031503,100
2018-03-23,signed_volume_pressure_20,0.12813681368136812,100
2018-03-23,volume_cv_20,-0.26531053105310526,100
2018-03-23,return_volume_corr_20,4.8004800480048e-05,100
2018-03-23,close_location_value,0.0006480648064806481,100
2018-03-23,body_range_ratio,-0.024998499849984996,100
2018-03-23,gap_followthrough_20,0.043480348034803475,100
2018-03-23,cs_rank_ret20,0.0009120912091209121,100
2018-03-23,cs_rank_ret60,-0.05167716771677167,100
2018-03-23,cs_rank_vol20,-0.08001200120012002,100
2018-03-23,cs_rank_amihud20,-0.31503150315031503,100
2018-03-23,return_autocorr_20,0.1596159615961596,100
2018-03-23,revenue_growth_yoy,0.13809737255285462,52
2018-03-23,gross_margin_change_yoy,0.12326845076589558,49
2018-03-23,operating_profitability,0.24995564880763915,73
2018-03-23,cashflow_to_assets,0.19458453161827305,60
2018-03-23,debt_to_assets,-0.08911337638845701,55
2018-03-23,asset_growth_yoy,-0.08564278975059011,80
2018-03-29,ret_1d,-0.17340534053405338,100
2018-03-29,ret_5d,-0.08262826282628262,100
2018-03-29,ret_20d,-0.02334233423342334,100
2018-03-29,ret_60d,0.02387038703870387,100
2018-03-29,ret_120d,-0.0006000600060005999,100
2018-03-29,momentum_20_5,0.05018901890189019,100
2018-03-29,overnight_gap,-0.23096978988939806,100
2018-03-29,intraday_return,-0.1134113411341134,100
2018-03-29,ema20_distance,-0.014749474947494748,100
2018-03-29,ema60_distance,0.019897989798979894,100
2018-03-29,ema20_60_spread,0.06573057305730572,100
2018-03-29,rsi14_centered,0.004848484848484848,100
2018-03-29,macd_hist_atr,-0.009000900090009,100
2018-03-29,breakout_position_60,0.038883888388838876,100
2018-03-29,trend_r2_20,0.06844284428442843,100
2018-03-29,realized_vol_5,-0.10883888388838882,100
2018-03-29,realized_vol_20,0.15819981998199817,100
2018-03-29,vol_ratio_5_20,-0.2335193519351935,100
2018-03-29,parkinson_vol_20,0.18727872787278727,100
2018-03-29,overnight_vol_20,0.11233123312331231,100
2018-03-29,downside_vol_20,0.11174317431743173,100
2018-03-29,volume_zscore_20,-0.04146414641464147,100
2018-03-29,volume_trend_5_20,-0.04999699969996999,100
2018-03-29,amihud_illiq_20,0.1957275727572757,100
2018-03-29,signed_volume_pressure_20,-0.028298829882988295,100
2018-03-29,volume_cv_20,0.20772877287728772,100
2018-03-29,return_volume_corr_20,-0.11295529552955294,100
2018-03-29,close_location_value,-0.14445844584458445,100
2018-03-29,body_range_ratio,-0.1708250825082508,100
2018-03-29,gap_followthrough_20,-0.11977197719771976,100
2018-03-29,cs_rank_ret20,-0.02334233423342334,100
2018-03-29,cs_rank_ret60,0.02387038703870387,100
2018-03-29,cs_rank_vol20,0.15819981998199817,100
2018-03-29,cs_rank_amihud20,0.1957275727572757,100
2018-03-29,return_autocorr_20,-0.09345334533453344,100
2018-03-29,revenue_growth_yoy,-0.26121107346241657,52
2018-03-29,gross_margin_change_yoy,-0.05525651166368582,49
2018-03-29,operating_profitability,-0.015611622328786694,73
2018-03-29,cashflow_to_assets,-0.06304616624901635,60
2018-03-29,debt_to_assets,0.038928474948641746,55
2018-03-29,asset_growth_yoy,-0.012447330329153785,80
2018-04-06,ret_1d,0.04667266726672666,100
2018-04-06,ret_5d,0.20009600960096008,100
2018-04-06,ret_20d,-0.007668766876687667,100
2018-04-06,ret_60d,0.08847284728472847,100
2018-04-06,ret_120d,0.11227122712271226,100
2018-04-06,momentum_20_5,-0.08260426042604259,100
2018-04-06,overnight_gap,0.04084020654145756,100
2018-04-06,intraday_return,0.03945994599459946,100
2018-04-06,ema20_distance,0.021050105010501047,100
2018-04-06,ema60_distance,0.0683108310831083,100
2018-04-06,ema20_60_spread,0.07825982598259826,100
2018-04-06,rsi14_centered,0.020750075007500746,100
2018-04-06,macd_hist_atr,-0.031827182718271826,100
2018-04-06,breakout_position_60,0.032367236723672366,100
2018-04-06,trend_r2_20,0.05254125412541254,100
2018-04-06,realized_vol_5,0.10139813981398138,100
2018-04-06,realized_vol_20,0.07299129912991299,100
2018-04-06,vol_ratio_5_20,0.06911491149114911,100
2018-04-06,parkinson_vol_20,0.08254425442544253,100
2018-04-06,overnight_vol_20,0.04386438643864386,100
2018-04-06,downside_vol_20,-0.0255985598559856,100
2018-04-06,volume_zscore_20,0.05124512451245124,100
2018-04-06,volume_trend_5_20,0.1806540654065406,100
2018-04-06,amihud_illiq_20,0.10066606660666066,100
2018-04-06,signed_volume_pressure_20,-0.221062106210621,100
2018-04-06,volume_cv_20,0.1393219321932193,100
2018-04-06,return_volume_corr_20,-0.1482988298829883,100
2018-04-06,close_location_value,0.05929792979297929,100
2018-04-06,body_range_ratio,-0.023666366636663664,100
2018-04-06,gap_followthrough_20,-0.0967176717671767,100
2018-04-06,cs_rank_ret20,-0.007668766876687667,100
2018-04-06,cs_rank_ret60,0.08847284728472847,100
2018-04-06,cs_rank_vol20,0.07299129912991299,100
2018-04-06,cs_rank_amihud20,0.10066606660666066,100
2018-04-06,return_autocorr_20,0.12422442244224421,100
2018-04-06,revenue_growth_yoy,-0.004781114598429589,52
2018-04-06,gross_margin_change_yoy,-0.3229674227434268,49
2018-04-06,operating_profitability,-0.03699275725734239,73
2018-04-06,cashflow_to_assets,-0.1168674196753472,60
2018-04-06,debt_to_assets,-0.1474506820762551,54
2018-04-06,asset_growth_yoy,0.020452534297903346,80
2018-04-13,ret_1d,-0.1738493849384938,100
2018-04-13,ret_5d,0.23653165316531652,100
2018-04-13,ret_20d,0.2053045304530453,100
2018-04-13,ret_60d,0.3022382238223822,100
2018-04-13,ret_120d,0.3632043204320432,100
2018-04-13,momentum_20_5,0.0957215721572157,100
2018-04-13,overnight_gap,-0.021872843479496393,100
2018-04-13,intraday_return,-0.21697230091332603,100
2018-04-13,ema20_distance,0.19779177917791776,100
2018-04-13,ema60_distance,0.31607560756075603,100
2018-04-13,ema20_60_spread,0.2993219321932193,100
2018-04-13,rsi14_centered,0.22969096909690967,100
2018-04-13,macd_hist_atr,-0.09053705370537053,100
2018-04-13,breakout_position_60,0.2859285928592859,100
2018-04-13,trend_r2_20,0.11709570957095708,100
2018-04-13,realized_vol_5,0.17118511851185114,100
2018-04-13,realized_vol_20,0.014593459345934593,100
2018-04-13,vol_ratio_5_20,0.1779057905790579,100
2018-04-13,parkinson_vol_20,0.09377737773777377,100
2018-04-13,overnight_vol_20,0.2218061806180618,100
2018-04-13,downside_vol_20,-0.08085208520852083,100
2018-04-13,volume_zscore_20,0.03614761476147614,100
2018-04-13,volume_trend_5_20,0.058037803780378025,100
2018-04-13,amihud_illiq_20,0.16246024602460246,100
2018-04-13,signed_volume_pressure_20,0.20686468646864684,100
2018-04-13,volume_cv_20,0.3258325832583258,100
2018-04-13,return_volume_corr_20,0.173021302130213,100
2018-04-13,close_location_value,-0.17871040717274306,100
2018-04-13,body_range_ratio,-0.2134919111094174,100
2018-04-13,gap_followthrough_20,-0.012637263726372637,100
2018-04-13,cs_rank_ret20,0.2053045304530453,100
2018-04-13,cs_rank_ret60,0.3022382238223822,100
2018-04-13,cs_rank_vol20,0.014593459345934593,100
2018-04-13,cs_rank_amihud20,0.16246024602460246,100
2018-04-13,return_autocorr_20,-0.32798079807980796,100
2018-04-13,revenue_growth_yoy,0.17643166638669186,52
2018-04-13,gross_margin_change_yoy,0.07842036789204533,49
2018-04-13,operating_profitability,-0.06835484045341289,73
2018-04-13,cashflow_to_assets,-0.11822892789315319,60
2018-04-13,debt_to_assets,0.09179453010331498,54
2018-04-13,asset_growth_yoy,0.2189065805627168,80
2018-04-20,ret_1d,-0.00558055805580558,100
2018-04-20,ret_5d,0.07588358835883587,100
2018-04-20,ret_20d,0.2324152415241524,100
2018-04-20,ret_60d,0.14623462346234622,100
2018-04-20,ret_120d,0.21945394539453944,100
2018-04-20,momentum_20_5,0.18075007500750073,100
2018-04-20,overnight_gap,-0.04166866689369257,100
2018-04-20,intraday_return,-0.025946594659465944,100
2018-04-20,ema20_distance,0.18815481548154814,100
2018-04-20,ema60_distance,0.2001080108010801,100
2018-04-20,ema20_60_spread,0.1611041104110411,100
2018-04-20,rsi14_centered,0.19528352835283527,100
2018-04-20,macd_hist_atr,0.1234203420342034,100
2018-04-20,breakout_position_60,0.1686408640864086,100
2018-04-20,trend_r2_20,0.18229822982298227,100
2018-04-20,realized_vol_5,0.13929792979297928,100
2018-04-20,realized_vol_20,-0.02789078907890789,100
2018-04-20,vol_ratio_5_20,0.11248724872487247,100
2018-04-20,parkinson_vol_20,-0.0631023102310231,100
2018-04-20,overnight_vol_20,0.06082208220822082,100
2018-04-20,downside_vol_20,-0.13377737773777376,100
2018-04-20,volume_zscore_20,-0.015085508550855083,100
2018-04-20,volume_trend_5_20,-0.03031503150315031,100
2018-04-20,amihud_illiq_20,-0.09053705370537053,100
2018-04-20,signed_volume_pressure_20,0.24333633363336332,100
2018-04-20,volume_cv_20,-0.07871587158715872,100
2018-04-20,return_volume_corr_20,0.11366336633663364,100
2018-04-20,close_location_value,-0.11453379698160455,100
2018-04-20,body_range_ratio,-0.027542754275427538,100
2018-04-20,gap_followthrough_20,-0.06378637863786378,100
2018-04-20,cs_rank_ret20,0.2324152415241524,100
2018-04-20,cs_rank_ret60,0.14623462346234622,100
2018-04-20,cs_rank_vol20,-0.02789078907890789,100
2018-04-20,cs_rank_amihud20,-0.09053705370537053,100
2018-04-20,return_autocorr_20,0.19939993999399938,100
2018-04-20,revenue_growth_yoy,0.014983671643292729,52
2018-04-20,gross_margin_change_yoy,0.018316793801720414,49
2018-04-20,operating_profitability,0.003193286385433642,73
2018-04-20,cashflow_to_assets,-0.07460509315936928,60
2018-04-20,debt_to_assets,0.09789383442911664,54
2018-04-20,asset_growth_yoy,0.10577886649775227,80
2018-04-27,ret_1d,-0.024734547658520144,100
2018-04-27,ret_5d,0.027206720672067204,100
2018-04-27,ret_20d,0.051977197719771974,100
2018-04-27,ret_60d,0.11143114311431142,100
2018-04-27,ret_120d,-0.004944494449444943,100
2018-04-27,momentum_20_5,0.031203120312031204,100
2018-04-27,overnight_gap,0.03194757813105116,100
2018-04-27,intraday_return,-0.035859585958595855,100
2018-04-27,ema20_distance,0.037047704770477044,100
2018-04-27,ema60_distance,0.0599099909990999,100
2018-04-27,ema20_60_spread,0.055109510951095106,100
2018-04-27,rsi14_centered,0.041344134413441334,100
2018-04-27,macd_hist_atr,-0.06519051905190518,100
2018-04-27,breakout_position_60,0.07312331233123312,100
2018-04-27,trend_r2_20,0.15114311431143113,100
2018-04-27,realized_vol_5,0.10473447344734471,100
2018-04-27,realized_vol_20,0.1224002400240024,100
2018-04-27,vol_ratio_5_20,0.05042904290429043,100
2018-04-27,parkinson_vol_20,0.09459345934593458,100
2018-04-27,overnight_vol_20,0.0637023702370237,100
2018-04-27,downside_vol_20,0.07635163516351634,100
2018-04-27,volume_zscore_20,0.047044704470447035,100
2018-04-27,volume_trend_5_20,0.12234023402340233,100
2018-04-27,amihud_illiq_20,0.14489048904890486,100
2018-04-27,signed_volume_pressure_20,0.05971797179717971,100
2018-04-27,volume_cv_20,0.28015601560156017,100
2018-04-27,return_volume_corr_20,0.036075607560756076,100
2018-04-27,close_location_value,0.07281128112811282,100
2018-04-27,body_range_ratio,-0.002988298829882988,100
2018-04-27,gap_followthrough_20,0.10676267626762675,100
2018-04-27,cs_rank_ret20,0.051977197719771974,100
2018-04-27,cs_rank_ret60,0.11143114311431142,100
2018-04-27,cs_rank_vol20,0.1224002400240024,100
2018-04-27,cs_rank_amihud20,0.14489048904890486,100
2018-04-27,return_autocorr_20,0.09926192619261925,100
2018-04-27,revenue_growth_yoy,0.06428891593959786,52
2018-04-27,gross_margin_change_yoy,0.21087272641367819,49
2018-04-27,operating_profitability,0.07017516795815283,73
2018-04-27,cashflow_to_assets,0.036010503066868746,60
2018-04-27,debt_to_assets,0.06058794812782835,52
2018-04-27,asset_growth_yoy,0.03527915658262984,80
2018-05-04,ret_1d,0.15495949594959496,100
2018-05-04,ret_5d,0.009600960096009598,100
2018-05-04,ret_20d,0.1633363336333633,100
2018-05-04,ret_60d,0.21159315931593153,100
2018-05-04,ret_120d,0.26513051305130514,100
2018-05-04,momentum_20_5,0.1712331233123312,100
2018-05-04,overnight_gap,-0.031257219493748524,100
2018-05-04,intraday_return,0.19776777677767776,100
2018-05-04,ema20_distance,0.1563876387638764,100
2018-05-04,ema60_distance,0.2136093609360936,100
2018-05-04,ema20_60_spread,0.23483948394839482,100
2018-05-04,rsi14_centered,0.16945694569456943,100
2018-05-04,macd_hist_atr,-0.008076807680768076,100
2018-05-04,breakout_position_60,0.21539753975397535,100
2018-05-04,trend_r2_20,-0.014533453345334532,100
2018-05-04,realized_vol_5,0.08416441644164416,100
2018-05-04,realized_vol_20,0.00876087608760876,100
2018-05-04,vol_ratio_5_20,0.1371137113711371,100
2018-05-04,parkinson_vol_20,0.10729072907290728,100
2018-05-04,overnight_vol_20,0.0456045604560456,100
2018-05-04,downside_vol_20,-0.06299429942994299,100
2018-05-04,volume_zscore_20,0.06582658265826583,100
2018-05-04,volume_trend_5_20,0.14837083708370835,100
2018-05-04,amihud_illiq_20,0.17425742574257425,100
2018-05-04,signed_volume_pressure_20,0.19825982598259825,100
2018-05-04,volume_cv_20,0.02912691269126912,100
2018-05-04,return_volume_corr_20,0.0023762376237623757,100
2018-05-04,close_location_value,0.0756075607560756,100
2018-05-04,body_range_ratio,0.16778877887788776,100
2018-05-04,gap_followthrough_20,-0.011377137713771376,100
2018-05-04,cs_rank_ret20,0.1633363336333633,100
2018-05-04,cs_rank_ret60,0.21159315931593153,100
2018-05-04,cs_rank_vol20,0.00876087608760876,100
2018-05-04,cs_rank_amihud20,0.17425742574257425,100
2018-05-04,return_autocorr_20,-0.1347014701470147,100
2018-05-04,revenue_growth_yoy,0.11291114386469876,52
2018-05-04,gross_margin_change_yoy,-0.28556850949367457,49
2018-05-04,operating_profitability,-0.07106990520624536,73
2018-05-04,cashflow_to_assets,0.06993746612808618,61
2018-05-04,debt_to_assets,-0.21839841767007892,52
2018-05-04,asset_growth_yoy,-0.022679457803119182,80
2018-05-11,ret_1d,0.17564956495649564,100
2018-05-11,ret_5d,0.2511611161116111,100
2018-05-11,ret_20d,0.27087908790879084,100
2018-05-11,ret_60d,0.2698709870987098,100
2018-05-11,ret_120d,0.3532913291329133,100
2018-05-11,momentum_20_5,0.21350135013501348,100
2018-05-11,overnight_gap,-0.03660409966179791,100
2018-05-11,intraday_return,0.2331000093020071,100
2018-05-11,ema20_distance,0.22766276627662765,100
2018-05-11,ema60_distance,0.28200420042004193,100
2018-05-11,ema20_60_spread,0.277095709570957,100
2018-05-11,rsi14_centered,0.2553855385538554,100
2018-05-11,macd_hist_atr,0.07578757875787578,100
2018-05-11,breakout_position_60,0.30077407740774076,100
2018-05-11,trend_r2_20,-0.06899489948994898,100
2018-05-11,realized_vol_5,0.3331533153315331,100
2018-05-11,realized_vol_20,0.22052205220522048,100
2018-05-11,vol_ratio_5_20,0.23296729672967295,100
2018-05-11,parkinson_vol_20,0.27751575157515745,100
2018-05-11,overnight_vol_20,0.02232223222322232,100
2018-05-11,downside_vol_20,0.006576657665766576,100
2018-05-11,volume_zscore_20,0.08345634563456344,100
2018-05-11,volume_trend_5_20,0.13141314131413137,100
2018-05-11,amihud_illiq_20,0.31288328832883283,100
2018-05-11,signed_volume_pressure_20,0.2275307530753075,100
2018-05-11,volume_cv_20,0.0997059705970597,100
2018-05-11,return_volume_corr_20,0.18363036303630362,100
2018-05-11,close_location_value,0.20772877287728772,100
2018-05-11,body_range_ratio,0.23814052847550468,100
2018-05-11,gap_followthrough_20,0.013525352535253523,100
2018-05-11,cs_rank_ret20,0.27087908790879084,100
2018-05-11,cs_rank_ret60,0.2698709870987098,100
2018-05-11,cs_rank_vol20,0.22052205220522048,100
2018-05-11,cs_rank_amihud20,0.31288328832883283,100
2018-05-11,return_autocorr_20,-0.30389438943894387,100
2018-05-11,revenue_growth_yoy,-0.04873825286241754,55
2018-05-11,gross_margin_change_yoy,0.19214104292438908,52
2018-05-11,operating_profitability,0.08803905991144828,73
2018-05-11,cashflow_to_assets,-0.005723508740172832,64
2018-05-11,debt_to_assets,-0.27943606740549093,51
2018-05-11,asset_growth_yoy,-0.004465567660459126,80
2018-05-18,ret_1d,-0.08909717700963295,100
2018-05-18,ret_5d,0.037539753975397536,100
2018-05-18,ret_20d,0.042016201620162015,100
2018-05-18,ret_60d,-0.03921992199219921,100
2018-05-18,ret_120d,-0.03845184518451845,100
2018-05-18,momentum_20_5,0.15301530153015303,100
2018-05-18,overnight_gap,0.0484128412841284,100
2018-05-18,intraday_return,-0.13709382225859387,100
2018-05-18,ema20_distance,0.00348034803480348,100
2018-05-18,ema60_distance,-0.043096309630963094,100
2018-05-18,ema20_60_spread,-0.045820582058205814,100
2018-05-18,rsi14_centered,-0.02613861386138614,100
2018-05-18,macd_hist_atr,0.13839783978397838,100
2018-05-18,breakout_position_60,-0.07492349234923493,100
2018-05-18,trend_r2_20,-0.05113711371137113,100
2018-05-18,realized_vol_5,0.02743474347434743,100
2018-05-18,realized_vol_20,0.10095409540954095,100
2018-05-18,vol_ratio_5_20,-0.0683108310831083,100
2018-05-18,parkinson_vol_20,0.059093909390939094,100
2018-05-18,overnight_vol_20,0.03737173717371737,100
2018-05-18,downside_vol_20,0.042640264026402634,100
2018-05-18,volume_zscore_20,0.13149714971497148,100
2018-05-18,volume_trend_5_20,-0.024482448244824484,100
2018-05-18,amihud_illiq_20,0.01759375937593759,100
2018-05-18,signed_volume_pressure_20,0.11564356435643562,100
2018-05-18,volume_cv_20,0.08972097209720971,100
2018-05-18,return_volume_corr_20,-0.13508550855085505,100
2018-05-18,close_location_value,-0.000684068406840684,100
2018-05-18,body_range_ratio,-0.08542710556217029,100
2018-05-18,gap_followthrough_20,0.17926192619261927,100
2018-05-18,cs_rank_ret20,0.042016201620162015,100
2018-05-18,cs_rank_ret60,-0.03921992199219921,100
2018-05-18,cs_rank_vol20,0.10095409540954095,100
2018-05-18,cs_rank_amihud20,0.01759375937593759,100
2018-05-18,return_autocorr_20,-0.06820282028202819,100
2018-05-18,revenue_growth_yoy,0.05229070900813042,56
2018-05-18,gross_margin_change_yoy,0.025520591857141686,53
2018-05-18,operating_profitability,0.03342923476924977,73
2018-05-18,cashflow_to_assets,0.08990487529063486,64
2018-05-18,debt_to_assets,-0.2423680176476197,51
2018-05-18,asset_growth_yoy,0.10215718563926966,80
2018-05-25,ret_1d,-0.06264645258489818,100
2018-05-25,ret_5d,-0.06757296001518566,100
2018-05-25,ret_20d,0.2031203120312031,100
2018-05-25,ret_60d,0.23965196519651963,100
2018-05-25,ret_120d,0.2203420342034203,100
2018-05-25,momentum_20_5,0.2715871587158716,100
2018-05-25,overnight_gap,-0.06377514282058823,100
2018-05-25,intraday_return,-0.07012511629667897,100
2018-05-25,ema20_distance,0.1448184818481848,100
2018-05-25,ema60_distance,0.21668166816681667,100
2018-05-25,ema20_60_spread,0.2884248424842484,100
2018-05-25,rsi14_centered,0.14599459945994597,100
2018-05-25,macd_hist_atr,-0.05058505850585057,100
2018-05-25,breakout_position_60,0.16189618961896185,100
2018-05-25,trend_r2_20,0.15023102310231023,100
2018-05-25,realized_vol_5,0.22312631263126312,100
2018-05-25,realized_vol_20,0.12122412241224122,100
2018-05-25,vol_ratio_5_20,0.16555655565556554,100
2018-05-25,parkinson_vol_20,0.1246084608460846,100
2018-05-25,overnight_vol_20,0.12078007800780077,100
2018-05-25,downside_vol_20,0.040180018001800176,100
2018-05-25,volume_zscore_20,0.15067506750675067,100
2018-05-25,volume_trend_5_20,-0.013657365736573657,100
2018-05-25,amihud_illiq_20,0.02976297629762976,100
2018-05-25,signed_volume_pressure_20,0.18012601260126013,100
2018-05-25,volume_cv_20,0.03215121512151215,100
2018-05-25,return_volume_corr_20,0.14563456345634562,100
2018-05-25,close_location_value,0.024747959718108354,100
2018-05-25,body_range_ratio,-0.0996369528487128,100
2018-05-25,gap_followthrough_20,-0.031239123912391233,100
2018-05-25,cs_rank_ret20,0.2031203120312031,100
2018-05-25,cs_rank_ret60,0.23965196519651963,100
2018-05-25,cs_rank_vol20,0.12122412241224122,100
2018-05-25,cs_rank_amihud20,0.02976297629762976,100
2018-05-25,return_autocorr_20,-0.1575997599759976,100
2018-05-25,revenue_growth_yoy,0.06346656642359359,56
2018-05-25,gross_margin_change_yoy,0.04334065757729433,53
2018-05-25,operating_profitability,-0.006849367899191,73
2018-05-25,cashflow_to_assets,-0.10270264083366132,64
2018-05-25,debt_to_assets,0.008237344390638054,51
2018-05-25,asset_growth_yoy,0.22055919221658749,80
2018-06-01,ret_1d,-0.017137765189891685,100
2018-06-01,ret_5d,-0.03390379722773085,100
2018-06-01,ret_20d,0.005364536453645364,100
2018-06-01,ret_60d,-0.10288628862886287,100
2018-06-01,ret_120d,-0.15800780078007795,100
2018-06-01,momentum_20_5,0.02627062706270627,100
2018-06-01,overnight_gap,-0.025838583858385836,100
2018-06-01,intraday_return,-0.02457875282208594,100
2018-06-01,ema20_distance,-0.03595559555955596,100
2018-06-01,ema60_distance,-0.053429342934293425,100
2018-06-01,ema20_60_spread,-0.07991599159915991,100
2018-06-01,rsi14_centered,-0.006144614461446144,100
2018-06-01,macd_hist_atr,0.03415541554155415,100
2018-06-01,breakout_position_60,0.03347134713471347,100
2018-06-01,trend_r2_20,-0.057293729372937294,100
2018-06-01,realized_vol_5,0.30720672067206717,100
2018-06-01,realized_vol_20,0.19878787878787876,100
2018-06-01,vol_ratio_5_20,0.08316831683168316,100
2018-06-01,parkinson_vol_20,0.2889168916891689,100
2018-06-01,overnight_vol_20,0.06562256225622562,100
2018-06-01,downside_vol_20,0.2613021302130213,100
2018-06-01,volume_zscore_20,-0.01812181218121812,100
2018-06-01,volume_trend_5_20,0.09064506450645064,100
2018-06-01,amihud_illiq_20,-0.030999099909990994,100
2018-06-01,signed_volume_pressure_20,0.030867086708670863,100
2018-06-01,volume_cv_20,0.08477647764776478,100
2018-06-01,return_volume_corr_20,-0.14949894989498946,100
2018-06-01,close_location_value,0.050591210894949855,100
2018-06-01,body_range_ratio,-0.016645864338004496,100
2018-06-01,gap_followthrough_20,-0.014737473747374736,100
2018-06-01,cs_rank_ret20,0.005364536453645364,100
2018-06-01,cs_rank_ret60,-0.10288628862886287,100
2018-06-01,cs_rank_vol20,0.19878787878787876,100
2018-06-01,cs_rank_amihud20,-0.030999099909990994,100
2018-06-01,return_autocorr_20,0.24766876687668762,100
2018-06-01,revenue_growth_yoy,-0.20025603217615226,57
2018-06-01,gross_margin_change_yoy,-0.09784909389776127,53
2018-06-01,operating_profitability,-0.0876379708002344,73
2018-06-01,cashflow_to_assets,0.1633977644084037,65
2018-06-01,debt_to_assets,0.0766254068865397,51
2018-06-01,asset_growth_yoy,-0.05856808818717652,80
2018-06-08,ret_1d,-0.031803275737544094,100
2018-06-08,ret_5d,0.13765376537653765,100
2018-06-08,ret_20d,0.05834983498349834,100
2018-06-08,ret_60d,-0.01975397539753975,100
2018-06-08,ret_120d,0.01452145214521452,100
2018-06-08,momentum_20_5,0.0664146414641464,100
2018-06-08,overnight_gap,-0.06974706715011977,100
2018-06-08,intraday_return,-0.012385387164254245,100
2018-06-08,ema20_distance,0.06972697269726971,100
2018-06-08,ema60_distance,0.048124812481248114,100
2018-06-08,ema20_60_spread,0.042640264026402634,100
2018-06-08,rsi14_centered,0.1264086408640864,100
2018-06-08,macd_hist_atr,0.10727872787278728,100
2018-06-08,breakout_position_60,0.0288028802880288,100
2018-06-08,trend_r2_20,0.15727572757275726,100
2018-06-08,realized_vol_5,-0.08589258925892589,100
2018-06-08,realized_vol_20,-0.07679567956795678,100
2018-06-08,vol_ratio_5_20,0.0273027302730273,100
2018-06-08,parkinson_vol_20,0.03884788478847885,100
2018-06-08,overnight_vol_20,-0.268070807080708,100
2018-06-08,downside_vol_20,-0.17926192619261927,100
2018-06-08,volume_zscore_20,0.023246324632463244,100
2018-06-08,volume_trend_5_20,0.06515451545154514,100
2018-06-08,amihud_illiq_20,-0.024386438643864382,100
2018-06-08,signed_volume_pressure_20,0.2014041404140414,100
2018-06-08,volume_cv_20,-0.16717671767176717,100
2018-06-08,return_volume_corr_20,0.08279627962796278,100
2018-06-08,close_location_value,-0.11903990399039903,100
2018-06-08,body_range_ratio,0.0346358792209668,100
2018-06-08,gap_followthrough_20,-0.14045004500450042,100
2018-06-08,cs_rank_ret20,0.05834983498349834,100
2018-06-08,cs_rank_ret60,-0.01975397539753975,100
2018-06-08,cs_rank_vol20,-0.07679567956795678,100
2018-06-08,cs_rank_amihud20,-0.024386438643864382,100
2018-06-08,return_autocorr_20,0.12012001200120011,100
2018-06-08,revenue_growth_yoy,-0.027450535564525164,57
2018-06-08,gross_margin_change_yoy,0.184046606363115,53
2018-06-08,operating_profitability,-0.03592832846219784,73
2018-06-08,cashflow_to_assets,0.017570122052207645,65
2018-06-08,debt_to_assets,0.036660708551740785,51
2018-06-08,asset_growth_yoy,0.19429321550506803,80
2018-06-15,ret_1d,-0.032379237923792374,100
2018-06-15,ret_5d,-0.10727872787278728,100
2018-06-15,ret_20d,-0.11293129312931291,100
2018-06-15,ret_60d,-0.012217221722172216,100
2018-06-15,ret_120d,-0.11921427907128085,100
2018-06-15,momentum_20_5,-0.041488148814881484,100
2018-06-15,overnight_gap,-0.14286400077837452,100
2018-06-15,intraday_return,-0.022328299814981425,100
2018-06-15,ema20_distance,-0.1144074407440744,100
2018-06-15,ema60_distance,-0.08655265526552655,100
2018-06-15,ema20_60_spread,-0.05842184218421841,100
2018-06-15,rsi14_centered,-0.10967896789678967,100
2018-06-15,macd_hist_atr,-0.11393939393939394,100
2018-06-15,breakout_position_60,-0.08625262526252624,100
2018-06-15,trend_r2_20,-0.051821182118211816,100
2018-06-15,realized_vol_5,-0.13184518451845184,100
2018-06-15,realized_vol_20,-0.014785478547854784,100
2018-06-15,vol_ratio_5_20,-0.10915091509150915,100
2018-06-15,parkinson_vol_20,0.032271227122712264,100
2018-06-15,overnight_vol_20,0.17467746774677465,100
2018-06-15,downside_vol_20,0.06587458745874587,100
2018-06-15,volume_zscore_20,-0.255985598559856,100
2018-06-15,volume_trend_5_20,-0.11618361836183616,100
2018-06-15,amihud_illiq_20,0.024482448244824484,100
2018-06-15,signed_volume_pressure_20,0.029630963096309627,100
2018-06-15,volume_cv_20,-0.015421542154215422,100
2018-06-15,return_volume_corr_20,0.05380138013801379,100
2018-06-15,close_location_value,-0.06796279627962795,100
2018-06-15,body_range_ratio,-0.060348215866505836,100
2018-06-15,gap_followthrough_20,0.03675967596759676,100
2018-06-15,cs_rank_ret20,-0.11293129312931291,100
2018-06-15,cs_rank_ret60,-0.012217221722172216,100
2018-06-15,cs_rank_vol20,-0.014785478547854784,100
2018-06-15,cs_rank_amihud20,0.024482448244824484,100
2018-06-15,return_autocorr_20,-0.13508550855085505,100
2018-06-15,revenue_growth_yoy,0.111714281099077,57
2018-06-15,gross_margin_change_yoy,-0.04317939001421603,53
2018-06-15,operating_profitability,-0.360147168861516,73
2018-06-15,cashflow_to_assets,-0.1842240409205354,65
2018-06-15,debt_to_assets,0.12521787783720464,51
2018-06-15,asset_growth_yoy,0.12055860618236895,80
2018-06-22,ret_1d,-0.04175230048713807,100
2018-06-22,ret_5d,-0.19357993873456086,100
2018-06-22,ret_20d,-0.18321687133857242,100
2018-06-22,ret_60d,-0.15962244111215293,100
2018-06-22,ret_120d,-0.05681985244505754,100
2018-06-22,momentum_20_5,-0.06359455023896081,100
2018-06-22,overnight_gap,-0.24332506248253075,100
2018-06-22,intraday_return,0.007752798538284334,100
2018-06-22,ema20_distance,-0.19572816000136098,100
2018-06-22,ema60_distance,-0.1401444348774231,100
2018-06-22,ema20_60_spread,-0.0974260348820313,100
2018-06-22,rsi14_centered,-0.16182466794152625,100
2018-06-22,macd_hist_atr,-0.047536896300532885,100
2018-06-22,breakout_position_60,-0.17345386574895272,100
2018-06-22,trend_r2_20,-0.16567106412034996,100
2018-06-22,realized_vol_5,0.0623944266262233,100
2018-06-22,realized_vol_20,-0.17974851409776102,100
2018-06-22,vol_ratio_5_20,0.25379614100366554,100
2018-06-22,parkinson_vol_20,-0.24598933690280805,100
2018-06-22,overnight_vol_20,-0.27221803845918635,100
2018-06-22,downside_vol_20,-0.006138632279152379,100
2018-06-22,volume_zscore_20,0.12554493112847123,100
2018-06-22,volume_trend_5_20,0.11722207387413658,100
2018-06-22,amihud_illiq_20,-0.2059112088554388,100
2018-06-22,signed_volume_pressure_20,-0.11676602690129632,100
2018-06-22,volume_cv_20,-0.04700884191092838,100
2018-06-22,return_volume_corr_20,-0.06792099586287954,100
2018-06-22,close_location_value,-0.03841595684372779,100
2018-06-22,body_range_ratio,0.08582083954685955,100
2018-06-22,gap_followthrough_20,0.13142553683088504,100
2018-06-22,cs_rank_ret20,-0.18321687133857242,100
2018-06-22,cs_rank_ret60,-0.15962244111215293,100
2018-06-22,cs_rank_vol20,-0.17974851409776102,100
2018-06-22,cs_rank_amihud20,-0.2059112088554388,100
2018-06-22,return_autocorr_20,0.10076237852544158,100
2018-06-22,revenue_growth_yoy,-0.003208504156892551,57
2018-06-22,gross_margin_change_yoy,0.24202229528976546,53
2018-06-22,operating_profitability,0.21523224781327618,73
2018-06-22,cashflow_to_assets,0.2726458183089665,65
2018-06-22,debt_to_assets,-0.1981484639528,51
2018-06-22,asset_growth_yoy,-0.03226713862094023,80
2018-06-29,ret_1d,-0.10828682868286828,100
2018-06-29,ret_5d,0.05466546654665466,100
2018-06-29,ret_20d,0.05603360336033603,100
2018-06-29,ret_60d,-0.02261026102610261,100
2018-06-29,ret_120d,-0.06753075307530752,100
2018-06-29,momentum_20_5,-0.019141914191419137,100
2018-06-29,overnight_gap,0.044308563782268974,100
2018-06-29,intraday_return,-0.11640313245960797,100
2018-06-29,ema20_distance,0.07702370237023702,100
2018-06-29,ema60_distance,0.0327032703270327,100
2018-06-29,ema20_60_spread,-0.039075907590759074,100
2018-06-29,rsi14_centered,0.056909690969096906,100
2018-06-29,macd_hist_atr,-0.019861986198619862,100
2018-06-29,breakout_position_60,-0.029930993099309928,100
2018-06-29,trend_r2_20,0.06772277227722773,100
2018-06-29,realized_vol_5,0.047416741674167415,100
2018-06-29,realized_vol_20,0.16638463846384635,100
2018-06-29,vol_ratio_5_20,-0.07745574557455744,100
2018-06-29,parkinson_vol_20,0.27021902190219016,100
2018-06-29,overnight_vol_20,-0.06425442544254424,100
2018-06-29,downside_vol_20,0.12537653765376536,100
2018-06-29,volume_zscore_20,0.05386518243661101,99
2018-06-29,volume_trend_5_20,0.02773477347734773,100
2018-06-29,amihud_illiq_20,0.3023623995052566,99
2018-06-29,signed_volume_pressure_20,0.04766876687668767,100
2018-06-29,volume_cv_20,0.023390339033903387,100
2018-06-29,return_volume_corr_20,0.002820037105751391,99
2018-06-29,close_location_value,-0.07509150915091509,100
2018-06-29,body_range_ratio,-0.08098652828512574,100
2018-06-29,gap_followthrough_20,-0.050597059705970594,100
2018-06-29,cs_rank_ret20,0.05603360336033603,100
2018-06-29,cs_rank_ret60,-0.02261026102610261,100
2018-06-29,cs_rank_vol20,0.16638463846384635,100
2018-06-29,cs_rank_amihud20,0.3023623995052566,99
2018-06-29,return_autocorr_20,0.09339333933393339,100
2018-06-29,revenue_growth_yoy,0.058757757943900965,57
2018-06-29,gross_margin_change_yoy,0.15364767072285462,53
2018-06-29,operating_profitability,-0.1620091479218556,73
2018-06-29,cashflow_to_assets,-0.1134409248420521,65
2018-06-29,debt_to_assets,-0.2753797364004757,51
2018-06-29,asset_growth_yoy,0.05433693352726643,80
2018-07-06,ret_1d,-0.04097222013885869,100
2018-07-06,ret_5d,-0.05628562856285628,100
2018-07-06,ret_20d,0.013549354935493549,100
2018-07-06,ret_60d,0.025310531053105306,100
2018-07-06,ret_120d,-0.006744674467446744,100
2018-07-06,momentum_20_5,0.09424542454245424,100
2018-07-06,overnight_gap,0.04324291894488089,100
2018-07-06,intraday_return,-0.06218440499399423,100
2018-07-06,ema20_distance,-0.06737473747374736,100
2018-07-06,ema60_distance,-0.0396039603960396,100
2018-07-06,ema20_60_spread,0.015025502550255022,100
2018-07-06,rsi14_centered,0.11290729072907289,100
2018-07-06,macd_hist_atr,0.12774077407740775,100
2018-07-06,breakout_position_60,0.13450945094509448,100
2018-07-06,trend_r2_20,0.09624962496249623,100
2018-07-06,realized_vol_5,-0.33656165616561656,100
2018-07-06,realized_vol_20,-0.4165496549654965,100
2018-07-06,vol_ratio_5_20,-0.05329732973297329,100
2018-07-06,parkinson_vol_20,-0.40117611761176114,100
2018-07-06,overnight_vol_20,-0.15176717671767173,100
2018-07-06,downside_vol_20,-0.4384278427842784,100
2018-07-06,volume_zscore_20,0.056116264687693256,99
2018-07-06,volume_trend_5_20,0.03037503750375037,100
2018-07-06,amihud_illiq_20,-0.402077922077922,99
2018-07-06,signed_volume_pressure_20,0.12532853285328532,100
2018-07-06,volume_cv_20,-0.20434443444344433,100
2018-07-06,return_volume_corr_20,0.20124922696351266,99
2018-07-06,close_location_value,-0.052781278127812775,100
2018-07-06,body_range_ratio,-0.011947230564801943,100
2018-07-06,gap_followthrough_20,-0.13705370537053704,100
2018-07-06,cs_rank_ret20,0.013549354935493549,100
2018-07-06,cs_rank_ret60,0.025310531053105306,100
2018-07-06,cs_rank_vol20,-0.4165496549654965,100
2018-07-06,cs_rank_amihud20,-0.402077922077922,99
2018-07-06,return_autocorr_20,-0.08028802880288027,100
2018-07-06,revenue_growth_yoy,0.0007130009237539003,57
2018-07-06,gross_margin_change_yoy,-0.060072167246668425,53
2018-07-06,operating_profitability,0.22982406072555747,73
2018-07-06,cashflow_to_assets,0.17296954731744218,65
2018-07-06,debt_to_assets,0.0034858194481072876,51
2018-07-06,asset_growth_yoy,-0.05485264212847431,80
2018-07-13,ret_1d,0.018643920323877267,100
2018-07-13,ret_5d,0.07925616338518536,100
2018-07-13,ret_20d,-0.02827482748274827,100
2018-07-13,ret_60d,0.21245724572457242,100
2018-07-13,ret_120d,0.21243324332433242,100
2018-07-13,momentum_20_5,-0.024326432643264326,100
2018-07-13,overnight_gap,0.1188962463139054,100
2018-07-13,intraday_return,-0.02773477347734773,100
2018-07-13,ema20_distance,0.02135013501350135,100
2018-07-13,ema60_distance,0.09057305730573056,100
2018-07-13,ema20_60_spread,0.1801020102010201,100
2018-07-13,rsi14_centered,0.029834983498349833,100
2018-07-13,macd_hist_atr,0.06624662466246624,100
2018-07-13,breakout_position_60,0.03291929192919291,100
2018-07-13,trend_r2_20,-0.1531353135313531,100
2018-07-13,realized_vol_5,-0.0034203420342034194,100
2018-07-13,realized_vol_20,0.02023402340234023,100
2018-07-13,vol_ratio_5_20,-0.002424242424242424,100
2018-07-13,parkinson_vol_20,-0.067998799879988,100
2018-07-13,overnight_vol_20,0.12997299729972997,100
2018-07-13,downside_vol_20,0.06984698469846984,100
2018-07-13,volume_zscore_20,0.06743351886209029,99
2018-07-13,volume_trend_5_20,-0.18504650465046502,100
2018-07-13,amihud_illiq_20,0.10991960420531849,99
2018-07-13,signed_volume_pressure_20,-0.022958295829582958,100
2018-07-13,volume_cv_20,0.09458145814581458,100
2018-07-13,return_volume_corr_20,-0.12436611008039578,99
2018-07-13,close_location_value,0.0851187672334081,100
2018-07-13,body_range_ratio,0.001476147614761476,100
2018-07-13,gap_followthrough_20,-0.07155115511551155,100
2018-07-13,cs_rank_ret20,-0.02827482748274827,100
2018-07-13,cs_rank_ret60,0.21245724572457242,100
2018-07-13,cs_rank_vol20,0.02023402340234023,100
2018-07-13,cs_rank_amihud20,0.10991960420531849,99
2018-07-13,return_autocorr_20,-0.11685568556855686,100
2018-07-13,revenue_growth_yoy,0.3468749494062725,57
2018-07-13,gross_margin_change_yoy,0.06817586229135322,53
2018-07-13,operating_profitability,0.10957445988277854,73
2018-07-13,cashflow_to_assets,0.2524721642651181,65
2018-07-13,debt_to_assets,-0.10126984552488316,51
2018-07-13,asset_growth_yoy,0.24377779992096946,80
2018-07-20,ret_1d,0.06088208820882088,100
2018-07-20,ret_5d,0.006936693669366937,100
2018-07-20,ret_20d,0.08901290129012901,100
2018-07-20,ret_60d,-0.031419141914191415,100
2018-07-20,ret_120d,-0.2014041404140414,100
2018-07-20,momentum_20_5,0.10972697269726972,100
2018-07-20,overnight_gap,0.12914066273852853,100
2018-07-20,intraday_return,0.02738706735351568,100
2018-07-20,ema20_distance,0.053549354935493544,100
2018-07-20,ema60_distance,-0.05166516651665166,100
2018-07-20,ema20_60_spread,-0.06766276627662765,100
2018-07-20,rsi14_centered,0.048268826882688264,100
2018-07-20,macd_hist_atr,0.03344734473447344,100
2018-07-20,breakout_position_60,0.021626162616261626,100
2018-07-20,trend_r2_20,-0.012637263726372637,100
2018-07-20,realized_vol_5,-0.012325232523252325,100
2018-07-20,realized_vol_20,-0.035343534353435346,100
2018-07-20,vol_ratio_5_20,-0.011449144914491447,100
2018-07-20,parkinson_vol_20,-0.16116411641164116,100
2018-07-20,overnight_vol_20,0.002136213621362136,100
2018-07-20,downside_vol_20,-0.08387638763876386,100
2018-07-20,volume_zscore_20,0.1520098948670377,99
2018-07-20,volume_trend_5_20,0.33924992499249923,100
2018-07-20,amihud_illiq_20,-0.21476808905380332,99
2018-07-20,signed_volume_pressure_20,-0.07235523552355234,100
2018-07-20,volume_cv_20,-0.11338733873387338,100
2018-07-20,return_volume_corr_20,0.0679282622139765,99
2018-07-20,close_location_value,0.12439243924392437,100
2018-07-20,body_range_ratio,0.026354951756494494,100
2018-07-20,gap_followthrough_20,0.12847284728472844,100
2018-07-20,cs_rank_ret20,0.08901290129012901,100
2018-07-20,cs_rank_ret60,-0.031419141914191415,100
2018-07-20,cs_rank_vol20,-0.035343534353435346,100
2018-07-20,cs_rank_amihud20,-0.21476808905380332,99
2018-07-20,return_autocorr_20,0.039807980798079796,100
2018-07-20,revenue_growth_yoy,-0.049488200420766564,56
2018-07-20,gross_margin_change_yoy,0.14010373314326707,52
2018-07-20,operating_profitability,0.11783810726237157,72
2018-07-20,cashflow_to_assets,0.21884408018924845,64
2018-07-20,debt_to_assets,0.13092194602501658,51
2018-07-20,asset_growth_yoy,-0.1559549692652733,80
2018-07-27,ret_1d,0.16105058821131052,100
2018-07-27,ret_5d,0.06862286228622862,100
2018-07-27,ret_20d,-0.09442544254425442,100
2018-07-27,ret_60d,0.04775277527752775,100
2018-07-27,ret_120d,-0.08282028202820281,100
2018-07-27,momentum_20_5,-0.18306630663066303,100
2018-07-27,overnight_gap,-0.08665492545771213,100
2018-07-27,intraday_return,0.17881788178817878,100
2018-07-27,ema20_distance,0.0028322832283228317,100
2018-07-27,ema60_distance,0.007116711671167116,100
2018-07-27,ema20_60_spread,-0.029786978697869785,100
2018-07-27,rsi14_centered,0.03242724272427242,100
2018-07-27,macd_hist_atr,-0.1987158715871587,100
2018-07-27,breakout_position_60,0.06351035103510351,100
2018-07-27,trend_r2_20,-0.1871107110711071,100
2018-07-27,realized_vol_5,-0.14237023702370236,100
2018-07-27,realized_vol_20,-0.07735973597359734,100
2018-07-27,vol_ratio_5_20,-0.11767176717671766,100
2018-07-27,parkinson_vol_20,0.002388238823882388,100
2018-07-27,overnight_vol_20,-0.04351635163516351,100
2018-07-27,downside_vol_20,-0.04384038403840383,100
2018-07-27,volume_zscore_20,-0.040492049204920486,100
2018-07-27,volume_trend_5_20,0.12274827482748274,100
2018-07-27,amihud_illiq_20,-0.20032403240324032,100
2018-07-27,signed_volume_pressure_20,-0.1491989198919892,100
2018-07-27,volume_cv_20,-0.2524692469246924,100
2018-07-27,return_volume_corr_20,0.01942994299429943,100
2018-07-27,close_location_value,0.27175517551755174,100
2018-07-27,body_range_ratio,0.1684128412841284,100
2018-07-27,gap_followthrough_20,0.1613081308130813,100
2018-07-27,cs_rank_ret20,-0.09442544254425442,100
2018-07-27,cs_rank_ret60,0.04775277527752775,100
2018-07-27,cs_rank_vol20,-0.07735973597359734,100
2018-07-27,cs_rank_amihud20,-0.20032403240324032,100
2018-07-27,return_autocorr_20,0.1263966396639664,100
2018-07-27,revenue_growth_yoy,-0.10239409424075734,56
2018-07-27,gross_margin_change_yoy,0.013404196284882956,52
2018-07-27,operating_profitability,-0.005273693434582873,72
2018-07-27,cashflow_to_assets,-0.029567630766961377,65
2018-07-27,debt_to_assets,0.12336179215704361,51
2018-07-27,asset_growth_yoy,-0.0074777747175142325,80
2018-08-03,ret_1d,-0.1660010981138528,100
2018-08-03,ret_5d,-0.2798088203097511,100
2018-08-03,ret_20d,-0.16330033003300326,100
2018-08-03,ret_60d,0.03296729672967297,100
2018-08-03,ret_120d,0.13004500450045003,100
2018-08-03,momentum_20_5,-0.002064206420642064,100
2018-08-03,overnight_gap,-0.2749797474909308,100
2018-08-03,intraday_return,-0.0838646380580974,100
2018-08-03,ema20_distance,-0.2725232523252325,100
2018-08-03,ema60_distance,-0.12606060606060604,100
2018-08-03,ema20_60_spread,0.1025142514251425,100
2018-08-03,rsi14_centered,-0.21002100210021002,100
2018-08-03,macd_hist_atr,-0.31243924392439243,100
2018-08-03,breakout_position_60,-0.11943594359435943,100
2018-08-03,trend_r2_20,0.098001800180018,100
2018-08-03,realized_vol_5,0.07882388238823883,100
2018-08-03,realized_vol_20,-0.053897389738973886,100
2018-08-03,vol_ratio_5_20,0.1455265526552655,100
2018-08-03,parkinson_vol_20,-0.00036003600360036,100
2018-08-03,overnight_vol_20,-0.08661266126612661,100
2018-08-03,downside_vol_20,-0.0024002400240023996,100
2018-08-03,volume_zscore_20,-0.020342034203420338,100
2018-08-03,volume_trend_5_20,-0.026066606660666063,100
2018-08-03,amihud_illiq_20,0.12021602160216019,100
2018-08-03,signed_volume_pressure_20,-0.13992199219921989,100
2018-08-03,volume_cv_20,-0.17845784578457843,100
2018-08-03,return_volume_corr_20,-0.056717671767176715,100
2018-08-03,close_location_value,-0.06569456945694568,100
2018-08-03,body_range_ratio,0.011737208932572876,100
2018-08-03,gap_followthrough_20,-0.1538073807380738,100
2018-08-03,cs_rank_ret20,-0.16330033003300326,100
2018-08-03,cs_rank_ret60,0.03296729672967297,100
2018-08-03,cs_rank_vol20,-0.053897389738973886,100
2018-08-03,cs_rank_amihud20,0.12021602160216019,100
2018-08-03,return_autocorr_20,0.01705370537053705,100
2018-08-03,revenue_growth_yoy,0.07874863498170634,58
2018-08-03,gross_margin_change_yoy,-0.04906565606657414,53
2018-08-03,operating_profitability,-0.004597098274682247,73
2018-08-03,cashflow_to_assets,-0.10993730138781123,68
2018-08-03,debt_to_assets,0.12273060607443434,53
2018-08-03,asset_growth_yoy,-0.055397783412035904,81
2018-08-10,ret_1d,0.17755828850451505,100
2018-08-10,ret_5d,0.005736573657365736,100
2018-08-10,ret_20d,0.06238223822382238,100
2018-08-10,ret_60d,0.14742274227422741,100
2018-08-10,ret_120d,-0.20720072007200716,100
2018-08-10,momentum_20_5,0.09764176417641764,100
2018-08-10,overnight_gap,-0.10076207620762076,100
2018-08-10,intraday_return,0.21948460691550004,100
2018-08-10,ema20_distance,0.06978697869786979,100
2018-08-10,ema60_distance,0.05082508250825082,100
2018-08-10,ema20_60_spread,0.03219921992199219,100
2018-08-10,rsi14_centered,0.12391239123912388,100
2018-08-10,macd_hist_atr,0.11439543954395438,100
2018-08-10,breakout_position_60,0.17294929492949293,100
2018-08-10,trend_r2_20,0.07806780678067807,100
2018-08-10,realized_vol_5,0.002964296429642964,100
2018-08-10,realized_vol_20,0.09755775577557754,100
2018-08-10,vol_ratio_5_20,-0.026066606660666063,100
2018-08-10,parkinson_vol_20,0.050033003300330024,100
2018-08-10,overnight_vol_20,-0.11791179117911789,100
2018-08-10,downside_vol_20,0.024098409840984093,100
2018-08-10,volume_zscore_20,-0.08278427842784276,100
2018-08-10,volume_trend_5_20,-0.02148214821482148,100
2018-08-10,amihud_illiq_20,-0.32360036003600356,100
2018-08-10,signed_volume_pressure_20,-0.004644464446444644,100
2018-08-10,volume_cv_20,-0.18067806780678064,100
2018-08-10,return_volume_corr_20,0.09574557455745572,100
2018-08-10,close_location_value,0.2266306630663066,100
2018-08-10,body_range_ratio,0.2162802768694909,100
2018-08-10,gap_followthrough_20,-0.11207920792079207,100
2018-08-10,cs_rank_ret20,0.06238223822382238,100
2018-08-10,cs_rank_ret60,0.14742274227422741,100
2018-08-10,cs_rank_vol20,0.09755775577557754,100
2018-08-10,cs_rank_amihud20,-0.32360036003600356,100
2018-08-10,return_autocorr_20,-0.0348034803480348,100
2018-08-10,revenue_growth_yoy,-0.02524671452746765,57
2018-08-10,gross_margin_change_yoy,-0.03572714832118197,50
2018-08-10,operating_profitability,-0.032225967435608106,73
2018-08-10,cashflow_to_assets,-0.08380792413866436,70
2018-08-10,debt_to_assets,0.14120102508342192,51
2018-08-10,asset_growth_yoy,0.009857779233328036,81
2018-08-17,ret_1d,-0.15047285297036792,100
2018-08-17,ret_5d,-0.3434263426342634,100
2018-08-17,ret_20d,-0.16904890489048902,100
2018-08-17,ret_60d,-0.10349834983498349,100
2018-08-17,ret_120d,0.2566696669666967,100
2018-08-17,momentum_20_5,-0.028106810681068104,100
2018-08-17,overnight_gap,0.0284551869829911,100
2018-08-17,intraday_return,-0.18999099909991,100
2018-08-17,ema20_distance,-0.23546354635463543,100
2018-08-17,ema60_distance,-0.11140714071407139,100
2018-08-17,ema20_60_spread,0.03848784878487849,100
2018-08-17,rsi14_centered,-0.23966396639663964,100
2018-08-17,macd_hist_atr,-0.12726072607260724,100
2018-08-17,breakout_position_60,-0.22199819981998198,100
2018-08-17,trend_r2_20,0.08474047404740473,100
2018-08-17,realized_vol_5,0.3232283228322832,100
2018-08-17,realized_vol_20,0.22198619861986196,100
2018-08-17,vol_ratio_5_20,0.10413441344134412,100
2018-08-17,parkinson_vol_20,0.2561296129612961,100
2018-08-17,overnight_vol_20,0.20727272727272728,100
2018-08-17,downside_vol_20,0.28470447044704467,100
2018-08-17,volume_zscore_20,-0.06382238223822381,100
2018-08-17,volume_trend_5_20,-0.05084908490849084,100
2018-08-17,amihud_illiq_20,0.34139813981398137,100
2018-08-17,signed_volume_pressure_20,-0.14418241824182418,100
2018-08-17,volume_cv_20,0.21944194419441942,100
2018-08-17,return_volume_corr_20,-0.14874287428742872,100
2018-08-17,close_location_value,-0.042664266426642665,100
2018-08-17,body_range_ratio,-0.17849384938493845,100
2018-08-17,gap_followthrough_20,0.070999099909991,100
2018-08-17,cs_rank_ret20,-0.16904890489048902,100
2018-08-17,cs_rank_ret60,-0.10349834983498349,100
2018-08-17,cs_rank_vol20,0.22198619861986196,100
2018-08-17,cs_rank_amihud20,0.34139813981398137,100
2018-08-17,return_autocorr_20,-0.1384938493849385,100
2018-08-17,revenue_growth_yoy,-0.04611819611371819,57
2018-08-17,gross_margin_change_yoy,0.06079377657878544,50
2018-08-17,operating_profitability,-0.09377771950266237,73
2018-08-17,cashflow_to_assets,-0.053679062892990036,70
2018-08-17,debt_to_assets,-0.08939137099154941,51
2018-08-17,asset_growth_yoy,-0.008739886742950629,81
2018-08-24,ret_1d,0.07578848831614879,100
2018-08-24,ret_5d,0.06497449744974497,100
2018-08-24,ret_20d,0.14304230423042302,100
2018-08-24,ret_60d,0.01996999699969997,100
2018-08-24,ret_120d,0.08696069606960695,100
2018-08-24,momentum_20_5,0.0916171617161716,100
2018-08-24,overnight_gap,0.03276937524579779,100
2018-08-24,intraday_return,0.12397276919578509,100
2018-08-24,ema20_distance,0.101014101410141,100
2018-08-24,ema60_distance,0.05665766576657665,100
2018-08-24,ema20_60_spread,0.023030303030303026,100
2018-08-24,rsi14_centered,0.08640864086408641,100
2018-08-24,macd_hist_atr,0.21279327932793277,100
2018-08-24,breakout_position_60,0.06729072907290728,100
2018-08-24,trend_r2_20,0.19945994599459946,100
2018-08-24,realized_vol_5,0.24871287128712868,100
2018-08-24,realized_vol_20,0.2538013801380138,100
2018-08-24,vol_ratio_5_20,-0.02125412541254125,100
2018-08-24,parkinson_vol_20,0.27159915991599154,100
2018-08-24,overnight_vol_20,0.21650165016501646,100
2018-08-24,downside_vol_20,0.12039603960396038,100
2018-08-24,volume_zscore_20,-0.07113111311131112,100
2018-08-24,volume_trend_5_20,-0.1118271827182718,100
2018-08-24,amihud_illiq_20,0.14025802580258026,100
2018-08-24,signed_volume_pressure_20,0.05044104410441044,100
2018-08-24,volume_cv_20,0.20825682568256823,100
2018-08-24,return_volume_corr_20,-0.09569756975697569,100
2018-08-24,close_location_value,0.08277227722772276,100
2018-08-24,body_range_ratio,0.15008745900895337,100
2018-08-24,gap_followthrough_20,8.4008400840084e-05,100
2018-08-24,cs_rank_ret20,0.14304230423042302,100
2018-08-24,cs_rank_ret60,0.01996999699969997,100
2018-08-24,cs_rank_vol20,0.2538013801380138,100
2018-08-24,cs_rank_amihud20,0.14025802580258026,100
2018-08-24,return_autocorr_20,-0.016069606960696068,100
2018-08-24,revenue_growth_yoy,0.08735624328417081,56
2018-08-24,gross_margin_change_yoy,0.15607541013777923,49
2018-08-24,operating_profitability,-0.06667335148717005,73
2018-08-24,cashflow_to_assets,-0.06537613494642014,71
2018-08-24,debt_to_assets,0.280905473972431,51
2018-08-24,asset_growth_yoy,0.11708512356286185,81
2018-08-31,ret_1d,0.08596459645964596,100
2018-08-31,ret_5d,0.2355115511551155,100
2018-08-31,ret_20d,0.13130513051305132,100
2018-08-31,ret_60d,0.24724872487248725,100
2018-08-31,ret_120d,0.07984398439843983,100
2018-08-31,momentum_20_5,0.06628262826282628,100
2018-08-31,overnight_gap,0.1944937833177367,100
2018-08-31,intraday_return,0.026378717007970533,100
2018-08-31,ema20_distance,0.2135253525352535,100
2018-08-31,ema60_distance,0.1836063606360636,100
2018-08-31,ema20_60_spread,0.141038103810381,100
2018-08-31,rsi14_centered,0.2032163216321632,100
2018-08-31,macd_hist_atr,-0.047920792079207915,100
2018-08-31,breakout_position_60,0.2333153315331533,100
2018-08-31,trend_r2_20,0.1854425442544254,100
2018-08-31,realized_vol_5,-0.1537953795379538,100
2018-08-31,realized_vol_20,-0.15108310831083105,100
2018-08-31,vol_ratio_5_20,-0.030447044704470447,100
2018-08-31,parkinson_vol_20,-0.11855985598559854,100
2018-08-31,overnight_vol_20,-0.10151815181518152,100
2018-08-31,downside_vol_20,-0.15091509150915092,100
2018-08-31,volume_zscore_20,0.1652325232523252,100
2018-08-31,volume_trend_5_20,0.13296129612961297,100
2018-08-31,amihud_illiq_20,-0.27127512751275124,100
2018-08-31,signed_volume_pressure_20,0.19885988598859883,100
2018-08-31,volume_cv_20,-0.09765376537653764,100
2018-08-31,return_volume_corr_20,0.057329732973297326,100
2018-08-31,close_location_value,0.06763876387638763,100
2018-08-31,body_range_ratio,0.09182145761054711,100
2018-08-31,gap_followthrough_20,-0.041008100810081,100
2018-08-31,cs_rank_ret20,0.13130513051305132,100
2018-08-31,cs_rank_ret60,0.24724872487248725,100
2018-08-31,cs_rank_vol20,-0.15108310831083105,100
2018-08-31,cs_rank_amihud20,-0.27127512751275124,100
2018-08-31,return_autocorr_20,0.032175217521752175,100
2018-08-31,revenue_growth_yoy,0.09972290192685232,57
2018-08-31,gross_margin_change_yoy,-0.10433939644712603,49
2018-08-31,operating_profitability,0.3417587757627869,73
2018-08-31,cashflow_to_assets,0.29446926953809444,71
2018-08-31,debt_to_assets,0.18132421566196963,51
2018-08-31,asset_growth_yoy,0.017479773485901257,81
2018-09-07,ret_1d,0.030903090309030903,100
2018-09-07,ret_5d,0.03522352235223522,100
2018-09-07,ret_20d,0.032979297929792976,100
2018-09-07,ret_60d,0.1692169216921692,100
2018-09-07,ret_120d,0.14667866786678666,100
2018-09-07,momentum_20_5,-0.007620762076207619,100
2018-09-07,overnight_gap,-0.25345494925747303,100
2018-09-07,intraday_return,0.11495949594959494,100
2018-09-07,ema20_distance,0.03205520552055205,100
2018-09-07,ema60_distance,0.16424842484248423,100
2018-09-07,ema20_60_spread,0.14645064506450645,100
2018-09-07,rsi14_centered,0.06615061506150614,100
2018-09-07,macd_hist_atr,-0.1318091809180918,100
2018-09-07,breakout_position_60,0.14672667266726672,100
2018-09-07,trend_r2_20,-0.07516351635163515,100
2018-09-07,realized_vol_5,-0.16718871887188716,100
2018-09-07,realized_vol_20,-0.19055505550555052,100
2018-09-07,vol_ratio_5_20,-0.03624362436243624,100
2018-09-07,parkinson_vol_20,-0.14396639663966396,100
2018-09-07,overnight_vol_20,-0.19223522352235223,100
2018-09-07,downside_vol_20,-0.12984098409840983,100
2018-09-07,volume_zscore_20,0.17570810142238713,99
2018-09-07,volume_trend_5_20,0.10868286828682867,100
2018-09-07,amihud_illiq_20,-0.13459492888064314,99
2018-09-07,signed_volume_pressure_20,0.1162196219621962,100
2018-09-07,volume_cv_20,-0.19697569756975697,100
2018-09-07,return_volume_corr_20,0.12682745825602967,99
2018-09-07,close_location_value,0.1369096909690969,100
2018-09-07,body_range_ratio,0.10673867386738674,100
2018-09-07,gap_followthrough_20,-0.00576057605760576,100
2018-09-07,cs_rank_ret20,0.032979297929792976,100
2018-09-07,cs_rank_ret60,0.1692169216921692,100
2018-09-07,cs_rank_vol20,-0.19055505550555052,100
2018-09-07,cs_rank_amihud20,-0.13459492888064314,99
2018-09-07,return_autocorr_20,0.17006900690069002,100
2018-09-07,revenue_growth_yoy,-0.07781432808786884,57
2018-09-07,gross_margin_change_yoy,-0.1282175566120429,49
2018-09-07,operating_profitability,0.10655086504439694,73
2018-09-07,cashflow_to_assets,0.07060756713500262,71
2018-09-07,debt_to_assets,0.09682097229902376,51
2018-09-07,asset_growth_yoy,0.09959405823362343,81
2018-09-14,ret_1d,0.005928592859285928,100
2018-09-14,ret_5d,-0.2602460246024602,100
2018-09-14,ret_20d,-0.17432943294329434,100
2018-09-14,ret_60d,-0.2146414641464146,100
2018-09-14,ret_120d,-0.20802880288028797,100
2018-09-14,momentum_20_5,-0.09951395139513951,100
2018-09-14,overnight_gap,0.14702846719891352,100
2018-09-14,intraday_return,-0.04488448844884487,100
2018-09-14,ema20_distance,-0.2728352835283528,100
2018-09-14,ema60_distance,-0.2848724872487248,100
2018-09-14,ema20_60_spread,-0.25588958895889585,100
2018-09-14,rsi14_centered,-0.2485208520852085,100
2018-09-14,macd_hist_atr,-0.0793999399939994,100
2018-09-14,breakout_position_60,-0.2996579657965796,100
2018-09-14,trend_r2_20,0.18784278427842782,100
2018-09-14,realized_vol_5,0.05518151815181518,100
2018-09-14,realized_vol_20,0.041368136813681365,100
2018-09-14,vol_ratio_5_20,0.021002100210021,100
2018-09-14,parkinson_vol_20,-0.0661026102610261,100
2018-09-14,overnight_vol_20,0.21504950495049502,100
2018-09-14,downside_vol_20,0.04969696969696969,100
2018-09-14,volume_zscore_20,-0.07428571428571427,99
2018-09-14,volume_trend_5_20,-0.05126912691269127,100
2018-09-14,amihud_illiq_20,-0.00191713048855906,99
2018-09-14,signed_volume_pressure_20,-0.1218121812181218,100
2018-09-14,volume_cv_20,0.2523372337233723,100
2018-09-14,return_volume_corr_20,-0.0032900432900432896,99
2018-09-14,close_location_value,-0.08172817281728173,100
2018-09-14,body_range_ratio,-0.09044104410441044,100
2018-09-14,gap_followthrough_20,0.14766276627662764,100
2018-09-14,cs_rank_ret20,-0.17432943294329434,100
2018-09-14,cs_rank_ret60,-0.2146414641464146,100
2018-09-14,cs_rank_vol20,0.041368136813681365,100
2018-09-14,cs_rank_amihud20,-0.00191713048855906,99
2018-09-14,return_autocorr_20,-0.00954095409540954,100
2018-09-14,revenue_growth_yoy,0.23979517431159583,57
2018-09-14,gross_margin_change_yoy,0.20510727321146538,49
2018-09-14,operating_profitability,-0.03265790955537691,73
2018-09-14,cashflow_to_assets,-0.19213776105438016,71
2018-09-14,debt_to_assets,0.003939861828819021,51
2018-09-14,asset_growth_yoy,0.09552899463225106,81
2018-09-21,ret_1d,0.023144383871642936,100
2018-09-21,ret_5d,-0.04318031803180317,100
2018-09-21,ret_20d,0.14767476747674765,100
2018-09-21,ret_60d,0.3977077707770777,100
2018-09-21,ret_120d,0.2946054605460546,100
2018-09-21,momentum_20_5,0.14583858385838583,100
2018-09-21,overnight_gap,-0.05415704043963099,100
2018-09-21,intraday_return,0.03640007681122395,100
2018-09-21,ema20_distance,0.13638163816381635,100
2018-09-21,ema60_distance,0.34861086108610856,100
2018-09-21,ema20_60_spread,0.3648244824482447,100
2018-09-21,rsi14_centered,0.23207920792079204,100
2018-09-21,macd_hist_atr,-0.10790279027902788,100
2018-09-21,breakout_position_60,0.2509570957095709,100
2018-09-21,trend_r2_20,-0.007428742874287428,100
2018-09-21,realized_vol_5,-0.11359135913591357,100
2018-09-21,realized_vol_20,-0.14831083108310827,100
2018-09-21,vol_ratio_5_20,-0.014917491749174916,100
2018-09-21,parkinson_vol_20,-0.13342934293429343,100
2018-09-21,overnight_vol_20,0.002232223222322232,100
2018-09-21,downside_vol_20,-0.20278427842784277,100
2018-09-21,volume_zscore_20,0.09844155844155844,99
2018-09-21,volume_trend_5_20,0.08963696369636963,100
2018-09-21,amihud_illiq_20,-0.021855287569573282,99
2018-09-21,signed_volume_pressure_20,0.15745574557455744,100
2018-09-21,volume_cv_20,0.10029402940294029,100
2018-09-21,return_volume_corr_20,0.0815213358070501,99
2018-09-21,close_location_value,-0.05562572945038372,100
2018-09-21,body_range_ratio,-0.02027027027173006,100
2018-09-21,gap_followthrough_20,-0.015973597359735973,100
2018-09-21,cs_rank_ret20,0.14767476747674765,100
2018-09-21,cs_rank_ret60,0.3977077707770777,100
2018-09-21,cs_rank_vol20,-0.14831083108310827,100
2018-09-21,cs_rank_amihud20,-0.021855287569573282,99
2018-09-21,return_autocorr_20,0.06513051305130513,100
2018-09-21,revenue_growth_yoy,0.25036055163631266,57
2018-09-21,gross_margin_change_yoy,-0.2843950101693304,49
2018-09-21,operating_profitability,0.11950912863746099,73
2018-09-21,cashflow_to_assets,0.12671132387537754,71
2018-09-21,debt_to_assets,0.32112138193282386,51
2018-09-21,asset_growth_yoy,0.28522067085295855,81
2018-09-28,ret_1d,-0.03854196982306523,100
2018-09-28,ret_5d,-0.1672007200720072,100
2018-09-28,ret_20d,-0.025850585058505845,100
2018-09-28,ret_60d,-0.14099009900990098,100
2018-09-28,ret_120d,-0.2473567356735673,100
2018-09-28,momentum_20_5,0.06555055505550554,100
2018-09-28,overnight_gap,0.10554172047116121,100
2018-09-28,intraday_return,0.011065239307599237,100
2018-09-28,ema20_distance,-0.08876087608760874,100
2018-09-28,ema60_distance,-0.13357335733573356,100
2018-09-28,ema20_60_spread,-0.15065106510651063,100
2018-09-28,rsi14_centered,-0.06839483948394838,100
2018-09-28,macd_hist_atr,-0.026114611461146114,100
2018-09-28,breakout_position_60,-0.08918091809180917,100
2018-09-28,trend_r2_20,0.14175817581758174,100
2018-09-28,realized_vol_5,-0.012541254125412541,100
2018-09-28,realized_vol_20,-0.16414041404140411,100
2018-09-28,vol_ratio_5_20,0.14484248424842483,100
2018-09-28,parkinson_vol_20,-0.22323432343234323,100
2018-09-28,overnight_vol_20,0.17261326132613258,100
2018-09-28,downside_vol_20,-0.13975397539753975,100
2018-09-28,volume_zscore_20,0.009165120593692023,99
2018-09-28,volume_trend_5_20,0.04799279927992799,100
2018-09-28,amihud_illiq_20,-0.2835374149659864,99
2018-09-28,signed_volume_pressure_20,-0.018457845784578455,100
2018-09-28,volume_cv_20,-0.22487848784878484,100
2018-09-28,return_volume_corr_20,-0.022053184910327768,99
2018-09-28,close_location_value,0.08643264326432643,100
2018-09-28,body_range_ratio,0.054258076908520775,100
2018-09-28,gap_followthrough_20,-0.0979177917791779,100
2018-09-28,cs_rank_ret20,-0.025850585058505845,100
2018-09-28,cs_rank_ret60,-0.14099009900990098,100
2018-09-28,cs_rank_vol20,-0.16414041404140411,100
2018-09-28,cs_rank_amihud20,-0.2835374149659864,99
2018-09-28,return_autocorr_20,-0.021986198619861983,100
2018-09-28,revenue_growth_yoy,-0.12322930927215452,58
2018-09-28,gross_margin_change_yoy,0.16694303431540164,49
2018-09-28,operating_profitability,0.10653543854011946,73
2018-09-28,cashflow_to_assets,0.0857150043206206,71
2018-09-28,debt_to_assets,-0.11466356494907771,51
2018-09-28,asset_growth_yoy,-0.08825704752312934,81
2018-10-05,ret_1d,0.10289828982898287,100
2018-10-05,ret_5d,0.08973297329732971,100
2018-10-05,ret_20d,0.16560456045604557,100
2018-10-05,ret_60d,0.15480348034803476,100
2018-10-05,ret_120d,0.16516051605160512,100
2018-10-05,momentum_20_5,0.02759075907590759,100
2018-10-05,overnight_gap,0.13040504050405038,100
2018-10-05,intraday_return,0.04662522202822454,100
2018-10-05,ema20_distance,0.15785178517851783,100
2018-10-05,ema60_distance,0.19728772877287726,100
2018-10-05,ema20_60_spread,0.15677167716771673,100
2018-10-05,rsi14_centered,0.07488748874887488,100
2018-10-05,macd_hist_atr,-0.09008100810081007,100
2018-10-05,breakout_position_60,0.0315031503150315,100
2018-10-05,trend_r2_20,0.023234323432343232,100
2018-10-05,realized_vol_5,-0.10402640264026401,100
2018-10-05,realized_vol_20,-0.0794959495949595,100
2018-10-05,vol_ratio_5_20,-0.03665166516651665,100
2018-10-05,parkinson_vol_20,-0.21156915691569153,100
2018-10-05,overnight_vol_20,0.060246024602460244,100
2018-10-05,downside_vol_20,-0.13232523252325232,100
2018-10-05,volume_zscore_20,0.024434443444344433,100
2018-10-05,volume_trend_5_20,0.03006300630063006,100
2018-10-05,amihud_illiq_20,-0.09011701170117012,100
2018-10-05,signed_volume_pressure_20,0.10702670267026701,100
2018-10-05,volume_cv_20,-0.011917191719171917,100
2018-10-05,return_volume_corr_20,0.040912091209120906,100
2018-10-05,close_location_value,0.10193819381938192,100
2018-10-05,body_range_ratio,0.06916374634457094,100
2018-10-05,gap_followthrough_20,0.11206720672067207,100
2018-10-05,cs_rank_ret20,0.16560456045604557,100
2018-10-05,cs_rank_ret60,0.15480348034803476,100
2018-10-05,cs_rank_vol20,-0.0794959495949595,100
2018-10-05,cs_rank_amihud20,-0.09011701170117012,100
2018-10-05,return_autocorr_20,0.05364536453645364,100
2018-10-05,revenue_growth_yoy,-0.03574449759716515,58
2018-10-05,gross_margin_change_yoy,-0.166585882347123,49
2018-10-05,operating_profitability,0.01547278379028958,73
2018-10-05,cashflow_to_assets,0.25820135984609477,71
2018-10-05,debt_to_assets,-0.10719141320476577,51
2018-10-05,asset_growth_yoy,-0.17361209130861227,81
2018-10-12,ret_1d,0.009522980867072166,100
2018-10-12,ret_5d,0.08814881488148814,100
2018-10-12,ret_20d,0.08142814281428142,100
2018-10-12,ret_60d,0.09318931893189318,100
2018-10-12,ret_120d,0.28968496849684966,100
2018-10-12,momentum_20_5,0.057953795379537945,100
2018-10-12,overnight_gap,-0.23549954995499545,100
2018-10-12,intraday_return,0.06391839183918391,100
2018-10-12,ema20_distance,0.13033303330333032,100
2018-10-12,ema60_distance,0.15693969396939692,100
2018-10-12,ema20_60_spread,0.1915271527152715,100
2018-10-12,rsi14_centered,0.10466246624662463,100
2018-10-12,macd_hist_atr,-0.002436243624362436,100
2018-10-12,breakout_position_60,0.13308130813081306,100
2018-10-12,trend_r2_20,-0.1087068706870687,100
2018-10-12,realized_vol_5,-0.17783378337833783,100
2018-10-12,realized_vol_20,-0.19715571557155717,100
2018-10-12,vol_ratio_5_20,0.07818781878187818,100
2018-10-12,parkinson_vol_20,-0.17574557455745574,100
2018-10-12,overnight_vol_20,-0.16216021602160216,100
2018-10-12,downside_vol_20,-0.13557755775577557,100
2018-10-12,volume_zscore_20,0.03643564356435643,100
2018-10-12,volume_trend_5_20,0.05101710171017101,100
2018-10-12,amihud_illiq_20,-0.06165016501650165,100
2018-10-12,signed_volume_pressure_20,0.12140414041404138,100
2018-10-12,volume_cv_20,-0.026510651065106507,100
2018-10-12,return_volume_corr_20,0.06414641464146414,100
2018-10-12,close_location_value,0.09567356735673566,100
2018-10-12,body_range_ratio,0.06133813381338133,100
2018-10-12,gap_followthrough_20,-0.13129312931293127,100
2018-10-12,cs_rank_ret20,0.08142814281428142,100
2018-10-12,cs_rank_ret60,0.09318931893189318,100
2018-10-12,cs_rank_vol20,-0.19715571557155717,100
2018-10-12,cs_rank_amihud20,-0.06165016501650165,100
2018-10-12,return_autocorr_20,0.128988898889889,100
2018-10-12,revenue_growth_yoy,-0.00449113308880044,58
2018-10-12,gross_margin_change_yoy,-0.03882752112286695,49
2018-10-12,operating_profitability,-0.10067336691468574,73
2018-10-12,cashflow_to_assets,0.00022509667098829334,72
2018-10-12,debt_to_assets,0.05058420302058444,51
2018-10-12,asset_growth_yoy,-0.06422800490168369,81
2018-10-19,ret_1d,0.07657965796579656,100
2018-10-19,ret_5d,0.09614161416141613,100
2018-10-19,ret_20d,0.14016201620162014,100
2018-10-19,ret_60d,0.21726972697269725,100
2018-10-19,ret_120d,0.3021182118211821,100
2018-10-19,momentum_20_5,0.0988058805880588,100
2018-10-19,overnight_gap,-0.07894389438943894,100
2018-10-19,intraday_return,0.18609060906090608,100
2018-10-19,ema20_distance,0.14444644464446443,100
2018-10-19,ema60_distance,0.17497749774977497,100
2018-10-19,ema20_60_spread,0.22489048904890488,100
2018-10-19,rsi14_centered,0.1665406540654065,100
2018-10-19,macd_hist_atr,0.07617161716171615,100
2018-10-19,breakout_position_60,0.17039303930393035,100
2018-10-19,trend_r2_20,-0.055349534953495344,100
2018-10-19,realized_vol_5,0.06855085508550855,100
2018-10-19,realized_vol_20,-0.010945094509450944,100
2018-10-19,vol_ratio_5_20,0.022694269426942693,100
2018-10-19,parkinson_vol_20,0.02322232223222322,100
2018-10-19,overnight_vol_20,0.007716771677167716,100
2018-10-19,downside_vol_20,-0.0761956195619562,100
2018-10-19,volume_zscore_20,0.07031503150315031,100
2018-10-19,volume_trend_5_20,-0.016597659765976595,100
2018-10-19,amihud_illiq_20,0.03851185118511851,100
2018-10-19,signed_volume_pressure_20,0.12164416441644164,100
2018-10-19,volume_cv_20,-0.016069606960696068,100
2018-10-19,return_volume_corr_20,0.08398439843984397,100
2018-10-19,close_location_value,0.16872487248724868,100
2018-10-19,body_range_ratio,0.2062166216621662,100
2018-10-19,gap_followthrough_20,0.17779777977797778,100
2018-10-19,cs_rank_ret20,0.14016201620162014,100
2018-10-19,cs_rank_ret60,0.21726972697269725,100
2018-10-19,cs_rank_vol20,-0.010945094509450944,100
2018-10-19,cs_rank_amihud20,0.03851185118511851,100
2018-10-19,return_autocorr_20,-0.08710471047104709,100
2018-10-19,revenue_growth_yoy,-0.05485176581190161,59
2018-10-19,gross_margin_change_yoy,-0.13916300515428137,50
2018-10-19,operating_profitability,0.040548245452762505,74
2018-10-19,cashflow_to_assets,0.14141476471145023,73
2018-10-19,debt_to_assets,0.2144733979458262,51
2018-10-19,asset_growth_yoy,-0.03571610047539126,81
2018-10-26,ret_1d,-0.2841284128412841,100
2018-10-26,ret_5d,-0.1272967296729673,100
2018-10-26,ret_20d,-0.28495649564956493,100
2018-10-26,ret_60d,-0.07545154515451544,100
2018-10-26,ret_120d,-0.000156015601560156,100
2018-10-26,momentum_20_5,-0.28374437443744377,100
2018-10-26,overnight_gap,-0.20837146226155068,100
2018-10-26,intraday_return,-0.22838283828382835,100
2018-10-26,ema20_distance,-0.26307830783078306,100
2018-10-26,ema60_distance,-0.18948694869486948,100
2018-10-26,ema20_60_spread,-0.11825982598259827,100
2018-10-26,rsi14_centered,-0.19823582358235825,100
2018-10-26,macd_hist_atr,-0.16493249324932494,100
2018-10-26,breakout_position_60,-0.13166516651665167,100
2018-10-26,trend_r2_20,0.025250525052505246,100
2018-10-26,realized_vol_5,0.2158175817581758,100
2018-10-26,realized_vol_20,0.2887008700870087,100
2018-10-26,vol_ratio_5_20,0.0640984098409841,100
2018-10-26,parkinson_vol_20,0.21162916291629158,100
2018-10-26,overnight_vol_20,0.07301530153015301,100
2018-10-26,downside_vol_20,0.33652565256525646,100
2018-10-26,volume_zscore_20,0.019009900990099006,100
2018-10-26,volume_trend_5_20,0.08505250525052503,100
2018-10-26,amihud_illiq_20,0.041980198019801976,100
2018-10-26,signed_volume_pressure_20,-0.15146714671467146,100
2018-10-26,volume_cv_20,-0.056765676567656756,100
2018-10-26,return_volume_corr_20,-0.3009180918091809,100
2018-10-26,close_location_value,-0.13663366336633664,100
2018-10-26,body_range_ratio,-0.21014101410141012,100
2018-10-26,gap_followthrough_20,0.21214521452145213,100
2018-10-26,cs_rank_ret20,-0.28495649564956493,100
2018-10-26,cs_rank_ret60,-0.07545154515451544,100
2018-10-26,cs_rank_vol20,0.2887008700870087,100
2018-10-26,cs_rank_amihud20,0.041980198019801976,100
2018-10-26,return_autocorr_20,0.046960696069606955,100
2018-10-26,revenue_growth_yoy,-0.029427665515495433,59
2018-10-26,gross_margin_change_yoy,0.08384354968922542,50
2018-10-26,operating_profitability,-0.08281438589183636,74
2018-10-26,cashflow_to_assets,-0.25211535940648316,73
2018-10-26,debt_to_assets,-0.029690712811041915,52
2018-10-26,asset_growth_yoy,0.1325323652480769,81
2018-11-02,ret_1d,-0.07039903990399039,100
2018-11-02,ret_5d,-0.051965196519651966,100
2018-11-02,ret_20d,0.04042004200420041,100
2018-11-02,ret_60d,0.12717671767176716,100
2018-11-02,ret_120d,0.1038103810381038,100
2018-11-02,momentum_20_5,0.10511851185118512,100
2018-11-02,overnight_gap,0.009085017522616727,100
2018-11-02,intraday_return,-0.0963216321632163,100
2018-11-02,ema20_distance,-0.023810381038103807,100
2018-11-02,ema60_distance,0.02415841584158416,100
2018-11-02,ema20_60_spread,0.07737173717371736,100
2018-11-02,rsi14_centered,0.026774677467746772,100
2018-11-02,macd_hist_atr,0.04512451245124512,100
2018-11-02,breakout_position_60,0.04246024602460245,100
2018-11-02,trend_r2_20,0.05713771377137713,100
2018-11-02,realized_vol_5,0.04789678967896789,100
2018-11-02,realized_vol_20,-0.15705970597059704,100
2018-11-02,vol_ratio_5_20,0.22838283828382835,100
2018-11-02,parkinson_vol_20,-0.1423942394239424,100
2018-11-02,overnight_vol_20,-0.1373297329732973,100
2018-11-02,downside_vol_20,-0.15642364236423642,100
2018-11-02,volume_zscore_20,0.2439483948394839,100
2018-11-02,volume_trend_5_20,0.26805880588058806,100
2018-11-02,amihud_illiq_20,-0.2596579657965796,100
2018-11-02,signed_volume_pressure_20,0.17726972697269724,100
2018-11-02,volume_cv_20,-0.13000900090009002,100
2018-11-02,return_volume_corr_20,-0.00786078607860786,100
2018-11-02,close_location_value,-0.08771677167716771,100
2018-11-02,body_range_ratio,-0.1193999399939994,100
2018-11-02,gap_followthrough_20,0.23330333033303327,100
2018-11-02,cs_rank_ret20,0.04042004200420041,100
2018-11-02,cs_rank_ret60,0.12717671767176716,100
2018-11-02,cs_rank_vol20,-0.15705970597059704,100
2018-11-02,cs_rank_amihud20,-0.2596579657965796,100
2018-11-02,return_autocorr_20,-0.08544854485448544,100
2018-11-02,revenue_growth_yoy,-0.0701037802760107,60
2018-11-02,gross_margin_change_yoy,-0.21995972765194433,51
2018-11-02,operating_profitability,-0.026153470222636446,74
2018-11-02,cashflow_to_assets,0.03671508018034816,73
2018-11-02,debt_to_assets,0.09321602209164527,52
2018-11-02,asset_growth_yoy,-0.017479773485901257,81
2018-11-09,ret_1d,0.2288148814881488,100
2018-11-09,ret_5d,-0.012661266126612659,100
2018-11-09,ret_20d,-0.006156615661566157,100
2018-11-09,ret_60d,-0.07285928592859284,100
2018-11-09,ret_120d,-0.16806480648064806,100
2018-11-09,momentum_20_5,0.018505850585058506,100
2018-11-09,overnight_gap,-0.0914854229989806,100
2018-11-09,intraday_return,0.25557755775577556,100
2018-11-09,ema20_distance,0.014005400540054003,100
2018-11-09,ema60_distance,-0.04494449444944494,100
2018-11-09,ema20_60_spread,-0.1117071707170717,100
2018-11-09,rsi14_centered,0.0022082208220822078,100
2018-11-09,macd_hist_atr,-0.002004200420042004,100
2018-11-09,breakout_position_60,0.020378037803780377,100
2018-11-09,trend_r2_20,0.13650165016501647,100
2018-11-09,realized_vol_5,0.04458445844584458,100
2018-11-09,realized_vol_20,-0.03947194719471947,100
2018-11-09,vol_ratio_5_20,0.07614761476147613,100
2018-11-09,parkinson_vol_20,-0.04043204320432043,100
2018-11-09,overnight_vol_20,0.13555355535553557,100
2018-11-09,downside_vol_20,-0.051353135313531355,100
2018-11-09,volume_zscore_20,0.08552055205520549,100
2018-11-09,volume_trend_5_20,0.05965796579657965,100
2018-11-09,amihud_illiq_20,-0.020990099009900988,100
2018-11-09,signed_volume_pressure_20,-0.057941794179417944,100
2018-11-09,volume_cv_20,0.15954395439543953,100
2018-11-09,return_volume_corr_20,0.004836483648364837,100
2018-11-09,close_location_value,0.2455445544554455,100
2018-11-09,body_range_ratio,0.2987458745874587,100
2018-11-09,gap_followthrough_20,-0.02341434143414341,100
2018-11-09,cs_rank_ret20,-0.006156615661566157,100
2018-11-09,cs_rank_ret60,-0.07285928592859284,100
2018-11-09,cs_rank_vol20,-0.03947194719471947,100
2018-11-09,cs_rank_amihud20,-0.020990099009900988,100
2018-11-09,return_autocorr_20,0.11000300030002999,100
2018-11-09,revenue_growth_yoy,-0.061620981861068715,62
2018-11-09,gross_margin_change_yoy,0.21320730896882883,55
2018-11-09,operating_profitability,0.04002873420253594,75
2018-11-09,cashflow_to_assets,-0.007956308655747422,76
2018-11-09,debt_to_assets,0.1940362842989243,52
2018-11-09,asset_growth_yoy,0.013550209239375435,82
2018-11-16,ret_1d,0.11787014062501483,100
2018-11-16,ret_5d,0.0805040504050405,100
2018-11-16,ret_20d,0.19961596159615957,100
2018-11-16,ret_60d,0.060006000600060005,100
2018-11-16,ret_120d,0.08937293729372936,100
2018-11-16,momentum_20_5,0.19908790879087906,100
2018-11-16,overnight_gap,-0.043780378037803776,100
2018-11-16,intraday_return,0.11113744715755737,100
2018-11-16,ema20_distance,0.1786258625862586,100
2018-11-16,ema60_distance,0.18167416741674167,100
2018-11-16,ema20_60_spread,0.08426042604260425,100
2018-11-16,rsi14_centered,0.1866306630663066,100
2018-11-16,macd_hist_atr,0.20805280528052802,100
2018-11-16,breakout_position_60,0.15527152715271528,100
2018-11-16,trend_r2_20,0.10215421542154214,100
2018-11-16,realized_vol_5,-0.05837383738373837,100
2018-11-16,realized_vol_20,-0.09821782178217821,100
2018-11-16,vol_ratio_5_20,0.08452445244524451,100
2018-11-16,parkinson_vol_20,-0.09363336333633362,100
2018-11-16,overnight_vol_20,-0.09924992499249924,100
2018-11-16,downside_vol_20,-0.166012601260126,100
2018-11-16,volume_zscore_20,-0.05612961296129612,100
2018-11-16,volume_trend_5_20,0.029090909090909087,100
2018-11-16,amihud_illiq_20,0.13126912691269127,100
2018-11-16,signed_volume_pressure_20,0.07546354635463545,100
2018-11-16,volume_cv_20,-0.021338133813381337,100
2018-11-16,return_volume_corr_20,0.19458745874587458,100
2018-11-16,close_location_value,0.030927092709270923,100
2018-11-16,body_range_ratio,0.1228146499094934,100
2018-11-16,gap_followthrough_20,-0.07446744674467447,100
2018-11-16,cs_rank_ret20,0.19961596159615957,100
2018-11-16,cs_rank_ret60,0.060006000600060005,100
2018-11-16,cs_rank_vol20,-0.09821782178217821,100
2018-11-16,cs_rank_amihud20,0.13126912691269127,100
2018-11-16,return_autocorr_20,-0.19825982598259825,100
2018-11-16,revenue_growth_yoy,-0.2344738200272055,63
2018-11-16,gross_margin_change_yoy,0.19511611616171018,56
2018-11-16,operating_profitability,-0.14200669990899653,75
2018-11-16,cashflow_to_assets,-0.24195654106198217,76
2018-11-16,debt_to_assets,0.034988048621932846,52
2018-11-16,asset_growth_yoy,-0.022768705003030847,82
2018-11-23,ret_1d,0.050537053705370524,100
2018-11-23,ret_5d,0.03986798679867986,100
2018-11-23,ret_20d,0.23768376837683766,100
2018-11-23,ret_60d,0.21518151815181513,100
2018-11-23,ret_120d,0.2014161416141614,100
2018-11-23,momentum_20_5,0.23735973597359733,100
2018-11-23,overnight_gap,0.021698169816981694,100
2018-11-23,intraday_return,0.04501650165016501,100
2018-11-23,ema20_distance,0.21918991899189916,100
2018-11-23,ema60_distance,0.2509330933093309,100
2018-11-23,ema20_60_spread,0.24200420042004198,100
2018-11-23,rsi14_centered,0.18208220822082205,100
2018-11-23,macd_hist_atr,0.07816381638163816,100
2018-11-23,breakout_position_60,0.21964596459645963,100
2018-11-23,trend_r2_20,0.05432943294329432,100
2018-11-23,realized_vol_5,-0.11258325832583256,100
2018-11-23,realized_vol_20,-0.24602460246024602,100
2018-11-23,vol_ratio_5_20,0.07140714071407141,100
2018-11-23,parkinson_vol_20,-0.29699369936993697,100
2018-11-23,overnight_vol_20,-0.14901890189018902,100
2018-11-23,downside_vol_20,-0.30035403540354033,100
2018-11-23,volume_zscore_20,-0.15126312631263122,100
2018-11-23,volume_trend_5_20,-0.055013501350135004,100
2018-11-23,amihud_illiq_20,-0.2911491149114911,100
2018-11-23,signed_volume_pressure_20,0.22576657665766575,100
2018-11-23,volume_cv_20,-0.3593999399939994,100
2018-11-23,return_volume_corr_20,0.2858565856585658,100
2018-11-23,close_location_value,0.030171017101710166,100
2018-11-23,body_range_ratio,0.04165616561656165,100
2018-11-23,gap_followthrough_20,-0.038283828382838274,100
2018-11-23,cs_rank_ret20,0.23768376837683766,100
2018-11-23,cs_rank_ret60,0.21518151815181513,100
2018-11-23,cs_rank_vol20,-0.24602460246024602,100
2018-11-23,cs_rank_amihud20,-0.2911491149114911,100
2018-11-23,return_autocorr_20,0.06756675667566756,100
2018-11-23,revenue_growth_yoy,0.11224945341226959,64
2018-11-23,gross_margin_change_yoy,-0.039636369534137274,57
2018-11-23,operating_profitability,0.04815112483140872,75
2018-11-23,cashflow_to_assets,0.10743750811944842,76
2018-11-23,debt_to_assets,0.15161487736170903,52
2018-11-23,asset_growth_yoy,0.04366541322760983,82
2018-11-30,ret_1d,-0.14709870987098708,100
2018-11-30,ret_5d,0.03134713471347134,100
2018-11-30,ret_20d,0.13762976297629761,100
2018-11-30,ret_60d,0.1679087908790879,100
2018-11-30,ret_120d,0.1776297629762976,100
2018-11-30,momentum_20_5,0.16249624962496248,100
2018-11-30,overnight_gap,0.18090551779873193,100
2018-11-30,intraday_return,-0.22819081908190816,100
2018-11-30,ema20_distance,0.12706870687068705,100
2018-11-30,ema60_distance,0.15499549954995498,100
2018-11-30,ema20_60_spread,0.2084368436843684,100
2018-11-30,rsi14_centered,0.15339933993399335,100
2018-11-30,macd_hist_atr,-0.030195019501950193,100
2018-11-30,breakout_position_60,0.13898589858985896,100
2018-11-30,trend_r2_20,0.08708070807080708,100
2018-11-30,realized_vol_5,-0.05981398139813981,100
2018-11-30,realized_vol_20,-0.31197119711971194,100
2018-11-30,vol_ratio_5_20,0.2547974797479748,100
2018-11-30,parkinson_vol_20,-0.15692769276927693,100
2018-11-30,overnight_vol_20,-0.26492649264926493,100
2018-11-30,downside_vol_20,-0.29275727572757276,100
2018-11-30,volume_zscore_20,0.1055265526552655,100
2018-11-30,volume_trend_5_20,0.08138013801380135,100
2018-11-30,amihud_illiq_20,0.06971497149714971,100
2018-11-30,signed_volume_pressure_20,-0.01662166216621662,100
2018-11-30,volume_cv_20,-0.04351635163516351,100
2018-11-30,return_volume_corr_20,0.004668466846684667,100
2018-11-30,close_location_value,-0.10258625862586257,100
2018-11-30,body_range_ratio,-0.18815481548154814,100
2018-11-30,gap_followthrough_20,-0.22835883588358832,100
2018-11-30,cs_rank_ret20,0.13762976297629761,100
2018-11-30,cs_rank_ret60,0.1679087908790879,100
2018-11-30,cs_rank_vol20,-0.31197119711971194,100
2018-11-30,cs_rank_amihud20,0.06971497149714971,100
2018-11-30,return_autocorr_20,-0.04999699969996999,100
2018-11-30,revenue_growth_yoy,-0.02026122094021183,64
2018-11-30,gross_margin_change_yoy,0.23143361802393647,57
2018-11-30,operating_profitability,0.018904828626570808,75
2018-11-30,cashflow_to_assets,-0.05565314868994459,76
2018-11-30,debt_to_assets,0.17921411971815826,53
2018-11-30,asset_growth_yoy,-0.1620583257624901,82
2018-12-07,ret_1d,0.09130513051305131,100
2018-12-07,ret_5d,0.19050705070507049,100
2018-12-07,ret_20d,0.2775037503750375,100
2018-12-07,ret_60d,0.23785178517851782,100
2018-12-07,ret_120d,0.3949234923492349,100
2018-12-07,momentum_20_5,0.19795979597959795,100
2018-12-07,overnight_gap,0.135603187566772,100
2018-12-07,intraday_return,0.09093309330933091,100
2018-12-07,ema20_distance,0.23776777677767771,100
2018-12-07,ema60_distance,0.29597359735973594,100
2018-12-07,ema20_60_spread,0.27307530753075304,100
2018-12-07,rsi14_centered,0.24742874287428737,100
2018-12-07,macd_hist_atr,-0.025646564656465642,100
2018-12-07,breakout_position_60,0.24849684968496846,100
2018-12-07,trend_r2_20,-0.135025502550255,100
2018-12-07,realized_vol_5,-0.22355835583558353,100
2018-12-07,realized_vol_20,-0.30096609660966095,100
2018-12-07,vol_ratio_5_20,0.022706270627062704,100
2018-12-07,parkinson_vol_20,-0.22534653465346532,100
2018-12-07,overnight_vol_20,-0.3356495649564956,100
2018-12-07,downside_vol_20,-0.28122412241224115,100
2018-12-07,volume_zscore_20,-0.009960996099609959,100
2018-12-07,volume_trend_5_20,0.2496129612961296,100
2018-12-07,amihud_illiq_20,-0.03800780078007801,100
2018-12-07,signed_volume_pressure_20,0.2786198619861986,100
2018-12-07,volume_cv_20,-0.06989498949894989,100
2018-12-07,return_volume_corr_20,0.10867086708670866,100
2018-12-07,close_location_value,0.02447044704470447,100
2018-12-07,body_range_ratio,-0.044668466846684664,100
2018-12-07,gap_followthrough_20,-0.0739033903390339,100
2018-12-07,cs_rank_ret20,0.2775037503750375,100
2018-12-07,cs_rank_ret60,0.23785178517851782,100
2018-12-07,cs_rank_vol20,-0.30096609660966095,100
2018-12-07,cs_rank_amihud20,-0.03800780078007801,100
2018-12-07,return_autocorr_20,-0.012241224122412242,100
2018-12-07,revenue_growth_yoy,0.09235901929211655,63
2018-12-07,gross_margin_change_yoy,0.09609794362611351,58
2018-12-07,operating_profitability,0.23500878385220195,75
2018-12-07,cashflow_to_assets,0.0934072073158044,77
2018-12-07,debt_to_assets,0.12381993098042045,53
2018-12-07,asset_growth_yoy,0.06417030817297795,82
2018-12-14,ret_1d,0.12380438043804377,100
2018-12-14,ret_5d,0.21318931893189316,100
2018-12-14,ret_20d,0.05717371737173717,100
2018-12-14,ret_60d,0.09088508850885087,100
2018-12-14,ret_120d,0.08955295529552955,100
2018-12-14,momentum_20_5,-0.01897389738973897,100
2018-12-14,overnight_gap,-0.051845184518451846,100
2018-12-14,intraday_return,0.15655565556555653,100
2018-12-14,ema20_distance,0.12736873687368735,100
2018-12-14,ema60_distance,0.0805040504050405,100
2018-12-14,ema20_60_spread,0.04142814281428142,100
2018-12-14,rsi14_centered,0.11315931593159315,100
2018-12-14,macd_hist_atr,0.007884788478847883,100
2018-12-14,breakout_position_60,0.07617161716171615,100
2018-12-14,trend_r2_20,0.02441044104410441,100
2018-12-14,realized_vol_5,-0.0798079807980798,100
2018-12-14,realized_vol_20,-0.1744254425442544,100
2018-12-14,vol_ratio_5_20,0.10243024302430241,100
2018-12-14,parkinson_vol_20,-0.21473747374737473,100
2018-12-14,overnight_vol_20,0.04712871287128713,100
2018-12-14,downside_vol_20,-0.1282208220822082,100
2018-12-14,volume_zscore_20,-0.10007800780078006,100
2018-12-14,volume_trend_5_20,-0.08213621362136211,100
2018-12-14,amihud_illiq_20,0.10048604860486046,100
2018-12-14,signed_volume_pressure_20,0.13046504650465046,100
2018-12-14,volume_cv_20,0.295013501350135,100
2018-12-14,return_volume_corr_20,-0.11827182718271827,100
2018-12-14,close_location_value,0.0738913891389139,100
2018-12-14,body_range_ratio,0.08955295529552955,100
2018-12-14,gap_followthrough_20,-0.10443444344434442,100
2018-12-14,cs_rank_ret20,0.05717371737173717,100
2018-12-14,cs_rank_ret60,0.09088508850885087,100
2018-12-14,cs_rank_vol20,-0.1744254425442544,100
2018-12-14,cs_rank_amihud20,0.10048604860486046,100
2018-12-14,return_autocorr_20,-0.14377437743774377,100
2018-12-14,revenue_growth_yoy,0.2788051892144558,63
2018-12-14,gross_margin_change_yoy,-0.09668240615136836,58
2018-12-14,operating_profitability,0.23576270102090643,75
2018-12-14,cashflow_to_assets,0.0795788394441148,77
2018-12-14,debt_to_assets,0.01876059560309401,53
2018-12-14,asset_growth_yoy,0.09057416971090952,82
2018-12-21,ret_1d,-0.18807080708070803,100
2018-12-21,ret_5d,-0.1762136213621362,100
2018-12-21,ret_20d,0.045748574857485735,100
2018-12-21,ret_60d,-0.21981398139813982,100
2018-12-21,ret_120d,-0.05227722772277228,100
2018-12-21,momentum_20_5,0.13855385538553852,100
2018-12-21,overnight_gap,0.05570957095709571,100
2018-12-21,intraday_return,-0.19696369636963695,100
2018-12-21,ema20_distance,-0.14294629462946293,100
2018-12-21,ema60_distance,-0.15011101110111008,100
2018-12-21,ema20_60_spread,-0.10815481548154814,100
2018-12-21,rsi14_centered,-0.00898889888988899,100
2018-12-21,macd_hist_atr,0.14083408340834083,100
2018-12-21,breakout_position_60,-0.07129934383273565,100
2018-12-21,trend_r2_20,-0.12475247524752474,100
2018-12-21,realized_vol_5,0.3013981398139814,100
2018-12-21,realized_vol_20,0.34529852985298526,100
2018-12-21,vol_ratio_5_20,0.12747674767476747,100
2018-12-21,parkinson_vol_20,0.3032823282328233,100
2018-12-21,overnight_vol_20,0.11524752475247524,100
2018-12-21,downside_vol_20,0.2656825682568257,100
2018-12-21,volume_zscore_20,0.00966096609660966,100
2018-12-21,volume_trend_5_20,-0.027350735073507347,100
2018-12-21,amihud_illiq_20,0.20340834083408338,100
2018-12-21,signed_volume_pressure_20,0.20480048004800477,100
2018-12-21,volume_cv_20,0.0273027302730273,100
2018-12-21,return_volume_corr_20,-0.029186918691869186,100
2018-12-21,close_location_value,0.15806780678067803,100
2018-12-21,body_range_ratio,-0.17455745574557455,100
2018-12-21,gap_followthrough_20,0.06975097509750974,100
2018-12-21,cs_rank_ret20,0.045748574857485735,100
2018-12-21,cs_rank_ret60,-0.21981398139813982,100
2018-12-21,cs_rank_vol20,0.34529852985298526,100
2018-12-21,cs_rank_amihud20,0.20340834083408338,100
2018-12-21,return_autocorr_20,-0.029546954695469547,100
2018-12-21,revenue_growth_yoy,0.23994623593120823,63
2018-12-21,gross_margin_change_yoy,0.10889459681064079,58
2018-12-21,operating_profitability,-0.029573467806351176,75
2018-12-21,cashflow_to_assets,-0.2515001544572595,77
2018-12-21,debt_to_assets,0.15153719803273355,53
2018-12-21,asset_growth_yoy,0.2782527304529095,82
2018-12-28,ret_1d,0.12593010418073622,100
2018-12-28,ret_5d,-0.13942994299429942,100
2018-12-28,ret_20d,-0.3136753675367536,100
2018-12-28,ret_60d,-0.5242604260426041,100
2018-12-28,ret_120d,-0.5467506750675067,100
2018-12-28,momentum_20_5,-0.2896249624962496,100
2018-12-28,overnight_gap,0.008196819681968196,100
2018-12-28,intraday_return,0.13372937293729373,100
2018-12-28,ema20_distance,-0.34301830183018295,100
2018-12-28,ema60_distance,-0.46289828982898285,100
2018-12-28,ema20_60_spread,-0.5397299729972996,100
2018-12-28,rsi14_centered,-0.2911851185118512,100
2018-12-28,macd_hist_atr,0.15285928592859285,100
2018-12-28,breakout_position_60,-0.45132913291329124,100
2018-12-28,trend_r2_20,0.28536453645364535,100
2018-12-28,realized_vol_5,0.08237623762376238,100
2018-12-28,realized_vol_20,0.17764176417641764,100
2018-12-28,vol_ratio_5_20,-0.17608160816081606,100
2018-12-28,parkinson_vol_20,0.3487668766876687,100
2018-12-28,overnight_vol_20,0.33009300930093005,100
2018-12-28,downside_vol_20,0.22575457545754576,100
2018-12-28,volume_zscore_20,0.07635163516351634,100
2018-12-28,volume_trend_5_20,0.013945394539453945,100
2018-12-28,amihud_illiq_20,0.2922292229222922,100
2018-12-28,signed_volume_pressure_20,-0.2591179117911791,100
2018-12-28,volume_cv_20,0.03389138913891389,100
2018-12-28,return_volume_corr_20,-0.13234923492349235,100
2018-12-28,close_location_value,0.13616002448313452,100
2018-12-28,body_range_ratio,0.1948034803480348,100
2018-12-28,gap_followthrough_20,0.0506090609060906,100
2018-12-28,cs_rank_ret20,-0.3136753675367536,100
2018-12-28,cs_rank_ret60,-0.5242604260426041,100
2018-12-28,cs_rank_vol20,0.17764176417641764,100
2018-12-28,cs_rank_amihud20,0.2922292229222922,100
2018-12-28,return_autocorr_20,0.26367836783678367,100
2018-12-28,revenue_growth_yoy,-0.13198603094785574,63
2018-12-28,gross_margin_change_yoy,-0.10717197042041597,58
2018-12-28,operating_profitability,-0.39007389811724963,75
2018-12-28,cashflow_to_assets,-0.11028517722763846,77
2018-12-28,debt_to_assets,-0.18312762030633054,53
2018-12-28,asset_growth_yoy,-0.01185235169612839,82
