factor_set_name,number_of_features,feature_list,sample_mode,objective,n_relevance_bins,param_id,hyperparameters,cv_mean_rank_ic,cv_median_rank_ic,cv_rank_ic_std,cv_positive_ic_ratio,cv_negative_ic_ratio,cv_icir,cv_annualized_icir,cv_ndcg5,cv_ndcg10,cv_ndcg20,cv_top5_return,cv_top10_return,cv_bottom5_return,cv_bottom10_return,cv_top5_bottom5_spread,cv_top10_bottom10_spread,cv_number_of_dates,cv_prediction_score_std
moderate_and_strong,20,"[""signed_volume_pressure_20"", ""return_volume_corr_20"", ""volume_cv_20"", ""ret_1d"", ""ret_5d"", ""vol_ratio_5_20"", ""overnight_gap"", ""volume_zscore_20"", ""close_location_value"", ""intraday_return"", ""ret_120d"", ""ema20_60_spread"", ""body_range_ratio"", ""ret_60d"", ""amihud_illiq_20"", ""breakout_position_60"", ""realized_vol_5"", ""rsi14_centered"", ""ema60_distance"", ""overnight_vol_20""]",common_sample,rank:pairwise,10,1,"{""colsample_bytree"": 1.0, ""gamma"": 0.1, ""learning_rate"": 0.03, ""max_depth"": 3, ""min_child_weight"": 5, ""n_estimators"": 400, ""reg_alpha"": 0.0, ""reg_lambda"": 5.0, ""subsample"": 0.85}",0.01302446634519461,0.013279327932793279,0.15946378634067881,0.5384615384615384,0.46153846153846156,0.08167664047164357,0.5889786304562963,0.5025718839218143,0.49902754309626746,0.525345758201168,0.00010515655378880749,-0.0005814905798893374,-0.00023739671927959505,-8.742959353338415e-05,0.0003425532730684025,-0.0004940609863559536,104,0.22280549028745064
moderate_and_strong,20,"[""signed_volume_pressure_20"", ""return_volume_corr_20"", ""volume_cv_20"", ""ret_1d"", ""ret_5d"", ""vol_ratio_5_20"", ""overnight_gap"", ""volume_zscore_20"", ""close_location_value"", ""intraday_return"", ""ret_120d"", ""ema20_60_spread"", ""body_range_ratio"", ""ret_60d"", ""amihud_illiq_20"", ""breakout_position_60"", ""realized_vol_5"", ""rsi14_centered"", ""ema60_distance"", ""overnight_vol_20""]",common_sample,rank:pairwise,20,2,"{""colsample_bytree"": 0.85, ""gamma"": 0.1, ""learning_rate"": 0.03, ""max_depth"": 5, ""min_child_weight"": 10, ""n_estimators"": 400, ""reg_alpha"": 1.0, ""reg_lambda"": 10.0, ""subsample"": 0.7}",0.012476163651436957,0.018847884788478847,0.1581489803849694,0.5480769230769231,0.4519230769230769,0.07888867586162888,0.5688743317451225,0.5122767193900306,0.5222607935171862,0.5423031120739391,-0.0010829281683905556,-0.00023010402618799136,-0.0010386349046038938,-0.0004866304591220625,-4.4293263786661586e-05,0.00025652643293407133,104,0.25595826813234734
top_15,15,"[""signed_volume_pressure_20"", ""return_volume_corr_20"", ""volume_cv_20"", ""ret_1d"", ""ret_5d"", ""vol_ratio_5_20"", ""overnight_gap"", ""volume_zscore_20"", ""close_location_value"", ""intraday_return"", ""ret_120d"", ""ema20_60_spread"", ""body_range_ratio"", ""ret_60d"", ""amihud_illiq_20""]",common_sample,rank:pairwise,5,2,"{""colsample_bytree"": 0.85, ""gamma"": 0.1, ""learning_rate"": 0.03, ""max_depth"": 5, ""min_child_weight"": 10, ""n_estimators"": 400, ""reg_alpha"": 1.0, ""reg_lambda"": 10.0, ""subsample"": 0.7}",0.011147893235411536,0.004614461446144614,0.14901245328294335,0.5096153846153846,0.49038461538461536,0.07481182270212026,0.5394757255268311,0.46111627433579716,0.47609957974426115,0.49394831571577413,-0.002659187699586178,-0.001871598291552567,-0.0005727675081663632,-0.0007907083553313408,-0.002086420191419815,-0.001080889936221226,104,0.2527509823154945
all_eligible,31,"[""signed_volume_pressure_20"", ""return_volume_corr_20"", ""volume_cv_20"", ""ret_1d"", ""ret_5d"", ""vol_ratio_5_20"", ""overnight_gap"", ""volume_zscore_20"", ""close_location_value"", ""intraday_return"", ""ret_120d"", ""ema20_60_spread"", ""body_range_ratio"", ""ret_60d"", ""amihud_illiq_20"", ""breakout_position_60"", ""realized_vol_5"", ""rsi14_centered"", ""ema60_distance"", ""overnight_vol_20"", ""volume_trend_5_20"", ""gap_followthrough_20"", ""downside_vol_20"", ""momentum_20_5"", ""trend_r2_20"", ""macd_hist_atr"", ""ret_20d"", ""realized_vol_20"", ""ema20_distance"", ""return_autocorr_20"", ""parkinson_vol_20""]",common_sample,rank:pairwise,5,2,"{""colsample_bytree"": 0.85, ""gamma"": 0.1, ""learning_rate"": 0.03, ""max_depth"": 5, ""min_child_weight"": 10, ""n_estimators"": 400, ""reg_alpha"": 1.0, ""reg_lambda"": 10.0, ""subsample"": 0.7}",0.010021455543357476,-0.01644164416441644,0.16529845523566983,0.47115384615384615,0.5288461538461539,0.060626431923212196,0.43718341789513687,0.5149225701770346,0.5014219508356302,0.5027304784536629,-0.0002172618606345002,-0.0007178763625490965,-0.0007696086627322309,-0.0009603867460378104,0.00055234680209773,0.00024251038348871307,104,0.26095238614540833
moderate_and_strong,20,"[""signed_volume_pressure_20"", ""return_volume_corr_20"", ""volume_cv_20"", ""ret_1d"", ""ret_5d"", ""vol_ratio_5_20"", ""overnight_gap"", ""volume_zscore_20"", ""close_location_value"", ""intraday_return"", ""ret_120d"", ""ema20_60_spread"", ""body_range_ratio"", ""ret_60d"", ""amihud_illiq_20"", ""breakout_position_60"", ""realized_vol_5"", ""rsi14_centered"", ""ema60_distance"", ""overnight_vol_20""]",common_sample,rank:pairwise,10,0,"{""colsample_bytree"": 0.85, ""gamma"": 0.0, ""learning_rate"": 0.05, ""max_depth"": 2, ""min_child_weight"": 5, ""n_estimators"": 200, ""reg_alpha"": 0.1, ""reg_lambda"": 5.0, ""subsample"": 0.85}",0.00997223712275288,0.007974797479747974,0.16492490802582824,0.5192307692307693,0.4807692307692308,0.06046531868425336,0.4360216138066925,0.4873752787791586,0.49056456941778365,0.5219401622718368,-0.0008966328384766991,-0.0016608544810684405,0.0011208985710763905,-0.00010313388473204261,-0.0020175314095530897,-0.0015577205963363985,104,0.10217901784926653
moderate_and_strong,20,"[""signed_volume_pressure_20"", ""return_volume_corr_20"", ""volume_cv_20"", ""ret_1d"", ""ret_5d"", ""vol_ratio_5_20"", ""overnight_gap"", ""volume_zscore_20"", ""close_location_value"", ""intraday_return"", ""ret_120d"", ""ema20_60_spread"", ""body_range_ratio"", ""ret_60d"", ""amihud_illiq_20"", ""breakout_position_60"", ""realized_vol_5"", ""rsi14_centered"", ""ema60_distance"", ""overnight_vol_20""]",common_sample,rank:pairwise,20,0,"{""colsample_bytree"": 0.85, ""gamma"": 0.0, ""learning_rate"": 0.05, ""max_depth"": 2, ""min_child_weight"": 5, ""n_estimators"": 200, ""reg_alpha"": 0.1, ""reg_lambda"": 5.0, ""subsample"": 0.85}",0.009572503837781009,0.009918991899189919,0.16243766320282982,0.5192307692307693,0.4807692307692308,0.05893032224816102,0.4249525970907217,0.48847853552263215,0.5042823789990377,0.527365817050405,-0.0008097832587252331,-6.381138728373616e-05,0.0011932721688818293,0.00011558443921463813,-0.0020030554276070623,-0.00017939582649837435,104,0.09525369118469265
strong_only,3,"[""signed_volume_pressure_20"", ""return_volume_corr_20"", ""volume_cv_20""]",common_sample,rank:ndcg,20,0,"{""colsample_bytree"": 0.85, ""gamma"": 0.0, ""learning_rate"": 0.05, ""max_depth"": 2, ""min_child_weight"": 5, ""n_estimators"": 200, ""reg_alpha"": 0.1, ""reg_lambda"": 5.0, ""subsample"": 0.85}",0.009382910209140453,0.020405162947639784,0.129934942808189,0.5288461538461539,0.47115384615384615,0.07221237033206362,0.5207308079100998,0.49120246085141067,0.5112339817186664,0.5305505423354239,-0.0011449625906632401,0.0007724795101550335,-0.0013312379417153258,-0.0011181142698794002,0.0001862753510520858,0.0018905937800344334,104,0.21486919803115037
top_3,3,"[""signed_volume_pressure_20"", ""return_volume_corr_20"", ""volume_cv_20""]",common_sample,rank:ndcg,20,0,"{""colsample_bytree"": 0.85, ""gamma"": 0.0, ""learning_rate"": 0.05, ""max_depth"": 2, ""min_child_weight"": 5, ""n_estimators"": 200, ""reg_alpha"": 0.1, ""reg_lambda"": 5.0, ""subsample"": 0.85}",0.009382910209140453,0.020405162947639784,0.129934942808189,0.5288461538461539,0.47115384615384615,0.07221237033206362,0.5207308079100998,0.49120246085141067,0.5112339817186664,0.5305505423354239,-0.0011449625906632401,0.0007724795101550335,-0.0013312379417153258,-0.0011181142698794002,0.0001862753510520858,0.0018905937800344334,104,0.21486919803115037
moderate_and_strong,20,"[""signed_volume_pressure_20"", ""return_volume_corr_20"", ""volume_cv_20"", ""ret_1d"", ""ret_5d"", ""vol_ratio_5_20"", ""overnight_gap"", ""volume_zscore_20"", ""close_location_value"", ""intraday_return"", ""ret_120d"", ""ema20_60_spread"", ""body_range_ratio"", ""ret_60d"", ""amihud_illiq_20"", ""breakout_position_60"", ""realized_vol_5"", ""rsi14_centered"", ""ema60_distance"", ""overnight_vol_20""]",common_sample,rank:pairwise,5,1,"{""colsample_bytree"": 1.0, ""gamma"": 0.1, ""learning_rate"": 0.03, ""max_depth"": 3, ""min_child_weight"": 5, ""n_estimators"": 400, ""reg_alpha"": 0.0, ""reg_lambda"": 5.0, ""subsample"": 0.85}",0.00803773446940659,-0.008178817881788179,0.15933061419865752,0.4807692307692308,0.5192307692307693,0.05044689314625333,0.3637777198533385,0.46596226476315894,0.48878548123123733,0.4982547878265985,-0.0023080077251169443,0.0009274513606966435,-0.00037421199229403123,4.440856177546668e-05,-0.001933795732822913,0.0008830427989211765,104,0.23733372886020404
strong_only,3,"[""signed_volume_pressure_20"", ""return_volume_corr_20"", ""volume_cv_20""]",common_sample,rank:ndcg,20,1,"{""colsample_bytree"": 1.0, ""gamma"": 0.1, ""learning_rate"": 0.03, ""max_depth"": 3, ""min_child_weight"": 5, ""n_estimators"": 400, ""reg_alpha"": 0.0, ""reg_lambda"": 5.0, ""subsample"": 0.85}",0.007705533397159638,0.011233123312331231,0.12508131986913437,0.5288461538461539,0.47115384615384615,0.06160419001991272,0.4442341318004445,0.49397843113940254,0.5126724305290836,0.5391536231720099,-0.0008464613914060055,0.0013965835769669487,-0.0027917043634988503,-0.0013305153230467868,0.0019452429720928444,0.002727098900013735,104,0.2877475150789206
top_3,3,"[""signed_volume_pressure_20"", ""return_volume_corr_20"", ""volume_cv_20""]",common_sample,rank:ndcg,20,1,"{""colsample_bytree"": 1.0, ""gamma"": 0.1, ""learning_rate"": 0.03, ""max_depth"": 3, ""min_child_weight"": 5, ""n_estimators"": 400, ""reg_alpha"": 0.0, ""reg_lambda"": 5.0, ""subsample"": 0.85}",0.007705533397159638,0.011233123312331231,0.12508131986913437,0.5288461538461539,0.47115384615384615,0.06160419001991272,0.4442341318004445,0.49397843113940254,0.5126724305290836,0.5391536231720099,-0.0008464613914060055,0.0013965835769669487,-0.0027917043634988503,-0.0013305153230467868,0.0019452429720928444,0.002727098900013735,104,0.2877475150789206
strong_only,3,"[""signed_volume_pressure_20"", ""return_volume_corr_20"", ""volume_cv_20""]",common_sample,rank:ndcg,20,2,"{""colsample_bytree"": 0.85, ""gamma"": 0.1, ""learning_rate"": 0.03, ""max_depth"": 5, ""min_child_weight"": 10, ""n_estimators"": 400, ""reg_alpha"": 1.0, ""reg_lambda"": 10.0, ""subsample"": 0.7}",0.007519979249457239,0.010213021302130212,0.11877078771827093,0.5096153846153846,0.49038461538461536,0.0633150574642557,0.4565713723926458,0.4803965665007542,0.5009029705969356,0.5291240129733299,-0.0020107291670320745,-0.00028132785474399634,-0.0012420184841394062,-0.001289150238924223,-0.0007687106828926689,0.0010078223841802265,104,0.2893847069488122
top_3,3,"[""signed_volume_pressure_20"", ""return_volume_corr_20"", ""volume_cv_20""]",common_sample,rank:ndcg,20,2,"{""colsample_bytree"": 0.85, ""gamma"": 0.1, ""learning_rate"": 0.03, ""max_depth"": 5, ""min_child_weight"": 10, ""n_estimators"": 400, ""reg_alpha"": 1.0, ""reg_lambda"": 10.0, ""subsample"": 0.7}",0.007519979249457239,0.010213021302130212,0.11877078771827093,0.5096153846153846,0.49038461538461536,0.0633150574642557,0.4565713723926458,0.4803965665007542,0.5009029705969356,0.5291240129733299,-0.0020107291670320745,-0.00028132785474399634,-0.0012420184841394062,-0.001289150238924223,-0.0007687106828926689,0.0010078223841802265,104,0.2893847069488122
all_eligible,31,"[""signed_volume_pressure_20"", ""return_volume_corr_20"", ""volume_cv_20"", ""ret_1d"", ""ret_5d"", ""vol_ratio_5_20"", ""overnight_gap"", ""volume_zscore_20"", ""close_location_value"", ""intraday_return"", ""ret_120d"", ""ema20_60_spread"", ""body_range_ratio"", ""ret_60d"", ""amihud_illiq_20"", ""breakout_position_60"", ""realized_vol_5"", ""rsi14_centered"", ""ema60_distance"", ""overnight_vol_20"", ""volume_trend_5_20"", ""gap_followthrough_20"", ""downside_vol_20"", ""momentum_20_5"", ""trend_r2_20"", ""macd_hist_atr"", ""ret_20d"", ""realized_vol_20"", ""ema20_distance"", ""return_autocorr_20"", ""parkinson_vol_20""]",common_sample,rank:pairwise,10,0,"{""colsample_bytree"": 0.85, ""gamma"": 0.0, ""learning_rate"": 0.05, ""max_depth"": 2, ""min_child_weight"": 5, ""n_estimators"": 200, ""reg_alpha"": 0.1, ""reg_lambda"": 5.0, ""subsample"": 0.85}",0.007286740162072479,-0.005946594659465945,0.1649569431617368,0.47115384615384615,0.5288461538461539,0.044173588709921614,0.3185402782297591,0.5002452321964879,0.506659173794791,0.5203409351655709,-0.000547432346508521,0.0015724236694932173,0.0003589544635711029,0.0005463544663793371,-0.0009063868100796243,0.0010260692031138804,104,0.1034788337464516
top_15,15,"[""signed_volume_pressure_20"", ""return_volume_corr_20"", ""volume_cv_20"", ""ret_1d"", ""ret_5d"", ""vol_ratio_5_20"", ""overnight_gap"", ""volume_zscore_20"", ""close_location_value"", ""intraday_return"", ""ret_120d"", ""ema20_60_spread"", ""body_range_ratio"", ""ret_60d"", ""amihud_illiq_20""]",common_sample,rank:pairwise,10,1,"{""colsample_bytree"": 1.0, ""gamma"": 0.1, ""learning_rate"": 0.03, ""max_depth"": 3, ""min_child_weight"": 5, ""n_estimators"": 400, ""reg_alpha"": 0.0, ""reg_lambda"": 5.0, ""subsample"": 0.85}",0.007143011944644361,0.013915391539153913,0.15256232220959132,0.5384615384615384,0.46153846153846156,0.046820288529898196,0.33762590205313286,0.4945096493179087,0.49747285662849,0.5217465325847132,-0.002840543370398178,-6.8820118632649e-05,-0.001499417299334786,-0.0002734690682908172,-0.001341126071063392,0.00020464894965816792,104,0.21291362365277913
top_15,15,"[""signed_volume_pressure_20"", ""return_volume_corr_20"", ""volume_cv_20"", ""ret_1d"", ""ret_5d"", ""vol_ratio_5_20"", ""overnight_gap"", ""volume_zscore_20"", ""close_location_value"", ""intraday_return"", ""ret_120d"", ""ema20_60_spread"", ""body_range_ratio"", ""ret_60d"", ""amihud_illiq_20""]",common_sample,rank:pairwise,20,2,"{""colsample_bytree"": 0.85, ""gamma"": 0.1, ""learning_rate"": 0.03, ""max_depth"": 5, ""min_child_weight"": 10, ""n_estimators"": 400, ""reg_alpha"": 1.0, ""reg_lambda"": 10.0, ""subsample"": 0.7}",0.00704706278957366,0.003972397239723972,0.15627310162492844,0.5,0.49038461538461536,0.04509453460831242,0.3251813135469117,0.5000779254065535,0.5076352934952119,0.5347028551872308,-0.001492335702469985,-0.001368241966736537,-0.0004808797502138857,0.00018832966139944687,-0.0010114559522560998,-0.0015565716281359836,104,0.2330635846234285
top_15,15,"[""signed_volume_pressure_20"", ""return_volume_corr_20"", ""volume_cv_20"", ""ret_1d"", ""ret_5d"", ""vol_ratio_5_20"", ""overnight_gap"", ""volume_zscore_20"", ""close_location_value"", ""intraday_return"", ""ret_120d"", ""ema20_60_spread"", ""body_range_ratio"", ""ret_60d"", ""amihud_illiq_20""]",common_sample,rank:pairwise,20,0,"{""colsample_bytree"": 0.85, ""gamma"": 0.0, ""learning_rate"": 0.05, ""max_depth"": 2, ""min_child_weight"": 5, ""n_estimators"": 200, ""reg_alpha"": 0.1, ""reg_lambda"": 5.0, ""subsample"": 0.85}",0.006975746708988129,0.01101110111011101,0.1571063874388086,0.5384615384615384,0.46153846153846156,0.04440142009951769,0.3201831937444568,0.462977450054909,0.48360512332053995,0.5199237657222407,-0.0037396823344561536,-0.001620564123821814,-0.0014177359923480853,-0.0007396944040243295,-0.0023219463421080685,-0.0008808697197974845,104,0.09621625411539124
top_15,15,"[""signed_volume_pressure_20"", ""return_volume_corr_20"", ""volume_cv_20"", ""ret_1d"", ""ret_5d"", ""vol_ratio_5_20"", ""overnight_gap"", ""volume_zscore_20"", ""close_location_value"", ""intraday_return"", ""ret_120d"", ""ema20_60_spread"", ""body_range_ratio"", ""ret_60d"", ""amihud_illiq_20""]",common_sample,rank:pairwise,10,2,"{""colsample_bytree"": 0.85, ""gamma"": 0.1, ""learning_rate"": 0.03, ""max_depth"": 5, ""min_child_weight"": 10, ""n_estimators"": 400, ""reg_alpha"": 1.0, ""reg_lambda"": 10.0, ""subsample"": 0.7}",0.0068466807388171185,0.000804080408040804,0.15773321842605473,0.5,0.5,0.0434067142428013,0.31301026780366625,0.506752105045763,0.5126598491353497,0.5258415271795689,-0.00020842267162590316,0.0008940779731842306,9.326681463987936e-05,-0.0005325827565464113,-0.0003016894862657823,0.0014266607297306417,104,0.23544531029004317
all_eligible,31,"[""signed_volume_pressure_20"", ""return_volume_corr_20"", ""volume_cv_20"", ""ret_1d"", ""ret_5d"", ""vol_ratio_5_20"", ""overnight_gap"", ""volume_zscore_20"", ""close_location_value"", ""intraday_return"", ""ret_120d"", ""ema20_60_spread"", ""body_range_ratio"", ""ret_60d"", ""amihud_illiq_20"", ""breakout_position_60"", ""realized_vol_5"", ""rsi14_centered"", ""ema60_distance"", ""overnight_vol_20"", ""volume_trend_5_20"", ""gap_followthrough_20"", ""downside_vol_20"", ""momentum_20_5"", ""trend_r2_20"", ""macd_hist_atr"", ""ret_20d"", ""realized_vol_20"", ""ema20_distance"", ""return_autocorr_20"", ""parkinson_vol_20""]",common_sample,rank:pairwise,20,2,"{""colsample_bytree"": 0.85, ""gamma"": 0.1, ""learning_rate"": 0.03, ""max_depth"": 5, ""min_child_weight"": 10, ""n_estimators"": 400, ""reg_alpha"": 1.0, ""reg_lambda"": 10.0, ""subsample"": 0.7}",0.006735263465562512,-0.011377137713771376,0.15543347538570085,0.4807692307692308,0.5192307692307693,0.04333212938106977,0.3124724287169734,0.499503975182504,0.5144416874814133,0.5322586706464624,-0.001190351727652137,0.0007364618520833186,-0.0005918550851110021,-0.00023516723856086545,-0.000598496642541135,0.0009716290906441837,104,0.20975265401200607
top_15,15,"[""signed_volume_pressure_20"", ""return_volume_corr_20"", ""volume_cv_20"", ""ret_1d"", ""ret_5d"", ""vol_ratio_5_20"", ""overnight_gap"", ""volume_zscore_20"", ""close_location_value"", ""intraday_return"", ""ret_120d"", ""ema20_60_spread"", ""body_range_ratio"", ""ret_60d"", ""amihud_illiq_20""]",common_sample,rank:pairwise,5,1,"{""colsample_bytree"": 1.0, ""gamma"": 0.1, ""learning_rate"": 0.03, ""max_depth"": 3, ""min_child_weight"": 5, ""n_estimators"": 400, ""reg_alpha"": 0.0, ""reg_lambda"": 5.0, ""subsample"": 0.85}",0.0066753050340648355,0.008436843684368436,0.15404701357195355,0.5192307692307693,0.4807692307692308,0.04333290778757538,0.31247804188611167,0.4722431209753044,0.48711530711276174,0.4901437223617886,-0.0019514337185793118,0.00016772390242507663,-0.0004686377092340693,0.00019310425012387564,-0.0014827960093452418,-2.5380347698799234e-05,104,0.2285032533109188
all_eligible,31,"[""signed_volume_pressure_20"", ""return_volume_corr_20"", ""volume_cv_20"", ""ret_1d"", ""ret_5d"", ""vol_ratio_5_20"", ""overnight_gap"", ""volume_zscore_20"", ""close_location_value"", ""intraday_return"", ""ret_120d"", ""ema20_60_spread"", ""body_range_ratio"", ""ret_60d"", ""amihud_illiq_20"", ""breakout_position_60"", ""realized_vol_5"", ""rsi14_centered"", ""ema60_distance"", ""overnight_vol_20"", ""volume_trend_5_20"", ""gap_followthrough_20"", ""downside_vol_20"", ""momentum_20_5"", ""trend_r2_20"", ""macd_hist_atr"", ""ret_20d"", ""realized_vol_20"", ""ema20_distance"", ""return_autocorr_20"", ""parkinson_vol_20""]",common_sample,rank:pairwise,5,1,"{""colsample_bytree"": 1.0, ""gamma"": 0.1, ""learning_rate"": 0.03, ""max_depth"": 3, ""min_child_weight"": 5, ""n_estimators"": 400, ""reg_alpha"": 0.0, ""reg_lambda"": 5.0, ""subsample"": 0.85}",0.006479131372870368,-0.004566456645664565,0.1635863727884335,0.47115384615384615,0.5288461538461539,0.03960679158312189,0.28560863581912305,0.5360174435746525,0.5134596454787866,0.5058668427649018,0.0013234910629996697,-7.46844487740219e-05,0.001068707963581218,0.00032513907877729643,0.0002547830994184524,-0.00039982352755131854,104,0.25669596960338265
top_15,15,"[""signed_volume_pressure_20"", ""return_volume_corr_20"", ""volume_cv_20"", ""ret_1d"", ""ret_5d"", ""vol_ratio_5_20"", ""overnight_gap"", ""volume_zscore_20"", ""close_location_value"", ""intraday_return"", ""ret_120d"", ""ema20_60_spread"", ""body_range_ratio"", ""ret_60d"", ""amihud_illiq_20""]",common_sample,rank:pairwise,10,0,"{""colsample_bytree"": 0.85, ""gamma"": 0.0, ""learning_rate"": 0.05, ""max_depth"": 2, ""min_child_weight"": 5, ""n_estimators"": 200, ""reg_alpha"": 0.1, ""reg_lambda"": 5.0, ""subsample"": 0.85}",0.005633052416873085,0.00204020402040204,0.16148849118211386,0.5096153846153846,0.49038461538461536,0.03488206729556088,0.25153816445666044,0.5095227184628096,0.4997267417358197,0.517952950084983,0.003306744955882218,0.00013339941259169884,-5.8355889834192695e-06,-0.0006443754184240299,0.0033125805448656364,0.0007777748310157298,104,0.10896086807434376
strong_only,3,"[""signed_volume_pressure_20"", ""return_volume_corr_20"", ""volume_cv_20""]",common_sample,rank:ndcg,10,1,"{""colsample_bytree"": 1.0, ""gamma"": 0.1, ""learning_rate"": 0.03, ""max_depth"": 3, ""min_child_weight"": 5, ""n_estimators"": 400, ""reg_alpha"": 0.0, ""reg_lambda"": 5.0, ""subsample"": 0.85}",0.004890434335944321,0.007698769876987698,0.1213442915004387,0.5480769230769231,0.4519230769230769,0.04030213762405659,0.29062284742868494,0.4799290799797612,0.4973017238444492,0.520312215338353,-0.002146711125675059,0.0009438480771484534,-0.0004439097016310817,-3.7065433441852246e-05,-0.0017028014240439775,0.0009809135105903056,104,0.2292494365515617
top_3,3,"[""signed_volume_pressure_20"", ""return_volume_corr_20"", ""volume_cv_20""]",common_sample,rank:ndcg,10,1,"{""colsample_bytree"": 1.0, ""gamma"": 0.1, ""learning_rate"": 0.03, ""max_depth"": 3, ""min_child_weight"": 5, ""n_estimators"": 400, ""reg_alpha"": 0.0, ""reg_lambda"": 5.0, ""subsample"": 0.85}",0.004890434335944321,0.007698769876987698,0.1213442915004387,0.5480769230769231,0.4519230769230769,0.04030213762405659,0.29062284742868494,0.4799290799797612,0.4973017238444492,0.520312215338353,-0.002146711125675059,0.0009438480771484534,-0.0004439097016310817,-3.7065433441852246e-05,-0.0017028014240439775,0.0009809135105903056,104,0.2292494365515617
moderate_and_strong,20,"[""signed_volume_pressure_20"", ""return_volume_corr_20"", ""volume_cv_20"", ""ret_1d"", ""ret_5d"", ""vol_ratio_5_20"", ""overnight_gap"", ""volume_zscore_20"", ""close_location_value"", ""intraday_return"", ""ret_120d"", ""ema20_60_spread"", ""body_range_ratio"", ""ret_60d"", ""amihud_illiq_20"", ""breakout_position_60"", ""realized_vol_5"", ""rsi14_centered"", ""ema60_distance"", ""overnight_vol_20""]",common_sample,rank:ndcg,20,0,"{""colsample_bytree"": 0.85, ""gamma"": 0.0, ""learning_rate"": 0.05, ""max_depth"": 2, ""min_child_weight"": 5, ""n_estimators"": 200, ""reg_alpha"": 0.1, ""reg_lambda"": 5.0, ""subsample"": 0.85}",0.0048568000440862204,0.005178517851785178,0.17495209652704632,0.5096153846153846,0.49038461538461536,0.027760742171702952,0.20018555869002105,0.4751456782531222,0.50027171600889,0.5229356091018866,-0.003681684651541665,-0.0010954366288200871,0.0007010712336865712,-0.0006230187796998058,-0.0043827558852282365,-0.00047241784912028096,104,0.542241481347726
moderate_and_strong,20,"[""signed_volume_pressure_20"", ""return_volume_corr_20"", ""volume_cv_20"", ""ret_1d"", ""ret_5d"", ""vol_ratio_5_20"", ""overnight_gap"", ""volume_zscore_20"", ""close_location_value"", ""intraday_return"", ""ret_120d"", ""ema20_60_spread"", ""body_range_ratio"", ""ret_60d"", ""amihud_illiq_20"", ""breakout_position_60"", ""realized_vol_5"", ""rsi14_centered"", ""ema60_distance"", ""overnight_vol_20""]",common_sample,rank:pairwise,5,2,"{""colsample_bytree"": 0.85, ""gamma"": 0.1, ""learning_rate"": 0.03, ""max_depth"": 5, ""min_child_weight"": 10, ""n_estimators"": 400, ""reg_alpha"": 1.0, ""reg_lambda"": 10.0, ""subsample"": 0.7}",0.004351922615177979,-0.003018301830183018,0.14808589513098078,0.49038461538461536,0.5096153846153846,0.029387826648370113,0.21191863171029093,0.4952737996625935,0.4927642844945081,0.5048654235115018,-0.0012054992552256577,-0.0018190725521281394,0.0012328648011200117,-0.00021003550731203065,-0.002438364056345669,-0.0016090370448161083,104,0.2344299851415249
all_eligible,31,"[""signed_volume_pressure_20"", ""return_volume_corr_20"", ""volume_cv_20"", ""ret_1d"", ""ret_5d"", ""vol_ratio_5_20"", ""overnight_gap"", ""volume_zscore_20"", ""close_location_value"", ""intraday_return"", ""ret_120d"", ""ema20_60_spread"", ""body_range_ratio"", ""ret_60d"", ""amihud_illiq_20"", ""breakout_position_60"", ""realized_vol_5"", ""rsi14_centered"", ""ema60_distance"", ""overnight_vol_20"", ""volume_trend_5_20"", ""gap_followthrough_20"", ""downside_vol_20"", ""momentum_20_5"", ""trend_r2_20"", ""macd_hist_atr"", ""ret_20d"", ""realized_vol_20"", ""ema20_distance"", ""return_autocorr_20"", ""parkinson_vol_20""]",common_sample,rank:ndcg,5,2,"{""colsample_bytree"": 0.85, ""gamma"": 0.1, ""learning_rate"": 0.03, ""max_depth"": 5, ""min_child_weight"": 10, ""n_estimators"": 400, ""reg_alpha"": 1.0, ""reg_lambda"": 10.0, ""subsample"": 0.7}",0.004078440627738673,-0.015361536153615362,0.17303613212633867,0.4230769230769231,0.5769230769230769,0.02356987860062016,0.16996481170199482,0.5078415748277105,0.5002429343330019,0.49883282302411536,-4.8660745701933875e-05,-0.0008153313501229393,0.0003929547499906747,0.00019844778154369378,-0.0004416154956926079,-0.0010137791316666323,104,0.3702661799123654
moderate_and_strong,20,"[""signed_volume_pressure_20"", ""return_volume_corr_20"", ""volume_cv_20"", ""ret_1d"", ""ret_5d"", ""vol_ratio_5_20"", ""overnight_gap"", ""volume_zscore_20"", ""close_location_value"", ""intraday_return"", ""ret_120d"", ""ema20_60_spread"", ""body_range_ratio"", ""ret_60d"", ""amihud_illiq_20"", ""breakout_position_60"", ""realized_vol_5"", ""rsi14_centered"", ""ema60_distance"", ""overnight_vol_20""]",common_sample,rank:ndcg,20,2,"{""colsample_bytree"": 0.85, ""gamma"": 0.1, ""learning_rate"": 0.03, ""max_depth"": 5, ""min_child_weight"": 10, ""n_estimators"": 400, ""reg_alpha"": 1.0, ""reg_lambda"": 10.0, ""subsample"": 0.7}",0.0040244883397038,-0.010633063306330633,0.17134692304913046,0.46153846153846156,0.5384615384615384,0.023487368597508197,0.16936982360807706,0.48501426396273756,0.5033664336529433,0.5261416237992209,-0.0025129916872046612,-0.0003790467607754376,0.001106625653005537,0.00036226500433216734,-0.003619617340210199,-0.0007413117651076049,104,0.6068133385135577
top_15,15,"[""signed_volume_pressure_20"", ""return_volume_corr_20"", ""volume_cv_20"", ""ret_1d"", ""ret_5d"", ""vol_ratio_5_20"", ""overnight_gap"", ""volume_zscore_20"", ""close_location_value"", ""intraday_return"", ""ret_120d"", ""ema20_60_spread"", ""body_range_ratio"", ""ret_60d"", ""amihud_illiq_20""]",common_sample,rank:pairwise,20,1,"{""colsample_bytree"": 1.0, ""gamma"": 0.1, ""learning_rate"": 0.03, ""max_depth"": 3, ""min_child_weight"": 5, ""n_estimators"": 400, ""reg_alpha"": 0.0, ""reg_lambda"": 5.0, ""subsample"": 0.85}",0.003966847178332877,0.010267026702670264,0.1565583423592363,0.5192307692307693,0.4807692307692308,0.0253378205118614,0.182713622128039,0.4826998518438649,0.5047044072320536,0.5273163200918839,-0.002471354575909387,-1.355406361973577e-05,0.000733224109532756,-0.0003812726158481644,-0.003204578685442142,0.00036771855222842825,104,0.19231660348864701
moderate_and_strong,20,"[""signed_volume_pressure_20"", ""return_volume_corr_20"", ""volume_cv_20"", ""ret_1d"", ""ret_5d"", ""vol_ratio_5_20"", ""overnight_gap"", ""volume_zscore_20"", ""close_location_value"", ""intraday_return"", ""ret_120d"", ""ema20_60_spread"", ""body_range_ratio"", ""ret_60d"", ""amihud_illiq_20"", ""breakout_position_60"", ""realized_vol_5"", ""rsi14_centered"", ""ema60_distance"", ""overnight_vol_20""]",common_sample,rank:ndcg,5,2,"{""colsample_bytree"": 0.85, ""gamma"": 0.1, ""learning_rate"": 0.03, ""max_depth"": 5, ""min_child_weight"": 10, ""n_estimators"": 400, ""reg_alpha"": 1.0, ""reg_lambda"": 10.0, ""subsample"": 0.7}",0.0035237846842116807,0.0035553576149787757,0.17010598555931863,0.5096153846153846,0.49038461538461536,0.020715230405474953,0.14937965081998125,0.49698738897088496,0.4918862426718568,0.4956968810443574,0.0005710096154804028,-1.3490712013229776e-05,-0.0007934993438659064,-0.00056466337343373,0.0013645089593463085,0.0005511726614205005,104,0.37815076542588383
moderate_and_strong,20,"[""signed_volume_pressure_20"", ""return_volume_corr_20"", ""volume_cv_20"", ""ret_1d"", ""ret_5d"", ""vol_ratio_5_20"", ""overnight_gap"", ""volume_zscore_20"", ""close_location_value"", ""intraday_return"", ""ret_120d"", ""ema20_60_spread"", ""body_range_ratio"", ""ret_60d"", ""amihud_illiq_20"", ""breakout_position_60"", ""realized_vol_5"", ""rsi14_centered"", ""ema60_distance"", ""overnight_vol_20""]",common_sample,rank:ndcg,10,2,"{""colsample_bytree"": 0.85, ""gamma"": 0.1, ""learning_rate"": 0.03, ""max_depth"": 5, ""min_child_weight"": 10, ""n_estimators"": 400, ""reg_alpha"": 1.0, ""reg_lambda"": 10.0, ""subsample"": 0.7}",0.0035161118261250695,-0.00549054905490549,0.1702946150974076,0.4807692307692308,0.5192307692307693,0.02064722847586151,0.14888928193187773,0.48126723616109923,0.4851648207295565,0.513954601297441,-0.0024460659239833476,-0.0020256455316736057,-0.0011038464922972868,-0.0008601069208954778,-0.0013422194316860616,-0.0011655386107781282,104,0.48218592084371126
moderate_and_strong,20,"[""signed_volume_pressure_20"", ""return_volume_corr_20"", ""volume_cv_20"", ""ret_1d"", ""ret_5d"", ""vol_ratio_5_20"", ""overnight_gap"", ""volume_zscore_20"", ""close_location_value"", ""intraday_return"", ""ret_120d"", ""ema20_60_spread"", ""body_range_ratio"", ""ret_60d"", ""amihud_illiq_20"", ""breakout_position_60"", ""realized_vol_5"", ""rsi14_centered"", ""ema60_distance"", ""overnight_vol_20""]",common_sample,rank:ndcg,20,1,"{""colsample_bytree"": 1.0, ""gamma"": 0.1, ""learning_rate"": 0.03, ""max_depth"": 3, ""min_child_weight"": 5, ""n_estimators"": 400, ""reg_alpha"": 0.0, ""reg_lambda"": 5.0, ""subsample"": 0.85}",0.0030455838689113757,-0.003816381638163816,0.17142801817967607,0.47115384615384615,0.5288461538461539,0.017765963237813653,0.12811218282389072,0.4793365639159705,0.4950863062471939,0.5192845347636563,-0.003900535051240277,-0.0023261392104912317,-1.7447380441110466e-05,-0.0006562300708976164,-0.0038830876707991666,-0.0016699091395936153,104,0.6194046770150845
moderate_and_strong,20,"[""signed_volume_pressure_20"", ""return_volume_corr_20"", ""volume_cv_20"", ""ret_1d"", ""ret_5d"", ""vol_ratio_5_20"", ""overnight_gap"", ""volume_zscore_20"", ""close_location_value"", ""intraday_return"", ""ret_120d"", ""ema20_60_spread"", ""body_range_ratio"", ""ret_60d"", ""amihud_illiq_20"", ""breakout_position_60"", ""realized_vol_5"", ""rsi14_centered"", ""ema60_distance"", ""overnight_vol_20""]",common_sample,rank:ndcg,10,0,"{""colsample_bytree"": 0.85, ""gamma"": 0.0, ""learning_rate"": 0.05, ""max_depth"": 2, ""min_child_weight"": 5, ""n_estimators"": 200, ""reg_alpha"": 0.1, ""reg_lambda"": 5.0, ""subsample"": 0.85}",0.0029935999159381487,0.005058505850585058,0.17107883739179422,0.5192307692307693,0.4807692307692308,0.01749836485667944,0.1261825034550696,0.49668454653068783,0.498692913765234,0.5190281092150234,-0.002514173041834408,-0.0009704277106972296,0.0007773714640380165,-9.791064015772556e-05,-0.003291544505872425,-0.0008725170705395043,104,0.39983446494891095
all_eligible,31,"[""signed_volume_pressure_20"", ""return_volume_corr_20"", ""volume_cv_20"", ""ret_1d"", ""ret_5d"", ""vol_ratio_5_20"", ""overnight_gap"", ""volume_zscore_20"", ""close_location_value"", ""intraday_return"", ""ret_120d"", ""ema20_60_spread"", ""body_range_ratio"", ""ret_60d"", ""amihud_illiq_20"", ""breakout_position_60"", ""realized_vol_5"", ""rsi14_centered"", ""ema60_distance"", ""overnight_vol_20"", ""volume_trend_5_20"", ""gap_followthrough_20"", ""downside_vol_20"", ""momentum_20_5"", ""trend_r2_20"", ""macd_hist_atr"", ""ret_20d"", ""realized_vol_20"", ""ema20_distance"", ""return_autocorr_20"", ""parkinson_vol_20""]",common_sample,rank:pairwise,10,1,"{""colsample_bytree"": 1.0, ""gamma"": 0.1, ""learning_rate"": 0.03, ""max_depth"": 3, ""min_child_weight"": 5, ""n_estimators"": 400, ""reg_alpha"": 0.0, ""reg_lambda"": 5.0, ""subsample"": 0.85}",0.0028285826584795834,-0.017335733573357333,0.16694311670648862,0.49038461538461536,0.5096153846153846,0.01694339194261397,0.12218053685875617,0.5037356746354065,0.49559158914574625,0.5171165284421113,0.00032554763941052716,-0.001304178352839682,-0.0007926229353702227,0.0006005475350599101,0.0011181705747807505,-0.0019047258878995923,104,0.21180235666151231
strong_only,3,"[""signed_volume_pressure_20"", ""return_volume_corr_20"", ""volume_cv_20""]",common_sample,rank:ndcg,10,0,"{""colsample_bytree"": 0.85, ""gamma"": 0.0, ""learning_rate"": 0.05, ""max_depth"": 2, ""min_child_weight"": 5, ""n_estimators"": 200, ""reg_alpha"": 0.1, ""reg_lambda"": 5.0, ""subsample"": 0.85}",0.002653430347726015,-0.001878198936104589,0.12581884044574132,0.49038461538461536,0.5096153846153846,0.021089292655421445,0.15207705206477626,0.49671248885694363,0.504885609295064,0.5203509632426752,-0.00014133556220051816,0.0016428094722300958,-0.0010860630958355309,0.0001055125801650193,0.0009447275336350125,0.0015372968920650775,104,0.16437070515866464
top_3,3,"[""signed_volume_pressure_20"", ""return_volume_corr_20"", ""volume_cv_20""]",common_sample,rank:ndcg,10,0,"{""colsample_bytree"": 0.85, ""gamma"": 0.0, ""learning_rate"": 0.05, ""max_depth"": 2, ""min_child_weight"": 5, ""n_estimators"": 200, ""reg_alpha"": 0.1, ""reg_lambda"": 5.0, ""subsample"": 0.85}",0.002653430347726015,-0.001878198936104589,0.12581884044574132,0.49038461538461536,0.5096153846153846,0.021089292655421445,0.15207705206477626,0.49671248885694363,0.504885609295064,0.5203509632426752,-0.00014133556220051816,0.0016428094722300958,-0.0010860630958355309,0.0001055125801650193,0.0009447275336350125,0.0015372968920650775,104,0.16437070515866464
moderate_and_strong,20,"[""signed_volume_pressure_20"", ""return_volume_corr_20"", ""volume_cv_20"", ""ret_1d"", ""ret_5d"", ""vol_ratio_5_20"", ""overnight_gap"", ""volume_zscore_20"", ""close_location_value"", ""intraday_return"", ""ret_120d"", ""ema20_60_spread"", ""body_range_ratio"", ""ret_60d"", ""amihud_illiq_20"", ""breakout_position_60"", ""realized_vol_5"", ""rsi14_centered"", ""ema60_distance"", ""overnight_vol_20""]",common_sample,rank:pairwise,10,2,"{""colsample_bytree"": 0.85, ""gamma"": 0.1, ""learning_rate"": 0.03, ""max_depth"": 5, ""min_child_weight"": 10, ""n_estimators"": 400, ""reg_alpha"": 1.0, ""reg_lambda"": 10.0, ""subsample"": 0.7}",0.0026192514895969055,0.005172517251725172,0.1540026356842509,0.5192307692307693,0.4807692307692308,0.017007835469563744,0.12264524574033446,0.5074942657644379,0.501131198907228,0.5244012315523155,0.0005619174994003445,-0.0008252193688145331,0.0006377241951310772,0.0006769678833909425,-7.580669573073329e-05,-0.001502187252205476,104,0.25618210134024805
moderate_and_strong,20,"[""signed_volume_pressure_20"", ""return_volume_corr_20"", ""volume_cv_20"", ""ret_1d"", ""ret_5d"", ""vol_ratio_5_20"", ""overnight_gap"", ""volume_zscore_20"", ""close_location_value"", ""intraday_return"", ""ret_120d"", ""ema20_60_spread"", ""body_range_ratio"", ""ret_60d"", ""amihud_illiq_20"", ""breakout_position_60"", ""realized_vol_5"", ""rsi14_centered"", ""ema60_distance"", ""overnight_vol_20""]",common_sample,rank:ndcg,5,0,"{""colsample_bytree"": 0.85, ""gamma"": 0.0, ""learning_rate"": 0.05, ""max_depth"": 2, ""min_child_weight"": 5, ""n_estimators"": 200, ""reg_alpha"": 0.1, ""reg_lambda"": 5.0, ""subsample"": 0.85}",0.002531839827469683,0.00099009900990099,0.16537595824187323,0.5,0.5,0.015309600345696565,0.11039909810654036,0.48423878812931,0.4927058779300198,0.4934019860943232,-0.0019634274250013625,-0.001013612279065397,-0.0004528804417967108,-0.0007418432522540187,-0.0015105469832046503,-0.0002717690268113781,104,0.27497061241704684
moderate_and_strong,20,"[""signed_volume_pressure_20"", ""return_volume_corr_20"", ""volume_cv_20"", ""ret_1d"", ""ret_5d"", ""vol_ratio_5_20"", ""overnight_gap"", ""volume_zscore_20"", ""close_location_value"", ""intraday_return"", ""ret_120d"", ""ema20_60_spread"", ""body_range_ratio"", ""ret_60d"", ""amihud_illiq_20"", ""breakout_position_60"", ""realized_vol_5"", ""rsi14_centered"", ""ema60_distance"", ""overnight_vol_20""]",common_sample,rank:ndcg,10,1,"{""colsample_bytree"": 1.0, ""gamma"": 0.1, ""learning_rate"": 0.03, ""max_depth"": 3, ""min_child_weight"": 5, ""n_estimators"": 400, ""reg_alpha"": 0.0, ""reg_lambda"": 5.0, ""subsample"": 0.85}",0.002443964858947297,-0.007710771077107711,0.17202762128587917,0.47115384615384615,0.5288461538461539,0.014206816560497944,0.10244681113997257,0.48400092517362475,0.48444174058951883,0.5126236774799721,-0.0028672498919432698,-0.002719643430976873,6.224368151816991e-05,-0.00022519335102686797,-0.0029294935734614407,-0.0024944500799500054,104,0.46313135583813375
top_15,15,"[""signed_volume_pressure_20"", ""return_volume_corr_20"", ""volume_cv_20"", ""ret_1d"", ""ret_5d"", ""vol_ratio_5_20"", ""overnight_gap"", ""volume_zscore_20"", ""close_location_value"", ""intraday_return"", ""ret_120d"", ""ema20_60_spread"", ""body_range_ratio"", ""ret_60d"", ""amihud_illiq_20""]",common_sample,rank:ndcg,20,2,"{""colsample_bytree"": 0.85, ""gamma"": 0.1, ""learning_rate"": 0.03, ""max_depth"": 5, ""min_child_weight"": 10, ""n_estimators"": 400, ""reg_alpha"": 1.0, ""reg_lambda"": 10.0, ""subsample"": 0.7}",0.002291294863701749,-0.007392739273927392,0.16711367877294944,0.47115384615384615,0.5288461538461539,0.013710995296889121,0.09887139316115866,0.4818667006146323,0.49329044344944095,0.5256685216620007,-0.003904301486242324,-0.0026242356971415467,9.875944591094514e-05,0.0001511114016946709,-0.0040030609321532705,-0.0027753470988362175,104,0.6156192576655974
all_eligible,31,"[""signed_volume_pressure_20"", ""return_volume_corr_20"", ""volume_cv_20"", ""ret_1d"", ""ret_5d"", ""vol_ratio_5_20"", ""overnight_gap"", ""volume_zscore_20"", ""close_location_value"", ""intraday_return"", ""ret_120d"", ""ema20_60_spread"", ""body_range_ratio"", ""ret_60d"", ""amihud_illiq_20"", ""breakout_position_60"", ""realized_vol_5"", ""rsi14_centered"", ""ema60_distance"", ""overnight_vol_20"", ""volume_trend_5_20"", ""gap_followthrough_20"", ""downside_vol_20"", ""momentum_20_5"", ""trend_r2_20"", ""macd_hist_atr"", ""ret_20d"", ""realized_vol_20"", ""ema20_distance"", ""return_autocorr_20"", ""parkinson_vol_20""]",common_sample,rank:pairwise,20,0,"{""colsample_bytree"": 0.85, ""gamma"": 0.0, ""learning_rate"": 0.05, ""max_depth"": 2, ""min_child_weight"": 5, ""n_estimators"": 200, ""reg_alpha"": 0.1, ""reg_lambda"": 5.0, ""subsample"": 0.85}",0.0020561205379327806,-0.01540356737756143,0.1617024580153283,0.4807692307692308,0.5192307692307693,0.0127154562965139,0.0916924593360046,0.49350422833092805,0.5111709155348788,0.5314391204403616,-0.004997814524045226,-0.0005022294295148346,0.0003650469905264221,1.3810037250360032e-05,-0.005362861514571647,-0.0005160394667651945,104,0.07549878636088508
core_plus_fundamental,6,"[""signed_volume_pressure_20"", ""ret_1d"", ""vol_ratio_5_20"", ""overnight_gap"", ""close_location_value"", ""cashflow_to_assets""]",common_sample,rank:ndcg,20,1,"{""colsample_bytree"": 1.0, ""gamma"": 0.1, ""learning_rate"": 0.03, ""max_depth"": 3, ""min_child_weight"": 5, ""n_estimators"": 400, ""reg_alpha"": 0.0, ""reg_lambda"": 5.0, ""subsample"": 0.85}",0.0020336809844035747,-0.020048004800480045,0.13867356189370494,0.49038461538461536,0.5096153846153846,0.014665239405636793,0.10575254528795698,0.5204379632452754,0.5147968443058348,0.5277778069646862,-0.00036580046394554713,-0.0005115155373294442,9.950729763706659e-05,0.0004290259933445111,-0.0004653077615826143,-0.0009405415306739551,104,0.41736396946586096
moderate_and_strong,20,"[""signed_volume_pressure_20"", ""return_volume_corr_20"", ""volume_cv_20"", ""ret_1d"", ""ret_5d"", ""vol_ratio_5_20"", ""overnight_gap"", ""volume_zscore_20"", ""close_location_value"", ""intraday_return"", ""ret_120d"", ""ema20_60_spread"", ""body_range_ratio"", ""ret_60d"", ""amihud_illiq_20"", ""breakout_position_60"", ""realized_vol_5"", ""rsi14_centered"", ""ema60_distance"", ""overnight_vol_20""]",common_sample,rank:pairwise,20,1,"{""colsample_bytree"": 1.0, ""gamma"": 0.1, ""learning_rate"": 0.03, ""max_depth"": 3, ""min_child_weight"": 5, ""n_estimators"": 400, ""reg_alpha"": 0.0, ""reg_lambda"": 5.0, ""subsample"": 0.85}",0.0017682092279439439,0.000804080408040804,0.15592378626608122,0.5,0.5,0.01134021479523673,0.08177545183800279,0.4954145038892201,0.510035588258284,0.5301565624809317,-0.002020249928645464,-0.0003849870043464807,-0.00037319633106914043,2.070559004226505e-06,-0.0016470535975763232,-0.00038705756335070685,104,0.2042024923631778
top_15,15,"[""signed_volume_pressure_20"", ""return_volume_corr_20"", ""volume_cv_20"", ""ret_1d"", ""ret_5d"", ""vol_ratio_5_20"", ""overnight_gap"", ""volume_zscore_20"", ""close_location_value"", ""intraday_return"", ""ret_120d"", ""ema20_60_spread"", ""body_range_ratio"", ""ret_60d"", ""amihud_illiq_20""]",common_sample,rank:pairwise,5,0,"{""colsample_bytree"": 0.85, ""gamma"": 0.0, ""learning_rate"": 0.05, ""max_depth"": 2, ""min_child_weight"": 5, ""n_estimators"": 200, ""reg_alpha"": 0.1, ""reg_lambda"": 5.0, ""subsample"": 0.85}",0.0016746762927918922,-0.003936393639363937,0.1641487168839916,0.49038461538461536,0.5096153846153846,0.010202189359636798,0.0735690337163272,0.4932069600180767,0.5021904136844527,0.5022638418517077,-0.00025022962061843444,0.0009410351477634089,-0.0011640359450110214,-0.00023871723079022487,0.0009138063243925861,0.001179752378553634,104,0.10658838922301164
all_eligible,31,"[""signed_volume_pressure_20"", ""return_volume_corr_20"", ""volume_cv_20"", ""ret_1d"", ""ret_5d"", ""vol_ratio_5_20"", ""overnight_gap"", ""volume_zscore_20"", ""close_location_value"", ""intraday_return"", ""ret_120d"", ""ema20_60_spread"", ""body_range_ratio"", ""ret_60d"", ""amihud_illiq_20"", ""breakout_position_60"", ""realized_vol_5"", ""rsi14_centered"", ""ema60_distance"", ""overnight_vol_20"", ""volume_trend_5_20"", ""gap_followthrough_20"", ""downside_vol_20"", ""momentum_20_5"", ""trend_r2_20"", ""macd_hist_atr"", ""ret_20d"", ""realized_vol_20"", ""ema20_distance"", ""return_autocorr_20"", ""parkinson_vol_20""]",common_sample,rank:pairwise,20,1,"{""colsample_bytree"": 1.0, ""gamma"": 0.1, ""learning_rate"": 0.03, ""max_depth"": 3, ""min_child_weight"": 5, ""n_estimators"": 400, ""reg_alpha"": 0.0, ""reg_lambda"": 5.0, ""subsample"": 0.85}",0.0015667239665442727,-0.008538853885388538,0.1631997328591471,0.46153846153846156,0.5384615384615384,0.009600040019038917,0.06922687307030222,0.5099939706624923,0.5215868238761432,0.5325094869588864,-0.0015660771179402627,6.931175909757759e-05,0.0020988691981713437,0.0003901262662977825,-0.003664946316111607,-0.0003208145072002048,104,0.20212182474250978
all_eligible,31,"[""signed_volume_pressure_20"", ""return_volume_corr_20"", ""volume_cv_20"", ""ret_1d"", ""ret_5d"", ""vol_ratio_5_20"", ""overnight_gap"", ""volume_zscore_20"", ""close_location_value"", ""intraday_return"", ""ret_120d"", ""ema20_60_spread"", ""body_range_ratio"", ""ret_60d"", ""amihud_illiq_20"", ""breakout_position_60"", ""realized_vol_5"", ""rsi14_centered"", ""ema60_distance"", ""overnight_vol_20"", ""volume_trend_5_20"", ""gap_followthrough_20"", ""downside_vol_20"", ""momentum_20_5"", ""trend_r2_20"", ""macd_hist_atr"", ""ret_20d"", ""realized_vol_20"", ""ema20_distance"", ""return_autocorr_20"", ""parkinson_vol_20""]",common_sample,rank:ndcg,10,2,"{""colsample_bytree"": 0.85, ""gamma"": 0.1, ""learning_rate"": 0.03, ""max_depth"": 5, ""min_child_weight"": 10, ""n_estimators"": 400, ""reg_alpha"": 1.0, ""reg_lambda"": 10.0, ""subsample"": 0.7}",0.001508680919289978,-0.025298529852985294,0.17102339889773413,0.46153846153846156,0.5384615384615384,0.008821488340271586,0.06361265707351385,0.4989025013336406,0.4948059641924403,0.5179429035472863,-0.0017461127822364362,-0.0011805833160174705,-6.395413562074519e-05,-0.00028449340606912817,-0.001682158646615691,-0.0008960899099483429,104,0.49905147374822545
moderate_and_strong,20,"[""signed_volume_pressure_20"", ""return_volume_corr_20"", ""volume_cv_20"", ""ret_1d"", ""ret_5d"", ""vol_ratio_5_20"", ""overnight_gap"", ""volume_zscore_20"", ""close_location_value"", ""intraday_return"", ""ret_120d"", ""ema20_60_spread"", ""body_range_ratio"", ""ret_60d"", ""amihud_illiq_20"", ""breakout_position_60"", ""realized_vol_5"", ""rsi14_centered"", ""ema60_distance"", ""overnight_vol_20""]",common_sample,rank:ndcg,5,1,"{""colsample_bytree"": 1.0, ""gamma"": 0.1, ""learning_rate"": 0.03, ""max_depth"": 3, ""min_child_weight"": 5, ""n_estimators"": 400, ""reg_alpha"": 0.0, ""reg_lambda"": 5.0, ""subsample"": 0.85}",0.0012805420273667792,-0.0032523252325232514,0.16682100490434712,0.5,0.5,0.007676143829136051,0.05535346034757304,0.5026127252422152,0.4982846975584312,0.49983309646924307,-0.0021392686317723,-0.0020993544405446254,-0.0007650742857486264,1.1713540147384353e-05,-0.0013741943460236735,-0.00211106798069201,104,0.34844165954452294
moderate_and_strong,20,"[""signed_volume_pressure_20"", ""return_volume_corr_20"", ""volume_cv_20"", ""ret_1d"", ""ret_5d"", ""vol_ratio_5_20"", ""overnight_gap"", ""volume_zscore_20"", ""close_location_value"", ""intraday_return"", ""ret_120d"", ""ema20_60_spread"", ""body_range_ratio"", ""ret_60d"", ""amihud_illiq_20"", ""breakout_position_60"", ""realized_vol_5"", ""rsi14_centered"", ""ema60_distance"", ""overnight_vol_20""]",common_sample,rank:pairwise,5,0,"{""colsample_bytree"": 0.85, ""gamma"": 0.0, ""learning_rate"": 0.05, ""max_depth"": 2, ""min_child_weight"": 5, ""n_estimators"": 200, ""reg_alpha"": 0.1, ""reg_lambda"": 5.0, ""subsample"": 0.85}",0.0010640549334414396,-0.018715871587158713,0.16618641103567322,0.46153846153846156,0.5384615384615384,0.006402779425888389,0.04617109905105293,0.47531640965756566,0.4787359055614407,0.4923555477803666,-0.001607162906364768,-0.0011290922499001895,0.002368343470084781,0.000582361934652032,-0.003975506376449548,-0.0017114541845522214,104,0.1090985184821945
core_plus_fundamental,6,"[""signed_volume_pressure_20"", ""ret_1d"", ""vol_ratio_5_20"", ""overnight_gap"", ""close_location_value"", ""cashflow_to_assets""]",common_sample,rank:ndcg,20,0,"{""colsample_bytree"": 0.85, ""gamma"": 0.0, ""learning_rate"": 0.05, ""max_depth"": 2, ""min_child_weight"": 5, ""n_estimators"": 200, ""reg_alpha"": 0.1, ""reg_lambda"": 5.0, ""subsample"": 0.85}",0.0009339260293961174,-0.013054486254561392,0.13484635534456924,0.46153846153846156,0.5384615384615384,0.006925852960650524,0.049943035951899084,0.5370487517762476,0.5316872556814363,0.5346255468395724,0.0038106671956385984,0.0010088951355208384,-0.0004992392795873965,0.00019445860615325712,0.0043099064752259945,0.0008144365293675814,104,0.3206534937310677
extended,7,"[""signed_volume_pressure_20"", ""ret_1d"", ""vol_ratio_5_20"", ""overnight_gap"", ""close_location_value"", ""cashflow_to_assets"", ""return_volume_corr_20""]",common_sample,rank:ndcg,20,1,"{""colsample_bytree"": 1.0, ""gamma"": 0.1, ""learning_rate"": 0.03, ""max_depth"": 3, ""min_child_weight"": 5, ""n_estimators"": 400, ""reg_alpha"": 0.0, ""reg_lambda"": 5.0, ""subsample"": 0.85}",0.0006990078369614875,0.011983198319831983,0.13732772212024835,0.5096153846153846,0.49038461538461536,0.005090070862381412,0.03670502298012278,0.5374437271570497,0.5222662354349132,0.5346097362745474,0.002904659158124615,-0.00020653942956760555,0.0010994279697155189,0.0009379664444707986,0.001805231188409097,-0.0011445058740384042,104,0.4092546956470379
extended,7,"[""signed_volume_pressure_20"", ""ret_1d"", ""vol_ratio_5_20"", ""overnight_gap"", ""close_location_value"", ""cashflow_to_assets"", ""return_volume_corr_20""]",common_sample,rank:ndcg,20,0,"{""colsample_bytree"": 0.85, ""gamma"": 0.0, ""learning_rate"": 0.05, ""max_depth"": 2, ""min_child_weight"": 5, ""n_estimators"": 200, ""reg_alpha"": 0.1, ""reg_lambda"": 5.0, ""subsample"": 0.85}",0.000520379297815988,-0.01251125112511251,0.1295977795085694,0.4326923076923077,0.5673076923076923,0.004015341156223891,0.0289550368544922,0.5308722549962634,0.5197515906103057,0.5307283569733404,0.002341273476603938,-0.0003320731422296753,0.00014924895925129652,0.0002653212258976858,0.0021920245173526415,-0.0005973943681273612,104,0.31604362995578694
top_15,15,"[""signed_volume_pressure_20"", ""return_volume_corr_20"", ""volume_cv_20"", ""ret_1d"", ""ret_5d"", ""vol_ratio_5_20"", ""overnight_gap"", ""volume_zscore_20"", ""close_location_value"", ""intraday_return"", ""ret_120d"", ""ema20_60_spread"", ""body_range_ratio"", ""ret_60d"", ""amihud_illiq_20""]",common_sample,rank:ndcg,5,2,"{""colsample_bytree"": 0.85, ""gamma"": 0.1, ""learning_rate"": 0.03, ""max_depth"": 5, ""min_child_weight"": 10, ""n_estimators"": 400, ""reg_alpha"": 1.0, ""reg_lambda"": 10.0, ""subsample"": 0.7}",0.00039348943370799694,-0.012787278727872785,0.1689514549241364,0.46153846153846156,0.5384615384615384,0.0023290088498183334,0.01679472165805882,0.5050387509952236,0.502589829832298,0.4959704926892294,-0.0014766770126397014,-0.00011186162401906982,-3.204374394496976e-05,-0.00015586611958184305,-0.0014446332686947328,4.4004495562773374e-05,104,0.38311552800811255
top_15,15,"[""signed_volume_pressure_20"", ""return_volume_corr_20"", ""volume_cv_20"", ""ret_1d"", ""ret_5d"", ""vol_ratio_5_20"", ""overnight_gap"", ""volume_zscore_20"", ""close_location_value"", ""intraday_return"", ""ret_120d"", ""ema20_60_spread"", ""body_range_ratio"", ""ret_60d"", ""amihud_illiq_20""]",common_sample,rank:ndcg,20,1,"{""colsample_bytree"": 1.0, ""gamma"": 0.1, ""learning_rate"": 0.03, ""max_depth"": 3, ""min_child_weight"": 5, ""n_estimators"": 400, ""reg_alpha"": 0.0, ""reg_lambda"": 5.0, ""subsample"": 0.85}",0.00034415768910289957,0.005247538948378161,0.17043374961692973,0.5096153846153846,0.49038461538461536,0.002019304802460987,0.01456141401212754,0.47883545398803634,0.49211539970819085,0.5211697088220125,-0.004895729085167898,-0.003390959784959564,0.0014942096976090424,0.00031155057037754664,-0.006389938782776942,-0.003702510355337111,104,0.605738779100088
core_plus_fundamental,6,"[""signed_volume_pressure_20"", ""ret_1d"", ""vol_ratio_5_20"", ""overnight_gap"", ""close_location_value"", ""cashflow_to_assets""]",common_sample,rank:ndcg,20,2,"{""colsample_bytree"": 0.85, ""gamma"": 0.1, ""learning_rate"": 0.03, ""max_depth"": 5, ""min_child_weight"": 10, ""n_estimators"": 400, ""reg_alpha"": 1.0, ""reg_lambda"": 10.0, ""subsample"": 0.7}",0.0002592346818507428,-0.02455445544554455,0.13697860834038683,0.4519230769230769,0.5480769230769231,0.0018925194597287345,0.013647151903730717,0.5102711171556682,0.5163677000966275,0.5340919166956295,-0.0008622790133869048,-0.0003707686551006115,0.0008477761168993144,0.0009582000014588302,-0.0017100551302862198,-0.0013289686565594418,104,0.4556379940074224
strong_only,3,"[""signed_volume_pressure_20"", ""return_volume_corr_20"", ""volume_cv_20""]",common_sample,rank:ndcg,10,2,"{""colsample_bytree"": 0.85, ""gamma"": 0.1, ""learning_rate"": 0.03, ""max_depth"": 5, ""min_child_weight"": 10, ""n_estimators"": 400, ""reg_alpha"": 1.0, ""reg_lambda"": 10.0, ""subsample"": 0.7}",0.00010524766147595583,0.0016621641281946006,0.11348981949212511,0.5,0.5,0.0009273753535510628,0.006687398777659804,0.48900303482345825,0.48493526877024884,0.5095858854646825,-0.0015285886194492137,-0.001402138134344384,-0.0009665489876636602,-0.0008573682784137031,-0.0005620396317855529,-0.0005447698559306811,104,0.20829041302204132
top_3,3,"[""signed_volume_pressure_20"", ""return_volume_corr_20"", ""volume_cv_20""]",common_sample,rank:ndcg,10,2,"{""colsample_bytree"": 0.85, ""gamma"": 0.1, ""learning_rate"": 0.03, ""max_depth"": 5, ""min_child_weight"": 10, ""n_estimators"": 400, ""reg_alpha"": 1.0, ""reg_lambda"": 10.0, ""subsample"": 0.7}",0.00010524766147595583,0.0016621641281946006,0.11348981949212511,0.5,0.5,0.0009273753535510628,0.006687398777659804,0.48900303482345825,0.48493526877024884,0.5095858854646825,-0.0015285886194492137,-0.001402138134344384,-0.0009665489876636602,-0.0008573682784137031,-0.0005620396317855529,-0.0005447698559306811,104,0.20829041302204132
all_eligible,31,"[""signed_volume_pressure_20"", ""return_volume_corr_20"", ""volume_cv_20"", ""ret_1d"", ""ret_5d"", ""vol_ratio_5_20"", ""overnight_gap"", ""volume_zscore_20"", ""close_location_value"", ""intraday_return"", ""ret_120d"", ""ema20_60_spread"", ""body_range_ratio"", ""ret_60d"", ""amihud_illiq_20"", ""breakout_position_60"", ""realized_vol_5"", ""rsi14_centered"", ""ema60_distance"", ""overnight_vol_20"", ""volume_trend_5_20"", ""gap_followthrough_20"", ""downside_vol_20"", ""momentum_20_5"", ""trend_r2_20"", ""macd_hist_atr"", ""ret_20d"", ""realized_vol_20"", ""ema20_distance"", ""return_autocorr_20"", ""parkinson_vol_20""]",common_sample,rank:pairwise,10,2,"{""colsample_bytree"": 0.85, ""gamma"": 0.1, ""learning_rate"": 0.03, ""max_depth"": 5, ""min_child_weight"": 10, ""n_estimators"": 400, ""reg_alpha"": 1.0, ""reg_lambda"": 10.0, ""subsample"": 0.7}",-0.0009077723875728051,-0.017977797779777975,0.1621492337053864,0.4519230769230769,0.5480769230769231,-0.005598376056603282,-0.04037046386282604,0.487730003330715,0.4961934670688745,0.5181971886235537,-0.0038356368516633617,-0.0017661665359297019,0.0003984976330874488,0.00021807605056780823,-0.004234134484750811,-0.001984242586497509,104,0.24762390009485757
top_15,15,"[""signed_volume_pressure_20"", ""return_volume_corr_20"", ""volume_cv_20"", ""ret_1d"", ""ret_5d"", ""vol_ratio_5_20"", ""overnight_gap"", ""volume_zscore_20"", ""close_location_value"", ""intraday_return"", ""ret_120d"", ""ema20_60_spread"", ""body_range_ratio"", ""ret_60d"", ""amihud_illiq_20""]",common_sample,rank:ndcg,10,0,"{""colsample_bytree"": 0.85, ""gamma"": 0.0, ""learning_rate"": 0.05, ""max_depth"": 2, ""min_child_weight"": 5, ""n_estimators"": 200, ""reg_alpha"": 0.1, ""reg_lambda"": 5.0, ""subsample"": 0.85}",-0.0013880055935623016,0.005250525052505251,0.1721075565279896,0.5,0.5,-0.008064756839055887,-0.05815578861472976,0.4845661680940142,0.4811814709489053,0.5122903189649826,-0.0022668685919512935,-0.0029480031332698043,0.0002728572227506408,0.000367310673472036,-0.0025397258147019357,-0.0033153138067418394,104,0.3896932418529804
all_eligible,31,"[""signed_volume_pressure_20"", ""return_volume_corr_20"", ""volume_cv_20"", ""ret_1d"", ""ret_5d"", ""vol_ratio_5_20"", ""overnight_gap"", ""volume_zscore_20"", ""close_location_value"", ""intraday_return"", ""ret_120d"", ""ema20_60_spread"", ""body_range_ratio"", ""ret_60d"", ""amihud_illiq_20"", ""breakout_position_60"", ""realized_vol_5"", ""rsi14_centered"", ""ema60_distance"", ""overnight_vol_20"", ""volume_trend_5_20"", ""gap_followthrough_20"", ""downside_vol_20"", ""momentum_20_5"", ""trend_r2_20"", ""macd_hist_atr"", ""ret_20d"", ""realized_vol_20"", ""ema20_distance"", ""return_autocorr_20"", ""parkinson_vol_20""]",common_sample,rank:pairwise,5,0,"{""colsample_bytree"": 0.85, ""gamma"": 0.0, ""learning_rate"": 0.05, ""max_depth"": 2, ""min_child_weight"": 5, ""n_estimators"": 200, ""reg_alpha"": 0.1, ""reg_lambda"": 5.0, ""subsample"": 0.85}",-0.001457007643645087,-0.013039303930393037,0.16387165765935974,0.46153846153846156,0.5384615384615384,-0.008891150943708466,-0.06411500125086182,0.5261929607269822,0.5072558277184913,0.5074997621160248,0.0024724887713487454,-0.0004298287890432796,0.002189721364560214,0.0010360456071992507,0.00028276740678853115,-0.0014658743962425308,104,0.10979071556805418
top_15,15,"[""signed_volume_pressure_20"", ""return_volume_corr_20"", ""volume_cv_20"", ""ret_1d"", ""ret_5d"", ""vol_ratio_5_20"", ""overnight_gap"", ""volume_zscore_20"", ""close_location_value"", ""intraday_return"", ""ret_120d"", ""ema20_60_spread"", ""body_range_ratio"", ""ret_60d"", ""amihud_illiq_20""]",common_sample,rank:ndcg,20,0,"{""colsample_bytree"": 0.85, ""gamma"": 0.0, ""learning_rate"": 0.05, ""max_depth"": 2, ""min_child_weight"": 5, ""n_estimators"": 200, ""reg_alpha"": 0.1, ""reg_lambda"": 5.0, ""subsample"": 0.85}",-0.0017144500615223469,0.006006607555476045,0.17358407814893378,0.5096153846153846,0.49038461538461536,-0.009876770264905068,-0.07122240325218654,0.4730874851202212,0.4927734667531269,0.5218608182492515,-0.005020015260543954,-0.0028730395183140115,0.0007345194244776078,7.847954740422853e-05,-0.00575453468502156,-0.0029515190657182404,104,0.5399148788016576
top_8,8,"[""signed_volume_pressure_20"", ""return_volume_corr_20"", ""volume_cv_20"", ""ret_1d"", ""ret_5d"", ""vol_ratio_5_20"", ""overnight_gap"", ""volume_zscore_20""]",common_sample,rank:ndcg,20,0,"{""colsample_bytree"": 0.85, ""gamma"": 0.0, ""learning_rate"": 0.05, ""max_depth"": 2, ""min_child_weight"": 5, ""n_estimators"": 200, ""reg_alpha"": 0.1, ""reg_lambda"": 5.0, ""subsample"": 0.85}",-0.0017345983480668884,0.0011941194119411938,0.13765647436764322,0.5096153846153846,0.49038461538461536,-0.012600920923154296,-0.09086653301299968,0.5273327922166291,0.5265136899418207,0.5332512476496677,0.0027204063533601535,0.0008313119557786929,0.0009046405693374254,0.0008053861365782892,0.0018157657840227283,2.592581920040392e-05,104,0.3246005607339052
all_eligible,31,"[""signed_volume_pressure_20"", ""return_volume_corr_20"", ""volume_cv_20"", ""ret_1d"", ""ret_5d"", ""vol_ratio_5_20"", ""overnight_gap"", ""volume_zscore_20"", ""close_location_value"", ""intraday_return"", ""ret_120d"", ""ema20_60_spread"", ""body_range_ratio"", ""ret_60d"", ""amihud_illiq_20"", ""breakout_position_60"", ""realized_vol_5"", ""rsi14_centered"", ""ema60_distance"", ""overnight_vol_20"", ""volume_trend_5_20"", ""gap_followthrough_20"", ""downside_vol_20"", ""momentum_20_5"", ""trend_r2_20"", ""macd_hist_atr"", ""ret_20d"", ""realized_vol_20"", ""ema20_distance"", ""return_autocorr_20"", ""parkinson_vol_20""]",common_sample,rank:ndcg,5,1,"{""colsample_bytree"": 1.0, ""gamma"": 0.1, ""learning_rate"": 0.03, ""max_depth"": 3, ""min_child_weight"": 5, ""n_estimators"": 400, ""reg_alpha"": 0.0, ""reg_lambda"": 5.0, ""subsample"": 0.85}",-0.0020426941817005407,-0.031695169516951685,0.16796365915351968,0.3942307692307692,0.6057692307692307,-0.012161524653577041,-0.0876980014525829,0.4981509396181681,0.4975843866780847,0.49594069226160353,-0.001331468515370905,-0.00018033667965886452,0.0005564608011764532,0.0001300393327886342,-0.0018879293165473573,-0.0003103760124474989,104,0.35740200501795
all_eligible,31,"[""signed_volume_pressure_20"", ""return_volume_corr_20"", ""volume_cv_20"", ""ret_1d"", ""ret_5d"", ""vol_ratio_5_20"", ""overnight_gap"", ""volume_zscore_20"", ""close_location_value"", ""intraday_return"", ""ret_120d"", ""ema20_60_spread"", ""body_range_ratio"", ""ret_60d"", ""amihud_illiq_20"", ""breakout_position_60"", ""realized_vol_5"", ""rsi14_centered"", ""ema60_distance"", ""overnight_vol_20"", ""volume_trend_5_20"", ""gap_followthrough_20"", ""downside_vol_20"", ""momentum_20_5"", ""trend_r2_20"", ""macd_hist_atr"", ""ret_20d"", ""realized_vol_20"", ""ema20_distance"", ""return_autocorr_20"", ""parkinson_vol_20""]",common_sample,rank:ndcg,5,0,"{""colsample_bytree"": 0.85, ""gamma"": 0.0, ""learning_rate"": 0.05, ""max_depth"": 2, ""min_child_weight"": 5, ""n_estimators"": 200, ""reg_alpha"": 0.1, ""reg_lambda"": 5.0, ""subsample"": 0.85}",-0.002096233652155072,-0.024056405640564053,0.16646177225234374,0.4423076923076923,0.5576923076923077,-0.012592883181475065,-0.09080857203347288,0.5089548635494244,0.5111392278055354,0.5002775606571845,-0.0024556300348971796,-0.0005497858781549198,0.00031844740987655725,0.0004571125590129656,-0.0027740774447737367,-0.0010068984371678857,104,0.28050355742184013
all_eligible,31,"[""signed_volume_pressure_20"", ""return_volume_corr_20"", ""volume_cv_20"", ""ret_1d"", ""ret_5d"", ""vol_ratio_5_20"", ""overnight_gap"", ""volume_zscore_20"", ""close_location_value"", ""intraday_return"", ""ret_120d"", ""ema20_60_spread"", ""body_range_ratio"", ""ret_60d"", ""amihud_illiq_20"", ""breakout_position_60"", ""realized_vol_5"", ""rsi14_centered"", ""ema60_distance"", ""overnight_vol_20"", ""volume_trend_5_20"", ""gap_followthrough_20"", ""downside_vol_20"", ""momentum_20_5"", ""trend_r2_20"", ""macd_hist_atr"", ""ret_20d"", ""realized_vol_20"", ""ema20_distance"", ""return_autocorr_20"", ""parkinson_vol_20""]",common_sample,rank:ndcg,20,2,"{""colsample_bytree"": 0.85, ""gamma"": 0.1, ""learning_rate"": 0.03, ""max_depth"": 5, ""min_child_weight"": 10, ""n_estimators"": 400, ""reg_alpha"": 1.0, ""reg_lambda"": 10.0, ""subsample"": 0.7}",-0.002369323891861069,-0.021038103810381036,0.171948659272175,0.4519230769230769,0.5480769230769231,-0.013779251910948028,-0.09936359860491654,0.4888283806499643,0.4988183283765034,0.5255822281356466,-0.001082989970003031,-0.001615259874587002,0.0016089074683055616,0.0006830441997080366,-0.0026918974383085925,-0.002298304074295039,104,0.6417839836615783
core_plus_fundamental,6,"[""signed_volume_pressure_20"", ""ret_1d"", ""vol_ratio_5_20"", ""overnight_gap"", ""close_location_value"", ""cashflow_to_assets""]",common_sample,rank:ndcg,10,0,"{""colsample_bytree"": 0.85, ""gamma"": 0.0, ""learning_rate"": 0.05, ""max_depth"": 2, ""min_child_weight"": 5, ""n_estimators"": 200, ""reg_alpha"": 0.1, ""reg_lambda"": 5.0, ""subsample"": 0.85}",-0.0023817020796189983,-0.024032537405570473,0.12960971412868683,0.4519230769230769,0.5480769230769231,-0.018375953497237522,-0.13251088513966341,0.5335051871647528,0.517574216086435,0.5272088782501139,0.0020978633013253667,0.00021125001544024808,0.00215541165434798,0.0014206322256624109,-5.754835302261296e-05,-0.0012093822102221625,104,0.24526660502530062
core_5,5,"[""signed_volume_pressure_20"", ""ret_1d"", ""vol_ratio_5_20"", ""overnight_gap"", ""close_location_value""]",common_sample,rank:ndcg,20,2,"{""colsample_bytree"": 0.85, ""gamma"": 0.1, ""learning_rate"": 0.03, ""max_depth"": 5, ""min_child_weight"": 10, ""n_estimators"": 400, ""reg_alpha"": 1.0, ""reg_lambda"": 10.0, ""subsample"": 0.7}",-0.00307992606538745,-0.014233423342334232,0.13255894213368277,0.47115384615384615,0.5288461538461539,-0.023234389289870858,-0.16754556387744143,0.5019842093218281,0.5035038812027444,0.5255374337950969,-0.0024134746786322603,-0.0020356587267485256,-0.0006594328609167941,-0.0002322825844004337,-0.0017540418177154659,-0.0018033761423480918,104,0.4473211235151841
top_10,10,"[""signed_volume_pressure_20"", ""return_volume_corr_20"", ""volume_cv_20"", ""ret_1d"", ""ret_5d"", ""vol_ratio_5_20"", ""overnight_gap"", ""volume_zscore_20"", ""close_location_value"", ""intraday_return""]",common_sample,rank:ndcg,20,0,"{""colsample_bytree"": 0.85, ""gamma"": 0.0, ""learning_rate"": 0.05, ""max_depth"": 2, ""min_child_weight"": 5, ""n_estimators"": 200, ""reg_alpha"": 0.1, ""reg_lambda"": 5.0, ""subsample"": 0.85}",-0.0033415555713489672,-0.014221525845286888,0.1446666993334176,0.4519230769230769,0.5480769230769231,-0.023098305185269938,-0.166564247443613,0.5093226664052111,0.516880315715831,0.5313165656140139,-0.0005854013220103908,-0.000591176505675698,-0.0005289192476986878,-0.0004295648953835837,-5.648207431170295e-05,-0.0001616116102921142,104,0.3673417210005797
extended,7,"[""signed_volume_pressure_20"", ""ret_1d"", ""vol_ratio_5_20"", ""overnight_gap"", ""close_location_value"", ""cashflow_to_assets"", ""return_volume_corr_20""]",common_sample,rank:ndcg,10,0,"{""colsample_bytree"": 0.85, ""gamma"": 0.0, ""learning_rate"": 0.05, ""max_depth"": 2, ""min_child_weight"": 5, ""n_estimators"": 200, ""reg_alpha"": 0.1, ""reg_lambda"": 5.0, ""subsample"": 0.85}",-0.0033695794116737118,-0.01035103510351035,0.12981018247598983,0.4807692307692308,0.5192307692307693,-0.02595774343277702,-0.18718394988443235,0.5332446684093268,0.513886293517428,0.5214264275430314,0.003816874995046927,-0.00020812822066529907,0.0011693223719545264,-0.00010773989750936997,0.0026475526230924,-0.00010038832315592897,104,0.23841730806116873
top_15,15,"[""signed_volume_pressure_20"", ""return_volume_corr_20"", ""volume_cv_20"", ""ret_1d"", ""ret_5d"", ""vol_ratio_5_20"", ""overnight_gap"", ""volume_zscore_20"", ""close_location_value"", ""intraday_return"", ""ret_120d"", ""ema20_60_spread"", ""body_range_ratio"", ""ret_60d"", ""amihud_illiq_20""]",common_sample,rank:ndcg,10,1,"{""colsample_bytree"": 1.0, ""gamma"": 0.1, ""learning_rate"": 0.03, ""max_depth"": 3, ""min_child_weight"": 5, ""n_estimators"": 400, ""reg_alpha"": 0.0, ""reg_lambda"": 5.0, ""subsample"": 0.85}",-0.0034183893869266877,-0.0022742274227422737,0.1686373933112422,0.4807692307692308,0.5192307692307693,-0.020270648874521006,-0.1461737278080238,0.48865550529763946,0.4807089731629593,0.5121064874515101,-0.000971528688103101,-0.003727109589127996,0.00045884928309543647,2.0847511340090383e-05,-0.001430377971198538,-0.0037479571004680867,104,0.46155380142422825
top_15,15,"[""signed_volume_pressure_20"", ""return_volume_corr_20"", ""volume_cv_20"", ""ret_1d"", ""ret_5d"", ""vol_ratio_5_20"", ""overnight_gap"", ""volume_zscore_20"", ""close_location_value"", ""intraday_return"", ""ret_120d"", ""ema20_60_spread"", ""body_range_ratio"", ""ret_60d"", ""amihud_illiq_20""]",common_sample,rank:ndcg,10,2,"{""colsample_bytree"": 0.85, ""gamma"": 0.1, ""learning_rate"": 0.03, ""max_depth"": 5, ""min_child_weight"": 10, ""n_estimators"": 400, ""reg_alpha"": 1.0, ""reg_lambda"": 10.0, ""subsample"": 0.7}",-0.0034472965594779343,-0.0054245424542454235,0.1671674498912526,0.47115384615384615,0.5288461538461539,-0.020621816996792757,-0.1487060371503422,0.48522236204494423,0.4885096860332496,0.5092946751096932,-0.0035556402805216273,-0.002586082424671247,0.00043295111167422856,-0.0005904099752322299,-0.003988591392195857,-0.0019956724494390177,104,0.48388590892920125
core_5,5,"[""signed_volume_pressure_20"", ""ret_1d"", ""vol_ratio_5_20"", ""overnight_gap"", ""close_location_value""]",common_sample,rank:ndcg,20,1,"{""colsample_bytree"": 1.0, ""gamma"": 0.1, ""learning_rate"": 0.03, ""max_depth"": 3, ""min_child_weight"": 5, ""n_estimators"": 400, ""reg_alpha"": 0.0, ""reg_lambda"": 5.0, ""subsample"": 0.85}",-0.0037277632627474877,-0.028670867086708667,0.135165384341935,0.4230769230769231,0.5769230769230769,-0.027579274685574588,-0.1988769780378903,0.4895230575173841,0.49236438735440724,0.5233828530507325,-0.0035689139163261638,-0.00274140925410796,0.001265967425618338,0.0009038337267103137,-0.004834881341944503,-0.0036452429808182737,104,0.3940169954529175
top_8,8,"[""signed_volume_pressure_20"", ""return_volume_corr_20"", ""volume_cv_20"", ""ret_1d"", ""ret_5d"", ""vol_ratio_5_20"", ""overnight_gap"", ""volume_zscore_20""]",common_sample,rank:ndcg,20,1,"{""colsample_bytree"": 1.0, ""gamma"": 0.1, ""learning_rate"": 0.03, ""max_depth"": 3, ""min_child_weight"": 5, ""n_estimators"": 400, ""reg_alpha"": 0.0, ""reg_lambda"": 5.0, ""subsample"": 0.85}",-0.0037726502429543357,-0.010711071107110708,0.13621789982546065,0.47115384615384615,0.5288461538461539,-0.027695701136108582,-0.1997165411123315,0.5089670385667903,0.505484985132252,0.5251296634257631,-0.0003866952631286768,-0.0022034098490298828,0.0020260166290503962,0.00042803773167500165,-0.002412711892179074,-0.0026314475807048842,104,0.4047914413878551
top_15,15,"[""signed_volume_pressure_20"", ""return_volume_corr_20"", ""volume_cv_20"", ""ret_1d"", ""ret_5d"", ""vol_ratio_5_20"", ""overnight_gap"", ""volume_zscore_20"", ""close_location_value"", ""intraday_return"", ""ret_120d"", ""ema20_60_spread"", ""body_range_ratio"", ""ret_60d"", ""amihud_illiq_20""]",common_sample,rank:ndcg,5,0,"{""colsample_bytree"": 0.85, ""gamma"": 0.0, ""learning_rate"": 0.05, ""max_depth"": 2, ""min_child_weight"": 5, ""n_estimators"": 200, ""reg_alpha"": 0.1, ""reg_lambda"": 5.0, ""subsample"": 0.85}",-0.00401377740994982,-0.002568256825682568,0.1667323378544278,0.5,0.5,-0.024073178974160406,-0.17359416230951388,0.49110235453140777,0.49260455742244524,0.4903226322450618,-0.00320871168415533,-0.002823068771441057,0.0006026182832362286,-0.00024591437779806325,-0.003811329967391559,-0.0025771543936429935,104,0.2736496664583683
all_eligible,31,"[""signed_volume_pressure_20"", ""return_volume_corr_20"", ""volume_cv_20"", ""ret_1d"", ""ret_5d"", ""vol_ratio_5_20"", ""overnight_gap"", ""volume_zscore_20"", ""close_location_value"", ""intraday_return"", ""ret_120d"", ""ema20_60_spread"", ""body_range_ratio"", ""ret_60d"", ""amihud_illiq_20"", ""breakout_position_60"", ""realized_vol_5"", ""rsi14_centered"", ""ema60_distance"", ""overnight_vol_20"", ""volume_trend_5_20"", ""gap_followthrough_20"", ""downside_vol_20"", ""momentum_20_5"", ""trend_r2_20"", ""macd_hist_atr"", ""ret_20d"", ""realized_vol_20"", ""ema20_distance"", ""return_autocorr_20"", ""parkinson_vol_20""]",common_sample,rank:ndcg,10,0,"{""colsample_bytree"": 0.85, ""gamma"": 0.0, ""learning_rate"": 0.05, ""max_depth"": 2, ""min_child_weight"": 5, ""n_estimators"": 200, ""reg_alpha"": 0.1, ""reg_lambda"": 5.0, ""subsample"": 0.85}",-0.004196966433854347,-0.02373837383738374,0.17282336886710992,0.4326923076923077,0.5673076923076923,-0.02428471601593153,-0.1751195776110454,0.47925867251227355,0.4813585726750604,0.5094904581681333,-0.002859430377549122,-0.002068448972546687,-0.0012647331617052886,-0.0007969925003026491,-0.0015946972158438339,-0.0012714564722440382,104,0.4045594446361065
top_15,15,"[""signed_volume_pressure_20"", ""return_volume_corr_20"", ""volume_cv_20"", ""ret_1d"", ""ret_5d"", ""vol_ratio_5_20"", ""overnight_gap"", ""volume_zscore_20"", ""close_location_value"", ""intraday_return"", ""ret_120d"", ""ema20_60_spread"", ""body_range_ratio"", ""ret_60d"", ""amihud_illiq_20""]",common_sample,rank:ndcg,5,1,"{""colsample_bytree"": 1.0, ""gamma"": 0.1, ""learning_rate"": 0.03, ""max_depth"": 3, ""min_child_weight"": 5, ""n_estimators"": 400, ""reg_alpha"": 0.0, ""reg_lambda"": 5.0, ""subsample"": 0.85}",-0.004199797099301619,-0.00915091509150915,0.168422074324599,0.47115384615384615,0.5288461538461539,-0.024936144006915458,-0.17981709165857548,0.49464566425758905,0.4941752779943387,0.49502714026824945,-0.0018640055190417917,-0.0031555613513425053,0.0010172064162545015,0.0005008835215943593,-0.0028812119352962934,-0.003656444872936865,104,0.3466425148340372
top_8,8,"[""signed_volume_pressure_20"", ""return_volume_corr_20"", ""volume_cv_20"", ""ret_1d"", ""ret_5d"", ""vol_ratio_5_20"", ""overnight_gap"", ""volume_zscore_20""]",common_sample,rank:ndcg,10,0,"{""colsample_bytree"": 0.85, ""gamma"": 0.0, ""learning_rate"": 0.05, ""max_depth"": 2, ""min_child_weight"": 5, ""n_estimators"": 200, ""reg_alpha"": 0.1, ""reg_lambda"": 5.0, ""subsample"": 0.85}",-0.004308607526564973,-0.009877004406186368,0.13359388797749744,0.46153846153846156,0.5384615384615384,-0.032251531801295544,-0.23256910324365712,0.5161657885025478,0.5063810972854319,0.5195423620638604,0.0023241179967817506,0.00022966701039108794,4.955470880340552e-05,-0.00022640341962405482,0.0022745632879783446,0.0004560704300151421,104,0.23879896605817172
extended,7,"[""signed_volume_pressure_20"", ""ret_1d"", ""vol_ratio_5_20"", ""overnight_gap"", ""close_location_value"", ""cashflow_to_assets"", ""return_volume_corr_20""]",common_sample,rank:ndcg,10,1,"{""colsample_bytree"": 1.0, ""gamma"": 0.1, ""learning_rate"": 0.03, ""max_depth"": 3, ""min_child_weight"": 5, ""n_estimators"": 400, ""reg_alpha"": 0.0, ""reg_lambda"": 5.0, ""subsample"": 0.85}",-0.004732228017014236,-0.006432643264326433,0.13062620989116508,0.49038461538461536,0.5096153846153846,-0.03622724735684382,-0.2612383958280353,0.5277938353561806,0.5068465470320661,0.5174524212508994,0.0020705561344033607,-0.0014984292799432772,0.002378177300325581,0.00041509180127542093,-0.00030762116592221976,-0.0019135210812186987,104,0.325911055247371
top_10,10,"[""signed_volume_pressure_20"", ""return_volume_corr_20"", ""volume_cv_20"", ""ret_1d"", ""ret_5d"", ""vol_ratio_5_20"", ""overnight_gap"", ""volume_zscore_20"", ""close_location_value"", ""intraday_return""]",common_sample,rank:ndcg,20,1,"{""colsample_bytree"": 1.0, ""gamma"": 0.1, ""learning_rate"": 0.03, ""max_depth"": 3, ""min_child_weight"": 5, ""n_estimators"": 400, ""reg_alpha"": 0.0, ""reg_lambda"": 5.0, ""subsample"": 0.85}",-0.004805212476525443,-0.006714671467146714,0.1434347302127207,0.49038461538461536,0.5096153846153846,-0.03350103890040493,-0.2415794270734474,0.501293961478517,0.5112151740684775,0.5280082053297063,-0.0013826670939730255,-0.0011055796037476402,-0.00014125106297355487,0.0002776930134729083,-0.001241416030999471,-0.001383272617220548,104,0.4318172407264893
all_eligible,31,"[""signed_volume_pressure_20"", ""return_volume_corr_20"", ""volume_cv_20"", ""ret_1d"", ""ret_5d"", ""vol_ratio_5_20"", ""overnight_gap"", ""volume_zscore_20"", ""close_location_value"", ""intraday_return"", ""ret_120d"", ""ema20_60_spread"", ""body_range_ratio"", ""ret_60d"", ""amihud_illiq_20"", ""breakout_position_60"", ""realized_vol_5"", ""rsi14_centered"", ""ema60_distance"", ""overnight_vol_20"", ""volume_trend_5_20"", ""gap_followthrough_20"", ""downside_vol_20"", ""momentum_20_5"", ""trend_r2_20"", ""macd_hist_atr"", ""ret_20d"", ""realized_vol_20"", ""ema20_distance"", ""return_autocorr_20"", ""parkinson_vol_20""]",common_sample,rank:ndcg,20,0,"{""colsample_bytree"": 0.85, ""gamma"": 0.0, ""learning_rate"": 0.05, ""max_depth"": 2, ""min_child_weight"": 5, ""n_estimators"": 200, ""reg_alpha"": 0.1, ""reg_lambda"": 5.0, ""subsample"": 0.85}",-0.004861534478632459,-0.02496249624962496,0.1759135008100983,0.40384615384615385,0.5961538461538461,-0.027635937300119852,-0.19928557796217994,0.47329553097074784,0.49026461278341016,0.5183357496911317,-0.0038960725319097337,-0.0019545500752751396,0.0010612276529829974,0.0003332539563003833,-0.004957300184892732,-0.0022878040315755226,104,0.5602051197336271
core_5,5,"[""signed_volume_pressure_20"", ""ret_1d"", ""vol_ratio_5_20"", ""overnight_gap"", ""close_location_value""]",common_sample,rank:ndcg,20,0,"{""colsample_bytree"": 0.85, ""gamma"": 0.0, ""learning_rate"": 0.05, ""max_depth"": 2, ""min_child_weight"": 5, ""n_estimators"": 200, ""reg_alpha"": 0.1, ""reg_lambda"": 5.0, ""subsample"": 0.85}",-0.004998234810827239,-0.033445433664328776,0.13562037022855747,0.41346153846153844,0.5865384615384616,-0.03685460231677472,-0.26576231677993034,0.5075580520282224,0.5184234711208909,0.5288220936318156,-0.00016536689513026116,0.0004826606732486298,0.0013893771671641029,0.001520692646055105,-0.0015547440622943646,-0.0010380319728064758,104,0.3142560741935785
strong_only,3,"[""signed_volume_pressure_20"", ""return_volume_corr_20"", ""volume_cv_20""]",common_sample,rank:ndcg,5,1,"{""colsample_bytree"": 1.0, ""gamma"": 0.1, ""learning_rate"": 0.03, ""max_depth"": 3, ""min_child_weight"": 5, ""n_estimators"": 400, ""reg_alpha"": 0.0, ""reg_lambda"": 5.0, ""subsample"": 0.85}",-0.005005235170508813,-0.001701175491110648,0.11872110722747738,0.5,0.5,-0.04215960655520552,-0.30401724637636246,0.48184059985873284,0.4908075994707049,0.496576132923308,0.001312365913979787,0.0007782621985789449,0.0005316630579324197,0.0002769329660831456,0.0007807028560473674,0.0005013292324957989,104,0.19193131261720106
top_3,3,"[""signed_volume_pressure_20"", ""return_volume_corr_20"", ""volume_cv_20""]",common_sample,rank:ndcg,5,1,"{""colsample_bytree"": 1.0, ""gamma"": 0.1, ""learning_rate"": 0.03, ""max_depth"": 3, ""min_child_weight"": 5, ""n_estimators"": 400, ""reg_alpha"": 0.0, ""reg_lambda"": 5.0, ""subsample"": 0.85}",-0.005005235170508813,-0.001701175491110648,0.11872110722747738,0.5,0.5,-0.04215960655520552,-0.30401724637636246,0.48184059985873284,0.4908075994707049,0.496576132923308,0.001312365913979787,0.0007782621985789449,0.0005316630579324197,0.0002769329660831456,0.0007807028560473674,0.0005013292324957989,104,0.19193131261720106
core_plus_horizon,6,"[""signed_volume_pressure_20"", ""ret_1d"", ""vol_ratio_5_20"", ""overnight_gap"", ""close_location_value"", ""return_volume_corr_20""]",common_sample,rank:ndcg,20,1,"{""colsample_bytree"": 1.0, ""gamma"": 0.1, ""learning_rate"": 0.03, ""max_depth"": 3, ""min_child_weight"": 5, ""n_estimators"": 400, ""reg_alpha"": 0.0, ""reg_lambda"": 5.0, ""subsample"": 0.85}",-0.005147533545327908,-0.008736873687368737,0.1350604955983824,0.47115384615384615,0.5288461538461539,-0.038112799175820285,-0.2748353033597634,0.5019813417591943,0.5084924069449226,0.5268613390500654,-0.0009413282715917566,-0.0019338243537692244,0.0009689346103842136,0.0007694219760904207,-0.0019102628819759717,-0.002703246329859646,104,0.3916797342781837
all_eligible,31,"[""signed_volume_pressure_20"", ""return_volume_corr_20"", ""volume_cv_20"", ""ret_1d"", ""ret_5d"", ""vol_ratio_5_20"", ""overnight_gap"", ""volume_zscore_20"", ""close_location_value"", ""intraday_return"", ""ret_120d"", ""ema20_60_spread"", ""body_range_ratio"", ""ret_60d"", ""amihud_illiq_20"", ""breakout_position_60"", ""realized_vol_5"", ""rsi14_centered"", ""ema60_distance"", ""overnight_vol_20"", ""volume_trend_5_20"", ""gap_followthrough_20"", ""downside_vol_20"", ""momentum_20_5"", ""trend_r2_20"", ""macd_hist_atr"", ""ret_20d"", ""realized_vol_20"", ""ema20_distance"", ""return_autocorr_20"", ""parkinson_vol_20""]",common_sample,rank:ndcg,10,1,"{""colsample_bytree"": 1.0, ""gamma"": 0.1, ""learning_rate"": 0.03, ""max_depth"": 3, ""min_child_weight"": 5, ""n_estimators"": 400, ""reg_alpha"": 0.0, ""reg_lambda"": 5.0, ""subsample"": 0.85}",-0.005231261744225395,-0.024116411641164112,0.1709585717284427,0.3942307692307692,0.6057692307692307,-0.030599587323032484,-0.22065676220246297,0.46907125411933354,0.4809143711261814,0.5060425388774872,-0.004000835751735874,-0.0013658450832608829,0.0004321559371163357,-0.00029132870970401353,-0.00443299168885221,-0.00107451637355687,104,0.49413051972022426
top_8,8,"[""signed_volume_pressure_20"", ""return_volume_corr_20"", ""volume_cv_20"", ""ret_1d"", ""ret_5d"", ""vol_ratio_5_20"", ""overnight_gap"", ""volume_zscore_20""]",common_sample,rank:ndcg,20,2,"{""colsample_bytree"": 0.85, ""gamma"": 0.1, ""learning_rate"": 0.03, ""max_depth"": 5, ""min_child_weight"": 10, ""n_estimators"": 400, ""reg_alpha"": 1.0, ""reg_lambda"": 10.0, ""subsample"": 0.7}",-0.005414505633570479,-0.01687968796879688,0.12991325751382732,0.46153846153846156,0.5384615384615384,-0.04167785287805739,-0.30054327120616064,0.5060465456992246,0.5086446581585421,0.5252878562359627,-0.0001755500851182762,-0.00042302335470396126,0.0014445565748120925,-2.7489661177775257e-05,-0.0016201066599303689,-0.00039553369352618466,104,0.4500060949761134
top_10,10,"[""signed_volume_pressure_20"", ""return_volume_corr_20"", ""volume_cv_20"", ""ret_1d"", ""ret_5d"", ""vol_ratio_5_20"", ""overnight_gap"", ""volume_zscore_20"", ""close_location_value"", ""intraday_return""]",common_sample,rank:ndcg,10,0,"{""colsample_bytree"": 0.85, ""gamma"": 0.0, ""learning_rate"": 0.05, ""max_depth"": 2, ""min_child_weight"": 5, ""n_estimators"": 200, ""reg_alpha"": 0.1, ""reg_lambda"": 5.0, ""subsample"": 0.85}",-0.005589743449447972,-0.023108310831083105,0.1402296893567917,0.4423076923076923,0.5576923076923077,-0.03986134088356836,-0.2874442169289095,0.5153470077863793,0.5108610547086055,0.5197137807056199,0.0008000516524758532,-0.00027959958967479267,0.0005007596446444078,0.0008428104287177922,0.0002992920078314445,-0.0011224100183925853,104,0.2734559721385057
core_plus_fundamental,6,"[""signed_volume_pressure_20"", ""ret_1d"", ""vol_ratio_5_20"", ""overnight_gap"", ""close_location_value"", ""cashflow_to_assets""]",common_sample,rank:ndcg,5,0,"{""colsample_bytree"": 0.85, ""gamma"": 0.0, ""learning_rate"": 0.05, ""max_depth"": 2, ""min_child_weight"": 5, ""n_estimators"": 200, ""reg_alpha"": 0.1, ""reg_lambda"": 5.0, ""subsample"": 0.85}",-0.005767787089628351,-0.01043805855839748,0.13341188371506627,0.47115384615384615,0.5288461538461539,-0.04323293344652019,-0.31175711666030126,0.5438027674502195,0.5184664015296641,0.51194381247469,0.005190393018834953,-8.489377442318345e-05,0.001726831844800679,0.0012038185781401026,0.003463561174034274,-0.0012887123525632859,104,0.1787132411622084
all_eligible,31,"[""signed_volume_pressure_20"", ""return_volume_corr_20"", ""volume_cv_20"", ""ret_1d"", ""ret_5d"", ""vol_ratio_5_20"", ""overnight_gap"", ""volume_zscore_20"", ""close_location_value"", ""intraday_return"", ""ret_120d"", ""ema20_60_spread"", ""body_range_ratio"", ""ret_60d"", ""amihud_illiq_20"", ""breakout_position_60"", ""realized_vol_5"", ""rsi14_centered"", ""ema60_distance"", ""overnight_vol_20"", ""volume_trend_5_20"", ""gap_followthrough_20"", ""downside_vol_20"", ""momentum_20_5"", ""trend_r2_20"", ""macd_hist_atr"", ""ret_20d"", ""realized_vol_20"", ""ema20_distance"", ""return_autocorr_20"", ""parkinson_vol_20""]",common_sample,rank:ndcg,20,1,"{""colsample_bytree"": 1.0, ""gamma"": 0.1, ""learning_rate"": 0.03, ""max_depth"": 3, ""min_child_weight"": 5, ""n_estimators"": 400, ""reg_alpha"": 0.0, ""reg_lambda"": 5.0, ""subsample"": 0.85}",-0.006029112960846265,-0.023324332433243323,0.17705291156635275,0.4326923076923077,0.5673076923076923,-0.034052605560156414,-0.24555683082058818,0.4759582305419079,0.4979847226361339,0.5203862538210438,-0.0026367374432453338,-0.000543198653719545,0.00017863561679548964,0.00029972400166599034,-0.002815373060040823,-0.0008429226553855351,104,0.6369713361446674
core_plus_fundamental,6,"[""signed_volume_pressure_20"", ""ret_1d"", ""vol_ratio_5_20"", ""overnight_gap"", ""close_location_value"", ""cashflow_to_assets""]",common_sample,rank:ndcg,10,1,"{""colsample_bytree"": 1.0, ""gamma"": 0.1, ""learning_rate"": 0.03, ""max_depth"": 3, ""min_child_weight"": 5, ""n_estimators"": 400, ""reg_alpha"": 0.0, ""reg_lambda"": 5.0, ""subsample"": 0.85}",-0.006223263193722707,-0.022544254425442542,0.13726310375649617,0.46153846153846156,0.5384615384615384,-0.04533820832700049,-0.32693846972133733,0.5261153273496185,0.5075880134304069,0.5163043750537303,0.0022264952718694577,-0.0007479839010137731,0.002285509045796324,0.001195923483213507,-5.901377392686582e-05,-0.0019439073842272803,104,0.32608740934385705
core_plus_horizon,6,"[""signed_volume_pressure_20"", ""ret_1d"", ""vol_ratio_5_20"", ""overnight_gap"", ""close_location_value"", ""return_volume_corr_20""]",common_sample,rank:ndcg,20,2,"{""colsample_bytree"": 0.85, ""gamma"": 0.1, ""learning_rate"": 0.03, ""max_depth"": 5, ""min_child_weight"": 10, ""n_estimators"": 400, ""reg_alpha"": 1.0, ""reg_lambda"": 10.0, ""subsample"": 0.7}",-0.00634996297542713,-0.02086408640864086,0.1323925744816048,0.4423076923076923,0.5576923076923077,-0.047963135397064295,-0.34586708801227434,0.5127134381792108,0.5159595190437614,0.532576948333416,-0.0008428198760986646,-0.0008561238481668925,-0.000316941415106237,0.0005285428548619488,-0.0005258784609924275,-0.0013846667030288416,104,0.4381559236118427
core_5,5,"[""signed_volume_pressure_20"", ""ret_1d"", ""vol_ratio_5_20"", ""overnight_gap"", ""close_location_value""]",common_sample,rank:ndcg,10,1,"{""colsample_bytree"": 1.0, ""gamma"": 0.1, ""learning_rate"": 0.03, ""max_depth"": 3, ""min_child_weight"": 5, ""n_estimators"": 400, ""reg_alpha"": 0.0, ""reg_lambda"": 5.0, ""subsample"": 0.85}",-0.006399918448664755,-0.03369336933693369,0.135573989813344,0.4423076923076923,0.5576923076923077,-0.047206093569098724,-0.34040798175547266,0.4865579929773088,0.4897522023286295,0.5103081702391639,-0.0030022937600679986,-0.0015008037203219382,0.0006032984411388066,-2.1039083435427044e-06,-0.0036055922012068055,-0.0014986998119783954,104,0.3051281561358617
top_5,5,"[""signed_volume_pressure_20"", ""return_volume_corr_20"", ""volume_cv_20"", ""ret_1d"", ""ret_5d""]",common_sample,rank:ndcg,20,2,"{""colsample_bytree"": 0.85, ""gamma"": 0.1, ""learning_rate"": 0.03, ""max_depth"": 5, ""min_child_weight"": 10, ""n_estimators"": 400, ""reg_alpha"": 1.0, ""reg_lambda"": 10.0, ""subsample"": 0.7}",-0.0066388018897936725,0.0012661266126612661,0.13142443489248798,0.5096153846153846,0.49038461538461536,-0.05051421294087783,-0.3642631697960832,0.5167527559547819,0.5229428421456247,0.5354551128416758,0.00032831496611017755,0.0009167748721014968,-0.0003799881854124556,0.0008870974406628917,0.000708303151522633,2.967743143860505e-05,104,0.44771064961185825
core_plus_horizon,6,"[""signed_volume_pressure_20"", ""ret_1d"", ""vol_ratio_5_20"", ""overnight_gap"", ""close_location_value"", ""return_volume_corr_20""]",common_sample,rank:ndcg,20,0,"{""colsample_bytree"": 0.85, ""gamma"": 0.0, ""learning_rate"": 0.05, ""max_depth"": 2, ""min_child_weight"": 5, ""n_estimators"": 200, ""reg_alpha"": 0.1, ""reg_lambda"": 5.0, ""subsample"": 0.85}",-0.006875335685514337,-0.031041148561500823,0.12701107262240605,0.4230769230769231,0.5769230769230769,-0.05413178192703065,-0.39034983074028773,0.5267286724082544,0.5199171468895846,0.5314225574529261,0.0009128738672575865,-0.0007583416785802506,0.001496799119009629,0.0012600784127994855,-0.0005839252517520432,-0.002018420091379736,104,0.31032068167741483
extended,7,"[""signed_volume_pressure_20"", ""ret_1d"", ""vol_ratio_5_20"", ""overnight_gap"", ""close_location_value"", ""cashflow_to_assets"", ""return_volume_corr_20""]",common_sample,rank:ndcg,20,2,"{""colsample_bytree"": 0.85, ""gamma"": 0.1, ""learning_rate"": 0.03, ""max_depth"": 5, ""min_child_weight"": 10, ""n_estimators"": 400, ""reg_alpha"": 1.0, ""reg_lambda"": 10.0, ""subsample"": 0.7}",-0.007273895746283288,-0.02051005100510051,0.13411934782535453,0.46153846153846156,0.5384615384615384,-0.0542344998258946,-0.3910905400428116,0.5122480128284536,0.5179851449537606,0.5323812701488482,0.0006469562142332706,-0.0012804867510444985,0.0016033841811196855,0.0015960972725780657,-0.000956427966886415,-0.0028765840236225637,104,0.4549683527304576
core_plus_horizon,6,"[""signed_volume_pressure_20"", ""ret_1d"", ""vol_ratio_5_20"", ""overnight_gap"", ""close_location_value"", ""return_volume_corr_20""]",common_sample,rank:ndcg,10,1,"{""colsample_bytree"": 1.0, ""gamma"": 0.1, ""learning_rate"": 0.03, ""max_depth"": 3, ""min_child_weight"": 5, ""n_estimators"": 400, ""reg_alpha"": 0.0, ""reg_lambda"": 5.0, ""subsample"": 0.85}",-0.00734306104933614,-0.01275127512751275,0.1306314485502987,0.4519230769230769,0.5480769230769231,-0.056212046416286555,-0.4053508313053659,0.4966601496469065,0.49223902268723935,0.511810543192087,-0.0009630867616127471,-0.001869577862355106,-0.00025450178761539713,-0.00013337924418259126,-0.0007085849739973509,-0.0017361986181725156,104,0.3087616220403176
top_5,5,"[""signed_volume_pressure_20"", ""return_volume_corr_20"", ""volume_cv_20"", ""ret_1d"", ""ret_5d""]",common_sample,rank:ndcg,20,0,"{""colsample_bytree"": 0.85, ""gamma"": 0.0, ""learning_rate"": 0.05, ""max_depth"": 2, ""min_child_weight"": 5, ""n_estimators"": 200, ""reg_alpha"": 0.1, ""reg_lambda"": 5.0, ""subsample"": 0.85}",-0.007567306101204598,-0.005868613162301392,0.13600327199614387,0.46153846153846156,0.5384615384615384,-0.05564061798027297,-0.4012302022527556,0.5214568323628868,0.5199466137889084,0.5318562695924717,0.002350081531786566,0.0005697590629269769,0.001662060872610222,0.0009631002750687134,0.0006880206591763443,-0.0003933412121417363,104,0.3356963648245885
extended,7,"[""signed_volume_pressure_20"", ""ret_1d"", ""vol_ratio_5_20"", ""overnight_gap"", ""close_location_value"", ""cashflow_to_assets"", ""return_volume_corr_20""]",common_sample,rank:ndcg,10,2,"{""colsample_bytree"": 0.85, ""gamma"": 0.1, ""learning_rate"": 0.03, ""max_depth"": 5, ""min_child_weight"": 10, ""n_estimators"": 400, ""reg_alpha"": 1.0, ""reg_lambda"": 10.0, ""subsample"": 0.7}",-0.00788018397912196,0.00141014101410141,0.13136639751983098,0.5,0.5,-0.05998629883971944,-0.4325673525838289,0.5087466647134508,0.4971770451139201,0.5146968317662133,-0.0005039790739240186,-0.001948341667766688,0.0001400815268338751,0.00028596195896319937,-0.000644060600757894,-0.0022343036267298876,104,0.3482196502960645
extended,7,"[""signed_volume_pressure_20"", ""ret_1d"", ""vol_ratio_5_20"", ""overnight_gap"", ""close_location_value"", ""cashflow_to_assets"", ""return_volume_corr_20""]",common_sample,rank:ndcg,5,1,"{""colsample_bytree"": 1.0, ""gamma"": 0.1, ""learning_rate"": 0.03, ""max_depth"": 3, ""min_child_weight"": 5, ""n_estimators"": 400, ""reg_alpha"": 0.0, ""reg_lambda"": 5.0, ""subsample"": 0.85}",-0.008327116070737332,-0.0048004800480048,0.1326159017973355,0.47115384615384615,0.5288461538461539,-0.06279123361437368,-0.4527940248925246,0.5349586305026718,0.517120379481731,0.5041706786017103,0.0029662133000470732,1.448134234875493e-05,0.0020411430068393815,0.0005074188966705183,0.0009250702932076913,-0.0004929375543217628,104,0.25799649939514124
strong_only,3,"[""signed_volume_pressure_20"", ""return_volume_corr_20"", ""volume_cv_20""]",common_sample,rank:ndcg,5,0,"{""colsample_bytree"": 0.85, ""gamma"": 0.0, ""learning_rate"": 0.05, ""max_depth"": 2, ""min_child_weight"": 5, ""n_estimators"": 200, ""reg_alpha"": 0.1, ""reg_lambda"": 5.0, ""subsample"": 0.85}",-0.008717675672785717,-0.001104110411041104,0.11157023644851934,0.49038461538461536,0.5096153846153846,-0.07813621222186995,-0.5634482392729763,0.4923001195482554,0.49159307580328176,0.49171722985433336,-0.0011193835981368897,-0.0002942942713949577,0.0012411608535377182,0.00024473400046852857,-0.002360544451674608,-0.0005390282718634866,104,0.1365497296389479
top_3,3,"[""signed_volume_pressure_20"", ""return_volume_corr_20"", ""volume_cv_20""]",common_sample,rank:ndcg,5,0,"{""colsample_bytree"": 0.85, ""gamma"": 0.0, ""learning_rate"": 0.05, ""max_depth"": 2, ""min_child_weight"": 5, ""n_estimators"": 200, ""reg_alpha"": 0.1, ""reg_lambda"": 5.0, ""subsample"": 0.85}",-0.008717675672785717,-0.001104110411041104,0.11157023644851934,0.49038461538461536,0.5096153846153846,-0.07813621222186995,-0.5634482392729763,0.4923001195482554,0.49159307580328176,0.49171722985433336,-0.0011193835981368897,-0.0002942942713949577,0.0012411608535377182,0.00024473400046852857,-0.002360544451674608,-0.0005390282718634866,104,0.1365497296389479
top_8,8,"[""signed_volume_pressure_20"", ""return_volume_corr_20"", ""volume_cv_20"", ""ret_1d"", ""ret_5d"", ""vol_ratio_5_20"", ""overnight_gap"", ""volume_zscore_20""]",common_sample,rank:ndcg,5,0,"{""colsample_bytree"": 0.85, ""gamma"": 0.0, ""learning_rate"": 0.05, ""max_depth"": 2, ""min_child_weight"": 5, ""n_estimators"": 200, ""reg_alpha"": 0.1, ""reg_lambda"": 5.0, ""subsample"": 0.85}",-0.00882399373488786,-0.024764476447644762,0.13373728963868978,0.46153846153846156,0.5384615384615384,-0.06598005506711799,-0.475788943404863,0.5374701035434041,0.514538185736299,0.5026619312910089,0.0020842320708098733,-0.0002600664011882202,0.0002674247675655793,0.001060345871768956,0.0018168073032442935,-0.0013204122729571762,104,0.16752640200922123
top_5,5,"[""signed_volume_pressure_20"", ""return_volume_corr_20"", ""volume_cv_20"", ""ret_1d"", ""ret_5d""]",common_sample,rank:ndcg,10,2,"{""colsample_bytree"": 0.85, ""gamma"": 0.1, ""learning_rate"": 0.03, ""max_depth"": 5, ""min_child_weight"": 10, ""n_estimators"": 400, ""reg_alpha"": 1.0, ""reg_lambda"": 10.0, ""subsample"": 0.7}",-0.009123510812456995,-0.006420659023674454,0.12997059854951054,0.49038461538461536,0.5096153846153846,-0.07019672844686883,-0.5061958075700144,0.506595650615795,0.5038455513918012,0.5197510368008158,-0.00015357513028379371,-0.00041311441121594185,-0.0005156060810741115,-0.00022963540101205416,0.00036203095079031866,-0.00018347901020388768,104,0.334137335849496
core_plus_horizon,6,"[""signed_volume_pressure_20"", ""ret_1d"", ""vol_ratio_5_20"", ""overnight_gap"", ""close_location_value"", ""return_volume_corr_20""]",common_sample,rank:ndcg,10,0,"{""colsample_bytree"": 0.85, ""gamma"": 0.0, ""learning_rate"": 0.05, ""max_depth"": 2, ""min_child_weight"": 5, ""n_estimators"": 200, ""reg_alpha"": 0.1, ""reg_lambda"": 5.0, ""subsample"": 0.85}",-0.009233306084977872,-0.01870389829274513,0.13150679591794182,0.4519230769230769,0.5480769230769231,-0.0702116268632939,-0.506303241578702,0.491734757780825,0.49747155006615873,0.514242129631272,-0.00303945647755641,-0.00038498898934836843,-0.000743702640318647,0.00013514550219743694,-0.0022957538372377633,-0.0005201344915458055,104,0.23736100916105968
top_10,10,"[""signed_volume_pressure_20"", ""return_volume_corr_20"", ""volume_cv_20"", ""ret_1d"", ""ret_5d"", ""vol_ratio_5_20"", ""overnight_gap"", ""volume_zscore_20"", ""close_location_value"", ""intraday_return""]",common_sample,rank:ndcg,20,2,"{""colsample_bytree"": 0.85, ""gamma"": 0.1, ""learning_rate"": 0.03, ""max_depth"": 5, ""min_child_weight"": 10, ""n_estimators"": 400, ""reg_alpha"": 1.0, ""reg_lambda"": 10.0, ""subsample"": 0.7}",-0.009349917546806679,-0.010033003300330032,0.13528224142008577,0.4519230769230769,0.5480769230769231,-0.06911415311173627,-0.4983892458092683,0.49154873463091664,0.505249045629421,0.5285472021562916,-0.0025268369793431415,-0.0013104503198406827,0.0002117764509986193,0.0004691729911609725,-0.002738613430341761,-0.0017796233110016551,104,0.4816921829031064
top_8,8,"[""signed_volume_pressure_20"", ""return_volume_corr_20"", ""volume_cv_20"", ""ret_1d"", ""ret_5d"", ""vol_ratio_5_20"", ""overnight_gap"", ""volume_zscore_20""]",common_sample,rank:ndcg,10,1,"{""colsample_bytree"": 1.0, ""gamma"": 0.1, ""learning_rate"": 0.03, ""max_depth"": 3, ""min_child_weight"": 5, ""n_estimators"": 400, ""reg_alpha"": 0.0, ""reg_lambda"": 5.0, ""subsample"": 0.85}",-0.009768587143864185,-0.020756075607560754,0.13408383634712714,0.47115384615384615,0.5288461538461539,-0.07285432316073111,-0.5253599955904794,0.4972862388305587,0.48985764842743396,0.5114610801289335,0.000675826652498245,-0.0014123516070536875,0.0018919595343125236,-0.00021087946209260973,-0.0012161328818142787,-0.0012014721449610784,104,0.31151656118723065
core_5,5,"[""signed_volume_pressure_20"", ""ret_1d"", ""vol_ratio_5_20"", ""overnight_gap"", ""close_location_value""]",common_sample,rank:ndcg,10,0,"{""colsample_bytree"": 0.85, ""gamma"": 0.0, ""learning_rate"": 0.05, ""max_depth"": 2, ""min_child_weight"": 5, ""n_estimators"": 200, ""reg_alpha"": 0.1, ""reg_lambda"": 5.0, ""subsample"": 0.85}",-0.010351959897274414,-0.018163880619063086,0.1348568242160944,0.4230769230769231,0.5769230769230769,-0.07676259586749905,-0.5535429508759758,0.49381047008290524,0.497862439058903,0.5165861587522553,-0.0016287211779586373,-0.0008516686876991641,-0.00020096806590492777,0.0008435182867527907,-0.00142775311205371,-0.0016951869744519545,104,0.24348374040654072
core_plus_horizon,6,"[""signed_volume_pressure_20"", ""ret_1d"", ""vol_ratio_5_20"", ""overnight_gap"", ""close_location_value"", ""return_volume_corr_20""]",common_sample,rank:ndcg,5,1,"{""colsample_bytree"": 1.0, ""gamma"": 0.1, ""learning_rate"": 0.03, ""max_depth"": 3, ""min_child_weight"": 5, ""n_estimators"": 400, ""reg_alpha"": 0.0, ""reg_lambda"": 5.0, ""subsample"": 0.85}",-0.010464413981219492,-0.01558355835583558,0.13266594512208946,0.4230769230769231,0.5769230769230769,-0.07887792132027047,-0.5687967796444987,0.502875731426062,0.4944252632432175,0.4958724204841575,0.00019749548943148745,-0.0020483137235733956,0.00040238462915381416,0.00013764559002847648,-0.0002048891397223275,-0.002185959313601872,104,0.24241323167314896
strong_only,3,"[""signed_volume_pressure_20"", ""return_volume_corr_20"", ""volume_cv_20""]",common_sample,rank:ndcg,5,2,"{""colsample_bytree"": 0.85, ""gamma"": 0.1, ""learning_rate"": 0.03, ""max_depth"": 5, ""min_child_weight"": 10, ""n_estimators"": 400, ""reg_alpha"": 1.0, ""reg_lambda"": 10.0, ""subsample"": 0.7}",-0.01048187154391464,-0.004479451824587857,0.11957758681337481,0.4807692307692308,0.5192307692307693,-0.08765749354244567,-0.6321071752918828,0.4792967619056251,0.48118926682026053,0.48819633529704265,0.00017429486241610814,-0.0007101641107379218,0.00040672977207254564,0.0012281507972767894,-0.00023243490965643737,-0.0019383149080147118,104,0.16446455474942923
top_3,3,"[""signed_volume_pressure_20"", ""return_volume_corr_20"", ""volume_cv_20""]",common_sample,rank:ndcg,5,2,"{""colsample_bytree"": 0.85, ""gamma"": 0.1, ""learning_rate"": 0.03, ""max_depth"": 5, ""min_child_weight"": 10, ""n_estimators"": 400, ""reg_alpha"": 1.0, ""reg_lambda"": 10.0, ""subsample"": 0.7}",-0.01048187154391464,-0.004479451824587857,0.11957758681337481,0.4807692307692308,0.5192307692307693,-0.08765749354244567,-0.6321071752918828,0.4792967619056251,0.48118926682026053,0.48819633529704265,0.00017429486241610814,-0.0007101641107379218,0.00040672977207254564,0.0012281507972767894,-0.00023243490965643737,-0.0019383149080147118,104,0.16446455474942923
top_10,10,"[""signed_volume_pressure_20"", ""return_volume_corr_20"", ""volume_cv_20"", ""ret_1d"", ""ret_5d"", ""vol_ratio_5_20"", ""overnight_gap"", ""volume_zscore_20"", ""close_location_value"", ""intraday_return""]",common_sample,rank:ndcg,10,2,"{""colsample_bytree"": 0.85, ""gamma"": 0.1, ""learning_rate"": 0.03, ""max_depth"": 5, ""min_child_weight"": 10, ""n_estimators"": 400, ""reg_alpha"": 1.0, ""reg_lambda"": 10.0, ""subsample"": 0.7}",-0.010829644904376618,-0.02217221722172217,0.140142274024619,0.4807692307692308,0.5192307692307693,-0.07727607518680736,-0.5572457029052889,0.4852706969281365,0.49229769916691307,0.5108334674062417,-0.0021879580462021023,-0.002080945186220279,0.0014791250225799875,0.00014716388930122772,-0.0036670830687820896,-0.002228109075521507,104,0.37411528109357906
core_5,5,"[""signed_volume_pressure_20"", ""ret_1d"", ""vol_ratio_5_20"", ""overnight_gap"", ""close_location_value""]",common_sample,rank:ndcg,10,2,"{""colsample_bytree"": 0.85, ""gamma"": 0.1, ""learning_rate"": 0.03, ""max_depth"": 5, ""min_child_weight"": 10, ""n_estimators"": 400, ""reg_alpha"": 1.0, ""reg_lambda"": 10.0, ""subsample"": 0.7}",-0.010832305736161986,-0.017317731773177317,0.13268577332227618,0.4326923076923077,0.5673076923076923,-0.0816387881302975,-0.5887056733410571,0.47557953428559696,0.4846173546270824,0.5004315762446264,-0.0029531530245777027,-0.0011089133832017895,-0.001030946989373913,-6.588973953535553e-05,-0.00192220603520379,-0.0010430236436664336,104,0.3296642956825403
core_5,5,"[""signed_volume_pressure_20"", ""ret_1d"", ""vol_ratio_5_20"", ""overnight_gap"", ""close_location_value""]",common_sample,rank:ndcg,5,0,"{""colsample_bytree"": 0.85, ""gamma"": 0.0, ""learning_rate"": 0.05, ""max_depth"": 2, ""min_child_weight"": 5, ""n_estimators"": 200, ""reg_alpha"": 0.1, ""reg_lambda"": 5.0, ""subsample"": 0.85}",-0.010868983360936514,-0.026624662466246625,0.13892659335034327,0.4230769230769231,0.5769230769230769,-0.07823544145739796,-0.5641637914664189,0.5219208961894207,0.5111835953146902,0.5016635056709787,-6.880178616818666e-05,-0.001099255103674211,0.0007763414732941637,0.0009584867416514394,-0.0008451432594623497,-0.0020577418453256507,104,0.1750705257201424
top_5,5,"[""signed_volume_pressure_20"", ""return_volume_corr_20"", ""volume_cv_20"", ""ret_1d"", ""ret_5d""]",common_sample,rank:ndcg,20,1,"{""colsample_bytree"": 1.0, ""gamma"": 0.1, ""learning_rate"": 0.03, ""max_depth"": 3, ""min_child_weight"": 5, ""n_estimators"": 400, ""reg_alpha"": 0.0, ""reg_lambda"": 5.0, ""subsample"": 0.85}",-0.011323656247283823,-0.010369048065972938,0.13038912578468198,0.46153846153846156,0.5384615384615384,-0.08684509677580887,-0.6262488988956225,0.5173369569801689,0.5144262332319333,0.5319196429338761,0.0011141983624079186,-0.0009281670683335039,0.0005686089435201393,0.0010324489731577072,0.0005455894188877794,-0.001960616041491211,104,0.41052913264586377
top_10,10,"[""signed_volume_pressure_20"", ""return_volume_corr_20"", ""volume_cv_20"", ""ret_1d"", ""ret_5d"", ""vol_ratio_5_20"", ""overnight_gap"", ""volume_zscore_20"", ""close_location_value"", ""intraday_return""]",common_sample,rank:ndcg,5,0,"{""colsample_bytree"": 0.85, ""gamma"": 0.0, ""learning_rate"": 0.05, ""max_depth"": 2, ""min_child_weight"": 5, ""n_estimators"": 200, ""reg_alpha"": 0.1, ""reg_lambda"": 5.0, ""subsample"": 0.85}",-0.011327968035482297,-0.0198019801980198,0.14695142595904626,0.4519230769230769,0.5480769230769231,-0.07708647916515812,-0.5558785065499282,0.5151862467892472,0.5087141563276292,0.49649892032538995,-0.0004784462845834267,-0.00016333250959683568,-0.00010160130985104043,0.0002838206384157011,-0.00037684497473238767,-0.00044715314801253636,104,0.18166930257127836
top_5,5,"[""signed_volume_pressure_20"", ""return_volume_corr_20"", ""volume_cv_20"", ""ret_1d"", ""ret_5d""]",common_sample,rank:ndcg,10,0,"{""colsample_bytree"": 0.85, ""gamma"": 0.0, ""learning_rate"": 0.05, ""max_depth"": 2, ""min_child_weight"": 5, ""n_estimators"": 200, ""reg_alpha"": 0.1, ""reg_lambda"": 5.0, ""subsample"": 0.85}",-0.011674908693346382,-0.017719880864443913,0.1335553492885031,0.4519230769230769,0.5480769230769231,-0.08741625667217956,-0.6303675914813289,0.514819191115836,0.5056880051660171,0.5204887222197232,0.001776985941347863,0.00010396696305925328,-0.0004619363000890254,0.00045757230502847254,0.002238922241436888,-0.00035360534196921927,104,0.24711505538569048
core_plus_horizon,6,"[""signed_volume_pressure_20"", ""ret_1d"", ""vol_ratio_5_20"", ""overnight_gap"", ""close_location_value"", ""return_volume_corr_20""]",common_sample,rank:ndcg,10,2,"{""colsample_bytree"": 0.85, ""gamma"": 0.1, ""learning_rate"": 0.03, ""max_depth"": 5, ""min_child_weight"": 10, ""n_estimators"": 400, ""reg_alpha"": 1.0, ""reg_lambda"": 10.0, ""subsample"": 0.7}",-0.012062477001013051,-0.018391839183918388,0.13254210606941663,0.4326923076923077,0.5673076923076923,-0.0910086413950261,-0.6562726461201622,0.4972881876593418,0.4873825726916002,0.5081781752210155,-0.0011547047393972967,-0.0016411482797704712,-0.0009413486457063871,-0.001080335185218746,-0.00021335609369090922,-0.0005608130945517257,104,0.33656780350093657
core_plus_fundamental,6,"[""signed_volume_pressure_20"", ""ret_1d"", ""vol_ratio_5_20"", ""overnight_gap"", ""close_location_value"", ""cashflow_to_assets""]",common_sample,rank:ndcg,5,1,"{""colsample_bytree"": 1.0, ""gamma"": 0.1, ""learning_rate"": 0.03, ""max_depth"": 3, ""min_child_weight"": 5, ""n_estimators"": 400, ""reg_alpha"": 0.0, ""reg_lambda"": 5.0, ""subsample"": 0.85}",-0.012333717891815752,-0.010909090909090908,0.13110196965056087,0.4519230769230769,0.5480769230769231,-0.09407728903455866,-0.6784009789414946,0.5276706274597716,0.5142774025813843,0.49892458868742884,0.002358483109367671,0.00010479056203864523,0.0007920093864132462,0.001431414150585623,0.0015664737229544247,-0.001326623588546978,104,0.25469221332325387
strong_only,3,"[""signed_volume_pressure_20"", ""return_volume_corr_20"", ""volume_cv_20""]",common_sample,rank:pairwise,5,1,"{""colsample_bytree"": 1.0, ""gamma"": 0.1, ""learning_rate"": 0.03, ""max_depth"": 3, ""min_child_weight"": 5, ""n_estimators"": 400, ""reg_alpha"": 0.0, ""reg_lambda"": 5.0, ""subsample"": 0.85}",-0.012374278695278122,-0.016075607560756072,0.10960268737550213,0.4326923076923077,0.5673076923076923,-0.11290123437287142,-0.8141423791891306,0.49437642917883207,0.5035816652410158,0.49950487469247745,-0.002003342238245257,-0.0006066581334529043,0.0024739110164506833,0.0014327715055717392,-0.00447725325469594,-0.0020394296390246433,104,0.12437510999062887
top_3,3,"[""signed_volume_pressure_20"", ""return_volume_corr_20"", ""volume_cv_20""]",common_sample,rank:pairwise,5,1,"{""colsample_bytree"": 1.0, ""gamma"": 0.1, ""learning_rate"": 0.03, ""max_depth"": 3, ""min_child_weight"": 5, ""n_estimators"": 400, ""reg_alpha"": 0.0, ""reg_lambda"": 5.0, ""subsample"": 0.85}",-0.012374278695278122,-0.016075607560756072,0.10960268737550213,0.4326923076923077,0.5673076923076923,-0.11290123437287142,-0.8141423791891306,0.49437642917883207,0.5035816652410158,0.49950487469247745,-0.002003342238245257,-0.0006066581334529043,0.0024739110164506833,0.0014327715055717392,-0.00447725325469594,-0.0020394296390246433,104,0.12437510999062887
core_plus_fundamental,6,"[""signed_volume_pressure_20"", ""ret_1d"", ""vol_ratio_5_20"", ""overnight_gap"", ""close_location_value"", ""cashflow_to_assets""]",common_sample,rank:ndcg,5,2,"{""colsample_bytree"": 0.85, ""gamma"": 0.1, ""learning_rate"": 0.03, ""max_depth"": 5, ""min_child_weight"": 10, ""n_estimators"": 400, ""reg_alpha"": 1.0, ""reg_lambda"": 10.0, ""subsample"": 0.7}",-0.012598909069294149,-0.007272727272727273,0.128880914221963,0.4807692307692308,0.5192307692307693,-0.09775620498467205,-0.704930019134007,0.5184271385659808,0.5058428439220756,0.49775951901105375,0.0022113893745902874,-9.850364630861111e-08,0.0005034211942032181,8.276804595302199e-05,0.0017079681803870692,-8.286654959932988e-05,104,0.2650603113266138
extended,7,"[""signed_volume_pressure_20"", ""ret_1d"", ""vol_ratio_5_20"", ""overnight_gap"", ""close_location_value"", ""cashflow_to_assets"", ""return_volume_corr_20""]",common_sample,rank:ndcg,5,0,"{""colsample_bytree"": 0.85, ""gamma"": 0.0, ""learning_rate"": 0.05, ""max_depth"": 2, ""min_child_weight"": 5, ""n_estimators"": 200, ""reg_alpha"": 0.1, ""reg_lambda"": 5.0, ""subsample"": 0.85}",-0.013063144994487779,-0.0317071707170717,0.13020428318491153,0.4423076923076923,0.5576923076923077,-0.10032807427645034,-0.7234760323446027,0.532291507717562,0.5059454758282977,0.503856601252271,0.0025239228386339098,-0.00038324344693722385,0.0014715027087369094,0.0015384913421028004,0.0010524201298969997,-0.001921734789040024,104,0.17824373623499504
top_8,8,"[""signed_volume_pressure_20"", ""return_volume_corr_20"", ""volume_cv_20"", ""ret_1d"", ""ret_5d"", ""vol_ratio_5_20"", ""overnight_gap"", ""volume_zscore_20""]",common_sample,rank:pairwise,5,0,"{""colsample_bytree"": 0.85, ""gamma"": 0.0, ""learning_rate"": 0.05, ""max_depth"": 2, ""min_child_weight"": 5, ""n_estimators"": 200, ""reg_alpha"": 0.1, ""reg_lambda"": 5.0, ""subsample"": 0.85}",-0.013098384938187891,-0.006894689468946894,0.1094392915833897,0.4519230769230769,0.5480769230769231,-0.11968630963046106,-0.8630702526873736,0.4784666361782763,0.4883798357373994,0.48949321599650647,-0.0025964981486309847,-0.0012275344530961975,0.0010369498727043076,0.0017509992671931392,-0.003633448021335292,-0.002978533720289338,104,0.05918345790213117
top_8,8,"[""signed_volume_pressure_20"", ""return_volume_corr_20"", ""volume_cv_20"", ""ret_1d"", ""ret_5d"", ""vol_ratio_5_20"", ""overnight_gap"", ""volume_zscore_20""]",common_sample,rank:ndcg,10,2,"{""colsample_bytree"": 0.85, ""gamma"": 0.1, ""learning_rate"": 0.03, ""max_depth"": 5, ""min_child_weight"": 10, ""n_estimators"": 400, ""reg_alpha"": 1.0, ""reg_lambda"": 10.0, ""subsample"": 0.7}",-0.013119805710637008,-0.02722472247224722,0.13657268088818175,0.4519230769230769,0.5480769230769231,-0.09606464210348765,-0.6927319857264431,0.4927794761183459,0.4851484875918493,0.5104818774617776,-0.0003760417203180599,-0.0028054179785931502,-7.622435468754376e-05,-0.00021461659692805933,-0.0002998173656305163,-0.0025908013816650904,104,0.34815359129928625
core_plus_fundamental,6,"[""signed_volume_pressure_20"", ""ret_1d"", ""vol_ratio_5_20"", ""overnight_gap"", ""close_location_value"", ""cashflow_to_assets""]",common_sample,rank:ndcg,10,2,"{""colsample_bytree"": 0.85, ""gamma"": 0.1, ""learning_rate"": 0.03, ""max_depth"": 5, ""min_child_weight"": 10, ""n_estimators"": 400, ""reg_alpha"": 1.0, ""reg_lambda"": 10.0, ""subsample"": 0.7}",-0.013218874343358285,-0.02868286828682868,0.1273635172793478,0.46153846153846156,0.5384615384615384,-0.1037885465612981,-0.748429852865284,0.5044724552720935,0.4905688827651514,0.5103131037361677,0.00015394837374706633,-0.002178504971482732,0.000858496605912786,0.001221518855672955,-0.0007045482321657202,-0.0034000238271556867,104,0.347718526251041
strong_only,3,"[""signed_volume_pressure_20"", ""return_volume_corr_20"", ""volume_cv_20""]",common_sample,rank:pairwise,20,2,"{""colsample_bytree"": 0.85, ""gamma"": 0.1, ""learning_rate"": 0.03, ""max_depth"": 5, ""min_child_weight"": 10, ""n_estimators"": 400, ""reg_alpha"": 1.0, ""reg_lambda"": 10.0, ""subsample"": 0.7}",-0.013535452478826825,-0.019669966996699664,0.11722123710751645,0.4230769230769231,0.5769230769230769,-0.11546928536858879,-0.8326608582752613,0.5007397101317139,0.5107578737396209,0.5347698622688246,-0.0009871443784347177,-0.00045603644263014564,3.067758543743136e-05,0.0010156706276019305,-0.0010178219638721491,-0.0014717070702320758,104,0.0774866620150323
top_3,3,"[""signed_volume_pressure_20"", ""return_volume_corr_20"", ""volume_cv_20""]",common_sample,rank:pairwise,20,2,"{""colsample_bytree"": 0.85, ""gamma"": 0.1, ""learning_rate"": 0.03, ""max_depth"": 5, ""min_child_weight"": 10, ""n_estimators"": 400, ""reg_alpha"": 1.0, ""reg_lambda"": 10.0, ""subsample"": 0.7}",-0.013535452478826825,-0.019669966996699664,0.11722123710751645,0.4230769230769231,0.5769230769230769,-0.11546928536858879,-0.8326608582752613,0.5007397101317139,0.5107578737396209,0.5347698622688246,-0.0009871443784347177,-0.00045603644263014564,3.067758543743136e-05,0.0010156706276019305,-0.0010178219638721491,-0.0014717070702320758,104,0.0774866620150323
strong_only,3,"[""signed_volume_pressure_20"", ""return_volume_corr_20"", ""volume_cv_20""]",common_sample,rank:pairwise,10,1,"{""colsample_bytree"": 1.0, ""gamma"": 0.1, ""learning_rate"": 0.03, ""max_depth"": 3, ""min_child_weight"": 5, ""n_estimators"": 400, ""reg_alpha"": 0.0, ""reg_lambda"": 5.0, ""subsample"": 0.85}",-0.013854177407821052,-0.01944194419441944,0.11114775502292701,0.40384615384615385,0.5961538461538461,-0.1246464888558773,-0.8988386137528326,0.4889456546659706,0.4914475228265908,0.5177483050653789,-0.0006960639115670298,-0.0010762319431254848,0.002939920755926156,0.0011875410587565188,-0.003635984667493186,-0.0022637730018820034,104,0.10361419478431344
top_3,3,"[""signed_volume_pressure_20"", ""return_volume_corr_20"", ""volume_cv_20""]",common_sample,rank:pairwise,10,1,"{""colsample_bytree"": 1.0, ""gamma"": 0.1, ""learning_rate"": 0.03, ""max_depth"": 3, ""min_child_weight"": 5, ""n_estimators"": 400, ""reg_alpha"": 0.0, ""reg_lambda"": 5.0, ""subsample"": 0.85}",-0.013854177407821052,-0.01944194419441944,0.11114775502292701,0.40384615384615385,0.5961538461538461,-0.1246464888558773,-0.8988386137528326,0.4889456546659706,0.4914475228265908,0.5177483050653789,-0.0006960639115670298,-0.0010762319431254848,0.002939920755926156,0.0011875410587565188,-0.003635984667493186,-0.0022637730018820034,104,0.10361419478431344
top_8,8,"[""signed_volume_pressure_20"", ""return_volume_corr_20"", ""volume_cv_20"", ""ret_1d"", ""ret_5d"", ""vol_ratio_5_20"", ""overnight_gap"", ""volume_zscore_20""]",common_sample,rank:ndcg,5,1,"{""colsample_bytree"": 1.0, ""gamma"": 0.1, ""learning_rate"": 0.03, ""max_depth"": 3, ""min_child_weight"": 5, ""n_estimators"": 400, ""reg_alpha"": 0.0, ""reg_lambda"": 5.0, ""subsample"": 0.85}",-0.013896936137947995,-0.027908790879087906,0.1331475823023738,0.41346153846153844,0.5865384615384616,-0.10437242567715956,-0.7526402650471061,0.5052804677026234,0.4975076147968611,0.49130209381873274,-0.0010635837431170025,-0.0017507601829254659,-0.0008479501976969689,-0.0007429849910171882,-0.000215633545420034,-0.0010077751919082777,104,0.24831798973564917
core_5,5,"[""signed_volume_pressure_20"", ""ret_1d"", ""vol_ratio_5_20"", ""overnight_gap"", ""close_location_value""]",common_sample,rank:ndcg,5,1,"{""colsample_bytree"": 1.0, ""gamma"": 0.1, ""learning_rate"": 0.03, ""max_depth"": 3, ""min_child_weight"": 5, ""n_estimators"": 400, ""reg_alpha"": 0.0, ""reg_lambda"": 5.0, ""subsample"": 0.85}",-0.014179934269291214,-0.003696369636963696,0.13478958182529965,0.4807692307692308,0.5192307692307693,-0.10520052126632295,-0.7586117472625344,0.490705443340301,0.4823013247151335,0.4938376219724144,-0.001581391493302574,-0.003423057620889707,0.0021326678487932744,0.0007179650317485573,-0.0037140593420958486,-0.004141022652638265,104,0.24523610879595464
top_10,10,"[""signed_volume_pressure_20"", ""return_volume_corr_20"", ""volume_cv_20"", ""ret_1d"", ""ret_5d"", ""vol_ratio_5_20"", ""overnight_gap"", ""volume_zscore_20"", ""close_location_value"", ""intraday_return""]",common_sample,rank:ndcg,10,1,"{""colsample_bytree"": 1.0, ""gamma"": 0.1, ""learning_rate"": 0.03, ""max_depth"": 3, ""min_child_weight"": 5, ""n_estimators"": 400, ""reg_alpha"": 0.0, ""reg_lambda"": 5.0, ""subsample"": 0.85}",-0.014758078075888833,-0.025259565641711265,0.13959651680847648,0.4423076923076923,0.5576923076923077,-0.10571952949325096,-0.7623543688116876,0.5073124855670099,0.4998218052365938,0.5115887474775502,-0.00019943374093876713,-0.0014946726448315422,0.0007357573647208079,0.00011037100671444083,-0.0009351911056595743,-0.001605043651545983,104,0.33493948068756324
top_8,8,"[""signed_volume_pressure_20"", ""return_volume_corr_20"", ""volume_cv_20"", ""ret_1d"", ""ret_5d"", ""vol_ratio_5_20"", ""overnight_gap"", ""volume_zscore_20""]",common_sample,rank:pairwise,10,2,"{""colsample_bytree"": 0.85, ""gamma"": 0.1, ""learning_rate"": 0.03, ""max_depth"": 5, ""min_child_weight"": 10, ""n_estimators"": 400, ""reg_alpha"": 1.0, ""reg_lambda"": 10.0, ""subsample"": 0.7}",-0.015227107478490693,-0.010675067506750673,0.11921042370391259,0.46153846153846156,0.5384615384615384,-0.1277330203633101,-0.9210959089796009,0.49111350173060586,0.49562678905898117,0.5155333133972426,-0.0018631583814691243,-0.0005775672958539894,0.0010261519857963043,0.00021495222493241,-0.0028893103672654285,-0.0007925195207863987,104,0.11250036310117978
top_10,10,"[""signed_volume_pressure_20"", ""return_volume_corr_20"", ""volume_cv_20"", ""ret_1d"", ""ret_5d"", ""vol_ratio_5_20"", ""overnight_gap"", ""volume_zscore_20"", ""close_location_value"", ""intraday_return""]",common_sample,rank:pairwise,5,1,"{""colsample_bytree"": 1.0, ""gamma"": 0.1, ""learning_rate"": 0.03, ""max_depth"": 3, ""min_child_weight"": 5, ""n_estimators"": 400, ""reg_alpha"": 0.0, ""reg_lambda"": 5.0, ""subsample"": 0.85}",-0.01530181202756916,-0.02451245124512451,0.12765193305279846,0.38461538461538464,0.6153846153846154,-0.11987136944679198,-0.8644047380009918,0.49357624955720003,0.4840197872990876,0.4936029280282146,-0.0023647554349249442,-0.0031109819178908307,0.003366755034718378,0.0015822151613080428,-0.005731510469643321,-0.004693197079198873,104,0.10098434551260792
core_plus_horizon,6,"[""signed_volume_pressure_20"", ""ret_1d"", ""vol_ratio_5_20"", ""overnight_gap"", ""close_location_value"", ""return_volume_corr_20""]",common_sample,rank:pairwise,5,0,"{""colsample_bytree"": 0.85, ""gamma"": 0.0, ""learning_rate"": 0.05, ""max_depth"": 2, ""min_child_weight"": 5, ""n_estimators"": 200, ""reg_alpha"": 0.1, ""reg_lambda"": 5.0, ""subsample"": 0.85}",-0.01536378707264516,-0.022040204020402035,0.1146950753620325,0.40384615384615385,0.5961538461538461,-0.1339533281978298,-0.9659511866726631,0.5082604088408043,0.5010573562569498,0.5038169203103889,-0.00043909886124851545,-0.0008384978001948889,0.003949255755845899,0.0011124775869692594,-0.004388354617094414,-0.0019509753871641475,104,0.05923980255969442
top_10,10,"[""signed_volume_pressure_20"", ""return_volume_corr_20"", ""volume_cv_20"", ""ret_1d"", ""ret_5d"", ""vol_ratio_5_20"", ""overnight_gap"", ""volume_zscore_20"", ""close_location_value"", ""intraday_return""]",common_sample,rank:ndcg,5,1,"{""colsample_bytree"": 1.0, ""gamma"": 0.1, ""learning_rate"": 0.03, ""max_depth"": 3, ""min_child_weight"": 5, ""n_estimators"": 400, ""reg_alpha"": 0.0, ""reg_lambda"": 5.0, ""subsample"": 0.85}",-0.015494075090741048,-0.026366636663666364,0.13577373071121904,0.4423076923076923,0.5576923076923077,-0.1141168840951703,-0.822908554002635,0.5125620467687456,0.497807641005457,0.49386425071594886,-0.0002187800104931986,-0.001045325215523899,-0.00012446526648099554,0.00029595757606039845,-9.431474401220373e-05,-0.0013412827915842977,104,0.25824663487191385
core_5,5,"[""signed_volume_pressure_20"", ""ret_1d"", ""vol_ratio_5_20"", ""overnight_gap"", ""close_location_value""]",common_sample,rank:pairwise,10,2,"{""colsample_bytree"": 0.85, ""gamma"": 0.1, ""learning_rate"": 0.03, ""max_depth"": 5, ""min_child_weight"": 10, ""n_estimators"": 400, ""reg_alpha"": 1.0, ""reg_lambda"": 10.0, ""subsample"": 0.7}",-0.015571268929670583,-0.013039303930393039,0.11149776796931912,0.4807692307692308,0.5192307692307693,-0.13965543179263762,-1.0070696404508375,0.507734024651204,0.501455384607595,0.5188638929285693,-0.0022446725996319587,-0.0015651013687984644,0.0010196822083542317,0.00017626143564232997,-0.00326435480798619,-0.001741362804440794,104,0.10520648082288411
core_plus_fundamental,6,"[""signed_volume_pressure_20"", ""ret_1d"", ""vol_ratio_5_20"", ""overnight_gap"", ""close_location_value"", ""cashflow_to_assets""]",common_sample,rank:pairwise,10,1,"{""colsample_bytree"": 1.0, ""gamma"": 0.1, ""learning_rate"": 0.03, ""max_depth"": 3, ""min_child_weight"": 5, ""n_estimators"": 400, ""reg_alpha"": 0.0, ""reg_lambda"": 5.0, ""subsample"": 0.85}",-0.015697285032646776,-0.015523552355235523,0.11299706374548366,0.46153846153846156,0.5384615384615384,-0.13891763655030528,-1.0017493232967922,0.5134193475694666,0.510687594609358,0.5198365235797122,0.00044688018632555403,0.0012969618983057975,0.0024444776908589655,0.0014459282514298348,-0.001997597504533412,-0.00014896635312403706,104,0.08609819319099188
top_8,8,"[""signed_volume_pressure_20"", ""return_volume_corr_20"", ""volume_cv_20"", ""ret_1d"", ""ret_5d"", ""vol_ratio_5_20"", ""overnight_gap"", ""volume_zscore_20""]",common_sample,rank:ndcg,5,2,"{""colsample_bytree"": 0.85, ""gamma"": 0.1, ""learning_rate"": 0.03, ""max_depth"": 5, ""min_child_weight"": 10, ""n_estimators"": 400, ""reg_alpha"": 1.0, ""reg_lambda"": 10.0, ""subsample"": 0.7}",-0.015808994556807874,-0.030351035103510345,0.12844856647583056,0.4230769230769231,0.5769230769230769,-0.12307645768691831,-0.887516957985316,0.49296779781553196,0.4919057740013034,0.4961758645918061,-0.0025215551650092935,-0.0024917710424000603,0.0010359308375114296,0.0007065402378694055,-0.0035574860025207235,-0.0031983112802694666,104,0.2677168039461741
strong_only,3,"[""signed_volume_pressure_20"", ""return_volume_corr_20"", ""volume_cv_20""]",common_sample,rank:pairwise,10,2,"{""colsample_bytree"": 0.85, ""gamma"": 0.1, ""learning_rate"": 0.03, ""max_depth"": 5, ""min_child_weight"": 10, ""n_estimators"": 400, ""reg_alpha"": 1.0, ""reg_lambda"": 10.0, ""subsample"": 0.7}",-0.01597376878083787,-0.025388577183723435,0.10804507122898661,0.40384615384615385,0.5961538461538461,-0.14784356749586172,-1.0661151267077011,0.4777467902615538,0.48390030612599716,0.5113895391521477,-0.0020842078595586133,-0.0016519433128212699,0.00031873763361329663,0.0008067433294876761,-0.002402945493171911,-0.0024586866423089468,104,0.08746064504465231
top_3,3,"[""signed_volume_pressure_20"", ""return_volume_corr_20"", ""volume_cv_20""]",common_sample,rank:pairwise,10,2,"{""colsample_bytree"": 0.85, ""gamma"": 0.1, ""learning_rate"": 0.03, ""max_depth"": 5, ""min_child_weight"": 10, ""n_estimators"": 400, ""reg_alpha"": 1.0, ""reg_lambda"": 10.0, ""subsample"": 0.7}",-0.01597376878083787,-0.025388577183723435,0.10804507122898661,0.40384615384615385,0.5961538461538461,-0.14784356749586172,-1.0661151267077011,0.4777467902615538,0.48390030612599716,0.5113895391521477,-0.0020842078595586133,-0.0016519433128212699,0.00031873763361329663,0.0008067433294876761,-0.002402945493171911,-0.0024586866423089468,104,0.08746064504465231
strong_only,3,"[""signed_volume_pressure_20"", ""return_volume_corr_20"", ""volume_cv_20""]",common_sample,rank:pairwise,5,0,"{""colsample_bytree"": 0.85, ""gamma"": 0.0, ""learning_rate"": 0.05, ""max_depth"": 2, ""min_child_weight"": 5, ""n_estimators"": 200, ""reg_alpha"": 0.1, ""reg_lambda"": 5.0, ""subsample"": 0.85}",-0.016097254610360802,-0.023813417948620273,0.11460278686909285,0.38461538461538464,0.6153846153846154,-0.14046128414615422,-1.0128807244129523,0.509438625418024,0.49949736720658033,0.49944661296219084,0.0014424252022377112,-0.0012936466186705782,0.0022734148767911615,0.002347194355325027,-0.0008309896745534496,-0.003640840973995605,104,0.07032909530859727
top_3,3,"[""signed_volume_pressure_20"", ""return_volume_corr_20"", ""volume_cv_20""]",common_sample,rank:pairwise,5,0,"{""colsample_bytree"": 0.85, ""gamma"": 0.0, ""learning_rate"": 0.05, ""max_depth"": 2, ""min_child_weight"": 5, ""n_estimators"": 200, ""reg_alpha"": 0.1, ""reg_lambda"": 5.0, ""subsample"": 0.85}",-0.016097254610360802,-0.023813417948620273,0.11460278686909285,0.38461538461538464,0.6153846153846154,-0.14046128414615422,-1.0128807244129523,0.509438625418024,0.49949736720658033,0.49944661296219084,0.0014424252022377112,-0.0012936466186705782,0.0022734148767911615,0.002347194355325027,-0.0008309896745534496,-0.003640840973995605,104,0.07032909530859727
core_5,5,"[""signed_volume_pressure_20"", ""ret_1d"", ""vol_ratio_5_20"", ""overnight_gap"", ""close_location_value""]",common_sample,rank:ndcg,5,2,"{""colsample_bytree"": 0.85, ""gamma"": 0.1, ""learning_rate"": 0.03, ""max_depth"": 5, ""min_child_weight"": 10, ""n_estimators"": 400, ""reg_alpha"": 1.0, ""reg_lambda"": 10.0, ""subsample"": 0.7}",-0.01644557298735814,-0.02676267626762676,0.1323026415046227,0.41346153846153844,0.5865384615384616,-0.1243026805839211,-0.8963593770458992,0.5087234021179078,0.4947838628533213,0.48935549585643595,-0.0006272855732997577,-0.002547202347407063,0.0015211087382547993,0.0006804930843256461,-0.0021483943115545565,-0.0032276954317327087,104,0.2501929082836096
top_10,10,"[""signed_volume_pressure_20"", ""return_volume_corr_20"", ""volume_cv_20"", ""ret_1d"", ""ret_5d"", ""vol_ratio_5_20"", ""overnight_gap"", ""volume_zscore_20"", ""close_location_value"", ""intraday_return""]",common_sample,rank:pairwise,10,0,"{""colsample_bytree"": 0.85, ""gamma"": 0.0, ""learning_rate"": 0.05, ""max_depth"": 2, ""min_child_weight"": 5, ""n_estimators"": 200, ""reg_alpha"": 0.1, ""reg_lambda"": 5.0, ""subsample"": 0.85}",-0.017054164910354296,-0.022886288628862883,0.10979170450142461,0.4519230769230769,0.5480769230769231,-0.15533199878623805,-1.1201149726881827,0.4969070008315705,0.49690507356281266,0.512370093770126,-0.0017433080906383075,-0.0013844901370381477,0.0025255958167205643,0.0008097552918912741,-0.004268903907358871,-0.002194245428929422,104,0.056951544569948546
top_5,5,"[""signed_volume_pressure_20"", ""return_volume_corr_20"", ""volume_cv_20"", ""ret_1d"", ""ret_5d""]",common_sample,rank:ndcg,5,0,"{""colsample_bytree"": 0.85, ""gamma"": 0.0, ""learning_rate"": 0.05, ""max_depth"": 2, ""min_child_weight"": 5, ""n_estimators"": 200, ""reg_alpha"": 0.1, ""reg_lambda"": 5.0, ""subsample"": 0.85}",-0.01721925399185942,-0.0029013086730552843,0.13193085155325754,0.47115384615384615,0.5288461538461539,-0.13051726559127372,-0.9411733868453783,0.5151530853057279,0.5086237705412516,0.4979030738528525,0.0013979613574901704,0.0007680189581802056,0.00017208287738827604,0.001041177925700069,0.0012258784801018943,-0.0002731589675198628,104,0.17144873487548187
top_5,5,"[""signed_volume_pressure_20"", ""return_volume_corr_20"", ""volume_cv_20"", ""ret_1d"", ""ret_5d""]",common_sample,rank:ndcg,10,1,"{""colsample_bytree"": 1.0, ""gamma"": 0.1, ""learning_rate"": 0.03, ""max_depth"": 3, ""min_child_weight"": 5, ""n_estimators"": 400, ""reg_alpha"": 0.0, ""reg_lambda"": 5.0, ""subsample"": 0.85}",-0.017435036260170997,-0.022346234623462344,0.13170609636914254,0.4423076923076923,0.5576923076923077,-0.1323783540839637,-0.9545938868225178,0.5136444009864576,0.5086461552785144,0.5251365929797215,0.0005889862308055572,0.0005613238278734734,-8.826905576399698e-05,-5.896002444983818e-05,0.0006772552865695542,0.0006202838523233121,104,0.31363306251856
extended,7,"[""signed_volume_pressure_20"", ""ret_1d"", ""vol_ratio_5_20"", ""overnight_gap"", ""close_location_value"", ""cashflow_to_assets"", ""return_volume_corr_20""]",common_sample,rank:ndcg,5,2,"{""colsample_bytree"": 0.85, ""gamma"": 0.1, ""learning_rate"": 0.03, ""max_depth"": 5, ""min_child_weight"": 10, ""n_estimators"": 400, ""reg_alpha"": 1.0, ""reg_lambda"": 10.0, ""subsample"": 0.7}",-0.017893280413561714,-0.024938493849384936,0.12650842088438752,0.47115384615384615,0.5288461538461539,-0.14143944164723926,-1.019934318464236,0.500308052243815,0.49339756826230025,0.4957276868769816,0.0012918315813737987,-0.00138385039758427,-0.0006427476522656086,-0.0003016497937134603,0.0019345792336394072,-0.001082200603870809,104,0.2704858797100874
core_plus_fundamental,6,"[""signed_volume_pressure_20"", ""ret_1d"", ""vol_ratio_5_20"", ""overnight_gap"", ""close_location_value"", ""cashflow_to_assets""]",common_sample,rank:pairwise,10,2,"{""colsample_bytree"": 0.85, ""gamma"": 0.1, ""learning_rate"": 0.03, ""max_depth"": 5, ""min_child_weight"": 10, ""n_estimators"": 400, ""reg_alpha"": 1.0, ""reg_lambda"": 10.0, ""subsample"": 0.7}",-0.017908505315856672,-0.006252638999335286,0.11575076608169549,0.49038461538461536,0.5096153846153846,-0.15471608458484903,-1.1156735522193937,0.5122027234040524,0.508811656262864,0.5224069773440246,0.0009103161525656577,-0.00044510462800097266,-0.0008286401504402878,0.0011075151518218367,0.0017389563030059455,-0.001552619779822809,104,0.1157226452890497
core_5,5,"[""signed_volume_pressure_20"", ""ret_1d"", ""vol_ratio_5_20"", ""overnight_gap"", ""close_location_value""]",common_sample,rank:pairwise,5,0,"{""colsample_bytree"": 0.85, ""gamma"": 0.0, ""learning_rate"": 0.05, ""max_depth"": 2, ""min_child_weight"": 5, ""n_estimators"": 200, ""reg_alpha"": 0.1, ""reg_lambda"": 5.0, ""subsample"": 0.85}",-0.017974106349572916,-0.02738073807380738,0.10294074516898145,0.38461538461538464,0.6153846153846154,-0.17460633610207196,-1.2591041956738391,0.5148535982423091,0.5040644362227901,0.499561368775104,-0.00030475687642417514,-0.00111854142855399,0.00361630666501471,0.0017510856215949945,-0.003921063541438884,-0.002869627050148984,104,0.0635209260866619
strong_only,3,"[""signed_volume_pressure_20"", ""return_volume_corr_20"", ""volume_cv_20""]",common_sample,rank:pairwise,20,0,"{""colsample_bytree"": 0.85, ""gamma"": 0.0, ""learning_rate"": 0.05, ""max_depth"": 2, ""min_child_weight"": 5, ""n_estimators"": 200, ""reg_alpha"": 0.1, ""reg_lambda"": 5.0, ""subsample"": 0.85}",-0.017983920822728906,-0.03472547254725472,0.10893633633623774,0.38461538461538464,0.6153846153846154,-0.16508652142679545,-1.190455835784591,0.5021966456569006,0.5040196284114161,0.5262102476182566,-0.0005297413036344011,-0.0010436999651117379,0.0019465600828259754,0.0015583919496210896,-0.0024763013864603774,-0.0026020919147328276,104,0.05908309550096209
top_3,3,"[""signed_volume_pressure_20"", ""return_volume_corr_20"", ""volume_cv_20""]",common_sample,rank:pairwise,20,0,"{""colsample_bytree"": 0.85, ""gamma"": 0.0, ""learning_rate"": 0.05, ""max_depth"": 2, ""min_child_weight"": 5, ""n_estimators"": 200, ""reg_alpha"": 0.1, ""reg_lambda"": 5.0, ""subsample"": 0.85}",-0.017983920822728906,-0.03472547254725472,0.10893633633623774,0.38461538461538464,0.6153846153846154,-0.16508652142679545,-1.190455835784591,0.5021966456569006,0.5040196284114161,0.5262102476182566,-0.0005297413036344011,-0.0010436999651117379,0.0019465600828259754,0.0015583919496210896,-0.0024763013864603774,-0.0026020919147328276,104,0.05908309550096209
top_10,10,"[""signed_volume_pressure_20"", ""return_volume_corr_20"", ""volume_cv_20"", ""ret_1d"", ""ret_5d"", ""vol_ratio_5_20"", ""overnight_gap"", ""volume_zscore_20"", ""close_location_value"", ""intraday_return""]",common_sample,rank:ndcg,5,2,"{""colsample_bytree"": 0.85, ""gamma"": 0.1, ""learning_rate"": 0.03, ""max_depth"": 5, ""min_child_weight"": 10, ""n_estimators"": 400, ""reg_alpha"": 1.0, ""reg_lambda"": 10.0, ""subsample"": 0.7}",-0.01803913437786555,-0.029276927692769274,0.13700166508427358,0.4519230769230769,0.5480769230769231,-0.1316709133919589,-0.9494924594437718,0.4851162541545205,0.48465486692152737,0.4872213835039385,-0.0033022024202296043,-0.0026375111023508135,-0.0009827193602733307,-0.0012570176457237965,-0.0023194830599562737,-0.0013804934566270177,104,0.2784903272986412
core_5,5,"[""signed_volume_pressure_20"", ""ret_1d"", ""vol_ratio_5_20"", ""overnight_gap"", ""close_location_value""]",common_sample,rank:pairwise,10,1,"{""colsample_bytree"": 1.0, ""gamma"": 0.1, ""learning_rate"": 0.03, ""max_depth"": 3, ""min_child_weight"": 5, ""n_estimators"": 400, ""reg_alpha"": 0.0, ""reg_lambda"": 5.0, ""subsample"": 0.85}",-0.018079637973677627,-0.016993699369936992,0.11235988609192119,0.4519230769230769,0.5480769230769231,-0.1609082974584608,-1.1603262342681846,0.4854794137213523,0.4907047977417684,0.5110704417000903,-0.0008516333098662153,-0.0006130138661393017,0.0004435465560601921,0.0008408327533478351,-0.0012951798659264074,-0.0014538466194871365,104,0.08465943764895201
core_plus_horizon,6,"[""signed_volume_pressure_20"", ""ret_1d"", ""vol_ratio_5_20"", ""overnight_gap"", ""close_location_value"", ""return_volume_corr_20""]",common_sample,rank:ndcg,5,0,"{""colsample_bytree"": 0.85, ""gamma"": 0.0, ""learning_rate"": 0.05, ""max_depth"": 2, ""min_child_weight"": 5, ""n_estimators"": 200, ""reg_alpha"": 0.1, ""reg_lambda"": 5.0, ""subsample"": 0.85}",-0.018672485559402877,-0.03819387449120746,0.1390528625167986,0.4230769230769231,0.5769230769230769,-0.13428335973412345,-0.968331077925917,0.5054920797548321,0.49373107637918834,0.4948145722843042,-0.0011276479430243748,-0.0021322954775283153,0.0008914206721659719,0.0008960833808026004,-0.002019068615190348,-0.0030283788583309163,104,0.17381737603304478
top_8,8,"[""signed_volume_pressure_20"", ""return_volume_corr_20"", ""volume_cv_20"", ""ret_1d"", ""ret_5d"", ""vol_ratio_5_20"", ""overnight_gap"", ""volume_zscore_20""]",common_sample,rank:pairwise,10,0,"{""colsample_bytree"": 0.85, ""gamma"": 0.0, ""learning_rate"": 0.05, ""max_depth"": 2, ""min_child_weight"": 5, ""n_estimators"": 200, ""reg_alpha"": 0.1, ""reg_lambda"": 5.0, ""subsample"": 0.85}",-0.019051794110746704,-0.0214041404140414,0.10864020185152391,0.4519230769230769,0.5480769230769231,-0.17536596753367925,-1.2645819758280674,0.49638162815384523,0.4994660203248442,0.5170879283576688,-0.002685059415498639,-0.0021237496706299846,-0.0008370232187667869,0.0006022941560733489,-0.0018480361967318523,-0.0027260438267033343,104,0.0552209266461432
core_plus_horizon,6,"[""signed_volume_pressure_20"", ""ret_1d"", ""vol_ratio_5_20"", ""overnight_gap"", ""close_location_value"", ""return_volume_corr_20""]",common_sample,rank:pairwise,5,2,"{""colsample_bytree"": 0.85, ""gamma"": 0.1, ""learning_rate"": 0.03, ""max_depth"": 5, ""min_child_weight"": 10, ""n_estimators"": 400, ""reg_alpha"": 1.0, ""reg_lambda"": 10.0, ""subsample"": 0.7}",-0.019264174341851903,-0.022298229822982296,0.1149787458969736,0.4230769230769231,0.5769230769230769,-0.16754552497131528,-1.208187962517219,0.492698549154692,0.49347198188438274,0.49795667232858964,-0.0016473912463071379,-0.0008833386679358573,0.0015234523939504187,0.0016453185324373223,-0.0031708436402575566,-0.00252865720037318,104,0.1319259419464148
core_plus_horizon,6,"[""signed_volume_pressure_20"", ""ret_1d"", ""vol_ratio_5_20"", ""overnight_gap"", ""close_location_value"", ""return_volume_corr_20""]",common_sample,rank:ndcg,5,2,"{""colsample_bytree"": 0.85, ""gamma"": 0.1, ""learning_rate"": 0.03, ""max_depth"": 5, ""min_child_weight"": 10, ""n_estimators"": 400, ""reg_alpha"": 1.0, ""reg_lambda"": 10.0, ""subsample"": 0.7}",-0.019393839439057356,-0.03234923492349235,0.13319365647803416,0.4423076923076923,0.5576923076923077,-0.14560632954960376,-1.0499821744464075,0.49236874125568053,0.49291231916286044,0.4881755546621584,-0.0027066368164467666,-0.0011769906703771585,9.569113790401437e-05,-0.00041003369837453135,-0.00280232795435078,-0.000766956972002627,104,0.26316885893734604
core_plus_fundamental,6,"[""signed_volume_pressure_20"", ""ret_1d"", ""vol_ratio_5_20"", ""overnight_gap"", ""close_location_value"", ""cashflow_to_assets""]",common_sample,rank:pairwise,20,1,"{""colsample_bytree"": 1.0, ""gamma"": 0.1, ""learning_rate"": 0.03, ""max_depth"": 3, ""min_child_weight"": 5, ""n_estimators"": 400, ""reg_alpha"": 0.0, ""reg_lambda"": 5.0, ""subsample"": 0.85}",-0.020073620787604805,-0.024458445844584453,0.10546280325062951,0.4326923076923077,0.5673076923076923,-0.19033839580292955,-1.3725496915140445,0.5039359389649175,0.50337848209062,0.5211261514359122,-0.00010966819118692981,-0.0021908756397328276,0.0005360614418802215,7.174998993129408e-05,-0.0006457296330671525,-0.002262625629664121,104,0.088087624261299
strong_only,3,"[""signed_volume_pressure_20"", ""return_volume_corr_20"", ""volume_cv_20""]",common_sample,rank:pairwise,20,1,"{""colsample_bytree"": 1.0, ""gamma"": 0.1, ""learning_rate"": 0.03, ""max_depth"": 3, ""min_child_weight"": 5, ""n_estimators"": 400, ""reg_alpha"": 0.0, ""reg_lambda"": 5.0, ""subsample"": 0.85}",-0.020124859581441154,-0.024590532824991643,0.1079466151646241,0.4326923076923077,0.5673076923076923,-0.18643344722527627,-1.3443907068644863,0.4756636500009125,0.4954286775119075,0.5222769915445558,-0.0023207652808159562,-0.0010355158341802187,0.00353740904392859,0.0014083078353357436,-0.005858174324744545,-0.002443823669515962,104,0.10129974775302869
top_3,3,"[""signed_volume_pressure_20"", ""return_volume_corr_20"", ""volume_cv_20""]",common_sample,rank:pairwise,20,1,"{""colsample_bytree"": 1.0, ""gamma"": 0.1, ""learning_rate"": 0.03, ""max_depth"": 3, ""min_child_weight"": 5, ""n_estimators"": 400, ""reg_alpha"": 0.0, ""reg_lambda"": 5.0, ""subsample"": 0.85}",-0.020124859581441154,-0.024590532824991643,0.1079466151646241,0.4326923076923077,0.5673076923076923,-0.18643344722527627,-1.3443907068644863,0.4756636500009125,0.4954286775119075,0.5222769915445558,-0.0023207652808159562,-0.0010355158341802187,0.00353740904392859,0.0014083078353357436,-0.005858174324744545,-0.002443823669515962,104,0.10129974775302869
top_10,10,"[""signed_volume_pressure_20"", ""return_volume_corr_20"", ""volume_cv_20"", ""ret_1d"", ""ret_5d"", ""vol_ratio_5_20"", ""overnight_gap"", ""volume_zscore_20"", ""close_location_value"", ""intraday_return""]",common_sample,rank:pairwise,10,2,"{""colsample_bytree"": 0.85, ""gamma"": 0.1, ""learning_rate"": 0.03, ""max_depth"": 5, ""min_child_weight"": 10, ""n_estimators"": 400, ""reg_alpha"": 1.0, ""reg_lambda"": 10.0, ""subsample"": 0.7}",-0.020591061259081663,-0.019813981398139814,0.13330112935476848,0.4326923076923077,0.5673076923076923,-0.1544702686222596,-1.1139009481045061,0.4772380953835033,0.4845886094853619,0.5056979554643496,-0.002000313302996528,-0.001505560560312813,0.0016631079509374558,0.0006790117987828972,-0.0036634212539339833,-0.0021845723590957103,104,0.12648990313307598
core_plus_fundamental,6,"[""signed_volume_pressure_20"", ""ret_1d"", ""vol_ratio_5_20"", ""overnight_gap"", ""close_location_value"", ""cashflow_to_assets""]",common_sample,rank:pairwise,10,0,"{""colsample_bytree"": 0.85, ""gamma"": 0.0, ""learning_rate"": 0.05, ""max_depth"": 2, ""min_child_weight"": 5, ""n_estimators"": 200, ""reg_alpha"": 0.1, ""reg_lambda"": 5.0, ""subsample"": 0.85}",-0.020606522728713703,-0.04343834383438343,0.1260835344127371,0.38461538461538464,0.6153846153846154,-0.16343547811134337,-1.1785499931208419,0.4950365120966549,0.4967090409282383,0.5144621882665944,-6.524913548908269e-06,-0.0001530293773582871,-0.0005789801857835394,0.0007295017004543337,0.0005724552722346314,-0.000882531077812621,104,0.0591382601370032
top_8,8,"[""signed_volume_pressure_20"", ""return_volume_corr_20"", ""volume_cv_20"", ""ret_1d"", ""ret_5d"", ""vol_ratio_5_20"", ""overnight_gap"", ""volume_zscore_20""]",common_sample,rank:pairwise,20,2,"{""colsample_bytree"": 0.85, ""gamma"": 0.1, ""learning_rate"": 0.03, ""max_depth"": 5, ""min_child_weight"": 10, ""n_estimators"": 400, ""reg_alpha"": 1.0, ""reg_lambda"": 10.0, ""subsample"": 0.7}",-0.02061979764931547,-0.01753375337533753,0.11687474038603234,0.4519230769230769,0.5480769230769231,-0.17642646803927992,-1.2722293537292648,0.49771698775536544,0.4967411091377309,0.5247372583320548,-0.0007189547254953194,-0.0020854689110967584,0.0012077408991828932,0.001511560442394465,-0.0019266956246782123,-0.0035970293534912244,104,0.10632573247242433
extended,7,"[""signed_volume_pressure_20"", ""ret_1d"", ""vol_ratio_5_20"", ""overnight_gap"", ""close_location_value"", ""cashflow_to_assets"", ""return_volume_corr_20""]",common_sample,rank:pairwise,20,1,"{""colsample_bytree"": 1.0, ""gamma"": 0.1, ""learning_rate"": 0.03, ""max_depth"": 3, ""min_child_weight"": 5, ""n_estimators"": 400, ""reg_alpha"": 0.0, ""reg_lambda"": 5.0, ""subsample"": 0.85}",-0.020633005367800113,-0.02219021902190219,0.114148501422518,0.4230769230769231,0.5769230769230769,-0.18075581466836368,-1.3034487162501023,0.5011072531449394,0.5084953339888082,0.5282243379325708,0.0001374633261533848,0.00023208612665292534,0.0006731668609565589,0.001419128336468395,-0.0005357035348031746,-0.0011870422098154698,104,0.07718023854809311
extended,7,"[""signed_volume_pressure_20"", ""ret_1d"", ""vol_ratio_5_20"", ""overnight_gap"", ""close_location_value"", ""cashflow_to_assets"", ""return_volume_corr_20""]",common_sample,rank:pairwise,10,0,"{""colsample_bytree"": 0.85, ""gamma"": 0.0, ""learning_rate"": 0.05, ""max_depth"": 2, ""min_child_weight"": 5, ""n_estimators"": 200, ""reg_alpha"": 0.1, ""reg_lambda"": 5.0, ""subsample"": 0.85}",-0.020810189525464554,-0.014125412541254124,0.11843931953001793,0.4326923076923077,0.5673076923076923,-0.17570338640953018,-1.2670151379444474,0.5069351711381439,0.500250280323359,0.5166830757599287,0.002187074843276665,-0.00037947661301537003,-8.940275890966052e-05,0.0012333210133396756,0.0022764776021863245,-0.0016127976263550458,104,0.05703431002509136
core_5,5,"[""signed_volume_pressure_20"", ""ret_1d"", ""vol_ratio_5_20"", ""overnight_gap"", ""close_location_value""]",common_sample,rank:pairwise,5,1,"{""colsample_bytree"": 1.0, ""gamma"": 0.1, ""learning_rate"": 0.03, ""max_depth"": 3, ""min_child_weight"": 5, ""n_estimators"": 400, ""reg_alpha"": 0.0, ""reg_lambda"": 5.0, ""subsample"": 0.85}",-0.020833331063657666,-0.02415241524152415,0.11666488948221831,0.40384615384615385,0.5961538461538461,-0.1785741293384846,-1.287716359602489,0.4773813019913078,0.48370102744033533,0.48834942454510866,-0.0029190574370346746,-0.0013448643223058195,0.001953405952710356,0.0015706404090988558,-0.004872463389745031,-0.002915504731404676,104,0.09566199041616458
core_plus_horizon,6,"[""signed_volume_pressure_20"", ""ret_1d"", ""vol_ratio_5_20"", ""overnight_gap"", ""close_location_value"", ""return_volume_corr_20""]",common_sample,rank:pairwise,5,1,"{""colsample_bytree"": 1.0, ""gamma"": 0.1, ""learning_rate"": 0.03, ""max_depth"": 3, ""min_child_weight"": 5, ""n_estimators"": 400, ""reg_alpha"": 0.0, ""reg_lambda"": 5.0, ""subsample"": 0.85}",-0.020939438718496954,-0.026312631263126312,0.10919757645321097,0.41346153846153844,0.5865384615384616,-0.19175735761378454,-1.3827819706479703,0.47190630238134584,0.48914566438233886,0.49165935516468073,-0.002692349669961634,-0.0006446131386665817,0.0015770014159129143,0.0013504254013357358,-0.004269351085874549,-0.0019950385400023182,104,0.10813619970129086
core_5,5,"[""signed_volume_pressure_20"", ""ret_1d"", ""vol_ratio_5_20"", ""overnight_gap"", ""close_location_value""]",common_sample,rank:pairwise,20,0,"{""colsample_bytree"": 0.85, ""gamma"": 0.0, ""learning_rate"": 0.05, ""max_depth"": 2, ""min_child_weight"": 5, ""n_estimators"": 200, ""reg_alpha"": 0.1, ""reg_lambda"": 5.0, ""subsample"": 0.85}",-0.021266473543778128,-0.03216921692169217,0.1126308751471745,0.4326923076923077,0.5673076923076923,-0.18881566458565893,-1.3615691205488067,0.4948608989919575,0.5119804282436184,0.5228708527314451,-0.003042470391798273,-0.0011354863311287939,0.0019528207661780963,0.0008080754928864071,-0.004995291157976369,-0.0019435618240152008,104,0.05273553252649995
top_5,5,"[""signed_volume_pressure_20"", ""return_volume_corr_20"", ""volume_cv_20"", ""ret_1d"", ""ret_5d""]",common_sample,rank:ndcg,5,1,"{""colsample_bytree"": 1.0, ""gamma"": 0.1, ""learning_rate"": 0.03, ""max_depth"": 3, ""min_child_weight"": 5, ""n_estimators"": 400, ""reg_alpha"": 0.0, ""reg_lambda"": 5.0, ""subsample"": 0.85}",-0.021268225675008214,-0.03372937293729372,0.12817323722987872,0.46153846153846156,0.5384615384615384,-0.1659334361420836,-1.196563024648424,0.5020517953090672,0.5032831033624897,0.4919783105367438,9.111493415540506e-05,-0.0007120349547226115,0.0003640144450662628,0.0010218038853710301,-0.0002728995109108572,-0.0017338388400936415,104,0.2384512103520907
top_5,5,"[""signed_volume_pressure_20"", ""return_volume_corr_20"", ""volume_cv_20"", ""ret_1d"", ""ret_5d""]",common_sample,rank:pairwise,5,0,"{""colsample_bytree"": 0.85, ""gamma"": 0.0, ""learning_rate"": 0.05, ""max_depth"": 2, ""min_child_weight"": 5, ""n_estimators"": 200, ""reg_alpha"": 0.1, ""reg_lambda"": 5.0, ""subsample"": 0.85}",-0.021347015305611377,-0.024476447644764476,0.11381836873251724,0.38461538461538464,0.6153846153846154,-0.18755334084763298,-1.3524663746214307,0.5006167388458765,0.4904139402535072,0.49021875157090555,-0.0009841370792506578,-0.0026906992607014027,-0.00027099722012142253,0.0015477708063316175,-0.0007131398591292353,-0.00423847006703302,104,0.06257587015772095
extended,7,"[""signed_volume_pressure_20"", ""ret_1d"", ""vol_ratio_5_20"", ""overnight_gap"", ""close_location_value"", ""cashflow_to_assets"", ""return_volume_corr_20""]",common_sample,rank:pairwise,5,2,"{""colsample_bytree"": 0.85, ""gamma"": 0.1, ""learning_rate"": 0.03, ""max_depth"": 5, ""min_child_weight"": 10, ""n_estimators"": 400, ""reg_alpha"": 1.0, ""reg_lambda"": 10.0, ""subsample"": 0.7}",-0.021589579832791618,-0.0210711375999458,0.1124717029366564,0.4326923076923077,0.5673076923076923,-0.19195565879313467,-1.384211940788234,0.508278486704318,0.5028575541923175,0.4999263940227189,-0.0007325211026858928,-2.870267577176978e-05,0.0001717699850248706,0.0011770383422893974,-0.0009042910877107636,-0.0012057410180611667,104,0.11619546436346494
top_5,5,"[""signed_volume_pressure_20"", ""return_volume_corr_20"", ""volume_cv_20"", ""ret_1d"", ""ret_5d""]",common_sample,rank:ndcg,5,2,"{""colsample_bytree"": 0.85, ""gamma"": 0.1, ""learning_rate"": 0.03, ""max_depth"": 5, ""min_child_weight"": 10, ""n_estimators"": 400, ""reg_alpha"": 1.0, ""reg_lambda"": 10.0, ""subsample"": 0.7}",-0.02202355508304937,-0.018493873725915967,0.13249137448510273,0.4807692307692308,0.5192307692307693,-0.16622633109995918,-1.1986751202263144,0.5009635640054267,0.486893799924936,0.4924356437681089,-0.001499682134536855,-0.0031236060191356554,0.0004516852917084182,0.0009354098239452268,-0.001951367426245273,-0.004059015843080881,104,0.24239654108308828
top_8,8,"[""signed_volume_pressure_20"", ""return_volume_corr_20"", ""volume_cv_20"", ""ret_1d"", ""ret_5d"", ""vol_ratio_5_20"", ""overnight_gap"", ""volume_zscore_20""]",common_sample,rank:pairwise,20,0,"{""colsample_bytree"": 0.85, ""gamma"": 0.0, ""learning_rate"": 0.05, ""max_depth"": 2, ""min_child_weight"": 5, ""n_estimators"": 200, ""reg_alpha"": 0.1, ""reg_lambda"": 5.0, ""subsample"": 0.85}",-0.02213177483730218,-0.030477047704770475,0.11300566800084103,0.4230769230769231,0.5769230769230769,-0.19584659096159202,-1.4122698516736845,0.4727358866402466,0.48958927319021367,0.5117720118145601,-0.0037006323707958915,-0.0022152521984739946,0.0012078496732292718,0.0008662068167998847,-0.004908482044025164,-0.0030814590152738806,104,0.05527018605229946
core_5,5,"[""signed_volume_pressure_20"", ""ret_1d"", ""vol_ratio_5_20"", ""overnight_gap"", ""close_location_value""]",common_sample,rank:pairwise,20,2,"{""colsample_bytree"": 0.85, ""gamma"": 0.1, ""learning_rate"": 0.03, ""max_depth"": 5, ""min_child_weight"": 10, ""n_estimators"": 400, ""reg_alpha"": 1.0, ""reg_lambda"": 10.0, ""subsample"": 0.7}",-0.022466132822871958,-0.016939693969396936,0.11535316614792265,0.4230769230769231,0.5769230769230769,-0.19475956814278167,-1.4044312186520442,0.4919282903643255,0.5004712278376605,0.5253747573019284,-0.0026244805084018755,-0.002139463320038115,0.0016265559756531403,0.0011044936453942006,-0.004251036484055016,-0.003243956965432317,104,0.092791840290794
strong_only,3,"[""signed_volume_pressure_20"", ""return_volume_corr_20"", ""volume_cv_20""]",common_sample,rank:pairwise,10,0,"{""colsample_bytree"": 0.85, ""gamma"": 0.0, ""learning_rate"": 0.05, ""max_depth"": 2, ""min_child_weight"": 5, ""n_estimators"": 200, ""reg_alpha"": 0.1, ""reg_lambda"": 5.0, ""subsample"": 0.85}",-0.022876094571567234,-0.030489048904890487,0.09911660329085195,0.375,0.625,-0.23079982376351876,-1.664321197894838,0.5053157716423605,0.49296363337321303,0.516987677653261,0.0004743117207792438,-0.0014462463642819087,0.003856004844269505,0.0017601178671109003,-0.003381693123490262,-0.003206364231392809,104,0.06039782108452458
top_3,3,"[""signed_volume_pressure_20"", ""return_volume_corr_20"", ""volume_cv_20""]",common_sample,rank:pairwise,10,0,"{""colsample_bytree"": 0.85, ""gamma"": 0.0, ""learning_rate"": 0.05, ""max_depth"": 2, ""min_child_weight"": 5, ""n_estimators"": 200, ""reg_alpha"": 0.1, ""reg_lambda"": 5.0, ""subsample"": 0.85}",-0.022876094571567234,-0.030489048904890487,0.09911660329085195,0.375,0.625,-0.23079982376351876,-1.664321197894838,0.5053157716423605,0.49296363337321303,0.516987677653261,0.0004743117207792438,-0.0014462463642819087,0.003856004844269505,0.0017601178671109003,-0.003381693123490262,-0.003206364231392809,104,0.06039782108452458
top_10,10,"[""signed_volume_pressure_20"", ""return_volume_corr_20"", ""volume_cv_20"", ""ret_1d"", ""ret_5d"", ""vol_ratio_5_20"", ""overnight_gap"", ""volume_zscore_20"", ""close_location_value"", ""intraday_return""]",common_sample,rank:pairwise,10,1,"{""colsample_bytree"": 1.0, ""gamma"": 0.1, ""learning_rate"": 0.03, ""max_depth"": 3, ""min_child_weight"": 5, ""n_estimators"": 400, ""reg_alpha"": 0.0, ""reg_lambda"": 5.0, ""subsample"": 0.85}",-0.023016921580359426,-0.032109210921092105,0.12832704967310868,0.38461538461538464,0.6153846153846154,-0.17936141786935114,-1.293393577935737,0.4934646248083626,0.49467509560918166,0.5102423374363466,0.0004956048714661479,-0.0006596176431666471,0.0005127685453428668,0.0008321085692773189,-1.7163673876719845e-05,-0.001491726212443966,104,0.08580119846961819
top_5,5,"[""signed_volume_pressure_20"", ""return_volume_corr_20"", ""volume_cv_20"", ""ret_1d"", ""ret_5d""]",common_sample,rank:pairwise,5,1,"{""colsample_bytree"": 1.0, ""gamma"": 0.1, ""learning_rate"": 0.03, ""max_depth"": 3, ""min_child_weight"": 5, ""n_estimators"": 400, ""reg_alpha"": 0.0, ""reg_lambda"": 5.0, ""subsample"": 0.85}",-0.023024133596824127,-0.013705370537053703,0.12174559818174387,0.4230769230769231,0.5769230769230769,-0.18911676430759586,-1.3637403815217497,0.5109938617594499,0.5004938407351571,0.49723719989194837,-0.000929752192505035,-0.0007488429868264433,0.003301319797243659,0.0019957587099403897,-0.004231071989748693,-0.0027446016967668336,104,0.11902288125398067
core_plus_fundamental,6,"[""signed_volume_pressure_20"", ""ret_1d"", ""vol_ratio_5_20"", ""overnight_gap"", ""close_location_value"", ""cashflow_to_assets""]",common_sample,rank:pairwise,5,0,"{""colsample_bytree"": 0.85, ""gamma"": 0.0, ""learning_rate"": 0.05, ""max_depth"": 2, ""min_child_weight"": 5, ""n_estimators"": 200, ""reg_alpha"": 0.1, ""reg_lambda"": 5.0, ""subsample"": 0.85}",-0.023122565972774074,-0.012703270327032702,0.1105492373380349,0.4423076923076923,0.5576923076923077,-0.20916079142247201,-1.5082799165807028,0.5037958103848753,0.5011523240217064,0.49284168672136147,-0.0007431101499525462,-0.0002594190822195677,0.0025419822836960397,0.0009366768314124652,-0.003285092433648586,-0.0011960959136320323,104,0.0653413116143873
core_plus_horizon,6,"[""signed_volume_pressure_20"", ""ret_1d"", ""vol_ratio_5_20"", ""overnight_gap"", ""close_location_value"", ""return_volume_corr_20""]",common_sample,rank:pairwise,20,2,"{""colsample_bytree"": 0.85, ""gamma"": 0.1, ""learning_rate"": 0.03, ""max_depth"": 5, ""min_child_weight"": 10, ""n_estimators"": 400, ""reg_alpha"": 1.0, ""reg_lambda"": 10.0, ""subsample"": 0.7}",-0.023169526369472924,-0.030309030903090305,0.11359944204170386,0.36538461538461536,0.6346153846153846,-0.203958100084392,-1.470762775800983,0.4892902953925618,0.5071566878825793,0.5245634803542689,-0.000953784776074621,0.0005532480068784555,-0.00012017434729071355,0.0012656117780750855,-0.000833610428783907,-0.0007123637711966304,104,0.10076934425160289
core_5,5,"[""signed_volume_pressure_20"", ""ret_1d"", ""vol_ratio_5_20"", ""overnight_gap"", ""close_location_value""]",common_sample,rank:pairwise,20,1,"{""colsample_bytree"": 1.0, ""gamma"": 0.1, ""learning_rate"": 0.03, ""max_depth"": 3, ""min_child_weight"": 5, ""n_estimators"": 400, ""reg_alpha"": 0.0, ""reg_lambda"": 5.0, ""subsample"": 0.85}",-0.023174491385478356,-0.019973027428891073,0.11441769456352835,0.3942307692307692,0.6057692307692307,-0.2025428975289407,-1.4605576050432885,0.5061700493009286,0.5173572125982066,0.531165864381589,-0.00011821058402265716,3.7806428229826935e-05,0.000894350158532813,0.0013641195734222888,-0.001012560742555471,-0.0013263131451924605,104,0.07974640953426178
core_plus_fundamental,6,"[""signed_volume_pressure_20"", ""ret_1d"", ""vol_ratio_5_20"", ""overnight_gap"", ""close_location_value"", ""cashflow_to_assets""]",common_sample,rank:pairwise,20,2,"{""colsample_bytree"": 0.85, ""gamma"": 0.1, ""learning_rate"": 0.03, ""max_depth"": 5, ""min_child_weight"": 10, ""n_estimators"": 400, ""reg_alpha"": 1.0, ""reg_lambda"": 10.0, ""subsample"": 0.7}",-0.02339512807456793,-0.024176417641764175,0.11123008638502739,0.4519230769230769,0.5480769230769231,-0.21033093504562028,-1.5167179422465393,0.5200728416402287,0.5162207429967085,0.5374937817409419,0.0022299115080420505,0.0007158169294322955,0.001247341414241063,0.0005655622932886921,0.0009825700938009868,0.00015025463614360364,104,0.10450146798617564
core_plus_fundamental,6,"[""signed_volume_pressure_20"", ""ret_1d"", ""vol_ratio_5_20"", ""overnight_gap"", ""close_location_value"", ""cashflow_to_assets""]",common_sample,rank:pairwise,5,1,"{""colsample_bytree"": 1.0, ""gamma"": 0.1, ""learning_rate"": 0.03, ""max_depth"": 3, ""min_child_weight"": 5, ""n_estimators"": 400, ""reg_alpha"": 0.0, ""reg_lambda"": 5.0, ""subsample"": 0.85}",-0.02375389611609483,-0.018427842784278427,0.1175464668041738,0.4230769230769231,0.5769230769230769,-0.2020809026584148,-1.4572261126539234,0.49973203372589453,0.4990189318652132,0.48996239324946694,-0.0013586965173702679,-0.00038674944243209956,0.0008850052496286459,-4.5792097982235936e-05,-0.0022437017669989135,-0.0003409573444498641,104,0.10155356661058389
extended,7,"[""signed_volume_pressure_20"", ""ret_1d"", ""vol_ratio_5_20"", ""overnight_gap"", ""close_location_value"", ""cashflow_to_assets"", ""return_volume_corr_20""]",common_sample,rank:pairwise,20,2,"{""colsample_bytree"": 0.85, ""gamma"": 0.1, ""learning_rate"": 0.03, ""max_depth"": 5, ""min_child_weight"": 10, ""n_estimators"": 400, ""reg_alpha"": 1.0, ""reg_lambda"": 10.0, ""subsample"": 0.7}",-0.02412754604252322,-0.02706270627062706,0.11055439286048069,0.38461538461538464,0.6153846153846154,-0.2182414051422824,-1.573761153339619,0.4748349486071736,0.498697797757812,0.5211452526103778,-0.0036905130927481064,-2.7525920274590704e-06,0.0018296935155449115,0.001997175359432006,-0.005520206608293018,-0.0019999279514594658,104,0.09480308476262368
core_5,5,"[""signed_volume_pressure_20"", ""ret_1d"", ""vol_ratio_5_20"", ""overnight_gap"", ""close_location_value""]",common_sample,rank:pairwise,10,0,"{""colsample_bytree"": 0.85, ""gamma"": 0.0, ""learning_rate"": 0.05, ""max_depth"": 2, ""min_child_weight"": 5, ""n_estimators"": 200, ""reg_alpha"": 0.1, ""reg_lambda"": 5.0, ""subsample"": 0.85}",-0.024736494754344356,-0.02604260426042604,0.11116547915437185,0.4326923076923077,0.5673076923076923,-0.222519571206036,-1.604611447555246,0.5039112939813355,0.5043379939551857,0.5155430496879693,0.00022987812684722235,-0.0003102391416682964,0.003306298003959588,0.0021967744916135527,-0.0030764198771123658,-0.00250701363328185,104,0.05582467964492165
top_10,10,"[""signed_volume_pressure_20"", ""return_volume_corr_20"", ""volume_cv_20"", ""ret_1d"", ""ret_5d"", ""vol_ratio_5_20"", ""overnight_gap"", ""volume_zscore_20"", ""close_location_value"", ""intraday_return""]",common_sample,rank:pairwise,20,2,"{""colsample_bytree"": 0.85, ""gamma"": 0.1, ""learning_rate"": 0.03, ""max_depth"": 5, ""min_child_weight"": 10, ""n_estimators"": 400, ""reg_alpha"": 1.0, ""reg_lambda"": 10.0, ""subsample"": 0.7}",-0.024909417939319018,-0.02481248124812481,0.1342081624940071,0.4230769230769231,0.5769230769230769,-0.18560285362994458,-1.3384012112704056,0.48386236908819874,0.4913920971407002,0.5137548650824384,-0.0008063099746909292,-0.0027218379677545965,0.0005641810353666279,0.0012205075440913532,-0.0013704910100575578,-0.003942345511845949,104,0.12615643069148064
top_5,5,"[""signed_volume_pressure_20"", ""return_volume_corr_20"", ""volume_cv_20"", ""ret_1d"", ""ret_5d""]",common_sample,rank:pairwise,20,0,"{""colsample_bytree"": 0.85, ""gamma"": 0.0, ""learning_rate"": 0.05, ""max_depth"": 2, ""min_child_weight"": 5, ""n_estimators"": 200, ""reg_alpha"": 0.1, ""reg_lambda"": 5.0, ""subsample"": 0.85}",-0.025023529626678157,-0.012805280528052805,0.11504494497844146,0.4230769230769231,0.5769230769230769,-0.2175109009037066,-1.5684934123613612,0.5064197943065851,0.4963575139634217,0.5277334284549001,-0.0029787439203641177,-0.003876714333871138,-0.0005028768952076219,0.0013650429562170106,-0.0024758670251564968,-0.0052417572900881485,104,0.05872442931509935
core_plus_horizon,6,"[""signed_volume_pressure_20"", ""ret_1d"", ""vol_ratio_5_20"", ""overnight_gap"", ""close_location_value"", ""return_volume_corr_20""]",common_sample,rank:pairwise,20,0,"{""colsample_bytree"": 0.85, ""gamma"": 0.0, ""learning_rate"": 0.05, ""max_depth"": 2, ""min_child_weight"": 5, ""n_estimators"": 200, ""reg_alpha"": 0.1, ""reg_lambda"": 5.0, ""subsample"": 0.85}",-0.025179666254006042,-0.029390939093909385,0.10872445476627053,0.36538461538461536,0.6346153846153846,-0.23159156151333032,-1.67003050000217,0.5090858215802301,0.5109870822327446,0.5279826358705055,-0.0009691673104859238,-0.0017479126793790818,0.0007915871774314101,0.0010632399396180278,-0.0017607544879173328,-0.0028111526189971096,104,0.047925396320911556
extended,7,"[""signed_volume_pressure_20"", ""ret_1d"", ""vol_ratio_5_20"", ""overnight_gap"", ""close_location_value"", ""cashflow_to_assets"", ""return_volume_corr_20""]",common_sample,rank:pairwise,20,0,"{""colsample_bytree"": 0.85, ""gamma"": 0.0, ""learning_rate"": 0.05, ""max_depth"": 2, ""min_child_weight"": 5, ""n_estimators"": 200, ""reg_alpha"": 0.1, ""reg_lambda"": 5.0, ""subsample"": 0.85}",-0.025308446184540704,-0.03105310531053105,0.10721472897867144,0.4326923076923077,0.5673076923076923,-0.23605381859031133,-1.7022082933928842,0.5114051350273583,0.5112110890632858,0.5286927451649424,0.0019588078605977787,0.0007508002704650987,0.001688843552979648,0.0011598497216790712,0.0002699643076181314,-0.00040904945121397285,104,0.05431353931243603
core_plus_horizon,6,"[""signed_volume_pressure_20"", ""ret_1d"", ""vol_ratio_5_20"", ""overnight_gap"", ""close_location_value"", ""return_volume_corr_20""]",common_sample,rank:pairwise,10,2,"{""colsample_bytree"": 0.85, ""gamma"": 0.1, ""learning_rate"": 0.03, ""max_depth"": 5, ""min_child_weight"": 10, ""n_estimators"": 400, ""reg_alpha"": 1.0, ""reg_lambda"": 10.0, ""subsample"": 0.7}",-0.025313990467788698,-0.04216621662166216,0.11691062274835458,0.36538461538461536,0.6346153846153846,-0.21652429755913666,-1.561378914466579,0.5039110854061559,0.5014401548408761,0.516651953942116,-0.0013055608559360032,-0.0005034997205788439,-0.0007535436328555603,0.0011765430752057287,-0.0005520172230804427,-0.0016800427957845722,104,0.1071945342880029
extended,7,"[""signed_volume_pressure_20"", ""ret_1d"", ""vol_ratio_5_20"", ""overnight_gap"", ""close_location_value"", ""cashflow_to_assets"", ""return_volume_corr_20""]",common_sample,rank:pairwise,5,0,"{""colsample_bytree"": 0.85, ""gamma"": 0.0, ""learning_rate"": 0.05, ""max_depth"": 2, ""min_child_weight"": 5, ""n_estimators"": 200, ""reg_alpha"": 0.1, ""reg_lambda"": 5.0, ""subsample"": 0.85}",-0.025450903495254758,-0.03184518451845184,0.12029913198648015,0.4230769230769231,0.5769230769230769,-0.2115634840832855,-1.525605979756191,0.5077306395510095,0.501943857235567,0.4968644042838467,0.0025466328663286196,0.0008184875471395174,0.0013258148834402372,0.0015239410429627566,0.001220817982888382,-0.0007054534958232391,104,0.06166731519624591
core_5,5,"[""signed_volume_pressure_20"", ""ret_1d"", ""vol_ratio_5_20"", ""overnight_gap"", ""close_location_value""]",common_sample,rank:pairwise,5,2,"{""colsample_bytree"": 0.85, ""gamma"": 0.1, ""learning_rate"": 0.03, ""max_depth"": 5, ""min_child_weight"": 10, ""n_estimators"": 400, ""reg_alpha"": 1.0, ""reg_lambda"": 10.0, ""subsample"": 0.7}",-0.025848972661941447,-0.028208820882088204,0.11950124803903914,0.38461538461538464,0.6153846153846154,-0.21630713558319495,-1.559812937187901,0.48458873430286353,0.48126449887044526,0.48866904177162873,-0.0031426112465927285,-0.0030688052458932432,0.0017004662626435355,0.0017721638027773721,-0.004843077509236264,-0.004840969048670615,104,0.12867089511396793
top_8,8,"[""signed_volume_pressure_20"", ""return_volume_corr_20"", ""volume_cv_20"", ""ret_1d"", ""ret_5d"", ""vol_ratio_5_20"", ""overnight_gap"", ""volume_zscore_20""]",common_sample,rank:pairwise,5,1,"{""colsample_bytree"": 1.0, ""gamma"": 0.1, ""learning_rate"": 0.03, ""max_depth"": 3, ""min_child_weight"": 5, ""n_estimators"": 400, ""reg_alpha"": 0.0, ""reg_lambda"": 5.0, ""subsample"": 0.85}",-0.02590274759596889,-0.035511551155115506,0.10950027809097178,0.40384615384615385,0.5961538461538461,-0.23655417180264268,-1.705816391718692,0.47872046852595346,0.480266708376982,0.48987605328623346,-0.0014281340528037902,-0.0017971835410298736,0.0016656462795229614,0.0018190926682549904,-0.0030937803323267516,-0.0036162762092848636,104,0.10535703864521705
top_5,5,"[""signed_volume_pressure_20"", ""return_volume_corr_20"", ""volume_cv_20"", ""ret_1d"", ""ret_5d""]",common_sample,rank:pairwise,20,1,"{""colsample_bytree"": 1.0, ""gamma"": 0.1, ""learning_rate"": 0.03, ""max_depth"": 3, ""min_child_weight"": 5, ""n_estimators"": 400, ""reg_alpha"": 0.0, ""reg_lambda"": 5.0, ""subsample"": 0.85}",-0.026082987604628696,-0.021896189618961892,0.11350600662963943,0.40384615384615385,0.5961538461538461,-0.22979389707308878,-1.6570673573714318,0.5044748115789611,0.504155880035233,0.5223429078776333,-0.0015398515986365497,-0.0018458921292310326,0.0005304758735769567,0.0009103298888428039,-0.002070327472213506,-0.0027562220180738367,104,0.09984006825834513
extended,7,"[""signed_volume_pressure_20"", ""ret_1d"", ""vol_ratio_5_20"", ""overnight_gap"", ""close_location_value"", ""cashflow_to_assets"", ""return_volume_corr_20""]",common_sample,rank:pairwise,5,1,"{""colsample_bytree"": 1.0, ""gamma"": 0.1, ""learning_rate"": 0.03, ""max_depth"": 3, ""min_child_weight"": 5, ""n_estimators"": 400, ""reg_alpha"": 0.0, ""reg_lambda"": 5.0, ""subsample"": 0.85}",-0.02635480595365019,-0.029276927692769274,0.11194267330254559,0.38461538461538464,0.6153846153846154,-0.23543127188343532,-1.697719045246859,0.4945088715018843,0.5005529755571114,0.4975286699991584,-0.0032814090298904394,-0.0011206302120173731,0.0006682982747245556,0.0012509103499156497,-0.003949707304614995,-0.0023715405619330232,104,0.09455289233189362
core_plus_fundamental,6,"[""signed_volume_pressure_20"", ""ret_1d"", ""vol_ratio_5_20"", ""overnight_gap"", ""close_location_value"", ""cashflow_to_assets""]",common_sample,rank:pairwise,20,0,"{""colsample_bytree"": 0.85, ""gamma"": 0.0, ""learning_rate"": 0.05, ""max_depth"": 2, ""min_child_weight"": 5, ""n_estimators"": 200, ""reg_alpha"": 0.1, ""reg_lambda"": 5.0, ""subsample"": 0.85}",-0.02649363063963621,-0.02009000900090009,0.11609260736138356,0.40384615384615385,0.5961538461538461,-0.22821117762618975,-1.645654205130495,0.49970241469041576,0.5035633688967626,0.5222583124916619,-0.0007012364892447409,-0.0016449584399501535,0.0006563092415286044,0.0017230847267642542,-0.0013575457307733443,-0.0033680431667144073,104,0.05420904323601952
top_5,5,"[""signed_volume_pressure_20"", ""return_volume_corr_20"", ""volume_cv_20"", ""ret_1d"", ""ret_5d""]",common_sample,rank:pairwise,10,0,"{""colsample_bytree"": 0.85, ""gamma"": 0.0, ""learning_rate"": 0.05, ""max_depth"": 2, ""min_child_weight"": 5, ""n_estimators"": 200, ""reg_alpha"": 0.1, ""reg_lambda"": 5.0, ""subsample"": 0.85}",-0.026587271280255207,-0.012457245724572456,0.1151104077477779,0.41346153846153844,0.5865384615384616,-0.2309719147074123,-1.6655621633393403,0.5185275311392464,0.4994884461978345,0.5134247183630832,-0.0007472500020411801,-0.0015423447911506935,0.0020227816339991912,0.0007758373271463655,-0.002770031636040372,-0.002318182118297059,104,0.058718508754212126
core_plus_horizon,6,"[""signed_volume_pressure_20"", ""ret_1d"", ""vol_ratio_5_20"", ""overnight_gap"", ""close_location_value"", ""return_volume_corr_20""]",common_sample,rank:pairwise,10,1,"{""colsample_bytree"": 1.0, ""gamma"": 0.1, ""learning_rate"": 0.03, ""max_depth"": 3, ""min_child_weight"": 5, ""n_estimators"": 400, ""reg_alpha"": 0.0, ""reg_lambda"": 5.0, ""subsample"": 0.85}",-0.026611218261441458,-0.026744674467446744,0.11237924595445734,0.34615384615384615,0.6538461538461539,-0.23679833438485506,-1.7075770731381248,0.4934333319115154,0.49104437210733703,0.5132428402470577,-0.0028041578493789984,-0.0030692101351654975,0.0010184614332759674,0.00013405655623755406,-0.0038226192826549643,-0.0032032666914030518,104,0.08648399639731416
strong_only,3,"[""signed_volume_pressure_20"", ""return_volume_corr_20"", ""volume_cv_20""]",common_sample,rank:pairwise,5,2,"{""colsample_bytree"": 0.85, ""gamma"": 0.1, ""learning_rate"": 0.03, ""max_depth"": 5, ""min_child_weight"": 10, ""n_estimators"": 400, ""reg_alpha"": 1.0, ""reg_lambda"": 10.0, ""subsample"": 0.7}",-0.02694650134022159,-0.03012301230123012,0.11358165551895143,0.3557692307692308,0.6442307692307693,-0.23724342823763023,-1.710786690555274,0.49268948071272034,0.49089278949605775,0.49016786105122645,-0.00013349821981933693,-0.0014337579532219024,0.0027647007973220132,0.0017050145113370503,-0.002898199017141351,-0.0031387724645589522,104,0.11747211604737319
top_3,3,"[""signed_volume_pressure_20"", ""return_volume_corr_20"", ""volume_cv_20""]",common_sample,rank:pairwise,5,2,"{""colsample_bytree"": 0.85, ""gamma"": 0.1, ""learning_rate"": 0.03, ""max_depth"": 5, ""min_child_weight"": 10, ""n_estimators"": 400, ""reg_alpha"": 1.0, ""reg_lambda"": 10.0, ""subsample"": 0.7}",-0.02694650134022159,-0.03012301230123012,0.11358165551895143,0.3557692307692308,0.6442307692307693,-0.23724342823763023,-1.710786690555274,0.49268948071272034,0.49089278949605775,0.49016786105122645,-0.00013349821981933693,-0.0014337579532219024,0.0027647007973220132,0.0017050145113370503,-0.002898199017141351,-0.0031387724645589522,104,0.11747211604737319
top_10,10,"[""signed_volume_pressure_20"", ""return_volume_corr_20"", ""volume_cv_20"", ""ret_1d"", ""ret_5d"", ""vol_ratio_5_20"", ""overnight_gap"", ""volume_zscore_20"", ""close_location_value"", ""intraday_return""]",common_sample,rank:pairwise,20,0,"{""colsample_bytree"": 0.85, ""gamma"": 0.0, ""learning_rate"": 0.05, ""max_depth"": 2, ""min_child_weight"": 5, ""n_estimators"": 200, ""reg_alpha"": 0.1, ""reg_lambda"": 5.0, ""subsample"": 0.85}",-0.027022258595202037,-0.034953495349534944,0.11891639665728942,0.36538461538461536,0.6346153846153846,-0.22723744878579455,-1.6386325466056089,0.49015395258543837,0.4971999036700848,0.5136767888948921,-0.0025074320777309406,-0.0024287977950328814,0.0008968703682808531,0.00070579277757081,-0.003404302446011795,-0.0031345905726036924,104,0.06301167634172508
top_10,10,"[""signed_volume_pressure_20"", ""return_volume_corr_20"", ""volume_cv_20"", ""ret_1d"", ""ret_5d"", ""vol_ratio_5_20"", ""overnight_gap"", ""volume_zscore_20"", ""close_location_value"", ""intraday_return""]",common_sample,rank:pairwise,20,1,"{""colsample_bytree"": 1.0, ""gamma"": 0.1, ""learning_rate"": 0.03, ""max_depth"": 3, ""min_child_weight"": 5, ""n_estimators"": 400, ""reg_alpha"": 0.0, ""reg_lambda"": 5.0, ""subsample"": 0.85}",-0.027078923275748602,-0.023102310231023097,0.12232787837687184,0.41346153846153844,0.5865384615384616,-0.22136346706122823,-1.5962746620074844,0.49393727896830375,0.4950361779994654,0.5150938519174383,-0.002579486200729344,-0.003330909798351091,0.0005563359881651531,0.0015624943680935047,-0.0031358221888944976,-0.0048934041664445965,104,0.09212020659246124
core_plus_horizon,6,"[""signed_volume_pressure_20"", ""ret_1d"", ""vol_ratio_5_20"", ""overnight_gap"", ""close_location_value"", ""return_volume_corr_20""]",common_sample,rank:pairwise,20,1,"{""colsample_bytree"": 1.0, ""gamma"": 0.1, ""learning_rate"": 0.03, ""max_depth"": 3, ""min_child_weight"": 5, ""n_estimators"": 400, ""reg_alpha"": 0.0, ""reg_lambda"": 5.0, ""subsample"": 0.85}",-0.027110539082543017,-0.0338073807380738,0.11761865037817336,0.3269230769230769,0.6730769230769231,-0.23049524029884597,-1.6621248152957655,0.5200162792618406,0.507423804584794,0.5250616667620336,0.002890489017453894,-0.001395293022285714,0.0005293151802064361,0.0007586042288399565,0.0023611738372474574,-0.0021538972511256707,104,0.08081240593813933
extended,7,"[""signed_volume_pressure_20"", ""ret_1d"", ""vol_ratio_5_20"", ""overnight_gap"", ""close_location_value"", ""cashflow_to_assets"", ""return_volume_corr_20""]",common_sample,rank:pairwise,10,1,"{""colsample_bytree"": 1.0, ""gamma"": 0.1, ""learning_rate"": 0.03, ""max_depth"": 3, ""min_child_weight"": 5, ""n_estimators"": 400, ""reg_alpha"": 0.0, ""reg_lambda"": 5.0, ""subsample"": 0.85}",-0.027467111516418015,-0.033669366936693666,0.1184010237834393,0.36538461538461536,0.6346153846153846,-0.23198373323744714,-1.6728584905223507,0.5003685870225261,0.5014099204370803,0.5101113913944919,0.0008948682529440623,0.0009380274426330425,0.00017439168956725183,0.0009790225684938255,0.0007204765633768111,-4.0995125860783604e-05,104,0.09349407674744725
top_8,8,"[""signed_volume_pressure_20"", ""return_volume_corr_20"", ""volume_cv_20"", ""ret_1d"", ""ret_5d"", ""vol_ratio_5_20"", ""overnight_gap"", ""volume_zscore_20""]",common_sample,rank:pairwise,5,2,"{""colsample_bytree"": 0.85, ""gamma"": 0.1, ""learning_rate"": 0.03, ""max_depth"": 5, ""min_child_weight"": 10, ""n_estimators"": 400, ""reg_alpha"": 1.0, ""reg_lambda"": 10.0, ""subsample"": 0.7}",-0.027634557334972717,-0.023894389438943894,0.11404483112269903,0.38461538461538464,0.6153846153846154,-0.24231310672240053,-1.747344662009186,0.4759382649414449,0.48028584636226496,0.48474481693506594,-0.000677607171062582,-0.000630658742177199,0.0009269207015013008,0.0014362586578396538,-0.0016045278725638832,-0.0020669174000168523,104,0.1349738068305529
top_5,5,"[""signed_volume_pressure_20"", ""return_volume_corr_20"", ""volume_cv_20"", ""ret_1d"", ""ret_5d""]",common_sample,rank:pairwise,20,2,"{""colsample_bytree"": 0.85, ""gamma"": 0.1, ""learning_rate"": 0.03, ""max_depth"": 5, ""min_child_weight"": 10, ""n_estimators"": 400, ""reg_alpha"": 1.0, ""reg_lambda"": 10.0, ""subsample"": 0.7}",-0.027889634692540244,-0.012985298529852984,0.12532089718896072,0.4423076923076923,0.5576923076923077,-0.22254576306206805,-1.6048003197150924,0.48449643799397357,0.4929108265945914,0.5105789622775897,-0.001372860775198062,-0.0019733456932292744,-0.0002604283751158919,0.0009739377723391104,-0.0011124324000821699,-0.002947283465568385,104,0.10456641090030853
top_8,8,"[""signed_volume_pressure_20"", ""return_volume_corr_20"", ""volume_cv_20"", ""ret_1d"", ""ret_5d"", ""vol_ratio_5_20"", ""overnight_gap"", ""volume_zscore_20""]",common_sample,rank:pairwise,20,1,"{""colsample_bytree"": 1.0, ""gamma"": 0.1, ""learning_rate"": 0.03, ""max_depth"": 3, ""min_child_weight"": 5, ""n_estimators"": 400, ""reg_alpha"": 0.0, ""reg_lambda"": 5.0, ""subsample"": 0.85}",-0.028572611839373895,-0.03544554455445544,0.10936405684890184,0.3942307692307692,0.6057692307692307,-0.2612614478891362,-1.883983093332487,0.4923651020276776,0.4960767221169817,0.5197707628715859,-0.0014698329218723848,-0.0029888485135290323,0.0011328826543743988,0.0012225716614982307,-0.0026027155762467827,-0.004211420175027263,104,0.08788456692575262
top_5,5,"[""signed_volume_pressure_20"", ""return_volume_corr_20"", ""volume_cv_20"", ""ret_1d"", ""ret_5d""]",common_sample,rank:pairwise,10,1,"{""colsample_bytree"": 1.0, ""gamma"": 0.1, ""learning_rate"": 0.03, ""max_depth"": 3, ""min_child_weight"": 5, ""n_estimators"": 400, ""reg_alpha"": 0.0, ""reg_lambda"": 5.0, ""subsample"": 0.85}",-0.028690771644319234,-0.02734473447344734,0.11315580611602592,0.36538461538461536,0.6346153846153846,-0.25355103400439516,-1.8283825080995204,0.4718786538605982,0.47561200274654397,0.5033022245029286,-0.002239370217871558,-0.002192730384975927,0.0008542356426104266,0.0015001312150592387,-0.003093605860481984,-0.0036928616000351656,104,0.10125054590977155
top_8,8,"[""signed_volume_pressure_20"", ""return_volume_corr_20"", ""volume_cv_20"", ""ret_1d"", ""ret_5d"", ""vol_ratio_5_20"", ""overnight_gap"", ""volume_zscore_20""]",common_sample,rank:pairwise,10,1,"{""colsample_bytree"": 1.0, ""gamma"": 0.1, ""learning_rate"": 0.03, ""max_depth"": 3, ""min_child_weight"": 5, ""n_estimators"": 400, ""reg_alpha"": 0.0, ""reg_lambda"": 5.0, ""subsample"": 0.85}",-0.0286934858178105,-0.041002100210021,0.11355031865154142,0.38461538461538464,0.6153846153846154,-0.25269401405965136,-1.8222024493897824,0.4820435756773748,0.47515448845041597,0.5039364917706138,-0.0037626929858015014,-0.0037956640700959883,0.0012055756119714407,0.0015119338135762999,-0.004968268597772942,-0.005307597883672289,104,0.10280988093179005
core_plus_horizon,6,"[""signed_volume_pressure_20"", ""ret_1d"", ""vol_ratio_5_20"", ""overnight_gap"", ""close_location_value"", ""return_volume_corr_20""]",common_sample,rank:pairwise,10,0,"{""colsample_bytree"": 0.85, ""gamma"": 0.0, ""learning_rate"": 0.05, ""max_depth"": 2, ""min_child_weight"": 5, ""n_estimators"": 200, ""reg_alpha"": 0.1, ""reg_lambda"": 5.0, ""subsample"": 0.85}",-0.030051178134326346,-0.024716471647164714,0.10873890205095442,0.34615384615384615,0.6538461538461539,-0.2763608751562025,-1.9928666118155804,0.5004543518594641,0.5015177459444614,0.5102953409173313,2.3932958979121553e-05,2.7291657666969095e-05,0.002613849608465,0.0015106520559192188,-0.002589916649485879,-0.0014833603982522497,104,0.05409681392260469
top_10,10,"[""signed_volume_pressure_20"", ""return_volume_corr_20"", ""volume_cv_20"", ""ret_1d"", ""ret_5d"", ""vol_ratio_5_20"", ""overnight_gap"", ""volume_zscore_20"", ""close_location_value"", ""intraday_return""]",common_sample,rank:pairwise,5,0,"{""colsample_bytree"": 0.85, ""gamma"": 0.0, ""learning_rate"": 0.05, ""max_depth"": 2, ""min_child_weight"": 5, ""n_estimators"": 200, ""reg_alpha"": 0.1, ""reg_lambda"": 5.0, ""subsample"": 0.85}",-0.03087377679745488,-0.03456945694569456,0.1225889679549155,0.41346153846153844,0.5865384615384616,-0.25184792165645215,-1.8161011903027517,0.4923130034946456,0.4979058868282142,0.48964106835949983,-0.0020497898077961496,-0.0015017379259463204,0.0010157784769926367,0.0018572042578521698,-0.0030655682847887866,-0.0033589421837984896,104,0.0665847290880405
extended,7,"[""signed_volume_pressure_20"", ""ret_1d"", ""vol_ratio_5_20"", ""overnight_gap"", ""close_location_value"", ""cashflow_to_assets"", ""return_volume_corr_20""]",common_sample,rank:pairwise,10,2,"{""colsample_bytree"": 0.85, ""gamma"": 0.1, ""learning_rate"": 0.03, ""max_depth"": 5, ""min_child_weight"": 10, ""n_estimators"": 400, ""reg_alpha"": 1.0, ""reg_lambda"": 10.0, ""subsample"": 0.7}",-0.031676703426406064,-0.0418061806180618,0.10372405647183831,0.375,0.625,-0.30539398962868824,-2.2022273776495065,0.5020728297811534,0.49483684448769083,0.5097512730476175,-0.0022914426177376708,-0.001670996458392793,0.0014447532230696587,0.001418787994428175,-0.0037361958408073286,-0.0030897844528209673,104,0.10813661184735023
top_5,5,"[""signed_volume_pressure_20"", ""return_volume_corr_20"", ""volume_cv_20"", ""ret_1d"", ""ret_5d""]",common_sample,rank:pairwise,10,2,"{""colsample_bytree"": 0.85, ""gamma"": 0.1, ""learning_rate"": 0.03, ""max_depth"": 5, ""min_child_weight"": 10, ""n_estimators"": 400, ""reg_alpha"": 1.0, ""reg_lambda"": 10.0, ""subsample"": 0.7}",-0.032520536267932956,-0.03359135913591359,0.12690982195815034,0.40384615384615385,0.5961538461538461,-0.25624916784342266,-1.8478390279088768,0.4983797887282144,0.4894159127442354,0.5092535248952939,-0.0015446493770254087,-0.0023224336654813172,0.0015170935300016343,0.0008441350764139984,-0.003061742907027044,-0.0031665687418953154,104,0.11631167798231427
core_plus_fundamental,6,"[""signed_volume_pressure_20"", ""ret_1d"", ""vol_ratio_5_20"", ""overnight_gap"", ""close_location_value"", ""cashflow_to_assets""]",common_sample,rank:pairwise,5,2,"{""colsample_bytree"": 0.85, ""gamma"": 0.1, ""learning_rate"": 0.03, ""max_depth"": 5, ""min_child_weight"": 10, ""n_estimators"": 400, ""reg_alpha"": 1.0, ""reg_lambda"": 10.0, ""subsample"": 0.7}",-0.0333321211957427,-0.035709570957095704,0.11223106724988419,0.40384615384615385,0.5961538461538461,-0.29699549342721854,-2.1416649602671294,0.4889206893015282,0.48237534683399397,0.4874560396183733,-7.246592620836674e-05,-0.0009789226910086725,0.0003775637107755917,0.0005451532742125736,-0.0004500296369839584,-0.0015240759652212468,104,0.13266320605404103
top_5,5,"[""signed_volume_pressure_20"", ""return_volume_corr_20"", ""volume_cv_20"", ""ret_1d"", ""ret_5d""]",common_sample,rank:pairwise,5,2,"{""colsample_bytree"": 0.85, ""gamma"": 0.1, ""learning_rate"": 0.03, ""max_depth"": 5, ""min_child_weight"": 10, ""n_estimators"": 400, ""reg_alpha"": 1.0, ""reg_lambda"": 10.0, ""subsample"": 0.7}",-0.035342607268394596,-0.02932493249324932,0.11044005393495084,0.38461538461538464,0.6153846153846154,-0.32001620797117125,-2.3076696936392116,0.4940467032614343,0.48381732414991113,0.48323559192294235,-0.0006637272686336738,-0.0013019215406042048,0.0008434121437188307,0.002092855559435195,-0.0015071394123525044,-0.0033947771000394,104,0.14329640266413873
top_10,10,"[""signed_volume_pressure_20"", ""return_volume_corr_20"", ""volume_cv_20"", ""ret_1d"", ""ret_5d"", ""vol_ratio_5_20"", ""overnight_gap"", ""volume_zscore_20"", ""close_location_value"", ""intraday_return""]",common_sample,rank:pairwise,5,2,"{""colsample_bytree"": 0.85, ""gamma"": 0.1, ""learning_rate"": 0.03, ""max_depth"": 5, ""min_child_weight"": 10, ""n_estimators"": 400, ""reg_alpha"": 1.0, ""reg_lambda"": 10.0, ""subsample"": 0.7}",-0.03604180153737372,-0.046354706164003855,0.11903014694346171,0.34615384615384615,0.6538461538461539,-0.30279557291056075,-2.1834899282250433,0.4718375380097059,0.4686002110698038,0.47765053999629065,-0.0019885588761832888,-0.003508795694740871,0.0029098467587027376,0.0023080402315773683,-0.0048984056348860255,-0.005816835926318238,104,0.13692219978055128
